:020000040800F2
:10000000E040012499040008A90A010821FF000822
:10001000A10A0108E9250008B978010800000000DC
:100020000000000000000000000000009916010818
:100030002935000800000000C10E01083117010831
:10004000B3040008B3040008B3040008B3040008B4
:10005000B3040008B3040008B3040008B3040008A4
:10006000B3040008B3040008B304000841290008E1
:100070005129000861290008712900088129000818
:1000800091290008A1290008B30400085935000887
:1000900069350008B3040008B3040008B30400087D
:1000A000B3040008B3040008B3040008B304000854
:1000B000B3040008B304000851190108B304000890
:1000C000B3040008B3040008B3040008B304000834
:1000D00069120108293E0108393E0108B3040008ED
:1000E00031350008B304000800000000B304000824
:1000F000B3040008B3040008B3040008B1290008E1
:10010000B3040008B304000861190108B30400082F
:10011000B3040008F1260108B3040008B304000882
:10012000C1290008D1290008E1290008F1290008A7
:10013000B3040008B3040008B3040008B3040008C3
:1001400000000000000000000000000000000000AF
:10015000B3040008B3040008B3040008B3040008A3
:10016000B3040008B3040008B3040008B304000893
:10017000B3040008210B0108B304000800000000CC
:10018000B3040008B304000801270108112701087F
:10019000B3040008B3040008B3040008B304000863
:1001A000B3040008B3040008B30400080000000012
:1001B000B3040008B3040008B3040008B304000843
:1001C000B3040008B30400080000000000000000B1
:1001D0000000000000000000012A000800000000EC
:1001E000000000000000000000000000000000000F
:1001F0000000000000000000B3040008B304000881
:10020000B3040008B304000800000000B3040008B1
:10021000B3040008B3040008B3040008B3040008E2
:10022000B304000800000000B30400080000000050
:10023000B3040008B304000800000000B304000881
:10024000B3040008B3040008B3040008B3040008B2
:10025000B3040008B3040008B3040008B3040008A2
:10026000B3040008B3040008B3040008B304000892
:10027000B3040008B3040008B30400080000000041
:10028000B3040008B3040008B3040008B304000872
:1002900000000000B3040008B304000800000000E0
:1002A00000000000B3040008B3040008212701087F
:1002B000193E0108B3040008B304000879350008AA
:1002C000B3040008B3040008B304000800F002F807
:1002D00000F0D2F814A696E8000CB244B344DA4514
:1002E00001D100F0C9F8BAE80F000FA696E8300077
:1002F000A5EB040504EB0607AAEB0704A7F1010729
:100300004FEA15154FEA3414A4F10104AC4201D3AD
:1003100000F0B2F813F0010F18BFFB1A43F001030D
:1003200000F001F8DBE7184768500200885002002F
:100330000A444FF0000C10F8013B13F0070408BF0B
:1003400010F8014B1D1108BF10F8015B641E05D0A9
:1003500010F8016B641E01F8016BF9D113F0080F5E
:100360001EBF10F8014BAD1C0C1B09D16D1E58BFF0
:1003700001F801CBFAD505E014F8016B01F8016B27
:100380006D1EF9D59142D6D370470000704700002A
:100390000023002400250026103A28BF78C1FBD88E
:1003A000520728BF30C148BF0B6070476E2900F06C
:1003B0005B85702900F09186662924F022856529E5
:1003C00024F01F85672924F01C85612924F01B85F2
:1003D00003681B0A28BF41F08001692900F00885E5
:1003E000642900F00585752900F002856F2900F069
:1003F0001F86782900F05D86E92900F0B985E42997
:1004000000F0B685F52900F0B385EF2900F01C86D1
:10041000F82900F05C860368DB0928BF41F0800101
:10042000632901F03984732901F03E84E32901F046
:100430004984F32901F04E84002070471FB524F051
:10044000CEFC9DE8030000F03DFB01F08BFD0400B5
:100450000020002124F0DCFA401C60600020002114
:1004600024F0C0FAE06000F007FF00F0F9FA1FBDC9
:1004700010B500F06AFF10BD00F0E6FB1146FFF773
:10048000DDFF23F095FB00F009FC03B4FFF7F0FF5C
:1004900003BC00F045FC00000948804709480047BC
:1004A000FEE7FEE7FEE7FEE7FEE7FEE7FEE7FEE724
:1004B000FEE7FEE704480549054A064B7047000081
:1004C00011180108CD020008E0600024E04001247A
:1004D000E0C00024E0C0002470B5064600F0D6FA63
:1004E000056806F10B0020F00704B4429CBF002011
:1004F00070BD2B466A68BAB11068A04210D304F1EF
:10050000080188423CBF5068586007D351681019F1
:1005100041601168091B016058601460101D70BDB6
:1005200013465268002AE7D12146284600F0B6FA61
:100530000028DED170BD70B50446051F00F0A6FA94
:100540000068002C14BF446870BD002C18BFAC427A
:100550003CBF20466468F8D301680A18AA4218BF55
:10056000456003D12A680546114401602868411995
:10057000A1421CBF6C6070BD61686960216808445D
:10058000286070BD53EA020C00F069802DE9F04B41
:100590004FF00006002B1FBFB3FA83F503FA05F4F2
:1005A00024FA05F65E4012BF1643B2FA82F502FA4B
:1005B00005F4C5F120051EBF22FA05FC44EA0C042F
:1005C000203556EA044C4FEA144418BF641C4FF01F
:1005D00000084FF00009904271EB030C39D3002959
:1005E00019BFB1FA81F701FA07F6B0FA80F700FAFD
:1005F00007F6C7F120071EBF20FA07FC46EA0C06E3
:100600002037B6FBF4FCA7EB0507103F07F01F0BE4
:10061000CBF120062CFA06F60CFA0BFB44BFB346CE
:100620000026202FA4BF5E464FF0000B5BEA060CAD
:1006300008BF4FF0010B19EB0B0948EB0608ABFBA9
:10064000027C06FB02CC0BFB03CCC01B71EB0C0144
:10065000C1E70B46024641464846BDE8F08B13B55C
:10066000084318BF4FF0FF300146AFF30080BDE8EC
:100670001C4070472DE9F04F9B4616464FF001098C
:10068000C1B020910090A9F1010920A85DF829507E
:1006900050F82900C5E04FEA5A0070432C185FEA71
:1006A000CA7100D1801B5A46214627182846904718
:1006B00000280EDD304646EA0501890765D022781C
:1006C0002978401E05F8012B04F8011BF7D1AD1B5A
:1006D000A41B5A46394620469047002823DD5A4637
:1006E00039462846904700280EDD304646EA050187
:1006F000890751D03A782978401E05F8012B07F870
:10070000011BF7D1AD1BBF1B304646EA0401890728
:1007100049D03A782178401E04F8012B07F8011BD4
:10072000F7D1A41BBF1B314646EA0402B81B92074F
:1007300040D003782278491E04F8013B00F8012BD1
:10074000F7D12C46871BB84634445A4641462046CA
:1007500090470028F8DB5A464146BF1B3846904771
:100760000028F8DC304646EA0401A7424FEA8171CE
:100770002ED931B33A782178401E04F8012B07F8BE
:10078000011BF7D1A41BBF1BDEE722682968001FED
:1007900004C502C4F9D19AE73A682968001F04C564
:1007A00002C7F9D1AEE73A682168001F04C402C746
:1007B000F9D1B6E703682268091F08C404C0F9D15B
:1007C000BFE73A682168001F04C402C7F9D1D9E71E
:1007D000E1B198F800202178401E04F8012B08F8B8
:1007E000011BF6D1A21B501BB0FBF6F0401EAAEB7A
:1007F0000001491E884216D90A2910D920AB4DF8AC
:10080000295043F8290009F1010918E0D8F800201F
:100810002168001F04C448F8041BF7D1E2E70A2846
:1008200010D9824637E70A2807D94DF8292020AA8F
:1008300042F8291009F10109F3E70A2902D91546FE
:100840008A4628E7B9F1000F7FF41DAF41B0BDE83B
:10085000F08F2DE9F04799460F460646140039D02F
:10086000002F37D00A2F01D9FFF704FF7F1E35462E
:1008700007FB04582CE02F46254400E03F1BB742FD
:1008800005D34A462946384690470028F6DC44EA14
:1008900005003B1980070CD0002117E029180A1B1E
:1008A0000F6802E011681151121B9A42FAD2001D22
:1008B0001751A0420CD2F1E76818027801E00778DE
:1008C0000755001B9842FAD2491C0255A142F3D3A6
:1008D0004545D0D3BDE8F087032A40F2308010F0C0
:1008E000030C00F0158011F8013BBCF1020F6244CB
:1008F00098BF11F801CB00F8013B38BF11F8013B5C
:10090000A2F1040298BF00F801CB38BF00F8013B08
:1009100011F0030300F02580083AC0F0088051F878
:10092000043B083A51F804CBA0E80810F5E7121D83
:100930005CBF51F8043B40F8043BAFF30080D207A2
:1009400024BF11F8013B11F801CB48BF11F8012B6E
:1009500024BF00F8013B00F801CB48BF00F8012B91
:10096000704710B5203AC0F00B80B1E81850A0E8ED
:100970001850B1E81850A0E81850203ABFF4F5AF6D
:100980005FEA027C24BFB1E81850A0E8185044BFC9
:1009900018C918C0BDE810405FEA827C24BF51F836
:1009A000043B40F8043B08BF7047D20728BF31F82A
:1009B000023B48BF11F8012B28BF20F8023B48BF7B
:1009C00000F8012B70474FF000020429C0F012809C
:1009D00010F0030C00F01B80CCF1040CBCF1020FF2
:1009E00018BF00F8012BA8BF20F8022BA1EB0C01C7
:1009F00000F00DB85FEAC17C24BF00F8012B00F8BD
:100A0000012B48BF00F8012B70474FF0000200B5E2
:100A1000134694469646203922BFA0E80C50A0E821
:100A20000C50B1F12001BFF4F7AF090728BFA0E8CF
:100A30000C5048BF0CC05DF804EB890028BF40F89B
:100A4000042B08BF704748BF20F8022B11F0804FDD
:100A500018BF00F8012B70477047704770470000BF
:100A600008487CB57844009007487844009C0546C7
:100A7000019004E02046016808448047241DAC42F0
:100A8000F8D17CBD744A0200764A020000487047E3
:100A9000E0010024704770477047704738B504463E
:100AA0000A4600206946AFF30080002808BF38BD21
:100AB00002460099204600F0A5F8012038BD01202B
:100AC00000F0BAB8F8B5AFF30080054600200C4638
:100AD0000C2000BF0646A819A0420DD9324669462F
:100AE0000020AFF30080070008BF00F0A5F80098D1
:100AF000A04218BF0546C419FFF7C8FF05600746A6
:100B0000F01D20F007004619284600F00AF8B4420C
:100B100008BFF8BDA21B31463868BDE8F84000F0B8
:100B200071B800210160416070470C2070472DE9C9
:100B3000F04791460C468046FFF7A8FF07686042E1
:100B400034EA000001D1042C02D20520BDE8F08770
:100B5000601E40F0070609F10B0020F007054D4527
:100B600039D93B467A6882B31468101D404206EAC0
:100B7000000C644525D9A4EB0C00854221D8BCF1BA
:100B8000000F0BD0104601686244A1EB0C0111600C
:100B900041685160C0F800C058600346116805F113
:100BA0000800814205D35019491B01601560586047
:100BB000034652F8040F58600020C8F80020BDE832
:100BC000F08713465268002ACED129463846FFF7EF
:100BD00065FF0028C5D10620BDE8F08710B500F0FC
:100BE0000DF8006810BD10B5044600F007F8046069
:100BF00010BD000000487047D8010024004870472D
:100C0000D8010024034640688C46002818BF88425B
:100C10003CBF03464068F8D318681844884207D0A0
:100C20000CF1030020F00700001D411A521A014682
:100C3000081D0A60FFF77FBC10B500F049F8BDE859
:100C4000104000F03FB870477546FFF7D3FFAE463F
:100C500005006946534620F00700854618B020B5C8
:100C6000FFF728FCBDE820404FF000064FF00007DA
:100C70004FF000084FF0000BAC46ACE8C009ACE800
:100C8000C009ACE8C009ACE8C00921F007018D46F5
:100C900070470B460146184600F0FAB810B50446F6
:100CA000AFF300802046BDE81040FFF7EEBB10B563
:100CB000002000F096FBFFF7DBFBBDE810400120B1
:100CC00000F02EB8002801D000F02AB870470000CC
:100CD00010B5012805D0002103A000F069FB012018
:100CE00010BD09A1F8E7000053494752544D454D46
:100CF0003A204F7574206F662068656170206D65BD
:100D00006D6F7279000000003A2048656170206DB7
:100D1000656D6F727920636F7272757074656400AF
:100D200001491820ABBEFEE72600020070B504465C
:100D300085690068C10601D5302600E02026C0077D
:100D400007D070BDD4E9012130469047206A401C8D
:100D500020626D1EF6D570BD70B5044685690078B9
:100D6000C00707D170BDD4E9012120209047206A37
:100D7000401C20626D1EF6D570BD09684A0501D57C
:100D800040B27047C905FCD500B2704709684A05F2
:100D900001D5C0B27047C905FCD580B2704770B5A7
:100DA0000C460546012A05D02878800600D5EA6958
:100DB000002302E0012305E05B1C934202D2E05CC9
:100DC0000028F9D1A869E618C01AA861286A184451
:100DD00028622846FFF7AAFF04E0D5E9012114F8AC
:100DE000010B9047B442F8D32846FFF7B5FF70BD1A
:100DF0002DE9F0410646002410687529314616A5F4
:100E000010D0FFF7BAFF002802DA404213A507E02E
:100E100031688A0701D512A502E0490704D511A55A
:100E2000012401E0FFF7B2FF00210A2206F12407A6
:100E300009E0B0FBF2FCB0FBF2F302FB1C00303027
:100E400078541846491C0028F3D123462A463046D8
:100E5000BDE8F04100F018BB000000002D000000CC
:100E60002B0000002000000011680268006A530592
:100E700001D508700AE0D30501D5088006E0130605
:100E800003D5C217C1E9000200E0086001207047E5
:100E9000074B70B50D467B4400F0E1FE0446284642
:100EA00000F01CFF10B14FF0FF3070BD204670BD48
:100EB000F13A02002DE9FF5F15468A460446DFF845
:100EC000AC80F8440027D8E900103E46CDE9001078
:100ED00010E03AF816106A4602A800F0C5FF411C5F
:100EE00007D02178890603D5E269391891420DD8D7
:100EF0000744761C2078800602D5E069B84205DDFB
:100F0000AE42E6DB3AF816000028E2D1A069C01B29
:100F1000A0612046FFF70AFFD8E90010CDE90010D4
:100F2000002017E03AF818106A4602A800F09CFF6B
:100F3000B0F1FF3F81460BD000250DF1080B05E015
:100F4000D4E901211BF8050090476D1C4D45F7D3EE
:100F500008F10100B0428046E4DB206A3844206298
:100F60002046FFF7F9FEBDE8FF9F0000463F020064
:100F70002DE9F0418046D21D22F007020025D2E97A
:100F80000002F52915A614D0011E72F1000106DA3F
:100F90000023D0EB030063EB020211A608E0D8F8AF
:100FA00000108B0701D50FA602E0490701D50EA658
:100FB00001251146002408F1240704E000F01FFA7F
:100FC00030323A55641C50EA0102F7D12B463246C2
:100FD00021464046BDE8F04100F056BA000000004E
:100FE0002D0000002B0000002000000030B4002184
:100FF00000F1240408E002F00705D208303542EA87
:101000004372DB086554491C52EA0305F3D10468B6
:10101000002310A2250708D504F020040C4304D0B7
:10102000C46901230CA2641EC46130BC00F02CBA58
:1010300010B5044621461068FFF7A8FE0246204678
:10104000BDE810400023D1E7D21D22F00701D1E90D
:101050000023CBE70000000030000000F0B40D4694
:101060000188090502D5214C7C4402E01F4C7C44D8
:101070000E34002100F1240608E002F00F071209E7
:10108000E75D42EA03721B097754491C52EA0307E1
:10109000F3D102780023120704D5702D06D009B1D0
:1010A000022311342246F0BC00F0EEB901231034C3
:1010B000F8E770B504460D4621461068FFF766FE56
:1010C000024629462046BDE870400023C6E7D21DEF
:1010D00022F00703D3E90023C0E70368126843F056
:1010E000200303600823C3610023B7E7A83D020083
:1010F0002DE9F05F894604464FF0000ADFF874B12D
:10110000FB44C0F820A02046E1688847002874D03E
:10111000252806D0D4E901219047206A401C20628E
:10112000F1E700265F462046E1688847202805460B
:1011300007DB312D05D2781910F8200C08B10643D1
:10114000F1E7B00701D526F00406C4F81CA000277B
:10115000C4F818A02A2D09D0284623F00FFC38B374
:1011600004EB8708303DC8F8185019E059F8041B03
:10117000204604EB87029161E1688847012F05460C
:1011800018D1E069002820DA26F020061DE0D8F802
:10119000180000EB800005EB40003038C8F818005C
:1011A0002046E1688847054623F0E8FB0028EED199
:1011B000012F0AD02E2D08D12046E16888477F1CD8
:1011C0000546022F46F02006C4DBA069002803DA9A
:1011D000404246F00106A061F00701D026F010065B
:1011E0006C2D0BD0682D09D04C2D39D06A2D35D0FF
:1011F000742D35D07A2D33D016E038E0E1682F46D3
:1012000020468847B842054609D16C2F26D04FF4B6
:101210008060E168064320468847054604E06C2F5D
:101220001AD04FF4807006430DB3A5F14100192880
:1012300002D8203546F400664A46294620462660F4
:101240004E46FFF7B3F880B101280BD0F61D26F00B
:10125000070000F1080956E74020E4E78020D8E7BE
:101260000020D6E706F104094DE7284652E7206A38
:10127000BDE8F09F383D020010B542485421FFF709
:10128000C4FB41485421FFF7C0FB40485421FFF7FD
:10129000BCFB3F493B483C4A3F4B08603D490A6024
:1012A0003A491960531C0365481C10650120086504
:1012B0003B48344A39A1784400F038FD20B9384819
:1012C00078440A3800F00CFE37482F4A35A178449C
:1012D00000F02CFD20B9344878440A3800F000FEB4
:1012E00032482A4A2FA1784400F020FD20B92F4827
:1012F00078440A3800F0F4FD40232248DC00002145
:10130000224600F0EFFC20B125487844543800F024
:10131000E7FD1D4822464023002100F0E3FC20B1F8
:1013200021487844543800F0DBFD18482246102349
:10133000002100F0D7FC002806D01C487844BDE806
:101340001040563800F0CCBD10BD104870B5006D8F
:1013500020F001040B4800F061FD0B4800F05EFD39
:101360000A4800F05BFD09E0206D20F001052046F1
:1013700000F054FD2046FFF7DEF82C46002CF3D198
:1013800070BD0000380200248C020024E00200241A
:101390000000002404000024080000247200000063
:1013A000933B0200770000007F3B02006B3B020092
:1013B00070B505460C460A2000E06D1C00F018F8D8
:1013C00035B128780028F8D102E0641C00F010F84C
:1013D00014B120780028F8D1BDE870400A2000F050
:1013E00007B810B500F064FDBDE81040FFF76ABC17
:1013F00008B569468DF800000320ABBE08BD30B5C6
:10140000B0F10A0271F100034FEA900E4EEA817EBC
:10141000B0EB0E0061EB91014FEA101E4EEA017E27
:1014200010EB0E0041EB11114FEA102E4EEA016E47
:1014300010EB0E0041EB11214FEA104E4EEA014E27
:1014400010EB0E0041EB1141401841F100014FEA51
:10145000D00040EA41704FEAD1014FEA810444EAEA
:10146000907410EB800544EB01046D1944EB040407
:10147000521BA3414FF0000348BF0A3200D530BDD4
:10148000401C41F1000130BD2DE9F0470D46994661
:101490009246044600F124080168880604D5E069F4
:1014A00021F01001216000E00120A84201DD471B6E
:1014B00000E00027A1697A1902EB0900081AA0616F
:1014C0002078C00602D42046FFF730FC002608E052
:1014D000D4E901211AF806009047206A401C761CC6
:1014E00020624E45F4DB2078C0060AD52046FFF77F
:1014F0001DFC06E0D4E9012130209047206A401C01
:101500002062381EA7F10107F4DC07E0D4E90121CD
:1015100018F805009047206A401C2062281EA5F19B
:101520000105F3DC2046FFF717FC2078000602D502
:101530000220BDE8F0870120FBE72DE9FF4F0C46B4
:101540001E464FF0FF378BB0D2E90001DDF8608016
:101550000A908A46C1F30A5505B93D46002108465E
:101560004FF00000BAF1000F00F4400005DA00EB84
:1015700080004FF4400101EA50004FEA9059B9F160
:10158000010F00DDB9460A9850EA4A000ED044F631
:101590001050A5F2FF3545432F14B8F1000F1ED0AF
:1015A0007542291E1EDDC9F100021CE0B8F1010FD1
:1015B0004FF0000001D0302103E0F24305E0215458
:1015C000401CB042FBDB30460022002121540B9925
:1015D000C1F80880C1E900200FB0BDE8F08FBD1B45
:1015E0006D1CDEE74A4600DA694206A800F0FEFC00
:1015F00006AB93E8070003AB83E8070050460A995F
:1016000022F00AFB8DE80700A0F500501F3800907B
:101610000398002D0ADD42F21F014A4608440023C8
:1016200003A90390684622F073FD09E0A0F500507D
:101630004A461F38002303A90390684622F07DFD27
:101640008DE807000004000C03D04FF0FF30410884
:1016500000E01046B8F1000F03D0002200921546BA
:101660001EE0751E05D4FFF7CAFE303262556D1EAE
:10167000F9D5B3460122084302D000227F1C04E0C2
:101680002078302801D100227F1E002A099784D0BB
:101690001DE0112D07DAFFF7B2FE303262556D1CE6
:1016A00050EA0102F5D1084302D00098C8B10EE01B
:1016B0000021681E05E0235C625C63542254401ED6
:1016C000491C8142F7DBAB46A81B401E0990002055
:1016D00004F80B000B98099AC0F80880C0E9002BA9
:1016E0007AE711264FF0000857E72DE9F04F8846BA
:1016F0000446D21D22F0070191B0D1E90001CDE9E5
:101700000A0122F063FE02460B98C00F01D02D2083
:1017100007E02068810701D52B2002E0202101EAA3
:10172000C000032A099001D0072A05DB0346414681
:10173000204600F01BFC0BE12078800601D5E06913
:1017400000E00620B8F1650F814606D0B8F1660FBB
:1017500018D0B8F1670F70D131E00020B9F1110F46
:10176000009001DB112301E009F101030AAA01A99C
:101770000CA8FFF7E2FEDDE90C70002609F1010577
:10178000834647E001204B4600904FF000470AAAED
:1017900001A90CA8FFF7D1FEDDE90DB00C995D465B
:1017A000002610B909F101000D18B9EB050003D4AA
:1017B000C0F1FF3609F10105A5EB09002BE0B9F1F5
:1017C000010F01DA4FF001090020B9F1110F00906B
:1017D000484601DD112300E003460AAA01A90CA82E
:1017E000FFF7ABFEDDE90C704D46002683462078FE
:1017F00000070AD4AB4500DA5D4601A8012D04DDDF
:10180000411911F8011C302907D04F4502DA17F1B0
:10181000040F04DA012082460FE06D1EEEE7002F70
:1018200002DCED1B3E4403E0781CA84200DD7D1C79
:10183000B81B00F1010A4FF000472078000703D4DD
:10184000AA4501DB4FF0FF3A0021B7F1004F0DF13F
:1018500043088DF8431024D002202B23002F01DAF7
:101860007F422D230A21021EA0F1010000DC5FB19E
:1018700097FBF1FC97FBF1F201FB1C7C17460CF186
:10188000300C08F801CDEEE7A8F1010003702188C3
:10189000090501D5452100E06521A0F1010800F806
:1018A000011C09980FA9A1EB0807FF1D00B1012039
:1018B000411901EBEA70A1693844081A401EA06181
:1018C0002078C00602D42046FFF730FA099828B1E4
:1018D000D4E901219047206A401C20622078C0068C
:1018E00022D52046FFF722FA1EE0002E04DBB34586
:1018F00002DD01A8805D00E03020D4E9012190479D
:10190000206A401C2062761CAAF101005FEA000AEE
:101910000AD100F027FBC0680168405CD4E90121CE
:101920009047206A401C2062281EA5F10105DCDCDE
:1019300007E0D4E9012118F8010B9047206A401C08
:101940002062381EA7F10107F3DC2046FFF704FAF6
:10195000032011B041E600002DE9F04F04460D468A
:10196000D21D22F0070089B0D0E9009748463946D9
:1019700022F02CFD0246F80F01D02D2307E020684D
:10198000810701D52B2302E0202101EAC0038DF855
:1019900020300BB1012000E00020032A824601D054
:1019A000072A04DB2946204600F0E0FA3FE12078D0
:1019B000800601D40D2500E0E569C7F30A560D2D18
:1019C00049DA00214FEA175B08464FF00000002F6C
:1019D00000F4400007DA00EB80004FF4400100EB18
:1019E000D07001EA60008115012901DD4FF0FF315F
:1019F00000224FEA850CBCF1180F06D31346ACF158
:101A000018004FF08052C24003E04FF4801323FAD5
:101A10000CF30CF10C0CBCF1200F04D3ACF1200C36
:101A200009FA0CF001E007FA0CF000294FF0004829
:101A300001DD18B90FE00ED140450CD319EB0209B6
:101A40005F4121B9404502D19F4329EA0209BBEB1E
:101A5000175F00D0761C2088000502D57B487844AB
:101A600002E07A487844193808AA302302F80A308C
:101A7000037C0AF10101002E0AF1020A53546A465E
:101A800002DC4FF0300101E04FF031014FF001086E
:101A90008DF8001002D0A6F2FF3603E059EA4701A4
:101AA00000D06B4E002D02DC2178090704D54FF0E1
:101AB00002082E218DF80110C44600210BE0C7F367
:101AC00003433F01C35C491C6D1E02F80830052921
:101AD00008F1010801DA002DF1DC00210CE000EB37
:101AE0001973491C1B786D1E082902F808304FEA4B
:101AF000091908F1010801DA002DF0DC21688B06D4
:101B000002D516E0A8F10108E04505DD02EB080367
:101B100013F8013C302BF5D0B8F1000F09DD02EBD2
:101B2000080313F8013C2E2B03D1090701D4A8F1B7
:101B30000108002D05DD3E2102F808106D1E08F198
:101B40000108407C002E02F8080008F1010804DAC0
:101B50002D20764202F8080002E02B2002F808004F
:101B60000A214FF47A70864208F101080BDB96FBDC
:101B7000F0F3303302F8083096FBF0F308F1010877
:101B800000FB136601E0642E0CDB642096FBF0F38F
:101B9000303302F8083096FBF0F308F1010800FB3F
:101BA000136601E00A2E06DB96FBF1F0303002F8F6
:101BB000080008F1010896FBF1F001FB10603030DD
:101BC00002F80800A16908F1010808EB050202EB20
:101BD0000A00081AA0612078C00602D42046FFF748
:101BE000A5F8216A08AE01EB0A00206204E0D4E9FE
:101BF000012116F8010B9047BAF1010AF7D22078BB
:101C0000C00602D52046FFF791F86E4609E016F8A7
:101C1000010B3E280FD0D4E901219047206A401CD7
:101C20002062B8F10108F2D22046FFF795F809B01A
:101C30000320BDE8F08F206A2844206203E0D4E945
:101C40000121302090476D1EEBD3F8E70A340200E3
:101C500002FCFFFF01694A1C02610878704700B569
:101C60008FB0CDE901310021059105497944CDE9D5
:101C7000031011466846FFF73BFA0FB000BD0000A5
:101C8000E5FFFFFF10B5436913B1AFF3008001E03A
:101C9000FFF785F8012010BD127800F124010A70C9
:101CA00000224A700122EDE711684FF0FF32E9E7A8
:101CB00010B5436913B1AFF3008001E0FFF7FAF804
:101CC000012010BD128800F1240182840022C28408
:101CD0000122EDE711684FF0FF32E9E7007B00F0E9
:101CE0008000704770B5C468A50713D0650211D491
:101CF000B2F5807F09D0B2F5007F06D0B2F5806FD3
:101D000008D1012300F1240106E05D1E6FF07F463B
:101D1000B54201D3012070BD0161C361416024F46B
:101D200070611143C160002070BD00002DE9F041D9
:101D30000C461646070047D0104600F06FF8207892
:101D4000611C61280AD0722802D077283CD102E0B9
:101D50000125002405E00225042402E0082448F2BD
:101D6000020511F8010B2B2806D0622809D011F8C2
:101D7000010C74280AD00BE045F0030544F002047E
:101D8000EFE745F0040544F00104EAE744F01004ED
:101D90003846214600F0ABF8411C15D000213161D6
:101DA00071604FF40071F560F1617061200704D536
:101DB00030460222002100F07DFA306D40F0010033
:101DC00030653046BDE8F0810020FBE72DE9F041A9
:101DD0000D460646104C206DC10704D0410804D0C2
:101DE00020F00104F7E722460EE05420FEF774FBD2
:101DF00007000ED0206D47F00101084354212065F3
:101E00003846FEF702FE3A4629463046BDE8F04124
:101E10008CE70020D6E70000380200242DE9F047C7
:101E200004464FF0FF380026C568D4E90497A80798
:101E300018D0204600F0FAFA384600F062F8002880
:101E400000DA4646280502D54846FEF774FB4C21C9
:101E50002046FEF7DAFD206D20F0010020653046B7
:101E6000BDE8F0874046FBE72DE9F04116460C46F9
:101E7000054600F06FF8036893F80101012807D0C8
:101E8000FF2C12D8185D80B101202C70BDE8F081C4
:101E9000D3F807013246214603F20713C718284634
:101EA000BC46BDE8F041002360474FF0FF30EDE74E
:101EB00010B5002102A0FFF77BFA012010BD000041
:101EC000534947414252543A2041626E6F726D61EC
:101ED0006C207465726D696E6174696F6E000000CC
:101EE00010B500F0E7FABDE81040FEF7EBBE0EB506
:101EF000CDE9000100F019FB029069460120ABBE5C
:101F00000EBD08B5694600900220ABBE08BD1FB5E6
:101F10008DE8070069460520ABBE04B010BD1FB5B3
:101F20008DE80F0069460620ABBEF6E708B56946A6
:101F300000900920ABBE08BD1CB5CDE90001694683
:101F40000A20ABBE1CBD704708B5694600900C2046
:101F5000ABBE08BD10B500F005F8001D10BD00BFF8
:101F6000B12A020000487047F80100242DE9F04131
:101F70001F46044603260168072A01F4006004DBBB
:101F800008B116A505E016A503E008B115A500E007
:101F900015A521F010002060A069C01EA0610FB13E
:101FA000401EA0612046FEF7C1FE4FB1D4E90121D9
:101FB00038469047206A401C2062C01C206206E020
:101FC000206AFAE7D4E9012115F8010B9047761E43
:101FD000F8D22046FEF7C0FEBDE8F0814E414E002B
:101FE0006E616E00494E4600696E66002DE9F0474D
:101FF000814616468AB0354878440DC88DE80D00F4
:1020000032487844801C03AC0DC884E80D0041F6CA
:102010009B300844372190FBF1F290FBF1F5A5F1DC
:10202000800501FB12041B3C02D56442012000E044
:102030000020DFF898A080460027FA44AAF1BE0AE3
:102040000EE0E0070AD03246684607EB470101235D
:102050000AEB810122F071F88DE8070064107F1C03
:10206000002CEED1194F7F44AE3F19E0E80715D0A0
:1020700007EB04100DF1180A90E80E008AE80E0034
:10208000C068F04201D1981908903246012306A990
:1020900003A822F052F803AB83E807006D10641C1C
:1020A000002DE3D14FF0010332466946B8F1000F2D
:1020B00003A802D022F02CF801E022F03EF8C9E992
:1020C0000001C9F808200AB0BDE8F087002F02001F
:1020D0002DE9F05F054617460C46C86820F420102D
:1020E00040F48000C860800602D5084600F0C1F9BF
:1020F000E06841F282014FF0FF3A0140022903D02B
:10210000204600F053F9B9E000F42041B1F5004F4A
:102110000FD1C00306D56168E06A884200D808463E
:10212000606006E02069E06260606069FFF70CFFB4
:10213000A061A0680022EEB200280DDAE1688B05EC
:102140000AD4C043A06041F490302260E06060682F
:10215000411C61600670AAE0E0689146226040F48C
:102160000050E060206978BB6069FFF7DFFE04F192
:1021700024054FF00108A8B1A08910F4407F08D0D1
:10218000E069FEF7A9F9206118B1E06840F4006049
:1021900017E0C4F81C802561E06820F4407040F42A
:1021A00080600EE0E069FEF797F900282061F0D02A
:1021B000E06840F4006010F4407FE06002D140F439
:1021C0008070E06020696060E06825696FF0010B55
:1021D000C1051ED56168E06A884200D80846411BE7
:1021E00004D02246284600F0EBF8E8BB1FB1E562B8
:1021F000C4E9015959E0681CE0626060E069401E72
:10220000A060E06840F48030E06030462E70BDE8A9
:10221000F09F17B100F480320AE06068411C6160F1
:102220000670E0680A2E40F48030E06006D000229C
:10223000E16A6068814203D90B4602E00122F7E7B8
:102240000346B4F80CC05B1B5FEA4C5C04D4D4F8C2
:102250001CC09C4500DD02B3814200D80146002B22
:10226000A1EB0008E56200E008E0C4E9015907DDE0
:1022700022461946284600F0A3F808B15046C6E7A2
:10228000B8F1000F09D0A169E5626560A1EB080013
:10229000A061E06840F01000E06047B16168A069AB
:1022A000E562491B08446560A0615846AFE73046C7
:1022B000ADE700002DE9F041044616460D4647699A
:1022C000007B80072ED03846FFF730FE50BB3EB370
:1022D000012E02D0022E25D104E0204600F004F9A0
:1022E00005441DE03846FFF72FFEE168002841F065
:1022F0001001E16005DA204600F058F80120BDE841
:10230000F081C9030BD56268E16A914200D8114699
:10231000A26911442269891A814200DD08460544F8
:10232000002D01DA0220EAE7E16A6068E268814292
:1023300006D29103E06203D522F4003141F010028D
:10234000A6690027AE4213DCE16A814201D90B463F
:1023500000E0034603EB060C2369ACEB030CAC4531
:1023600006DD814201D98C4600E084469C4505D1BA
:10237000A760276042F02000A5620DE0AD1BE66972
:10238000AE1B8142A66000D90846C01A281A2060F8
:102390005819606022F0200003490840E0600020E6
:1023A00084F84870ABE70000BFCFD7FFC16821F4C5
:1023B000001141F08001C16000218160016070471F
:1023C0002DE9F74F15460C464FF0FF3B3848D768CC
:1023D000D2F814A0074209D05046A969FFF7ACFD16
:1023E000002819DB3248C0430740EF604FF0004936
:1023F0006FF000484C4501D3464600E02646009960
:102400003B4650463246FFF782FDA96920F0004264
:10241000B21A1144A96128B12846FFF7C7FF5846F0
:10242000BDE8FE8FA41BE5D10020F9E770B5044696
:102430000569C06A6168884200D80846E16821F4ED
:102440002011E160C90312D5A84208D02246411BE1
:102450002846FFF7B5FF10B14FF0FF3070BD0020E8
:10246000E562C4E90150E06820F48030E0600020BB
:1024700070BD10B50446C06820F02000E060A16A7D
:10248000A06988420DD02046FFF7D0FFE06820F415
:10249000405040F01000E060A06AA0612069E06256
:1024A000606044F24001E0688843E06010BD0000D5
:1024B0001000020010B5014602A0FEF779FF0120CE
:1024C00010BD000053494752545245443A205265CA
:1024D0006469726563743A2063616E2774206F705B
:1024E000656E3A200000000010B50146C2689007F2
:1024F00003D0900607D5886A0AE0FEF77FFB01212A
:102500000160881E10BD8B69486818440B69C01AA9
:1025100091F848301BB191F84910401A10BD1103D1
:10252000FCD50028FADD401E10BD10B5431C02E0AA
:1025300010F8011B71B18107FAD14FF0013202C8C6
:102540008C1A8C4314EAC211F9D0C01A0A0603D0BF
:10255000C01E10BDC01A10BD0A0401D0801E10BDDF
:102560000902FCD0401E10BD30B44FF0013C50F8C1
:10257000042BCCFA52F451F8043BD51A20D1FCB903
:1025800050F8042BCCFA52F451F8043BD51A17D169
:10259000B4B950F8042BCCFA52F451F8043BD51AD4
:1025A0000ED16CB950F8042BCCFA52F451F8043B1C
:1025B000D51A05D1002CDAD030BC4FF0000070479E
:1025C00029BAB1FA81F111F01801D1F1200084404B
:1025D000F2D1CA40CB4012F0FF0213F0FF0330BC2F
:1025E000D01A704700000000FFE7FEE7000000007F
:1025F00080B594B013901291139800684AF20001CC
:10260000C4F20001884221D1FFE7139840F29C31C7
:10261000C2F20041086012984863002008900A90B6
:102620000B9002210C91012107910D910E900F90BA
:1026300045F26040C2F2004009900AA904F02CFC67
:102640000799089A099804F0E3FA61E01398006882
:102650004AF20041C4F2000188421FD1FFE71398FB
:1026600040F23C41C2F200410860129848630020E9
:1026700005900A900B9002210C910D910E900F90F5
:1026800045F20050C2F2004006900AA904F004FC92
:10269000059A0698102104F0BBFA38E013980068F8
:1026A0004DF20041C4F2000188422FD1FFE7139898
:1026B00040F2C441C2F20041086012984863002011
:1026C00003900A900B90022101910C91012102913B
:1026D0000D910E900F9045F2A050C2F20040049070
:1026E0000AA904F0D9FB019A029B049869460B6081
:1026F000114604F05DFC029A0498114604F078FB40
:102700000299039A049804F083FAFFE7FFE7FFE7D2
:10271000139805F0D5FC14B080BD00000000000047
:1027200080B58EB00D90ADF832100B92ADF82A3016
:10273000BDF832000190002002900390BDF82A00FD
:10274000082804DCFFE7BDF82A000490FFE7BDF885
:102750002A000C2803D1FFE709200490FFE7BDF809
:102760002A00102803D1FFE70A200490FFE7BDF8F4
:102770002A00142803D1FFE70B200490FFE7BDF8DF
:102780002A00182803D1FFE70C200490FFE7BDF8CA
:102790002A00202803D1FFE70D200490FFE7BDF8B1
:1027A0002A00302803D1FFE70E200490FFE7BDF890
:1027B0002A00402803D1FFE70F200490FFE7002004
:1027C000059006900790089009900D980B9A01A922
:1027D00004F09EFA0EB080BD84B08DF80F00029117
:1027E000ADF806209DF80F000146009123281DD862
:1027F0000099DFE801F012131415161B1B1B1B1B9D
:102800001B1B1B1B1B1B1B1B1B1B1B1B1B1B1B1B18
:102810001B1B1B1B1B1B1718191A08E007E006E0FF
:1028200005E004E003E002E001E000E0FFE7002053
:1028300004B0704700000000002070470000000056
:1028400080B582B044F6E430C2F20040009042F21B
:102850005021C2F200410022019211F09DFE009829
:1028600041F65021C2F2004111F076FE019802B00B
:1028700080BD00000000000080B584B0039002918C
:10288000039944F6E430C2F20040009011F064FE77
:10289000009811F005FE03990298026840F2C050BA
:1028A000C2F2004001903030FEF716F8019802990C
:1028B0000968A0F86010426E039802990968904771
:1028C000002004B080BD000083B0029001918DF81B
:1028D000032000208DF802009DF9020003B070472C
:1028E00080B586B00490ADF80E1000208DF80D0074
:1028F00044F6E430C2F20040D0F8BC0202900298E4
:10290000D0F8140220B1FFE701208DF8170013E082
:102910000499BDF80E2044F6E430C2F20040019064
:1029200011F03AFE019811F043FF8DF80D009DF86B
:102930000D008DF81700FFE79DF8170006B080BD69
:1029400080B544F6B070C2F2004002F029F880BDB4
:1029500080B544F63870C2F2004002F021F880BD24
:1029600080B544F6C060C2F2004002F019F880BDA4
:1029700080B545F28020C2F2004002F011F880BD1F
:1029800080B545F2F820C2F2004002F009F880BD9F
:1029900080B545F22800C2F2004002F001F880BD87
:1029A00080B545F2A000C2F2004001F0F9FF80BD01
:1029B00080B545F21810C2F2004001F0F1FF80BD71
:1029C00080B545F29010C2F2004001F0E9FF80BDF1
:1029D00080B545F20820C2F2004001F0E1FF80BD61
:1029E00080B545F27030C2F2004001F0D9FF80BDE1
:1029F00080B545F2E830C2F2004001F0D1FF80BD61
:102A0000704700000000000083B002900298016847
:102A100001201022C4F202029142009000F0A38033
:102A2000FFE70298016801202822C4F202029142C5
:102A3000009000F09880FFE7029801680120402292
:102A4000C4F202029142009000F08D80FFE70298EC
:102A5000016801205822C4F202029142009000F065
:102A60008280FFE70298016801207022C4F202020E
:102A70009142009077D0FFE70298016801208822F8
:102A8000C4F20202914200906DD0FFE70298016803
:102A90000120A022C4F202029142009063D0FFE71D
:102AA000029801680120B822C4F20202914200900B
:102AB00059D0FFE702980168012040F21042C4F2A9
:102AC0000202914200904ED0FFE702980168012077
:102AD00040F22842C4F202029142009043D0FFE744
:102AE00002980168012040F24042C4F20202914281
:102AF000009038D0FFE702980168012040F2584268
:102B0000C4F20202914200902DD0FFE702980168C2
:102B1000012040F27042C4F202029142009022D0A1
:102B2000FFE702980168012040F28842C4F20202E5
:102B30009142009017D0FFE702980168012040F20F
:102B4000A042C4F20202914200900CD0FFE702982A
:102B500000684FF64831CBF6FD710844B0FA80F0BA
:102B600040090090FFE70098C00740B3FFE70298D4
:102B7000007810384AF6AB21CAF6AA21A0FB011052
:102B800000090190019800F0070144F68070C0F63A
:102B90000200405C0299C8650198042807D3FFE74A
:102BA00002990868042262F30900886506E0029928
:102BB000086840F2FF3290438865FFE705E002991C
:102BC000086820F0FF008865FFE70298806D03B079
:102BD000704700000000000084B003900398006874
:102BE000019003980168012045F20842C5F60202EF
:102BF000914200904ED0FFE703980168012045F212
:102C00001C42C5F602029142009043D0FFE70398B0
:102C10000168012045F23042C5F60202914200905F
:102C200038D0FFE703980168012045F24442C5F619
:102C30000202914200902DD0FFE703980168012025
:102C400045F25842C5F602029142009022D0FFE7B9
:102C500003980168012045F26C42C5F602029142D8
:102C6000009017D0FFE703980168012045F28042E9
:102C7000C5F60202914200900CD0FFE7039800686D
:102C80004AF66C31CAF2FD710844B0FA80F040098E
:102C90000090FFE70098C00710B3FFE703980078A3
:102CA00008384CF6CD41CCF6CC41A0FB0110000910
:102CB0000290029945F60000C5F6020000EB810083
:102CC00003990866039945F68000C5F60200486638
:102CD000029800F01F01012088400399886635E0C2
:102CE0000398007810384AF6AB21CAF6AA21A0FB57
:102CF000011000090290019840F2B841C4F20201AB
:102D000088420CD8FFE7019840F21041C4F202015A
:102D1000884204D3FFE7029808300290FFE7029947
:102D200040F60000C4F2020000EB8100039908663F
:102D3000039940F68000C4F202004866029800F051
:102D40001F010120884003998866FFE704B070479F
:102D500083B002900298007901900198002800F059
:102D60008A80FFE70198082800F28580FFE7029833
:102D70000168012045F20842C5F602029142009026
:102D80004ED0FFE702980168012045F21C42C5F6CB
:102D900002029142009043D0FFE7029801680120AF
:102DA00045F23042C5F602029142009038D0FFE76A
:102DB00002980168012045F24442C5F602029142A0
:102DC00000902DD0FFE702980168012045F258429B
:102DD000C5F602029142009022D0FFE702980168F6
:102DE000012045F26C42C5F602029142009017D0D4
:102DF000FFE702980168012045F28042C5F6020211
:102E0000914200900CD0FFE7029800684AF66C31BE
:102E1000CAF2FD710844B0FA80F040090090FFE763
:102E20000098C00780B1FFE7019945F6FC00C5F6A0
:102E3000020000EB81000299C866029945F6401035
:102E4000C5F6020008670FE0019940F6FC00C4F2E5
:102E5000020000EB81000299C866029940F640101A
:102E6000C4F202000867FFE70198411E0120884074
:102E700002994867FFE703B07047000000000000B8
:102E800085B0049000208DF80F000498806918BB6D
:102E9000FFE70498806A029003281BD80299DFE8B4
:102EA00001F0020D0218049890F82F00C00720B11D
:102EB000FFE701208DF80F00FFE70CE00498C06ADF
:102EC000B0F1C07F04D1FFE701208DF80F00FFE7CC
:102ED00001E000E0FFE747E004988069B0F5005F9B
:102EE00026D1FFE70498806A019003281ED8019933
:102EF000DFE801F00206021101208DF80F0016E054
:102F0000049890F82F00C00720B1FFE701208DF84A
:102F10000F00FFE70BE00498C06AB0F1C07F04D156
:102F2000FFE701208DF80F00FFE700E0FFE71AE060
:102F30000498806A0090032804D3FFE700980328D0
:102F400004D00EE001208DF80F000BE0049890F8FB
:102F50002F00C00720B1FFE701208DF80F00FFE729
:102F600000E0FFE7FFE7FFE79DF80F0005B07047BF
:102F700089B008900791069205930898806D049097
:102F80000898806D03900898016801201022C4F20F
:102F900002029142029000F00381FFE70898016865
:102FA00001202822C4F202029142029000F0F8802F
:102FB000FFE70898016801204022C4F20202914212
:102FC000029000F0ED80FFE7089801680120582288
:102FD000C4F202029142029000F0E280FFE70898FA
:102FE000016801207022C4F202029142029000F0B6
:102FF000D780FFE70898016801208822C4F2020206
:103000009142029000F0CC80FFE70898016801200F
:10301000A022C4F202029142029000F0C180FFE7B8
:10302000089801680120B822C4F20202914202907D
:1030300000F0B680FFE708980168012040F21042D6
:10304000C4F202029142029000F0AA80FFE70898C1
:103050000168012040F22842C4F20202914202902B
:1030600000F09E80FFE708980168012040F240428E
:10307000C4F202029142029000F09280FFE70898A9
:103080000168012040F25842C4F2020291420290CB
:1030900000F08680FFE708980168012040F2704246
:1030A000C4F20202914202907AD0FFE708980168C8
:1030B000012040F28842C4F20202914202906FD095
:1030C000FFE708980168012040F2A042C4F2020222
:1030D0009142029064D0FFE708980168012040F215
:1030E000B842C4F202029142029059D0FFE7089818
:1030F0000168012045F20842C5F6020291420290A1
:103100004ED0FFE708980168012045F21C42C5F641
:1031100002029142029043D0FFE708980168012023
:1031200045F23042C5F602029142029038D0FFE7E4
:1031300008980168012045F24442C5F60202914216
:1031400002902DD0FFE708980168012045F258420F
:10315000C5F602029142029022D0FFE7089801686A
:10316000012045F26C42C5F602029142029017D04E
:10317000FFE708980168012045F28042C5F6020287
:10318000914202900CD0FFE7089800684AF66C3133
:10319000CAF2FD710844B0FA80F040090290FFE7DE
:1031A0000298C00770B1FFE70898416E806E4860D2
:1031B0000898C06E28B1FFE70898016F406F48601B
:1031C000FFE7FFE70898016801201022C4F202021D
:1031D0009142019000F0A380FFE708980168012068
:1031E0002822C4F202029142019000F09880FFE789
:1031F0000898016801204022C4F202029142019025
:1032000000F08D80FFE70898016801205822C4F281
:1032100002029142019000F08280FFE70898016865
:1032200001207022C4F202029142019077D0FFE7A0
:103230000898016801208822C4F20202914201909C
:103240006DD0FFE7089801680120A022C4F20202B5
:103250009142019063D0FFE7089801680120B822ED
:10326000C4F202029142019059D0FFE70898016828
:10327000012040F21042C4F20202914201904ED06D
:10328000FFE708980168012040F22842C4F20202D8
:103290009142019043D0FFE708980168012040F275
:1032A0004042C4F202029142019038D0FFE70898F0
:1032B0000168012040F25842C4F20202914201909A
:1032C0002DD0FFE708980168012040F27042C4F257
:1032D00002029142019022D0FFE708980168012084
:1032E00040F28842C4F202029142019017D0FFE7F7
:1032F00008980168012040F2A042C4F20202914203
:1033000001900CD0FFE7089800684FF64831CBF6E3
:10331000FD710844B0FA80F040090190FFE7019880
:10332000C00750B3FFE70898C06D00F01F013F20B1
:1033300088400499886008980168086820F4802013
:1033400008600598089909684860089880684028CE
:1033500009D1FFE7069808990968886007980899D5
:103360000968C86008E007980899096888600698A5
:1033700008990968C860FFE782E0089801680120A1
:1033800045F20842C5F60202914200904ED0FFE796
:1033900008980168012045F21C42C5F602029142DC
:1033A000009043D0FFE708980168012045F23042C1
:1033B000C5F602029142009038D0FFE708980168F4
:1033C000012045F24442C5F60202914200902DD000
:1033D000FFE708980168012045F25842C5F602024D
:1033E0009142009022D0FFE708980168012045F241
:1033F0006C42C5F602029142009017D0FFE7089890
:103400000168012045F28042C5F602029142009017
:103410000CD0FFE7089800684AF66C31CAF2FD71DB
:103420000844B0FA80F040090090FFE70098C00718
:1034300020B3FFE70898C06D00F01F01012088400D
:103440000399486005980899096848600898806859
:10345000402809D1FFE7069808990968886007980D
:1034600008990968C86008E00798089909688860A1
:10347000069808990968C860FFE700E0FFE7FFE7E2
:1034800009B070470000000081B000904EF6FC517A
:10349000CEF20001086840F08070086041F6B0711B
:1034A000CEF2000108684CF65562CCF2AC521043E3
:1034B000086041F20401CEF200010020086041F2F0
:1034C0000002CEF20002116841F001011160009982
:1034D00044F24022C0F20F024A4340F20C51C2F2C1
:1034E00000410A600A6844F6D353C1F26203A2FBAA
:1034F0000332920940F21053C2F200431A60096885
:103500004DF68362C4F21B32A1FB0221890C40F20A
:103510001452C2F20042116040F22451C2F2004142
:10352000086001B070470000704700000000000014
:1035300080B54FF4806004F03BFE4FF4805004F0FF
:1035400037FE80BD0000000081B0EFF3108072B63E
:103550000090FFE7FEE7000080B545F26040C2F250
:10356000004003F0E1FE80BD80B545F20050C2F29C
:10357000004003F0D9FE80BD80B545F2A050C2F2F4
:10358000004003F0D1FE80BD84B002900298406BF1
:10359000009002980068D0F884004FF6FC718843D0
:1035A000009940EA810002990968C1F884000298F4
:1035B0000068D0F8840020F47F00029A1168926BB2
:1035C00040EA0240C1F884000298816B00980844E8
:1035D000009002980068D0F888006FF38F0000997F
:1035E00040EA810002990968C1F8880002980068E1
:1035F000D0F8880020F4FE00029A1168D26B40EAED
:103600000240C1F888000298C16B009800EB4100AD
:10361000009002980068D0F8A0006FF38F00009926
:1036200040EA810002990968C1F8A0000298006888
:10363000D0F8A00020F4FE00029A1168126C40EA53
:103640000240C1F8A0000299086C496C009A00FB86
:103650000120009002980068D0F8B0006FF38F004E
:10366000009940EA810002990968C1F8B000029807
:103670000068D0F8B00020F4FE00029A1168926C45
:1036800040EA0240C1F8B0000299886CC96C009A07
:1036900000FB0120009002980068D0F8AC006FF3A6
:1036A0008F00009940EA810002990968C1F8AC00D6
:1036B0000299086D496D009A00FB01200090029864
:1036C0000068D0F8F0006FF38F00009940EA8100A5
:1036D00002990968C1F8F00002980068D0F8F0007B
:1036E00020F47C10029A1168926D40EA0240C1F801
:1036F000F0000298816D009800EB41000090029864
:103700000068D0F8C0006FF38F00009940EA810094
:1037100002990968C1F8C00002980068D0F8C0009A
:1037200020F47C10029A1168D26D40EA0240C1F880
:10373000C00002980068D0F8C00020F07C50029AC7
:103740001168126E40EA0260C1F8C00002994A6B2B
:103750004AF60040C4F2000000EB8200C8660299FD
:103760008A6BC86E00EB820008670299CA6B086F0B
:1037700000EBC200486702990A6C4B6C486F5A43D1
:1037800000EB8200886702998A6CCB6C886F5A4381
:1037900000EB8200C86702990A6D4B6DC86F5A43EF
:1037A00000EB8200C1F8800002998A6DD1F8800098
:1037B00000EBC200C1F884000299CA6D8B6ED1F88B
:1037C00084005A4300EB8200C1F8880002990A6E17
:1037D0008B6ED1F888005A4300EB8200C1F890004C
:1037E0000298D0F890004DF2FD31C4F200018842F9
:1037F0000FD3FFE70299D1F89C0040F02000C1F8F8
:103800009C000299032081F8980001208DF80F0098
:1038100017E00298C06E0190FFE701980299D1F875
:103820009010884208D2FFE7019900200860FFE766
:10383000019804300190F0E7FFE700208DF80F00B9
:10384000FFE79DF80F0004B0704700000000000083
:1038500088B007900691059204930698406848B98D
:10386000FFE70698016882680069104340EA8140DA
:10387000039009E0069801688268006910430843D4
:1038800040F080400390FFE70698D0F820C0C16860
:1038900042698369C06940EA0C601843104340EAFA
:1038A000014002900798826ED0F884000499514339
:1038B00000EB8100019003980199086001980430A1
:1038C000019002980199086001980430019000204D
:1038D0000090FFE700980699CA6844F67071C0F638
:1038E0000201895C88420DD2FFE705980099405893
:1038F00001990860019804300190FFE700980430B6
:103900000090E7E708B0704780B584B04EF600003D
:10391000C1F6F170006803904EF60400C1F6F17034
:10392000006802904EF60800C1F6F1700068019040
:103930000199039808440390039888B1FFE703981E
:1039400040F29411C2F200410091023108220CF0C1
:10395000EBFA00990298123104220CF0E5FAFFE725
:1039600004B080BD0000000080B58AB0089004F06B
:103970003BFE0490089828B9FFE701208DF8270046
:1039800000F0AABC089890F8350002280ED0FFE796
:10399000089980204865FFE70899002081F83400E5
:1039A000FFE701208DF8270000F096BC0898016819
:1039B00001201022C4F202029142039000F0A38081
:1039C000FFE70898016801202822C4F20202914210
:1039D000039000F09880FFE70898016801204022DA
:1039E000C4F202029142039000F08D80FFE7089834
:1039F000016801205822C4F202029142039000F0B3
:103A00008280FFE70898016801207022C4F2020258
:103A10009142039077D0FFE708980168012088223F
:103A2000C4F20202914203906DD0FFE7089801684A
:103A30000120A022C4F202029142039063D0FFE76A
:103A4000089801680120B822C4F202029142039052
:103A500059D0FFE708980168012040F21042C4F2F3
:103A60000202914203904ED0FFE7089801680120BE
:103A700040F22842C4F202029142039043D0FFE791
:103A800008980168012040F24042C4F202029142CB
:103A9000039038D0FFE708980168012040F25842AF
:103AA000C4F20202914203902DD0FFE7089801680A
:103AB000012040F27042C4F202029142039022D0EF
:103AC000FFE708980168012040F28842C4F2020230
:103AD0009142039017D0FFE708980168012040F257
:103AE000A042C4F20202914203900CD0FFE7089872
:103AF00000684FF64831CBF6FD710844B0FA80F00B
:103B000040090390FFE70398C00780B1FFE70898DA
:103B10000168086820F01E0008600898016848697C
:103B200020F08000486108980068059009E0089836
:103B30000168086820F00E00086008980068059089
:103B4000FFE70898016801201022C4F202029142A6
:103B5000029000F00381FFE7089801680120282205
:103B6000C4F202029142029000F0F880FFE7089848
:103B7000016801204022C4F202029142029000F04A
:103B8000ED80FFE70898016801205822C4F2020284
:103B90009142029000F0E280FFE70898016801205E
:103BA0007022C4F202029142029000F0D780FFE737
:103BB0000898016801208822C4F202029142029012
:103BC00000F0CC80FFE7089801680120A022C4F231
:103BD00002029142029000F0C180FFE7089801685C
:103BE0000120B822C4F202029142029000F0B68095
:103BF000FFE708980168012040F21042C4F2020277
:103C00009142029000F0AA80FFE708980168012025
:103C100040F22842C4F202029142029000F09E80DB
:103C2000FFE708980168012040F24042C4F2020216
:103C30009142029000F09280FFE70898016801200D
:103C400040F25842C4F202029142029000F0868093
:103C5000FFE708980168012040F27042C4F20202B6
:103C6000914202907AD0FFE708980168012040F263
:103C70008842C4F20202914202906FD0FFE7089896
:103C80000168012040F2A042C4F202029142029077
:103C900064D0FFE708980168012040F2B842C4F2FE
:103CA00002029142029059D0FFE708980168012072
:103CB00045F20842C5F60202914202904ED0FFE75B
:103CC00008980168012045F21C42C5F602029142A3
:103CD000029043D0FFE708980168012045F2304286
:103CE000C5F602029142029038D0FFE708980168B9
:103CF000012045F24442C5F60202914202902DD0C5
:103D0000FFE708980168012045F25842C5F6020213
:103D10009142029022D0FFE708980168012045F205
:103D20006C42C5F602029142029017D0FFE7089854
:103D30000168012045F28042C5F6020291420290DC
:103D40000CD0FFE7089800684AF66C31CAF2FD71A2
:103D50000844B0FA80F040090290FFE70298C007DB
:103D600038B1FFE70898016E086820F48070086099
:103D7000FFE7089800681021C4F20201884200F0B1
:103D80008180FFE7089800682821C4F20201884278
:103D900078D0FFE7089800684021C4F20201884209
:103DA00070D0FFE7089800685821C4F202018842E9
:103DB00068D0FFE7089800687021C4F202018842C9
:103DC00060D0FFE7089800688821C4F202018842A9
:103DD00058D0FFE708980068A021C4F20201884289
:103DE00050D0FFE708980068B821C4F20201884269
:103DF00048D0FFE70898006840F21041C4F2020181
:103E000088423FD0FFE70898006840F22841C4F29A
:103E10000201884236D0FFE70898006840F240412E
:103E2000C4F2020188422DD0FFE70898006840F2F2
:103E30005841C4F20201884224D0FFE70898006884
:103E400040F27041C4F2020188421BD0FFE708989B
:103E5000006840F28841C4F20201884212D0FFE7B4
:103E60000898006840F2A041C4F20201884209D0DB
:103E7000FFE70898006840F2B841C4F202018842A6
:103E800007D1FFE708980168086820F00100086082
:103E900006E008980168086820F001000860FFE764
:103EA000FFE705980068C007C8B1FFE704F09CFB76
:103EB0000499401A062811D3FFE708992020486585
:103EC0000899032081F83500FFE70899002081F860
:103ED0003400FFE701208DF82700FDE1E1E70898B5
:103EE000016801201022C4F202029142019000F008
:103EF000A380FFE70898016801202822C4F202028B
:103F00009142019000F09880FFE708980168012035
:103F10004022C4F202029142019000F08D80FFE73E
:103F20000898016801205822C4F2020291420190CF
:103F300000F08280FFE70898016801207022C4F237
:103F400002029142019077D0FFE7089801680120B2
:103F50008822C4F20202914201906DD0FFE70898D6
:103F600001680120A022C4F202029142019063D0B4
:103F7000FFE7089801680120B822C4F202029142CA
:103F8000019059D0FFE708980168012040F21042E3
:103F9000C4F20202914201904ED0FFE708980168F6
:103FA000012040F22842C4F202029142019043D023
:103FB000FFE708980168012040F24042C4F2020283
:103FC0009142019038D0FFE708980168012040F243
:103FD0005842C4F20202914201902DD0FFE70898A6
:103FE0000168012040F27042C4F202029142019045
:103FF00022D0FFE708980168012040F28842C4F20D
:1040000002029142019017D0FFE708980168012051
:1040100040F2A042C4F20202914201900CD0FFE7AC
:10402000089800684FF64831CBF6FD710844B0FAA5
:1040300080F040090190FFE70198C00760B1FFE7F9
:104040000898806D07900898C06D00F01F013F2010
:104050008840079988600BE00898806D0690089862
:10406000C06D00F01F010120884006994860FFE7FD
:104070000898016801201022C4F2020291420090C7
:1040800000F00381FFE70898016801202822C4F2AC
:1040900002029142009000F0F880FFE70898016862
:1040A00001204022C4F202029142009000F0ED8013
:1040B000FFE70898016801205822C4F202029142E9
:1040C000009000F0E280FFE708980168012070226C
:1040D000C4F202029142009000F0D780FFE70898F6
:1040E000016801208822C4F202029142009000F08F
:1040F000CC80FFE7089801680120A022C4F20202E8
:104100009142009000F0C180FFE70898016801200B
:10411000B822C4F202029142009000F0B680FFE79C
:1041200008980168012040F21042C4F20202914254
:10413000009000F0AA80FFE708980168012040F293
:104140002842C4F202029142009000F09E80FFE7F4
:1041500008980168012040F24042C4F202029142F4
:10416000009000F09280FFE708980168012040F27B
:104170005842C4F202029142009000F08680FFE7AC
:1041800008980168012040F27042C4F20202914294
:1041900000907AD0FFE708980168012040F2884239
:1041A000C4F20202914200906FD0FFE708980168C4
:1041B000012040F2A042C4F202029142009064D079
:1041C000FFE708980168012040F2B842C4F20202F9
:1041D0009142009059D0FFE708980168012045F20C
:1041E0000842C5F60202914200904ED0FFE70898BF
:1041F0000168012045F21C42C5F60202914200907E
:1042000043D0FFE708980168012045F23042C5F627
:1042100002029142009038D0FFE70898016801201F
:1042200045F24442C5F60202914200902DD0FFE7CC
:1042300008980168012045F25842C5F602029142F1
:10424000009022D0FFE708980168012045F26C42F7
:10425000C5F602029142009017D0FFE70898016866
:10426000012045F28042C5F60202914200900CD036
:10427000FFE7089800684AF66C31CAF2FD710844FD
:10428000B0FA80F040090090FFE70098C007A0B1A5
:10429000FFE70898416E806E48600898C06E58B17C
:1042A000FFE70898C16E086820F4807008600898DD
:1042B000016F406F4860FFE7FFE70899012081F830
:1042C0003500FFE70899002081F83400FFE7FFE799
:1042D00000208DF82700FFE79DF827000AB080BD79
:1042E00080B586B00490049820B9FFE701208DF8CE
:1042F000170046E3049890F83500022807D0FFE73E
:1043000004998020486501208DF8170039E304984E
:10431000016801201022C4F202029142029000F0D2
:10432000A380FFE70498016801202822C4F202025A
:104330009142029000F09880FFE704980168012004
:104340004022C4F202029142029000F08D80FFE709
:104350000498016801205822C4F20202914202909E
:1043600000F08280FFE70498016801207022C4F207
:1043700002029142029077D0FFE704980168012081
:104380008822C4F20202914202906DD0FFE70498A5
:1043900001680120A022C4F202029142029063D07F
:1043A000FFE7049801680120B822C4F2020291429A
:1043B000029059D0FFE704980168012040F21042B2
:1043C000C4F20202914202904ED0FFE704980168C5
:1043D000012040F22842C4F202029142029043D0EE
:1043E000FFE704980168012040F24042C4F2020253
:1043F0009142029038D0FFE704980168012040F212
:104400005842C4F20202914202902DD0FFE7049874
:104410000168012040F27042C4F20202914202900F
:1044200022D0FFE704980168012040F28842C4F2DC
:1044300002029142029017D0FFE704980168012020
:1044400040F2A042C4F20202914202900CD0FFE777
:10445000049800684FF64831CBF6FD710844B0FA75
:1044600080F040090290FFE70298C007002800F0A2
:104470009D80FFE70499042081F8350004980068C6
:104480001021C4F20201884200F08180FFE7049805
:1044900000682821C4F20201884278D0FFE704981E
:1044A00000684021C4F20201884270D0FFE70498FE
:1044B00000685821C4F20201884268D0FFE70498DE
:1044C00000687021C4F20201884260D0FFE70498BE
:1044D00000688821C4F20201884258D0FFE704989E
:1044E0000068A021C4F20201884250D0FFE704987E
:1044F0000068B821C4F20201884248D0FFE704985E
:10450000006840F21041C4F2020188423FD0FFE748
:104510000498006840F22841C4F20201884236D073
:10452000FFE70498006840F24041C4F2020188426B
:104530002DD0FFE70498006840F25841C4F2020110
:10454000884224D0FFE70498006840F27041C4F22A
:10455000020188421BD0FFE70498006840F28841BE
:10456000C4F20201884212D0FFE70498006840F2CA
:10457000A041C4F20201884209D0FFE70498006814
:1045800040F2B841C4F20201884207D1FFE7049823
:104590000168086820F00100086006E004980168DE
:1045A000086820F001000860FFE7E5E10498016871
:1045B000086820F00E000860049800681021C4F21A
:1045C0000201884200F08180FFE7049800682821FA
:1045D000C4F20201884278D0FFE7049800684021C5
:1045E000C4F20201884270D0FFE7049800685821A5
:1045F000C4F20201884268D0FFE704980068702185
:10460000C4F20201884260D0FFE704980068882164
:10461000C4F20201884258D0FFE704980068A02144
:10462000C4F20201884250D0FFE704980068B82124
:10463000C4F20201884248D0FFE70498006840F2C3
:104640001041C4F2020188423FD0FFE7049800689D
:1046500040F22841C4F20201884236D0FFE70498B4
:10466000006840F24041C4F2020188422DD0FFE7C9
:104670000498006840F25841C4F20201884224D0F4
:10468000FFE70498006840F27041C4F202018842DA
:104690001BD0FFE70498006840F28841C4F2020191
:1046A000884212D0FFE70498006840F2A041C4F2AB
:1046B0000201884209D0FFE70498006840F2B8413F
:1046C000C4F20201884207D1FFE704980168086834
:1046D00020F00100086006E004980168086820F0F6
:1046E00001000860FFE70498016801201022C4F26D
:1046F00002029142019000F00381FFE704980168F3
:1047000001202822C4F202029142019000F0F880B8
:10471000FFE70498016801204022C4F2020291429E
:10472000019000F0ED80FFE7049801680120582215
:10473000C4F202029142019000F0E280FFE7049887
:10474000016801207022C4F202029142019000F03F
:10475000D780FFE70498016801208822C4F2020292
:104760009142019000F0CC80FFE70498016801209D
:10477000A022C4F202029142019000F0C180FFE742
:10478000049801680120B822C4F20202914201900B
:1047900000F0B680FFE704980168012040F2104263
:1047A000C4F202029142019000F0AA80FFE704984F
:1047B0000168012040F22842C4F2020291420190B5
:1047C00000F09E80FFE704980168012040F240421B
:1047D000C4F202029142019000F09280FFE7049837
:1047E0000168012040F25842C4F202029142019055
:1047F00000F08680FFE704980168012040F27042D3
:10480000C4F20202914201907AD0FFE70498016855
:10481000012040F28842C4F20202914201906FD01E
:10482000FFE704980168012040F2A042C4F20202AE
:104830009142019064D0FFE704980168012040F2A2
:10484000B842C4F202029142019059D0FFE70498A5
:104850000168012045F20842C5F60202914201902A
:104860004ED0FFE704980168012045F21C42C5F6CE
:1048700002029142019043D0FFE7049801680120B1
:1048800045F23042C5F602029142019038D0FFE76E
:1048900004980168012045F24442C5F602029142A3
:1048A00001902DD0FFE704980168012045F258429D
:1048B000C5F602029142019022D0FFE704980168F8
:1048C000012045F26C42C5F602029142019017D0D8
:1048D000FFE704980168012045F28042C5F6020214
:1048E000914201900CD0FFE7049800684AF66C31C1
:1048F000CAF2FD710844B0FA80F040090190FFE768
:104900000198C00728B3FFE70498016E086820F4F7
:10491000807008600498806D03900498C06D00F06A
:104920001F0101208840039948600498416E806E01
:1049300048600498C06E58B1FFE70498C16E0868DB
:1049400020F4807008600498016F406F4860FFE7B2
:10495000FFE70499012081F83500FFE70499002062
:1049600081F83400FFE70498006D20B1FFE7049858
:10497000016D8847FFE7FFE7FFE700208DF817008C
:10498000FFE79DF8170006B080BD000000000000A2
:1049900081B000900098406D01B0704700000000A9
:1049A00080B590B00F9000200B9040F2D800C2F27A
:1049B0000040006848F2B511C1F64E31A0FB01106D
:1049C000800A0A900F98806D09900F98806D08906A
:1049D000099800680E90089800680D900F9801687B
:1049E00001201022C4F202029142079000F0A3803D
:1049F000FFE70F98016801202822C4F202029142C9
:104A0000079000F09880FFE70F980168012040228E
:104A1000C4F202029142079000F08D80FFE70F98E8
:104A2000016801205822C4F202029142079000F06E
:104A30008280FFE70F98016801207022C4F2020211
:104A40009142079077D0FFE70F98016801208822F4
:104A5000C4F20202914207906DD0FFE70F980168FF
:104A60000120A022C4F202029142079063D0FFE726
:104A70000F9801680120B822C4F202029142079007
:104A800059D0FFE70F980168012040F21042C4F2AC
:104A90000202914207904ED0FFE70F980168012073
:104AA00040F22842C4F202029142079043D0FFE74D
:104AB0000F980168012040F24042C4F20202914284
:104AC000079038D0FFE70F980168012040F2584264
:104AD000C4F20202914207902DD0FFE70F980168BF
:104AE000012040F27042C4F202029142079022D0AB
:104AF000FFE70F980168012040F28842C4F20202E9
:104B00009142079017D0FFE70F980168012040F20B
:104B1000A042C4F20202914207900CD0FFE70F9826
:104B200000684FF64831CBF6FD710844B0FA80F0CA
:104B300040090790FFE70798C007002800F0138599
:104B4000FFE70E980F99C96D01F01F01C8400007DB
:104B5000002840F1B080FFE70F9800681021C4F2F0
:104B60000201884200F08180FFE70F980068282149
:104B7000C4F20201884278D0FFE70F980068402114
:104B8000C4F20201884270D0FFE70F9800685821F4
:104B9000C4F20201884268D0FFE70F9800687021D4
:104BA000C4F20201884260D0FFE70F9800688821B4
:104BB000C4F20201884258D0FFE70F980068A02194
:104BC000C4F20201884250D0FFE70F980068B82174
:104BD000C4F20201884248D0FFE70F98006840F213
:104BE0001041C4F2020188423FD0FFE70F980068ED
:104BF00040F22841C4F20201884236D0FFE70F9804
:104C0000006840F24041C4F2020188422DD0FFE723
:104C10000F98006840F25841C4F20201884224D043
:104C2000FFE70F98006840F27041C4F20201884229
:104C30001BD0FFE70F98006840F28841C4F20201E0
:104C4000884212D0FFE70F98006840F2A041C4F2FA
:104C50000201884209D0FFE70F98006840F2B8418E
:104C6000C4F20201884207D1FFE70F98006800688C
:104C700000F00400069006E00F980068006800F05D
:104C800008000690FFE70698A0B1FFE70F980168BB
:104C9000086820F0040008600F98C06D00F01F0144
:104CA00008208840099988600F99486D40F00100FC
:104CB0004865FFE7FFE70E980F99C96D01F01F01E6
:104CC000C840C007002800F0A980FFE70F980068DF
:104CD0001021C4F20201884200F08180FFE70F98A2
:104CE00000682821C4F20201884278D0FFE70F98BB
:104CF00000684021C4F20201884270D0FFE70F989B
:104D000000685821C4F20201884268D0FFE70F987A
:104D100000687021C4F20201884260D0FFE70F985A
:104D200000688821C4F20201884258D0FFE70F983A
:104D30000068A021C4F20201884250D0FFE70F981A
:104D40000068B821C4F20201884248D0FFE70F98FA
:104D5000006840F21041C4F2020188423FD0FFE7F0
:104D60000F98006840F22841C4F20201884236D010
:104D7000FFE70F98006840F24041C4F20201884208
:104D80002DD0FFE70F98006840F25841C4F20201AD
:104D9000884224D0FFE70F98006840F27041C4F2C7
:104DA000020188421BD0FFE70F98006840F288415B
:104DB000C4F20201884212D0FFE70F98006840F267
:104DC000A041C4F20201884209D0FFE70F980068B1
:104DD00040F2B841C4F20201884207D1FFE70F98C0
:104DE0000068406900F08000059005E00F980068B9
:104DF000006800200590FFE7059870B1FFE70F9865
:104E0000C06D00F01F0101208840099988600F994A
:104E1000486D40F002004865FFE7FFE70E980F99E4
:104E2000C96D01F01F01C8404007002840F1A9806A
:104E3000FFE70F9800681021C4F20201884200F0D9
:104E40008180FFE70F9800682821C4F202018842A0
:104E500078D0FFE70F9800684021C4F20201884231
:104E600070D0FFE70F9800685821C4F20201884211
:104E700068D0FFE70F9800687021C4F202018842F1
:104E800060D0FFE70F9800688821C4F202018842D1
:104E900058D0FFE70F980068A021C4F202018842B1
:104EA00050D0FFE70F980068B821C4F20201884291
:104EB00048D0FFE70F98006840F21041C4F20201A9
:104EC00088423FD0FFE70F98006840F22841C4F2C3
:104ED0000201884236D0FFE70F98006840F2404157
:104EE000C4F2020188422DD0FFE70F98006840F21B
:104EF0005841C4F20201884224D0FFE70F980068AD
:104F000040F27041C4F2020188421BD0FFE70F98C3
:104F1000006840F28841C4F20201884212D0FFE7E3
:104F20000F98006840F2A041C4F20201884209D003
:104F3000FFE70F98006840F2B841C4F202018842CE
:104F400007D1FFE70F980068006800F002000490A6
:104F500005E00F980068006800200490FFE70498BF
:104F600070B1FFE70F98C06D00F01F01042088406A
:104F7000099988600F99486D40F004004865FFE783
:104F8000FFE70E980F99C96D01F01F01C840C006D8
:104F9000002840F1DE80FFE70F9800681021C4F27E
:104FA0000201884200F08180FFE70F980068282105
:104FB000C4F20201884278D0FFE70F9800684021D0
:104FC000C4F20201884270D0FFE70F9800685821B0
:104FD000C4F20201884268D0FFE70F980068702190
:104FE000C4F20201884260D0FFE70F980068882170
:104FF000C4F20201884258D0FFE70F980068A02150
:10500000C4F20201884250D0FFE70F980068B8212F
:10501000C4F20201884248D0FFE70F98006840F2CE
:105020001041C4F2020188423FD0FFE70F980068A8
:1050300040F22841C4F20201884236D0FFE70F98BF
:10504000006840F24041C4F2020188422DD0FFE7DF
:105050000F98006840F25841C4F20201884224D0FF
:10506000FFE70F98006840F27041C4F202018842E5
:105070001BD0FFE70F98006840F28841C4F202019C
:10508000884212D0FFE70F98006840F2A041C4F2B6
:105090000201884209D0FFE70F98006840F2B8414A
:1050A000C4F20201884207D1FFE70F980068006848
:1050B00000F00800039006E00F980068006800F018
:1050C00004000390FFE70398002841D0FFE70F9802
:1050D000C06D00F01F0110208840099988600F986A
:1050E00000680068400300281AD5FFE70F980068A1
:1050F00000680003002809D4FFE70F98006C20B176
:10510000FFE70F98016C8847FFE708E00F98806C75
:1051100020B1FFE70F98816C8847FFE7FFE716E0B3
:105120000F9800680068C005002807D4FFE70F98B3
:105130000168086820F008000860FFE70F98006C1D
:1051400020B1FFE70F98016C8847FFE7FFE7FFE713
:10515000FFE70E980F99C96D01F01F01C840800646
:10516000002840F12681FFE70F9800681021C4F263
:105170000201884200F08180FFE70F980068282133
:10518000C4F20201884278D0FFE70F9800684021FE
:10519000C4F20201884270D0FFE70F9800685821DE
:1051A000C4F20201884268D0FFE70F9800687021BE
:1051B000C4F20201884260D0FFE70F98006888219E
:1051C000C4F20201884258D0FFE70F980068A0217E
:1051D000C4F20201884250D0FFE70F980068B8215E
:1051E000C4F20201884248D0FFE70F98006840F2FD
:1051F0001041C4F2020188423FD0FFE70F980068D7
:1052000040F22841C4F20201884236D0FFE70F98ED
:10521000006840F24041C4F2020188422DD0FFE70D
:105220000F98006840F25841C4F20201884224D02D
:10523000FFE70F98006840F27041C4F20201884213
:105240001BD0FFE70F98006840F28841C4F20201CA
:10525000884212D0FFE70F98006840F2A041C4F2E4
:105260000201884209D0FFE70F98006840F2B84178
:10527000C4F20201884207D1FFE70F980068006876
:1052800000F01000029006E00F980068006800F03F
:1052900002000290FFE70298002800F08980FFE7F3
:1052A0000F98C06D00F01F01202088400999886088
:1052B0000F9890F83500042837D1FFE70F98016860
:1052C000086820F0160008600F980168486920F00F
:1052D000800048610F98006C20B9FFE70F98806C40
:1052E00038B1FFE70F980168086820F008000860EF
:1052F000FFE70F98C06D00F01F013F20884009991B
:1053000088600F99012081F83500FFE70F99002090
:1053100081F83400FFE70F98006D20B1FFE70F9888
:10532000016D8847FFE700F019BC0F98006800681E
:10533000400300281AD5FFE70F98006800680003B3
:10534000002809D4FFE70F98406C20B1FFE70F98C1
:10535000416C8847FFE708E00F98C06B20B1FFE77A
:105360000F98C16B8847FFE7FFE720E00F980068C0
:105370000068C005002811D4FFE70F98016808688D
:1053800020F0100008600F99012081F83500FFE738
:105390000F99002081F83400FFE7FFE70F98C06BFA
:1053A00020B1FFE70F98C16B8847FFE7FFE7FFE7F2
:1053B000FFE70F98406D002800F0D480FFE70F98BA
:1053C000406DC007002800F0C480FFE70F9904205B
:1053D00081F835000F9800681021C4F2020188425C
:1053E00000F08180FFE70F9800682821C4F20201D5
:1053F000884278D0FFE70F9800684021C4F202018C
:10540000884270D0FFE70F9800685821C4F202016B
:10541000884268D0FFE70F9800687021C4F202014B
:10542000884260D0FFE70F9800688821C4F202012B
:10543000884258D0FFE70F980068A021C4F202010B
:10544000884250D0FFE70F980068B821C4F20201EB
:10545000884248D0FFE70F98006840F21041C4F23C
:10546000020188423FD0FFE70F98006840F22841D0
:10547000C4F20201884236D0FFE70F98006840F27C
:105480004041C4F2020188422DD0FFE70F98006826
:1054900040F25841C4F20201884224D0FFE70F983D
:1054A000006840F27041C4F2020188421BD0FFE75D
:1054B0000F98006840F28841C4F20201884212D07D
:1054C000FFE70F98006840F2A041C4F20201884251
:1054D00009D0FFE70F98006840F2B841C4F202011A
:1054E000884207D1FFE70F980168086820F00100A3
:1054F000086006E00F980168086820F00100086065
:10550000FFE7FFE70B9801300B900A99884201D919
:10551000FFE707E0FFE70F9800680068C007002872
:10552000F0D1FFE70F9800680068C00728B1FFE7D7
:105530000F99032081F8350004E00F99012081F8CC
:105540003500FFE7FFE70F99002081F83400FFE7FF
:10555000FFE70F98C06C20B1FFE70F98C16C884738
:10556000FFE7FFE7FAE20F980168012045F20842E1
:10557000C5F60202914201904ED0FFE70F980168F4
:10558000012045F21C42C5F602029142019043D02F
:10559000FFE70F980168012045F23042C5F602028C
:1055A0009142019038D0FFE70F980168012045F241
:1055B0004442C5F60202914201902DD0FFE70F98B8
:1055C0000168012045F25842C5F60202914201905D
:1055D00022D0FFE70F980168012045F26C42C5F622
:1055E00002029142019017D0FFE70F980168012055
:1055F00045F28042C5F60202914201900CD0FFE7CD
:105600000F9800684AF66C31CAF2FD710844B0FA8E
:1056100080F040090190FFE70198C007002800F0E2
:105620009B82FFE70F98006800680C900D980F9917
:10563000C96D01F01F01C8404007002840F1D78024
:10564000FFE79DF830004007002840F1D080FFE7D9
:105650000F98C06D00F01F01042088400899486031
:105660009DF831000006002818D5FFE79DF83200AC
:10567000C00748B9FFE70F98806C20B1FFE70F988B
:10568000816C8847FFE708E00F98006C20B1FFE7C6
:105690000F98016C8847FFE7FFE7A7E09DF830000F
:1056A0008006002800F19980FFE70F98006810211C
:1056B000C4F20201884200F08180FFE70F98006881
:1056C0002821C4F20201884278D0FFE70F980068D1
:1056D0004021C4F20201884270D0FFE70F980068B1
:1056E0005821C4F20201884268D0FFE70F98006891
:1056F0007021C4F20201884260D0FFE70F98006871
:105700008821C4F20201884258D0FFE70F98006850
:10571000A021C4F20201884250D0FFE70F98006830
:10572000B821C4F20201884248D0FFE70F98006810
:1057300040F21041C4F2020188423FD0FFE70F98C7
:10574000006840F22841C4F20201884236D0FFE7E7
:105750000F98006840F24041C4F2020188422DD007
:10576000FFE70F98006840F25841C4F202018842F6
:1057700024D0FFE70F98006840F27041C4F20201A4
:1057800088421BD0FFE70F98006840F28841C4F2BE
:105790000201884212D0FFE70F98006840F2A04152
:1057A000C4F20201884209D0FFE70F98006840F276
:1057B000B841C4F20201884207D1FFE70F9801689F
:1057C000086820F00800086006E00F980168086883
:1057D00020F004000860FFE7FFE70F98006C20B19D
:1057E000FFE70F98016C8847FFE7FFE7B3E10D98EB
:1057F0000F99C96D01F01F01C8408007002840F1D2
:10580000E180FFE79DF830008007002840F1DA8052
:10581000FFE70F98C06D00F01F0102208840089933
:1058200048609DF831000006002818D5FFE79DF874
:105830003200C00748B9FFE70F98406C20B1FFE77E
:105840000F98416C8847FFE708E00F98C06B20B1C4
:10585000FFE70F98C16B8847FFE7FFE7B1E09DF8CE
:1058600030008006002800F1A380FFE70F98006851
:105870001021C4F20201884200F08180FFE70F98F6
:1058800000682821C4F20201884278D0FFE70F980F
:1058900000684021C4F20201884270D0FFE70F98EF
:1058A00000685821C4F20201884268D0FFE70F98CF
:1058B00000687021C4F20201884260D0FFE70F98AF
:1058C00000688821C4F20201884258D0FFE70F988F
:1058D0000068A021C4F20201884250D0FFE70F986F
:1058E0000068B821C4F20201884248D0FFE70F984F
:1058F000006840F21041C4F2020188423FD0FFE745
:105900000F98006840F22841C4F20201884236D064
:10591000FFE70F98006840F24041C4F2020188425C
:105920002DD0FFE70F98006840F25841C4F2020101
:10593000884224D0FFE70F98006840F27041C4F21B
:10594000020188421BD0FFE70F98006840F28841AF
:10595000C4F20201884212D0FFE70F98006840F2BB
:10596000A041C4F20201884209D0FFE70F98006805
:1059700040F2B841C4F20201884207D1FFE70F9814
:105980000168086820F01400086006E00F980168BC
:10599000086820F00A000860FFE70F99012081F8ED
:1059A0003500FFE70F99002081F83400FFE7FFE79B
:1059B0000F98C06B20B1FFE70F98C16B8847FFE7D6
:1059C000FFE7C7E00D980F99C96D01F01F01C840AE
:1059D0000007002840F1BC80FFE79DF83000000779
:1059E000002840F1B580FFE70F9800681021C4F24D
:1059F0000201884200F08180FFE70F9800682821AB
:105A0000C4F20201884278D0FFE70F980068402175
:105A1000C4F20201884270D0FFE70F980068582155
:105A2000C4F20201884268D0FFE70F980068702135
:105A3000C4F20201884260D0FFE70F980068882115
:105A4000C4F20201884258D0FFE70F980068A021F5
:105A5000C4F20201884250D0FFE70F980068B821D5
:105A6000C4F20201884248D0FFE70F98006840F274
:105A70001041C4F2020188423FD0FFE70F9800684E
:105A800040F22841C4F20201884236D0FFE70F9865
:105A9000006840F24041C4F2020188422DD0FFE785
:105AA0000F98006840F25841C4F20201884224D0A5
:105AB000FFE70F98006840F27041C4F2020188428B
:105AC0001BD0FFE70F98006840F28841C4F2020142
:105AD000884212D0FFE70F98006840F2A041C4F25C
:105AE0000201884209D0FFE70F98006840F2B841F0
:105AF000C4F20201884207D1FFE70F9801680868E5
:105B000020F01C00086006E00F980168086820F08B
:105B10000E000860FFE70F98C06D00F01F01012024
:105B200000FA01F1089A51600F9948650F9981F8C0
:105B30003500FFE70F99002081F83400FFE70F9848
:105B4000C06C20B1FFE70F98C16C8847FFE700E009
:105B5000FFE7FFE7FFE700E0FFE7FFE710B080BDEA
:105B600010B58EB00C9002F03FFD0A900C9828B949
:105B7000FFE701208DF8370000F09EBC0C9801680B
:105B800001201022C4F202029142079000F0A3808B
:105B9000FFE70C98016801202822C4F2020291421A
:105BA000079000F09880FFE70C98016801204022E0
:105BB000C4F202029142079000F08D80FFE70C983A
:105BC000016801205822C4F202029142079000F0BD
:105BD0008280FFE70C98016801207022C4F2020263
:105BE0009142079077D0FFE70C9801680120882246
:105BF000C4F20202914207906DD0FFE70C98016851
:105C00000120A022C4F202029142079063D0FFE774
:105C10000C9801680120B822C4F202029142079058
:105C200059D0FFE70C980168012040F21042C4F2FD
:105C30000202914207904ED0FFE70C9801680120C4
:105C400040F22842C4F202029142079043D0FFE79B
:105C50000C980168012040F24042C4F202029142D5
:105C6000079038D0FFE70C980168012040F25842B5
:105C7000C4F20202914207902DD0FFE70C98016810
:105C8000012040F27042C4F202029142079022D0F9
:105C9000FFE70C980168012040F28842C4F202023A
:105CA0009142079017D0FFE70C980168012040F25D
:105CB000A042C4F20202914207900CD0FFE70C9878
:105CC00000684FF64831CBF6FD710844B0FA80F019
:105CD00040090790FFE70798C007002800F0788187
:105CE000FFE70C98406A08B1FFE7FFE70C99022034
:105CF00081F83500FFE70C99002081F83400FFE7B8
:105D00000C9800681021C4F20201884200F08180E2
:105D1000FFE70C9800682821C4F20201884278D07D
:105D2000FFE70C9800684021C4F20201884270D05D
:105D3000FFE70C9800685821C4F20201884268D03D
:105D4000FFE70C9800687021C4F20201884260D01D
:105D5000FFE70C9800688821C4F20201884258D0FD
:105D6000FFE70C980068A021C4F20201884250D0DD
:105D7000FFE70C980068B821C4F20201884248D0BD
:105D8000FFE70C98006840F21041C4F2020188421B
:105D90003FD0FFE70C98006840F22841C4F20201AE
:105DA000884236D0FFE70C98006840F24041C4F2C8
:105DB000020188422DD0FFE70C98006840F258415C
:105DC000C4F20201884224D0FFE70C98006840F238
:105DD0007041C4F2020188421BD0FFE70C980068B2
:105DE00040F28841C4F20201884212D0FFE70C98C9
:105DF000006840F2A041C4F20201884209D0FFE7E6
:105E00000C98006840F2B841C4F20201884207D100
:105E1000FFE70C980168086820F00100086006E0C0
:105E20000C980168086820F001000860FFE7FFE7B0
:105E30000C9800680068C00798B1FFE702F0D4FB37
:105E40000A99401A06280BD3FFE70C9920204865D1
:105E50000C99032081F8350001208DF837002BE3E1
:105E6000E6E70C98006800680B900B9848F23F0139
:105E7000CFF6106108400B900C998868D1F80CC0DF
:105E80000B694A6940EA0C00184310438A691043C1
:105E9000CA691043096A01430B9808430B900C9898
:105EA000406A042808D1FFE70C99C86A096B0143CE
:105EB0000B9808430B90FFE70C984068292807D3FC
:105EC000FFE70C98416801202F29069036D3FFE7A1
:105ED0000C9840683F2807D3FFE70C9841680120E1
:105EE000432906902AD3FFE70C984068472807D338
:105EF000FFE70C9841680120492906901ED3FFE76F
:105F00000C9840684F2807D3FFE70C9841680120A0
:105F10005329069012D3FFE70C984168002074299A
:105F2000059008D3FFE70C9841680020782938BF16
:105F300001200590FFE705980690FFE70698C00747
:105F400028B1FFE70B9840F480100B90FFE70B9807
:105F50000C99096808600C98006840690B900B98D0
:105F600020F007000B900C98416A0B9808430B90A7
:105F70000C98406A04281AD1FFE70C98816A0B98A4
:105F800008430B900C98C06A80B1FFE70C98FCF7AF
:105F900077FF50B1FFE70C99402048650C9901202C
:105FA00081F835008DF8370086E2FFE7FFE70B98B0
:105FB0000C99096848610C98FCF726FD09900C982B
:105FC000C06D00F01F013F2088400999886026E1DC
:105FD0000C980168012045F20842C5F60202914280
:105FE00004904ED0FFE70C980168012045F21C4256
:105FF000C5F602029142049043D0FFE70C98016875
:10600000012045F23042C5F602029142049038D098
:10601000FFE70C980168012045F24442C5F60202F0
:10602000914204902DD0FFE70C980168012045F2C1
:106030005842C5F602029142049022D0FFE70C9824
:106040000168012045F26C42C5F6020291420490BB
:1060500017D0FFE70C980168012045F28042C5F691
:106060000202914204900CD0FFE70C9800684AF6B7
:106070006C31CAF2FD710844B0FA80F04009049016
:10608000FFE70498C007002800F0BD80FFE70C98E8
:106090000168012045F20842C5F6020291420390D0
:1060A0004ED0FFE70C980168012045F21C42C5F66E
:1060B00002029142039043D0FFE70C98016801204F
:1060C00045F23042C5F602029142039038D0FFE714
:1060D0000C980168012045F24442C5F60202914243
:1060E00003902DD0FFE70C980168012045F258423B
:1060F000C5F602029142039022D0FFE70C98016896
:10610000012045F26C42C5F602029142039017D07D
:10611000FFE70C980168012045F28042C5F60202B3
:10612000914203900CD0FFE70C9800684AF66C315E
:10613000CAF2FD710844B0FA80F040090390FFE70D
:106140000398C00708B1FFE7FFE70C99022081F828
:106150003500FFE70C99002081F83400FFE70C9828
:10616000006800680B900B986FF310100B900C9860
:106170008068402803D1FFE71020029008E00C98C7
:1061800080688038B0FA80F0400980030290FFE711
:1061900002980C99CA680B69D1F814C0D1F818E0BC
:1061A000CC694EEA040E4CEA0E0C43EA0C031A4387
:1061B00040EAD200096A40EA11110B9808430B909B
:1061C0000B980C99096808600C9908684AF6F8322F
:1061D000CAF2FD7210444CF6CD42CCF6CC42A0FB84
:1061E00002026FF0030000EA9200C8650C98FCF709
:1061F0000BFC08900C98C06D00F01F010120884036
:10620000089948600AE00C99402048650C990320E1
:1062100081F8350001208DF837004DE1FFE70C983B
:10622000016801201022C4F202029142019000F0A4
:106230000381FFE70C98016801202822C4F20202C2
:106240009142019000F0F880FFE70C98016801206E
:106250004022C4F202029142019000F0ED80FFE77B
:106260000C98016801205822C4F202029142019068
:1062700000F0E280FFE70C98016801207022C4F270
:1062800002029142019000F0D780FFE70C9801686C
:1062900001208822C4F202029142019000F0CC80D9
:1062A000FFE70C9801680120A022C4F2020291428B
:1062B000019000F0C180FFE70C9801680120B8222E
:1062C000C4F202029142019000F0B680FFE70C9800
:1062D0000168012040F21042C4F202029142019092
:1062E00000F0AA80FFE70C980168012040F22842E4
:1062F000C4F202029142019000F09E80FFE70C98E8
:106300000168012040F24042C4F202029142019031
:1063100000F09280FFE70C980168012040F258429B
:10632000C4F202029142019000F08680FFE70C98CF
:106330000168012040F27042C4F2020291420190D1
:106340007AD0FFE70C980168012040F28842C4F23D
:106350000202914201906FD0FFE70C980168012082
:1063600040F2A042C4F202029142019064D0FFE7E1
:106370000C980168012040F2B842C4F20202914236
:10638000019059D0FFE70C980168012045F20842BE
:10639000C5F60202914201904ED0FFE70C980168C9
:1063A000012045F21C42C5F602029142019043D001
:1063B000FFE70C980168012045F23042C5F6020261
:1063C0009142019038D0FFE70C980168012045F216
:1063D0004442C5F60202914201902DD0FFE70C988D
:1063E0000168012045F25842C5F60202914201902F
:1063F00022D0FFE70C980168012045F26C42C5F6F7
:1064000002029142019017D0FFE70C980168012029
:1064100045F28042C5F60202914201900CD0FFE79E
:106420000C9800684AF66C31CAF2FD710844B0FA63
:1064300080F040090190FFE70198C00790B3FFE7A3
:106440000C98FCF7C9FB0C988068802804D1FFE702
:106450000C9900204860FFE70C990879096E0860E4
:106460000C98416E806E48600C98406888B1FFE7D8
:106470000C98406808280CD8FFE70C98FCF768FCDB
:106480000C98C16E002008600C98016F406F486046
:1064900007E00C990020C8660C9908670C994867BA
:1064A000FFE7FFE70C99002048650C9A012182F86C
:1064B00035108DF83700FFE79DF837000EB010BD9E
:1064C00080B588B0069005910492039300208DF862
:1064D0000B00069820B9FFE701208DF81F006CE340
:1064E000FFE7069890F83400012804D1FFE7022066
:1064F0008DF81F0061E30699012081F83400FFE761
:10650000FFE7069890F83500012840F04383FFE745
:106510000699022081F83500069900204865069802
:1065200000681021C4F20201884200F08180FFE778
:10653000069800682821C4F20201884278D0FFE75B
:10654000069800684021C4F20201884270D0FFE73B
:10655000069800685821C4F20201884268D0FFE71B
:10656000069800687021C4F20201884260D0FFE7FB
:10657000069800688821C4F20201884258D0FFE7DB
:1065800006980068A021C4F20201884250D0FFE7BB
:1065900006980068B821C4F20201884248D0FFE79B
:1065A0000698006840F21041C4F2020188423FD0D0
:1065B000FFE70698006840F22841C4F202018842D1
:1065C00036D0FFE70698006840F24041C4F202016D
:1065D00088422DD0FFE70698006840F25841C4F287
:1065E0000201884224D0FFE70698006840F270411B
:1065F000C4F2020188421BD0FFE70698006840F20F
:106600008841C4F20201884212D0FFE70698006870
:1066100040F2A041C4F20201884209D0FFE7069887
:10662000006840F2B841C4F20201884207D1FFE796
:1066300006980168086820F00100086006E00698E6
:106640000168086820F001000860FFE706980599D6
:10665000049A039BFCF78CFC069801680120102229
:10666000C4F202029142019000F0A380FFE7069875
:10667000016801202822C4F202029142019000F038
:106680009880FFE70698016801204022C4F20202C8
:106690009142019000F08D80FFE70698016801208B
:1066A0005822C4F202029142019000F08280FFE77A
:1066B0000698016801207022C4F202029142019002
:1066C00077D0FFE70698016801208822C4F2020211
:1066D000914201906DD0FFE7069801680120A02249
:1066E000C4F202029142019063D0FFE7069801686C
:1066F0000120B822C4F202029142019059D0FFE772
:1067000006980168012040F21042C4F20202914250
:1067100001904ED0FFE706980168012040F2284220
:10672000C4F202029142019043D0FFE7069801684B
:10673000012040F24042C4F202029142019038D05E
:10674000FFE706980168012040F25842C4F20202B5
:10675000914201902DD0FFE706980168012040F298
:106760007042C4F202029142019022D0FFE70698E3
:106770000168012040F28842C4F202029142019075
:1067800017D0FFE706980168012040F2A042C4F24A
:106790000202914201900CD0FFE7069800684FF684
:1067A0004831CBF6FD710844B0FA80F04009019001
:1067B000FFE70198C007A8B1FFE7069800680068E6
:1067C0000B2161F344000699096808600698006C83
:1067D00038B1FFE706980168086840F008000860D3
:1067E000FFE714E0069800680068052161F34300A4
:1067F0000699096808600698006C38B1FFE70698AA
:106800000168086840F004000860FFE7FFE70698A9
:10681000016801201022C4F202029142009000F0AF
:106820000381FFE70698016801202822C4F20202D2
:106830009142009000F0F880FFE70698016801207F
:106840004022C4F202029142009000F0ED80FFE786
:106850000698016801205822C4F202029142009079
:1068600000F0E280FFE70698016801207022C4F280
:1068700002029142009000F0D780FFE7069801687D
:1068800001208822C4F202029142009000F0CC80E4
:10689000FFE7069801680120A022C4F2020291429B
:1068A000009000F0C180FFE7069801680120B8223F
:1068B000C4F202029142009000F0B680FFE7069811
:1068C0000168012040F21042C4F20202914200909D
:1068D00000F0AA80FFE706980168012040F22842F4
:1068E000C4F202029142009000F09E80FFE70698F9
:1068F0000168012040F24042C4F20202914200903D
:1069000000F09280FFE706980168012040F25842AB
:10691000C4F202029142009000F08680FFE70698E0
:106920000168012040F27042C4F2020291420090DC
:106930007AD0FFE706980168012040F28842C4F24D
:106940000202914200906FD0FFE706980168012093
:1069500040F2A042C4F202029142009064D0FFE7EC
:1069600006980168012040F2B842C4F20202914246
:10697000009059D0FFE706980168012045F20842CF
:10698000C5F60202914200904ED0FFE706980168DA
:10699000012045F21C42C5F602029142009043D00C
:1069A000FFE706980168012045F23042C5F6020271
:1069B0009142009038D0FFE706980168012045F227
:1069C0004442C5F60202914200902DD0FFE706989E
:1069D0000168012045F25842C5F60202914200903A
:1069E00022D0FFE706980168012045F26C42C5F607
:1069F00002029142009017D0FFE70698016801203B
:106A000045F28042C5F60202914200900CD0FFE7A9
:106A1000069800684AF66C31CAF2FD710844B0FA73
:106A200080F040090090FFE70098C007D0B1FFE771
:106A30000698006E0068C003002807D5FFE7069897
:106A4000016E086840F480700860FFE70698C06E29
:106A500038B1FFE70698C16E086840F4807008609E
:106A6000FFE7FFE7069800681021C4F202018842A0
:106A700000F08180FFE7069800682821C4F2020137
:106A8000884278D0FFE7069800684021C4F20201EE
:106A9000884270D0FFE7069800685821C4F20201CE
:106AA000884268D0FFE7069800687021C4F20201AE
:106AB000884260D0FFE7069800688821C4F202018E
:106AC000884258D0FFE706980068A021C4F202016E
:106AD000884250D0FFE706980068B821C4F202014E
:106AE000884248D0FFE70698006840F21041C4F29F
:106AF000020188423FD0FFE70698006840F2284133
:106B0000C4F20201884236D0FFE70698006840F2DE
:106B10004041C4F2020188422DD0FFE70698006888
:106B200040F25841C4F20201884224D0FFE706989F
:106B3000006840F27041C4F2020188421BD0FFE7B6
:106B40000698006840F28841C4F20201884212D0DF
:106B5000FFE70698006840F2A041C4F202018842B3
:106B600009D0FFE70698006840F2B841C4F202017C
:106B7000884207D1FFE706980168086840F00100E5
:106B8000086006E006980168086840F001000860A7
:106B9000FFE70DE006994FF400604865FFE70699AE
:106BA000002081F83400FFE701208DF80B00FFE79B
:106BB0009DF80B008DF81F00FFE79DF81F0008B03F
:106BC00080BD00000000000080B584B0039001F09B
:106BD0000BFD0290039801900198013048B1FFE746
:106BE00040F2C810C2F200400178019808440190B8
:106BF000FFE7FFE701F0F8FC0299401A019988428B
:106C000001D2FFE7F6E704B080BD000000000000FD
:106C100085B0039002910192039890F898008DF846
:106C200003009DF80300012805D0FFE79DF803004D
:106C300002285DD1FFE7029803990968896D08422F
:106C400007D1FFE703980168C86D40F00100C865EF
:106C500015E0029803990968896D084002998842F5
:106C600007D1FFE703980168C86D40F00200C865CE
:106C700004E0039801680320C865FFE7FFE79DF87B
:106C800009008007002809D5FFE7019A03980168E9
:106C9000D1F8E0001043C1F8E000FFE79DF80900DB
:106CA0004007002809D5FFE7019A03980168D1F849
:106CB000E4001043C1F8E400FFE7FFE702984FF655
:106CC000FF71C3F6CF7100EA010203980168486DB5
:106CD00010434865029A4AF61401C4F2000108689C
:106CE00040EA92700860FFE700208DF813000AE088
:106CF0000399D1F89C0040F00200C1F89C000120EB
:106D00008DF81300FFE79DF8130005B070470000F1
:106D100080B586B00490039102920398406808B948
:106D2000FFE700E0FFE7049890F89800022845D1BB
:106D3000FFE704980068D0F8C00010F07C5F0BD12A
:106D4000FFE70499D1F89C0040F02000C1F89C00B6
:106D500001208DF817003CE004980068D0F8C400CA
:106D6000800200280BD5FFE70499D1F89C0040F47D
:106D70000070C1F89C0001208DF8170029E00498EC
:106D80000068D0F8C400C0F304400190049803994F
:106D9000029A019BFCF75CFD0199012000FA01F1C8
:106DA000049A1268C2F8D010019988400499C1F879
:106DB0009400FFE700208DF817000AE00499D1F84D
:106DC0009C0040F00800C1F89C0001208DF81700DD
:106DD000FFE79DF8170006B080BD0000000000002E
:106DE00082B00190009102B07047000000000000E6
:106DF00084B0029001910092019808B9FFE700E089
:106E0000FFE7029890F89800012836D1FFE7019833
:106E100070B9FFE702980068D0F8F00020F07C50CD
:106E2000009940EA016002990968C1F8F00020E089
:106E3000019801280ED1FFE702980068D0F8A00061
:106E400020F0FE40009940EA016002990968C1F80B
:106E5000A0000DE002980068D0F8B00020F0FE40DD
:106E6000009940EA016002990968C1F8B000FFE7A3
:106E7000FFE700208DF80F000AE00299D1F89C008E
:106E800040F00400C1F89C0001208DF80F00FFE7DE
:106E90009DF80F0004B0704787B0059004910598E5
:106EA00090F898008DF803009DF80300012805D0A4
:106EB000FFE79DF8030002286AD1FFE70498C06845
:106EC000072801D1FFE7FFE70498006878BBFFE7D8
:106ED0000498C068072801D0FFE7FFE70498C0685E
:106EE00007280CD1FFE7049A10699169D269000460
:106EF00040EA0220084340F0605003900CE00499FF
:106F00008868CB680A694969800740EAC36040EA3B
:106F1000024008430390FFE70598C06E0499496852
:106F200000EB810001900398019908602CE004981F
:106F3000C068072801D0FFE7FFE70498C16800692F
:106F400040EA417003900498C068072804D1FFE725
:106F500004988069029006E004988168406940EADC
:106F600081700290FFE70598006F0499496800EB73
:106F7000C1000190039801990860019804300190C4
:106F8000029801990860FFE700208DF81B000AE0D5
:106F90000599D1F89C0040F00200C1F89C00012046
:106FA0008DF81B00FFE79DF81B0007B0704700003D
:106FB00085B0DDF814C0039002910192009303980C
:106FC00090F89800012812D1FFE70298000101997A
:106FD00040EA8100009940EA41000599084303997D
:106FE0000968C1F8800000208DF813000AE00399B9
:106FF000D1F89C0040F00400C1F89C0001208DF8FD
:107000001300FFE79DF8130005B070470000000073
:1070100081B0009001B0704782B00190009102B041
:1070200070470000000000008AB0089007910692A7
:10703000059300200190089890F898008DF80300BF
:107040009DF80300022840F05C81FFE70798402884
:1070500051D1FFE708980068D0F8A00010F4FE0FA7
:107060000BD1FFE70899D1F89C0040F02000C1F84F
:107070009C0001208DF827004EE108980068D0F8A8
:10708000A400400658B9FFE70899D1F89C0040F4E5
:107090008070C1F89C0001208DF827003CE1089821
:1070A0000068D0F8A40000F080710120B0EB116FEF
:1070B0000DD1FFE708980068D0F8A0100120B0EBD0
:1070C000D17F03D1FFE701200190FFE7FFE7089898
:1070D0000068D0F8A40000F47C51019800EB112066
:1070E00001900898426C406F0199514300EB810078
:1070F0000490FFE770E00798412851D1FFE7089816
:107100000068D0F8B00010F4FE0F0BD1FFE708992B
:10711000D1F89C0040F02000C1F89C0001208DF8BF
:107120002700F9E008980068D0F8B400400658B984
:10713000FFE70899D1F89C0040F48070C1F89C00EA
:1071400001208DF82700E7E008980068D0F8B40027
:1071500000F080710120B0EB116F0DD1FFE70898AE
:107160000068D0F8B0100120B0EBD17F03D1FFE769
:1071700001200190FFE7FFE708980068D0F8B4000D
:1071800000F47C51019800EB112001900898C26C2A
:10719000806F0199514300EB81000490FFE71AE0F2
:1071A00007980899096D88420BD3FFE70899D1F831
:1071B0009C0040F02000C1F89C0001208DF82700C1
:1071C000AAE00898426DC06F0799514300EB810017
:1071D0000490FFE7FFE7FFE70498006800F08040B5
:1071E000069948600698406838B9FFE70498006837
:1071F000C0F38A400699086006E00498006820F011
:10720000604006990860FFE70498006800F00050AD
:10721000069988600498006800F0004006990861AB
:10722000049804300490049800880699C861049872
:107230000068C0F303400699C8600498006800F431
:107240008010069948610498006800F400100699BF
:10725000886104980068C0F3066006990862049883
:107260000068C00F0699486204980430049004989E
:10727000039000200290FFE702980699CA6844F63E
:107280007071C0F60201895C88420AD2FFE7039858
:10729000029A805C05998854FFE7029801300290B9
:1072A000EAE70798402806D1FFE70198089909689E
:1072B000C1F8A80021E00798412806D1FFE701980E
:1072C00008990968C1F8B80016E007981F2808D87F
:1072D000FFE707990120884008990968C1F89800DC
:1072E00009E0079800F01F0101208840089909680B
:1072F000C1F89C00FFE7FFE7FFE700208DF82700BB
:107300000AE00899D1F89C0040F00800C1F89C0000
:1073100001208DF82700FFE79DF827000AB070478D
:1073200081B0009001B0704780B594B013904AF6D8
:107330001000C4F200000068800712904AF61400A2
:10734000C4F200000168129800EA8170129013984C
:107350000068006D00F47040119013980068416D52
:1073600011980840119013980068006D00F00F000C
:10737000109013980068416D109808401090139871
:107380000068006D00F0F0000F9013980068416DE8
:107390000F9808400F9013980068006D00F071502E
:1073A0000E9013980068416D0E9808400E90139847
:1073B0000068006D00F060700D9013980068416DDA
:1073C0000D9808400D9013980068406D0390139835
:1073D0000068006D01909DF80D00C007B8B1FFE78F
:1073E0009DF80500C00788B1FFE7FFE71398016823
:1073F0004FF4807008654AF61001C4F200010020C5
:107400000860FFE71398FFF78BFFFFE7FFE79DF8A2
:107410000D0000F004010020B0EB910F28D0FFE731
:107420009DF8050000F004010020B0EB910F1ED084
:10743000FFE713980068D0F8DC000B901398006801
:10744000D0F8E4100B9808400B90FFE71398016800
:107450004FF4806008654AF61001C4F20001002074
:107460000860FFE713980B9900F07AFEFFE7FFE74B
:107470001298B8B1FFE7FFE712984FF6FF71C3F615
:10748000CF7108401399096808651298800F4AF671
:107490001001C4F200010860FFE713981299FFF78A
:1074A0009FFCFFE71198B8B1FFE7FFE711984FF68F
:1074B000FF71C3F6CF7108401399096808651198E8
:1074C000800F4AF61001C4F200010860FFE713982C
:1074D000119900F059FEFFE71098B8B1FFE7FFE7F8
:1074E00010984FF6FF71C3F6CF71084013990968E1
:1074F00008651098800F4AF61001C4F20001086078
:10750000FFE71398109900F023FDFFE70F98B8B13B
:10751000FFE7FFE70F984FF6FF71C3F6CF71084002
:107520001399096808650F98800F4AF61001C4F294
:1075300000010860FFE713980F9900F065FDFFE771
:107540009DF80D0000F008010020B0EBD10F1BD01A
:10755000FFE79DF8050000F008010020B0EBD10F17
:1075600011D0FFE7FFE7139801684FF4006008654A
:107570004AF61001C4F2000100200860FFE71398EA
:1075800000F00AFEFFE7FFE79DF80D0000F00201A2
:107590000020B0EB510F28D0FFE79DF8050000F068
:1075A00002010020B0EB510F1ED0FFE713980068D6
:1075B000D0F8D8000C9013980068D0F8E0100C9820
:1075C00008400C90FFE7139801684FF400700865BD
:1075D0004AF61001C4F2000100200860FFE713988A
:1075E0000C9900F0C5FDFFE7FFE79DF80E0000F0E5
:1075F00008010020B0EBD10F1BD0FFE79DF806007B
:1076000000F008010020B0EBD10F11D0FFE7FFE739
:10761000139801684FF4002008654AF61001C4F27F
:10762000000100200860FFE7139800F08DFCFFE7E1
:10763000FFE79DF80E00C007B8B1FFE79DF8060010
:10764000C00788B1FFE7FFE7139801684FF4803067
:1076500008654AF61001C4F2000100200860FFE747
:10766000139800F079FDFFE7FFE79DF80E0000F0AA
:1076700004010020B0EB910F1BD0FFE79DF806003E
:1076800000F004010020B0EB910F11D0FFE7FFE7FD
:10769000139801684FF4802008654AF61001C4F27F
:1076A000000100200860FFE7139800F051FDFFE79C
:1076B000FFE79DF80E0000F002010020B0EB510F33
:1076C0001FD0FFE79DF8060000F002010020B0EB9C
:1076D000510F15D0FFE7FFE7139801684FF4003012
:1076E00008654AF61001C4F2000100200860FFE7B7
:1076F0001399D1F89C0040F08000C1F89C00FFE78E
:10770000FFE70D98B8B1FFE7FFE70D984FF6FF715F
:10771000C3F6CF7108401399096808650D98800F6A
:107720004AF61001C4F200010860FFE713980D99B2
:10773000FFF772FCFFE70E98D0B1FFE7FFE70E9866
:107740004FF6FF71C3F6CF710840139909680865B9
:107750000E98800F4AF61001C4F200010860FFE79E
:107760000E9A1399D1F89C001043C1F89C00FFE7D2
:10777000139800684AF20001C4F20001884240F008
:10778000B980FFE71398406880688007002800F000
:10779000B080FFE713984068006A00F00F000A907D
:1077A00013984068416A0A9808400A901398406804
:1077B000006A00F03000099013984068416A099807
:1077C0000840099013984068006A00F4C07008905F
:1077D00013984068416A08980840089013984068D8
:1077E000006A00F4FC40079013984068416A0798CB
:1077F0000840079013984068006A00F4F020069053
:1078000013984068416A06980840069013984068AB
:10781000406A029013984068006A00900A9848B144
:10782000FFE70A9813994968086213980A9900F0CB
:1078300077FCFFE7099848B1FFE709981399496871
:1078400008621398099900F07BFCFFE79DF8080097
:1078500000F040010020B0EB911F1FD0FFE79DF822
:10786000000000F040010020B0EB911F15D0FFE7B1
:1078700013984068C06B000C059013984068C06B6B
:1078800000F03F000490139841684020086213986C
:107890000599049A00F04CFCFFE7FFE7089848B10F
:1078A000FFE708981399496808621398089900F04F
:1078B0002FFCFFE7079860B1FFE707981399496825
:1078C0000862079A1399D1F89C001043C1F89C00F4
:1078D000FFE7069860B1FFE70698139949680862C8
:1078E000069A1399D1F89C001043C1F89C00FFE759
:1078F000FFE7FFE71398D0F89C0020B1FFE713984B
:10790000FFF786FBFFE714B080BD00000000000019
:1079100080B598B0169044F61471C0F6020101A823
:107920004C22F9F71EF8169820B9FFE701208DF8D0
:107930005F00D9E1169800684AF20001C4F2000124
:10794000884206D1FFE71699086800F58070486004
:10795000FFE716988068B0F5407F01D1FFE7FFE7A9
:107960001698006C08B1FFE7FFE71698806C08B125
:10797000FFE7FFE71698006D08B1FFE7FFE71698ED
:10798000006E08B1FFE7FFE71699C86D096E08445D
:1079900008B1FFE7FFE7169890F8980040B9FFE7B5
:1079A0001699002081F89900169800F0A1F9FFE7D8
:1079B00016980168886920F01000886100F014FEB4
:1079C0001590FFE71698006880690007002817D512
:1079D000FFE700F009FE1599401A0B280FD3FFE7C7
:1079E0001699D1F89C0040F00100C1F89C0016994E
:1079F000032081F8980001208DF85F0074E1E1E731
:107A000016980168886940F00100886100F0ECFD7B
:107A10001590FFE7169800688069C007B8B9FFE7BE
:107A200000F0E2FD1599401A0B280FD3FFE71699D5
:107A3000D1F89C0040F00100C1F89C001699032089
:107A400081F8980001208DF85F004DE1E2E716987B
:107A50000168886940F0020088611698007C01285E
:107A600007D1FFE716980168886920F04000886117
:107A700006E016980168886940F040008861FFE7D9
:107A80001698407C012807D1FFE71698016888699D
:107A900040F48040886106E016980168886920F407
:107AA00080408861FFE71698807C012807D1FFE7B6
:107AB00016980168886920F48050886106E016985D
:107AC0000168886940F480508861FFE71698006873
:107AD000806920F44070169A11689268104388619A
:107AE00016980168886920F0A400886116980168DA
:107AF000086920F0100008611698C068012807D1B5
:107B0000FFE716980168886940F0040088612BE05F
:107B10001698C06830B3FFE71698C068022819D0DD
:107B2000FFE716980168886940F080008861169820
:107B30000168086940F0100008611698C0680328C1
:107B400007D1FFE716980168886940F02000886136
:107B5000FFE706E016980168886940F02000886118
:107B6000FFE700E0FFE7FFE7169A116853699069A5
:107B7000D2F81CE0A0F1010C6FF0FF0000EB0E202A
:107B800040EA4C60126A013A10430022CFF6FF72BD
:107B900002EB03421043C86116988068B0F5407F3D
:107BA0001CD1FFE7169A1168536A906AD2F82CE04C
:107BB00001386FF0FF0C0CEB0E2C40EA0C00D2F8F1
:107BC00030C06FF00F0202EB0C1210430022CFF610
:107BD000FF7202EB03421043C860FFE71698006E85
:107BE00048B1FFE716980168426ED1F8C000104313
:107BF000C1F8C000FFE71699C86D096E084480B14E
:107C0000FFE716980068D0F8C80020F00700169A21
:107C10001168936E01AA52F823201043C1F8C800DE
:107C2000FFE71698006C80B1FFE716980068D0F85F
:107C3000BC0020F00700169A1168536C01AA52F894
:107C400023201043C1F8BC00FFE71698806C88B170
:107C5000FFE716980068D0F8BC0020F07000169A74
:107C60001168D36C01AA52F8232040EA0210C1F82F
:107C7000BC00FFE71698006D88B1FFE71698006812
:107C8000D0F8BC0020F4E060169A1168536D01AA88
:107C900052F8232040EA0220C1F8BC00FFE7169802
:107CA00000684AF20001C4F20001884207D1FFE7F0
:107CB00016984168886820F003008860FFE71699ED
:107CC0000020C1F894001699C1F89C001699012073
:107CD00081F898001698FBF757FC8DF853009DF833
:107CE00053008DF85F00FFE79DF85F0018B080BD7E
:107CF00080B5C0B03F9000203E903D903C903B90BE
:107D00003A900CA8B821F8F780FE3F9800684AF234
:107D10000001C4F20001884255D1FFE700200D9018
:107D20004FF400400C904FF0805027900CA802F0C8
:107D30000BFA18B1FFE7FBF707FCFFE740F22C5006
:107D4000C2F200400168013101600068012810D1D1
:107D5000FFE7FFE744F2EC40C5F60200016841F49A
:107D600080710160006800F480700B900B98FFE751
:107D7000FFE7FFE744F2E040C5F60200016841F08A
:107D800008010160006800F008000A900A98FFE707
:107D900003203A9002203B90002004903C903D90BC
:107DA00009203E9040F60040C5F602003AA900F0D6
:107DB0001BFA049A13200590012100F0E1FC0598BC
:107DC00000F0D2FCBEE03F9800684AF20041C4F2E5
:107DD0000001884255D1FFE700200D904FF400408C
:107DE0000C904FF0805027900CA802F0ADF918B11C
:107DF000FFE7FBF7A9FBFFE740F22C50C2F200407F
:107E00000168013101600068012810D1FFE7FFE738
:107E100044F2EC40C5F60200016841F48071016053
:107E2000006800F4807009900998FFE7FFE7FFE71A
:107E300044F2E040C5F60200016841F00201016031
:107E4000006800F0020008900898FFE760203A9070
:107E500002203B90002002903C903D9009203E90F3
:107E600040F20040C5F602003AA900F0BDF9029ABE
:107E700014200390012100F083FC039800F074FCAF
:107E80005FE03F9800684DF20041C4F20001884273
:107E900056D1FFE700200D904FF400400C904FF0BA
:107EA000805027900CA802F04FF918B1FFE7FBF7BC
:107EB0004BFBFFE740F22C50C2F200400168013159
:107EC00001600068012810D1FFE7FFE744F2EC40B1
:107ED000C5F60200016841F480710160006800F499
:107EE000807007900798FFE7FFE7FFE744F2E04064
:107EF000C5F60200016841F008010160006800F069
:107F0000080006900698FFE74FF440503A90022090
:107F10003B90002000903C903D9005203E9040F624
:107F20000040C5F602003AA900F05EF9009A9F20D1
:107F30000190114600F024FC019800F015FCFFE7C9
:107F4000FFE7FFE740B080BD81B0009001B070470F
:107F500080B588B007900691079800684AF2000142
:107F6000C4F20001884212D1FFE7079840F29C3129
:107F7000C2F2004104910A1D059201F12C03402137
:107F8000FFF752F804990598496B884737E007983E
:107F900000684AF20041C4F20001884212D1FFE7B2
:107FA000079840F23C41C2F2004102910A1D03923F
:107FB00001F12C034021FFF737F802990398496B30
:107FC00088471BE0079800684DF20041C4F20001A9
:107FD000884212D1FFE7079840F2C441C2F2004143
:107FE00000910A1D019201F12C034021FFF71CF8BA
:107FF00000990198496B8847FFE7FFE7FFE708B062
:1080000080BD00000000000080B588B00790069198
:10801000079800684AF20001C4F20001884212D1B8
:10802000FFE7079840F29C31C2F2004104910A1D1B
:10803000059201F12C034121FEF7F6FF0499059802
:10804000496B884737E0079800684AF20041C4F25C
:108050000001884212D1FFE7079840F23C41C2F28A
:10806000004102910A1D039201F12C034121FEF708
:10807000DBFF02990398496B88471BE0079800686B
:108080004DF20041C4F20001884212D1FFE7079887
:1080900040F2C441C2F2004100910A1D019201F177
:1080A0002C034121FEF7C0FF00990198496B8847D6
:1080B000FFE7FFE7FFE708B080BD00000000000019
:1080C00082B00090009890F89800012811D1FFE745
:1080D0000099022081F8980000980168886920F0D2
:1080E0000100886100990020C1F89C008DF807000C
:1080F0000AE00099D1F89C0040F00400C1F89C000F
:1081000001208DF80700FFE79DF8070002B07047D7
:1081100082B00190009102B07047000000000000A2
:1081200082B00190009102B0704700000000000092
:1081300083B002900191009203B0704700000000EC
:1081400082B00190009102B0704700000000000072
:1081500081B0009001B0704781B0009001B07047CD
:1081600082B00190009102B0704700000000000052
:1081700082B00190009146F2C001C2F2004108684D
:108180000130086002B0704782B00190009102B0E7
:10819000704700000000000081B0009001B07047FF
:1081A00081B0ADF8020001B070470000000000008F
:1081B00080B582B0ADF806008820C5F600000068E2
:1081C000BDF8061008420BD0FFE7BDF80600882175
:1081D000C5F600010860BDF80600FFF7E1FFFFE704
:1081E00002B080BD000000008FB00E900D91002005
:1081F0000C908020C5F600000990FFE70D980068FC
:108200000C99C840002800F0C181FFE70D98006874
:108210000C9A0121914008400B900B98002800F027
:10822000B181FFE70D98406800F00300012807D0F6
:10823000FFE70D98406800F0030002282FD1FFE708
:108240000E9880680A900C984100032000FA01F112
:108250000A9888430A900D98C0680C99490000FA62
:1082600001F10A9808430A900A980E9988600E98BE
:1082700040680A900C99012000FA01F10A9888439D
:108280000A900D984068C0F300100C9900FA01F1B3
:108290000A9808430A900A980E994860FFE70D98DB
:1082A000406800F00300032818D0FFE70E98C0686C
:1082B0000A900C984100032000FA01F10A988843C3
:1082C0000A900D9880680C99490000FA01F10A980B
:1082D00008430A900A980E99C860FFE70D98406815
:1082E00000F00300022826D1FFE70E980C996FF0EA
:1082F000030202EA51010844006A0A900C9800F057
:10830000070081000F2000FA01F10A9888430A90C3
:108310000D9800690C9901F00701890000FA01F13C
:108320000A9808430A900A980E990C9B02EA530295
:1083300011440862FFE70E9800680A900C9841000B
:10834000032000FA01F10A9888430A900D984068CA
:1083500000F003000C99490000FA01F10A98084363
:108360000A900A980E9908600D9880798007002875
:1083700000F00781FFE7FFE744F2F440C5F6020092
:10838000016841F002010160006800F002000890FD
:108390000898FFE70C9820F0030040F20841C5F66A
:1083A000000140580A900C9800F0030081000F2053
:1083B00000FA01F10A9888430A900E980021C5F648
:1083C0000201884203D1FFE7002007906CE00E987D
:1083D00040F20041C5F60201884203D1FFE70120C7
:1083E00006905EE00E9840F60001C5F60201884254
:1083F00003D1FFE70220059050E00E9840F60041BF
:10840000C5F60201884203D1FFE70320049042E051
:108410000E9841F20001C5F60201884203D1FFE740
:108420000420039034E00E9841F20041C5F60201A9
:10843000884203D1FFE70520029026E00E9841F61E
:108440000001C5F60201884203D1FFE70620019032
:1084500018E00E9841F60041C5F60201884203D1AA
:10846000FFE7072000900AE00E9942F20042C5F6AD
:1084700002020A20914208BF09200090FFE70098FD
:108480000190FFE701980290FFE702980390FFE751
:1084900003980490FFE704980590FFE7059806907D
:1084A000FFE706980790FFE707980C9901F0030192
:1084B000890000FA01F10A9808430A900A980C9979
:1084C00021F0030140F20842C5F6000288504FF047
:1084D000B04000680A900B990A9888430A900D985A
:1084E0008079C006002805D5FFE70B990A98084354
:1084F0000A90FFE70A984FF0B04108600420C5F6E3
:10850000000000680A900B990A9888430A900D9819
:1085100080798006002805D5FFE70B990A98084363
:108520000A90FFE70A980421C5F60001086009983F
:1085300040680A900B990A9888430A900D988079B0
:108540008007002805D5FFE70B990A9808430A9091
:10855000FFE70A9809994860099800680A900B9902
:108560000A9888430A900D988079C00728B1FFE7E0
:108570000B990A9808430A90FFE70A98099908603E
:10858000FFE7FFE70C9801300C9037E60FB070471B
:1085900083B00290ADF80610029840690090009AEE
:1085A000BDF8060002EA0001904340EA014002994A
:1085B000886103B07047000082B00190ADF80210EE
:1085C0008DF801209DF8010028B1FFE7BDF80200F9
:1085D0000199886105E0BDF80200000401998861F5
:1085E000FFE702B07047000046F2DC00C2F2004034
:1085F000006870470000000081B00090009801689A
:108600004AF6AA200860002001B070470000000070
:1086100040F2C810C2F20040027846F2DC01C2F219
:108620000041086810440860704700000000000026
:1086300080B582B0032000F0BBF803F01DF844F2CF
:108640001842C5F602021168C1F3032344F66071B3
:10865000C0F60201CB5C03F01F03D84000900098E5
:10866000126802F00F02895C01F01F01C84040F25D
:10867000DC01C2F200410860009840F2D801C2F269
:1086800000410860072000F013F820B1FFE7012047
:108690008DF8070005E000F04FF800208DF8070086
:1086A000FFE79DF8070002B080BD00000000000059
:1086B00080B582B0009040F2C810C2F2004000784D
:1086C00020B9FFE701208DF8070030E040F2D80024
:1086D000C2F20040006840F2C811C2F200410A78BC
:1086E0004FF47A71B1FBF2F1B0FBF1F005F080F8D4
:1086F00020B1FFE701208DF8070018E000980F284F
:108700000DD8FFE700994FF0FF30002200F038F855
:10871000009840F2CC11C2F20041086003E0012051
:108720008DF8070003E000208DF80700FFE79DF8B3
:10873000070002B080BD000080B582B0FFE744F2C0
:10874000F440C5F60200016841F0020101600068D2
:1087500000F0020001900198FFE7042000F028F8E3
:1087600002B080BD0000000080B582B0ADF8060008
:10877000BDF906001AF07CFD02B080BD00000000CB
:1087800080B586B0ADF81600049103921AF088FD0A
:108790000290BDF91600019002980499039A08F01E
:1087A00087F9014601981AF083FD06B080BD0000EC
:1087B00080B582B0019001981AF09EFD02B080BD94
:1087C00082B0019001980068009001990120C1F8E1
:1087D000D8040199002081F8CC04009A916941F0F5
:1087E00000619161009A516D0323C1F200031943A6
:1087F000516502B07047000082B001908DF80310FF
:1088000002B070470000000082B00190ADF8021085
:10881000BDF80200019909684862002002B0704763
:1088200084B003908DF80B10ADF808200398006811
:10883000406A00909DF80B0048B9FFE7BDF80810AA
:10884000009840EA014003990968886233E0039880
:108850000068816A009800EB1140009000208DF8BC
:108860000700FFE79DF807009DF80B1001398842CB
:1088700013D2FFE7039800689DF8071000EB810012
:10888000D0F80411009800EB11400090FFE79DF82C
:10889000070001308DF80700E4E7BDF808100098E4
:1088A00040EA0140039909689DF80B2001EB820121
:1088B000C1F80001FFE7002004B07047000000008D
:1088C00080B582B001900198D0F8E0040CF058FE19
:1088D00002B080BD0000000080B582B001908DF82C
:1088E0000310019AD2F8E0049DF8031001EBC103D4
:1088F00002EB8302126A0CF09FFC02B080BD000004
:1089000080B582B001908DF80310019AD2F8E0048E
:108910009DF8031001EBC10302EB8302D2F8602241
:108920000CF052FD02B080BD80B582B0019001987C
:10893000D0F8E0040CF02CFE02B080BD0000000076
:1089400080B584B003908DF80B109DF80B000006E5
:1089500000280CD5FFE703989DF80B1001F00F01DC
:1089600001EBC10100EB8100143001900CE0039891
:108970009DF80B1001F00F0101EBC10100EB81002C
:1089800000F515700190FFE70398006801990EF05B
:10899000B3FB8DF80A009DF80A0004B080BD00000A
:1089A00080B584B002908DF807109DF8070000068E
:1089B00000280FD5FFE702989DF8071001F00F017E
:1089C00001EBC10100EB81001430009000990120FF
:1089D00048700FE002989DF8071001F00F0101EBBD
:1089E000C10100EB810000F5157000900099002096
:1089F0004870FFE79DF8070000F00F00009908702D
:108A0000FFE7029890F89404012804D1FFE70220C0
:108A10008DF80F0014E00299012081F89404FFE71B
:108A2000FFE70298006800990DF056FEFFE70299F3
:108A3000002081F89404FFE700208DF80F00FFE785
:108A40009DF80F0004B080BD80B584B002908DF811
:108A500007109DF8070000F00F000299097988427D
:108A600004D9FFE701208DF80F004DE09DF80700C5
:108A7000000600280FD5FFE702989DF8071001F0C7
:108A80000F0101EBC10100EB81001430009000994F
:108A9000012048700FE002989DF8071001F00F01C7
:108AA00001EBC10100EB810000F515700090009909
:108AB00000204870FFE70099002088709DF80700AB
:108AC00000F00F0000990870FFE7029890F89404F6
:108AD000012804D1FFE702208DF80F0014E002996D
:108AE000012081F89404FFE7FFE7029800680099ED
:108AF0000EF062F8FFE70299002081F89404FFE786
:108B000000208DF80F00FFE79DF80F0004B080BD36
:108B100082B001908DF8031001989DF8031001F0C8
:108B20000F0101EBC10100EB8100D0F8680202B037
:108B3000704700000000000080B586B004908DF8FA
:108B40000F10ADF80C208DF80B3000208DF80A00C6
:108B50009DF80F00000600280FD5FFE704989DF848
:108B60000F1001F00F0101EBC10100EB8100143087
:108B700001900199012048700FE004989DF80F10B2
:108B800001F00F0101EBC10100EB810000F5157050
:108B90000190019900204870FFE79DF80F0000F058
:108BA0000F0001990870BDF80C006FF3DF200199E8
:108BB00088609DF80B00019908710198407820B1F8
:108BC000FFE7019908784883FFE79DF80B0002282A
:108BD00004D1FFE7019900204871FFE7FFE70498FF
:108BE00090F89404012804D1FFE702208DF81700C3
:108BF00015E00499012081F89404FFE7FFE7049849
:108C0000006801990DF02CFCFFE70499002081F821
:108C10009404FFE79DF80A008DF81700FFE79DF820
:108C2000170006B080BD000080B586B005908DF8B5
:108C300013100392029305989DF8131001F00F0191
:108C400001EBC10100EB810000F515700190039864
:108C50000199C86002980199086101990020486152
:108C6000019948709DF8130000F00F0001990870F9
:108C700005988079012804D1FFE703980199C8611C
:108C8000FFE7059A1068019992790EF039F80020F3
:108C900006B080BD0000000080B584B002908DF861
:108CA00007109DF8070000F00F000299097988422B
:108CB00004D9FFE701208DF80F0058E09DF8070068
:108CC000000600280FD5FFE702989DF8071001F075
:108CD0000F0101EBC10100EB8100143000900099FD
:108CE000012048700DE002989DF8071001EBC101CA
:108CF00000EB810000F5157000900099002048708D
:108D0000FFE70099012088709DF8070000F00F0030
:108D100000990870FFE7029890F89404012804D1A4
:108D2000FFE702208DF80F0021E00299012081F871
:108D30009404FFE7FFE70298006800990DF08CFFAC
:108D40009DF80700000740B9FFE7029A1068917983
:108D500002F29C420DF0E0FEFFE7FFE702990020DF
:108D600081F89404FFE700208DF80F00FFE79DF8DD
:108D70000F0004B080BD000080B586B005908DF86E
:108D800013100392029305989DF8131001F00F0140
:108D900001EBC10100EB81001430019003980199AF
:108DA000C860029801990861019900204861019901
:108DB000012048709DF8130000F00F000199087021
:108DC00005988079012804D1FFE703980199C861CB
:108DD000FFE7059A1068019992790DF091FF002044
:108DE00006B080BD0000000080B58CB00B900B98E1
:108DF00000680A900A9809900B9800680EF0BCFA77
:108E0000002840F03484FFE70B9800680EF024FB44
:108E100010B9FFE700F02BBC0998D0F80808C0F3A0
:108E20000D200B99C1F8D4040B9800680EF014FBC8
:108E30008007002807D5FFE70B980168486900F014
:108E400002004861FFE70B9800680EF005FBC006C2
:108E5000002862D5FFE70B980168886920F01000B0
:108E600088610A98006A02900B98029901F00F013C
:108E700001EBC10100EB810000F51570089002982C
:108E800000F4F0110220B0EB514F23D1FFE7BDF801
:108E9000080047F6F07108421BD0FFE70A980899CE
:108EA000C968029AC2F30A120EF0E6FA029847F66F
:108EB000F07100EA0103089AD06800EB1310D0604B
:108EC000029800EA01020899486900EB1210486113
:108ED000FFE71BE0029800F4F0110620B0EB514FC1
:108EE00012D1FFE70A980B9901F29C4108220EF07B
:108EF000C3FA029847F6F07100EA0102089948693E
:108F000000EB1210486100E0FFE7FFE70B980168F3
:108F1000886940F010008861FFE70B9800680EF048
:108F20009BFA0003002840F1A680FFE70020049090
:108F30000B9800680EF03CFA0690FFE706980028B0
:108F400000F09880FFE79DF81800C007002800F0A7
:108F50008A80FFE70B9800689DF810100EF064FA05
:108F600005909DF81400C00760B1FFE709980499C7
:108F700000EB41110120C1F8080B0B98049907F090
:108F80001FFEFFE79DF81400000700280CD5FFE73F
:108F90000998049900EB41110820C1F8080B0B98BF
:108FA000049907F0C5FDFFE79DF81400C0060028EE
:108FB00008D5FFE70998049900EB41111020C1F88A
:108FC000080BFFE79DF81400800700282DD5FFE768
:108FD0000A9840690006002808D5FFE70999D1F8EA
:108FE000040840F48060C1F80408FFE70B98049976
:108FF00001EBC10100EB810000F5157008900898A5
:10900000C078012809D1FFE708990020C8700B98A3
:109010009DF8101000F040FBFFE70998049900EB61
:1090200041110220C1F8080BFFE79DF814008006EB
:10903000002808D5FFE70998049900EB411120208A
:10904000C1F8080BFFE79DF815008006002809D538
:10905000FFE70998049900EB41114FF40050C1F863
:10906000080BFFE7FFE704980130049006984008DA
:10907000069063E7FFE70B9800680EF0EDF94003F8
:10908000002840F1C680FFE70B9800680EF07CF9DD
:10909000069000200490FFE70698002800F0B880B2
:1090A000FFE79DF81800C007002800F0AA80FFE73E
:1090B0000B9800689DF810100EF08EF905909DF841
:1090C0001400C00700283ED0FFE7049800F00F010D
:1090D000012000FA01F10391039B099AD2F8341898
:1090E0009943C2F834180999049A01EB4211C1F866
:1090F00008090B98807901281FD1FFE70B98049984
:1091000001EBC10100EB8101CA69086A10440862E1
:10911000049888B9FFE70B98049901EBC10100EBB3
:109120008100406A40B9FFE70B99086801F29C4250
:1091300001210DF0F1FCFFE7FFE70B989DF81010FF
:10914000FFF7CAFBFFE79DF814000007002808D5C9
:10915000FFE70998049900EB41110820C1F80809BC
:10916000FFE79DF81400C006002808D5FFE709981E
:10917000049900EB41111020C1F80809FFE79DF8A0
:1091800014004006002808D5FFE70998049900EB71
:1091900041114020C1F80809FFE79DF8140080073D
:1091A000002822D5FFE70A9804990EF07DF80B9865
:1091B000049901EBC10100EB81001430089008987C
:1091C000C078012809D1FFE708990020C8700B98E2
:1091D0009DF8101000F050FAFFE70998049900EB91
:1091E00041110220C1F80809FFE79DF814000006AC
:1091F000002805D5FFE70B98049907F0C5FDFFE7A8
:10920000FFE704980130049006984008069043E771
:10921000FFE70B9800680EF01FF9C00F00B3FFE7DF
:109220000999D1F8040820F00100C1F804080B984E
:1092300090F8CC04012808D1FFE70B98002180F8B2
:10924000CC140B98FFF7D8FA03E00B9800F0BCFBA6
:10925000FFE70B980168486900F000404861FFE7AC
:109260000B9800680EF0F8F80005002811D5FFE70C
:109270000998D0F80808C00720B1FFE70B9800F064
:1092800037FCFFE70B980168486900F4006048610B
:10929000FFE70B9800680EF0DFF80001002820D5EA
:1092A000FFE70B980168486900F0006048610B987F
:1092B00090F8CC0480B9FFE70B98012180F8CC141A
:1092C0000B980068406DC0F383000B9AC2F8D0047D
:1092D0000B98FFF791FA03E00B9800F009FCFFE709
:1092E000FFE70B9800680EF0B7F8C004002840F1C3
:1092F0008680FFE70999D1F8040820F00100C1F841
:1093000004080B98006810210DF0CEFF0020079094
:10931000FFE707980B990979884231D2FFE709984E
:10932000079900EB41114FF67F30C1F80809099900
:10933000079A01EB4212D2F8001921F40011C2F889
:1093400000190999079A01EB4211C1F8080B099815
:10935000079900EB4111D1F8000B20F40010C1F87F
:10936000000B0998079900EB4111D1F8000B40F070
:109370000060C1F8000BFFE7079801300790C8E7CD
:109380000999D1F81C0840F00110C1F81C080B988D
:10939000C07B78B1FFE70999D1F8840840F00B0051
:1093A000C1F884080999D1F8440840F00B00C1F8CD
:1093B00044080FE00999D1F8140842F22B02104337
:1093C000C1F814080999D1F8100840F00B00C1F851
:1093D0001008FFE70999D1F8000820F4FE60C1F8F1
:1093E00000080B9A1068917902F29C420DF094FBF0
:1093F0000B980168486900F480504861FFE70B98BA
:1094000000680EF029F8800400281FD5FFE70B98AC
:1094100000680DF095F80B9800680DF085FF0B992A
:10942000C8710B980068019002F0D2F801460198CB
:109430000B9AD2790EF01CF90B9800F099FA0B9860
:109440000168486900F400504861FFE70B98006824
:109450000EF002F8000700280AD5FFE70B9800F08D
:10946000BFFA0B980168486900F008004861FFE7FF
:109470000B9800680DF0F0FF0006002825D5FFE7E7
:109480000A99886920F08000886101200490FFE734
:1094900004980B990979884216D2FFE70B98049932
:1094A00001EBC10100EB810090F85702012806D1C1
:1094B000FFE70B989DF81010FFF742FAFFE7FFE770
:1094C000049801300490E3E7FFE70B9800680DF083
:1094D000C3FFC00200283CD5FFE701200490FFE74E
:1094E00004980B99097988422CD2FFE709980499CE
:1094F00000EB4110D0F8000902900B98049901EBA1
:10950000C10100EB8100007E012816D1FFE79DF824
:109510000B000006002810D5FFE70B98049901EB1B
:10952000C10100EB81010120C8750B989DF8101056
:1095300041F08001FFF704FAFFE7FFE704980130EC
:109540000490CDE70B980168486900F480104861E9
:10955000FFE70B9800680DF07FFF8002002856D5CA
:10956000FFE701200490FFE704980B9909798842EE
:1095700046D2FFE70998049900EB4110D0F8000BA0
:1095800002900B98049901EBC10100EB810090F867
:10959000580201282FD1FFE79DF80B000006002894
:1095A00029D5FFE7029800F480310B98D0F8D40455
:1095B00000F00100B0EB114F1DD1FFE70B980499AB
:1095C00001EBC10100EB8101012081F857020A99EA
:1095D000886940F0800088610A9840690006002888
:1095E00008D4FFE70999D1F8040840F40070C1F8E5
:1095F000040805E0FFE7FFE7049801300490B3E7B3
:109600000B980168486900F400104861FFE70B9867
:1096100000680DF021FF400000280AD5FFE70B98F5
:10962000FFF74EF90B980168486900F080404861E7
:10963000FFE70B9800680DF00FFF4007002815D5D5
:10964000FFE70B980068406802909DF8080040070B
:10965000002804D5FFE70B98FFF766F9FFE7029AA9
:109660000B980168486810434860FFE7FFE70CB0BB
:1096700080BD00000000000080B582B001908DF830
:1096800003100198D0F8E0049DF803100CF024F8C2
:1096900002B080BD0000000080B582B001908DF85E
:1096A00003100198D0F8E0049DF803100CF04CF87A
:1096B00002B080BD0000000080B58CB00A900A980E
:1096C00020B9FFE701208DF82F000EE10A9890F8ED
:1096D000950440B9FFE70A99002081F894040A989C
:1096E00000F00AF9FFE70A99032081F895040A9827
:1096F00000680DF005FA0A9B1868197C8DF8201097
:1097000059689A68DB680793069205910599069A4D
:10971000079BDDF820C0EE46CEF800C00CF028FF15
:1097200040B1FFE70A99022081F8950401208DF8E5
:109730002F00DAE00A98006800210DF0F9FE40B130
:10974000FFE70A99022081F8950401208DF82F0087
:10975000CBE000208DF82700FFE79DF827000A994D
:109760000979884241DAFFE70A989DF8271001EB52
:10977000C10100EB8101012048759DF827000A997D
:1097800000EBC00201EB820108759DF827000A99E1
:1097900000EBC00201EB8201C8850A989DF82710F2
:1097A00001EBC10100EB8101002008760A999DF8C8
:1097B000272002EBC20201EB8201C8610A999DF8E1
:1097C000272002EBC20201EB820108620A999DF890
:1097D000272002EBC20201EB82014862FFE79DF8FD
:1097E000270001308DF82700B7E700208DF827000B
:1097F000FFE79DF827000A99097988423EDAFFE7DA
:109800000A989DF8271001EBC10100EB81010020AF
:1098100081F855029DF827100A9A01EBC10302EB6B
:10982000830282F854120A999DF8272002EBC202A3
:1098300001EB820181F858020A999DF8272002EB7A
:10984000C20201EB8201C1F85C020A999DF827204F
:1098500002EBC20201EB8201C1F860020A999DF895
:10986000272002EBC20201EB8201C1F86402FFE78C
:109870009DF8270001308DF82700BAE70A9B186889
:10988000197C8DF8101059689A68DB68039302926E
:1098900001910199029A039BDDF810C0EE46CEF8C3
:1098A00000C00CF0E5FF40B1FFE70A99022081F803
:1098B000950401208DF82F0017E00A9900204874C4
:1098C0000A99012081F895040A98007B012804D1A7
:1098D000FFE70A98FEF774FFFFE70A9800680CF0AC
:1098E000AFFF00208DF82F00FFE79DF82F000CB090
:1098F00080BD00000000000080B5B2B0319002A829
:10990000B821F7F782F8319800680021C4F2040109
:1099100088422BD1FFE7002003904FF48020029073
:109920004FF44010239002A800F00EFC18B1FFE79E
:10993000F9F70AFEFFE700F04FF9FFE744F2D840DD
:10994000C5F60200016841F000710160006800F096
:10995000007001900198FFE74D2000900022114611
:10996000FEF70EFF0098FEF7FFFEFFE732B080BD66
:1099700080B582B0019001208DF803000198C07974
:1099800020B9FFE700208DF803000CE00198C079B2
:10999000022804D1FFE701208DF8030002E0F9F767
:1099A000D3FDFFE7FFE70198D0F8E0049DF803102E
:1099B0000BF0D2FF0198D0F8E0040BF049FF02B0A1
:1099C00080BD00000000000080B582B001900198C9
:1099D000D0F8E0040BF08CFF02B080BD0000000066
:1099E00080B582B001900198D0F8E0040BF094FFAC
:1099F00002B080BD0000000080B584B002908DF8F8
:109A00000710FFE7029890F89404012804D1FFE7BB
:109A100002208DF80F0019E00299012081F89404CA
:109A2000FFE7FFE79DF80700029948740298006875
:109A30009DF807100DF0ECFDFFE70299002081F87A
:109A40009404FFE700208DF80F00FFE79DF80F005A
:109A500004B080BD0000000080B582B00190019983
:109A6000D1F8E00401F29C410BF0A2FF02B080BDEE
:109A700080B584B00290029800680190FFE70298D8
:109A800090F89404012804D1FFE702208DF80F001C
:109A900028E00299012081F89404FFE7FFE701988C
:109AA000C068400600280BD5FFE70298407B0128DC
:109AB00006D1FFE70199886B40F480308863FFE7A7
:109AC000029800680DF0A8FB029800680CF0A0FE58
:109AD000FFE70299002081F89404FFE700208DF849
:109AE0000F00FFE79DF80F0004B080BD00000000EC
:109AF00080B582B001900198D0F8E0040BF0E0FF4F
:109B000001980168D1F8000E40F00100C1F8000E84
:109B10000198C07A48B1FFE74EF61051CEF200012D
:109B2000086840F006000860FFE702B080BD000052
:109B300080B584B0029044F60C00C5F602000068BF
:109B400000F004010020B0EB910F13D1FFE744F6C1
:109B50000C00C5F60200006800F007000299884278
:109B600004D0FFE701208DF80F002EE000208DF8D3
:109B70000F002AE044F60C01C5F60201086820F047
:109B80000700029A10430860FEF72EFD0190FFE7E0
:109B900044F60400C5F60200006800F400510020FD
:109BA000B0EB513F0DD1FFE7FEF71EFD0199401AC2
:109BB000B0F57A7F04D9FFE701208DF80F0004E0AB
:109BC000E6E700208DF80F00FFE79DF80F0004B0D6
:109BD00080BD00000000000044F60C01C5F6020143
:109BE000086840F0807008607047000000000000C6
:109BF00080B501F0EDFC44F22041C5F60201096890
:109C0000C1F3021244F66071C0F60201895C01F0F2
:109C10001F01C84080BD000088B0079044F2284072
:109C2000C5F60200016801F0030106910068C0F367
:109C30000530059044F22C40C5F602000068C0F3E0
:109C400000100490049844F23C41C5F602010968F2
:109C500089B2C908484300EE100AB8EE400A8DEDFB
:109C6000020A0598002800F01181FFE7069800908D
:109C700048B1FFE70098012865D0FFE70098022867
:109C800000F08380A3E044F20040C5F602000068C3
:109C900000F020010020B0EB511F31D0FFE744F26B
:109CA0000040C5F602000068C0F3C10149F200009F
:109CB000C0F2D030C84003909DED030AB8EE400AD0
:109CC0009DED051AB8EE411A80EE010A44F23840C3
:109CD000C5F6020000686FF35F2001EE100AB8EECF
:109CE000411A9DED022A9FED6F3A02EE031AB7EE7C
:109CF000002A31EE021A20EE010A8DED010A21E060
:109D00009DED050AB8EE401A9FED680A80EE010A43
:109D100044F23840C5F6020000686FF35F2001EEA0
:109D2000100AB8EE411A9DED022A9FED5E3A02EE4E
:109D3000031AB7EE002A31EE021A20EE010A8DED69
:109D4000010AFFE765E09DED050AB8EE401A9FEDB8
:109D5000560A80EE010A44F23840C5F60200006857
:109D60006FF35F2001EE100AB8EE411A9DED022A52
:109D70009FED4C3A02EE031AB7EE002A31EE021ABA
:109D800020EE010A8DED010A43E09DED050AB8EED3
:109D9000401A9FED430A80EE010A44F23840C5F6AE
:109DA000020000686FF35F2001EE100AB8EE411A5E
:109DB0009DED022A9FED3B3A02EE031AB7EE002A10
:109DC00031EE021A20EE010A8DED010A21E09DED2F
:109DD000050AB8EE401A9FED340A80EE010A44F2FB
:109DE0003840C5F6020000686FF35F2001EE100AEC
:109DF000B8EE411A9DED022A9FED2A3A02EE031AAF
:109E0000B7EE002A31EE021A20EE010A8DED010AAA
:109E1000FFE79DED010A44F23840C5F602000168F3
:109E200089B2490A01EE101AB8EE411AB7EE002ABB
:109E300031EE021A80EE010A0799BCEEC00A81EDEC
:109E4000000A9DED010A0168C1F3064101EE101AF6
:109E5000B8EE411A31EE021A80EE010A0799BCEE03
:109E6000C00A81ED010A9DED010A0068C0F3066099
:109E700001EE100AB8EE411A31EE021A80EE010A24
:109E80000798BCEEC00A80ED020A07E0079900209F
:109E900008600799486007998860FFE708B0704735
:109EA000001BB74B000000390024744A0024744C96
:109EB00088B0079044F22840C5F60200016801F01E
:109EC000030106910068C0F30550059044F22C4050
:109ED000C5F602000068C0F300200490049844F224
:109EE0004441C5F60201096889B2C908484300EE39
:109EF000100AB8EE400A8DED020A0598002800F01D
:109F00001181FFE70698009048B1FFE7009801280B
:109F100065D0FFE70098022800F08380A3E044F2B8
:109F20000040C5F60200006800F020010020B0EB00
:109F3000511F31D0FFE744F20040C5F6020000682F
:109F4000C0F3C10149F20000C0F2D030C840039014
:109F50009DED030AB8EE400A9DED051AB8EE411AD0
:109F600080EE010A44F24040C5F6020000686FF33B
:109F70005F2001EE100AB8EE411A9DED022A9FED16
:109F80006F3A02EE031AB7EE002A31EE021A20EE03
:109F9000010A8DED010A21E09DED050AB8EE401A97
:109FA0009FED680A80EE010A44F24040C5F60200C7
:109FB00000686FF35F2001EE100AB8EE411A9DEDC4
:109FC000022A9FED5E3A02EE031AB7EE002A31EE46
:109FD000021A20EE010A8DED010AFFE765E09DED12
:109FE000050AB8EE401A9FED560A80EE010A44F2C7
:109FF0004040C5F6020000686FF35F2001EE100AD2
:10A00000B8EE411A9DED022A9FED4C3A02EE031A7A
:10A01000B7EE002A31EE021A20EE010A8DED010A98
:10A0200043E09DED050AB8EE401A9FED430A80EE2D
:10A03000010A44F24040C5F6020000686FF35F2059
:10A0400001EE100AB8EE411A9DED022A9FED3B3A4F
:10A0500002EE031AB7EE002A31EE021A20EE010AD0
:10A060008DED010A21E09DED050AB8EE401A9FED45
:10A07000340A80EE010A44F24040C5F6020000684E
:10A080006FF35F2001EE100AB8EE411A9DED022A2F
:10A090009FED2A3A02EE031AB7EE002A31EE021AB9
:10A0A00020EE010A8DED010AFFE79DED010A44F261
:10A0B0004040C5F60200016889B2490A01EE101A53
:10A0C000B8EE411AB7EE002A31EE021A80EE010A0C
:10A0D0000799BCEEC00A81ED000A9DED010A0168F6
:10A0E000C1F3064101EE101AB8EE411A31EE021A20
:10A0F00080EE010A0799BCEEC00A81ED010A9DEDD0
:10A10000010A0068C0F3066001EE100AB8EE411AB9
:10A1100031EE021A80EE010A0798BCEEC00A80ED0B
:10A12000020A07E00799002008600799486007992C
:10A130008860FFE708B07047001BB74B000000398C
:10A140000024744A0024744C80B59AB01890002002
:10A150008DF857008DF856001898C0780007002831
:10A1600048D5FFE71898406E149078B1FFE714982F
:10A17000B0F5801F13D0FFE71498B0F5001F16D07C
:10A18000FFE71498B0F5401F19D019E044F22C41B4
:10A19000C5F60201086840F40030086014E0189821
:10A1A0000830022106F090FE8DF857000CE0189858
:10A1B0002830022106F070FF8DF8570004E003E01C
:10A1C00001208DF85700FFE79DF8570060B9FFE7C1
:10A1D00044F25041C5F60201086820F44010189A74
:10A1E000526E1043086004E09DF857008DF8560049
:10A1F000FFE7FFE718984078C007002840D0FFE746
:10A200001898806D1390042820D81399DFE801F086
:10A21000030C141C1D0044F22C41C5F60201086811
:10A2200040F40030086015E018980830002106F06E
:10A230004BFE8DF857000DE018982830002106F0ED
:10A240002BFF8DF8570005E004E003E001208DF8B6
:10A250005700FFE79DF8570060B9FFE744F250410F
:10A26000C5F60201086820F00700189A926D1043A5
:10A27000086004E09DF857008DF85600FFE7FFE7FF
:10A28000189840784007002856D5FFE71898D0F86E
:10A29000A4001290C8B1FFE71298B0F5001F1DD0BE
:10A2A000FFE71298B0F5800F20D0FFE71298B0F5C5
:10A2B000C00F23D0FFE71298B0F5000F1FD0FFE7C3
:10A2C0001298B0F5200F1BD01BE044F22C41C5F6CC
:10A2D0000201086840F40030086016E01898083061
:10A2E000002106F0F1FD8DF857000EE01898283097
:10A2F000002106F0D1FE8DF8570006E005E004E0ED
:10A3000003E001208DF85700FFE79DF8570068B97A
:10A31000FFE744F25841C5F60201086820F46000E6
:10A32000189AD2F8A4201043086004E09DF8570062
:10A330008DF85600FFE7FFE71898407800070028DF
:10A3400056D5FFE71898D0F8A8001190C8B1FFE7DC
:10A350001198B0F1807F1DD0FFE71198B0F1007F18
:10A3600020D0FFE71198B0F1407F23D0FFE711988C
:10A37000B0F1806F1FD0FFE71198B0F1A06F1BD034
:10A380001BE044F22C41C5F60201086840F400309D
:10A39000086016E018980830002106F095FD8DF849
:10A3A00057000EE018982830002106F075FE8DF851
:10A3B000570006E005E004E003E001208DF85700B7
:10A3C000FFE79DF8570068B9FFE744F25841C5F62A
:10A3D0000201086820F0E060189AD2F8A820104323
:10A3E000086004E09DF857008DF85600FFE7FFE78E
:10A3F0001898C078800700283ED5FFE71898C06CF1
:10A400001090F0B1FFE71098102808D0FFE71098DF
:10A4100020280DD0FFE71098302811D012E044F228
:10A420002C41C5F60201086840F4003008600DE0D8
:10A4300018980830022106F047FD8DF8570005E016
:10A4400004E003E001208DF85700FFE79DF8570076
:10A4500060B9FFE744F24C41C5F60201086820F0FC
:10A460003000189AD26C1043086004E09DF8570041
:10A470008DF85600FFE7FFE718984078C0060028DF
:10A480004ED5FFE71898C06D0F90A0B1FFE70F9869
:10A49000B0F5805F18D0FFE70F98B0F5005F1BD0D4
:10A4A000FFE70F98B0F5405F1ED0FFE70F98B0F5BB
:10A4B000804F1AD01AE044F22C41C5F60201086818
:10A4C00040F40030086015E018980830002106F0CC
:10A4D000FBFC8DF857000DE018982830002106F09D
:10A4E000DBFD8DF8570005E004E003E001208DF866
:10A4F0005700FFE79DF8570060B9FFE744F250416D
:10A50000C5F60201086820F4E040189AD26D1043A5
:10A51000086004E09DF857008DF85600FFE7FFE75C
:10A5200018984078800600284CD5FFE71898006EF0
:10A530000E90C8B1FFE70E98B0F5803F15D0FFE749
:10A540000E98B0F5003F18D0FFE70E98B0F5403FE9
:10A550001BD0FFE70E98B0F5802F17D0FFE70E98BD
:10A56000B0F5A02F13D013E016E0189808300121A1
:10A5700006F0AAFC8DF857000EE01898283001214B
:10A5800006F08AFD8DF8570006E005E004E003E0E0
:10A5900001208DF85700FFE79DF8570060B9FFE7ED
:10A5A00044F25041C5F60201086820F4E020189AF0
:10A5B000126E1043086004E09DF857008DF85600B5
:10A5C000FFE7FFE718984078400600284ED5FFE7E0
:10A5D0001898D0F8AC000D90C8B1FFE70D98B0F115
:10A5E000805F15D0FFE70D98B0F1005F18D0FFE74E
:10A5F0000D98B0F1405F1BD0FFE70D98B0F1804F90
:10A6000017D0FFE70D98B0F1A04F13D013E016E07C
:10A6100018980830012106F057FC8DF857000EE01D
:10A6200018982830012106F037FD8DF8570006E014
:10A6300005E004E003E001208DF85700FFE79DF8F6
:10A64000570068B9FFE744F25841C5F602010868AF
:10A6500020F0E040189AD2F8AC201043086004E0E3
:10A660009DF857008DF85600FFE7FFE718984078EF
:10A67000000600283BD5FFE71898C06E0C90D8B1B3
:10A68000FFE70C98B0F1805F05D0FFE70C98B0F1C0
:10A69000005F09D011E044F22C41C5F602010868C0
:10A6A00040F4003008600CE018980830012106F0F2
:10A6B0000BFC8DF8570004E003E001208DF85700F3
:10A6C000FFE79DF8570060B9FFE744F25041C5F637
:10A6D0000201086820F04050189AD26E10430860BA
:10A6E00004E09DF857008DF85600FFE7FFE7189843
:10A6F000C078C007002837D0FFE71898806C0B900F
:10A70000032817D80B99DFE801F014020B1344F269
:10A710002C41C5F60201086840F4003008600DE0E5
:10A7200018980830022106F0CFFB8DF8570005E09D
:10A7300004E003E001208DF85700FFE79DF8570083
:10A7400060B9FFE744F24C41C5F60201086820F009
:10A750000300189A926C1043086004E09DF85700BB
:10A760008DF85600FFE7FFE718988078400600282C
:10A7700040F1B480FFE744F60001C5F60201086825
:10A7800040F480700860FDF72FFF1690FFE744F655
:10A790000000C5F602000068C00500280CD4FFE7E1
:10A7A000FDF722FF1699401A652804D3FFE703201E
:10A7B0008DF8570000E0EAE79DF85700002840F0C8
:10A7C0008780FFE744F27040C5F60200006800F49D
:10A7D00040701899D1F8B01001F44071884213D03C
:10A7E000FFE744F27041C5F60201086820F44070AA
:10A7F0001790086840F480300860086820F48030C2
:10A80000086017980860FFE71898D0F8B000B0F516
:10A81000807F1FD1FFE7FDF7E7FE1690FFE744F2C8
:10A820007040C5F60200006800F002010020B0EBA5
:10A83000510F0ED1FFE7FDF7D7FE1699401A41F2EE
:10A840008931884204D3FFE703208DF8570000E0E8
:10A85000E5E7FFE79DF85700A0BBFFE7FFE7189883
:10A86000D0F8B00000F44070B0F5407F13D1FFE79E
:10A8700044F21041C5F60201086820F47C50189A91
:10A88000D2F8B0204FF6F043C0F6FF731A4040EA0A
:10A890001210086008E044F21041C5F60201086891
:10A8A00020F47C500860FFE71898D0F8B0206FF3D0
:10A8B0001F3244F27041C5F6020108681043086077
:10A8C000FFE704E09DF857008DF85600FFE704E02D
:10A8D0009DF857008DF85600FFE7FFE718980068CD
:10A8E000C007002800F04C80FFE71898806F0A909E
:10A8F00028282BD80A99DFE801F0152929292929C8
:10A90000292916292929292929291E2929292929D5
:10A9100029292629292929292929272929292929AC
:10A920002929280016E018980830012106F0CCFAF1
:10A930008DF857000EE018982830012106F0ACFB86
:10A940008DF8570006E005E004E003E001208DF8F3
:10A950005700FFE79DF8570060B9FFE744F2544104
:10A96000C5F60201086820F03800189A926F10436B
:10A97000086004E09DF857008DF85600FFE7FFE7F8
:10A98000189800788007002839D5FFE71898406F9D
:10A990000990052819D80999DFE801F003040C147F
:10A9A000151616E018980830012106F08DFA8DF87A
:10A9B00057000EE018982830012106F06DFB8DF845
:10A9C000570006E005E004E003E001208DF85700A1
:10A9D000FFE79DF8570060B9FFE744F25441C5F620
:10A9E0000201086820F00700189A526F10430860AF
:10A9F00004E09DF857008DF85600FFE7FFE7189830
:10AA00000078400700283BD5FFE71898D0F8900061
:10AA10000890052819D80899DFE801F003040C1400
:10AA2000151616E018980830012106F04DFA8DF839
:10AA300057000EE018982830012106F02DFB8DF804
:10AA4000570006E005E004E003E001208DF8570020
:10AA5000FFE79DF8570068B9FFE744F25841C5F693
:10AA60000201086820F00700189AD2F890201043DD
:10AA7000086004E09DF857008DF85600FFE7FFE7F7
:10AA800018980078800600284ED5FFE71898D0F86F
:10AA90008C000790C8B1FFE70798B0F1805F15D030
:10AAA000FFE70798B0F1005F18D0FFE70798B0F113
:10AAB000405F1BD0FFE70798B0F1804F17D0FFE74A
:10AAC0000798B0F1A04F13D013E016E018980830A3
:10AAD000002106F0F9F98DF857000EE0189828309B
:10AAE000022106F0D9FA8DF8570006E005E004E0EF
:10AAF00003E001208DF85700FFE79DF8570068B983
:10AB0000FFE744F25441C5F60201086820F0E04036
:10AB1000189AD2F88C201043086004E09DF8570082
:10AB20008DF85600FFE7FFE71898007840060028E8
:10AB30004ED5FFE71898D0F898000690C8B1FFE707
:10AB40000698B0F5806F15D0FFE70698B0F5006F56
:10AB500018D0FFE70698B0F5406F1BD0FFE70698C6
:10AB6000B0F5805F17D0FFE70698B0F5A05F13D06F
:10AB700013E016E018980830002106F0A5F98DF8CA
:10AB800057000EE018982830022106F085FA8DF85B
:10AB9000570006E005E004E003E001208DF85700CF
:10ABA000FFE79DF8570068B9FFE744F25841C5F642
:10ABB0000201086820F4E050189AD2F89820104357
:10ABC000086004E09DF857008DF85600FFE7FFE7A6
:10ABD00018980078000600284ED5FFE71898D0F89E
:10ABE0009C000590C8B1FFE70598B0F5005F15D04F
:10ABF000FFE70598B0F5804F18D0FFE70598B0F54E
:10AC0000C04F1BD0FFE70598B0F5004F17D0FFE706
:10AC10000598B0F5204F13D013E016E018980830CF
:10AC2000002106F051F98DF857000EE018982830F1
:10AC3000022106F031FA8DF8570006E005E004E045
:10AC400003E001208DF85700FFE79DF8570068B931
:10AC5000FFE744F25841C5F60201086820F460405D
:10AC6000189AD2F89C201043086004E09DF8570021
:10AC70008DF85600FFE7FFE71898007800070028D6
:10AC800020D5FFE71898D0F88000B0F5805F0CD190
:10AC9000FFE718982830022106F0FEF920B1FFE7FF
:10ACA00001208DF85600FFE7FFE744F25441C5F656
:10ACB0000201086820F44050189AD2F8802010430E
:10ACC0000860FFE718980078C006002820D5FFE745
:10ACD0001898D0F89400B0F5807F0CD1FFE7189851
:10ACE0002830022106F0D8F920B1FFE701208DF8C5
:10ACF0005600FFE7FFE744F25841C5F60201086835
:10AD000020F44070189AD2F8942010430860FFE7AE
:10AD100018988078000700283CD5FFE71898D0F8ED
:10AD2000A000049050B1FFE70498B0F5803F0DD02B
:10AD3000FFE70498B0F5003F10D010E018980830F5
:10AD4000002106F0C1F88DF857000CE01898283063
:10AD5000022106F0A1F98DF8570004E003E001207C
:10AD60008DF85700FFE79DF8570068B9FFE744F2F8
:10AD70005841C5F60201086820F44030189AD2F80C
:10AD8000A0201043086004E09DF857008DF856009D
:10AD9000FFE7FFE718988078400700283FD5FFE7D6
:10ADA0001898D0F884000390B0F5801F0AD0FFE710
:10ADB0000398B0F5001F0ED0FFE70398B0F5401FD1
:10ADC00011D011E044F22C41C5F60201086840F4AC
:10ADD000003008600CE018982830012106F05CF97A
:10ADE0008DF8570004E003E001208DF85700FFE7DD
:10ADF0009DF8570068B9FFE744F25441C5F60201D7
:10AE0000086820F44010189AD2F884201043086093
:10AE100004E09DF857008DF85600FFE7FFE718980B
:10AE20008078C007A8B3FFE71898006D029028B19A
:10AE3000FFE70298B0F5803F09D010E044F22C41C2
:10AE4000C5F60201086840F4003008600BE018986D
:10AE50000830022106F038F88DF8570003E0012091
:10AE60008DF85700FFE79DF8570060B9FFE744F2FF
:10AE70004C41C5F60201086820F48030189A126D22
:10AE80001043086004E09DF857008DF85600FFE776
:10AE9000FFE71898C078800600280CD5FFE71898BF
:10AEA0002830022106F0F8F820B1FFE701208DF8E4
:10AEB0005600FFE7FFE718988078800700283AD50A
:10AEC000FFE71898C06F0190D0B1FFE70198B0F587
:10AED000807F0AD0FFE70198B0F5007F0ED0FFE732
:10AEE0000198B0F5407F0AD00BE044F22C41C5F642
:10AEF0000201086840F40030086006E005E004E064
:10AF000003E001208DF85700FFE79DF8570060B976
:10AF1000FFE744F25441C5F60201086820F440708E
:10AF2000189AD26F1043086004E09DF857008DF81E
:10AF30005600FFE7FFE718988078C00600280CD578
:10AF4000FFE744F25041C5F60201086820F00040D6
:10AF5000189A126F10430860FFE7189880788006EF
:10AF600000280CD5FFE744F25041C5F602010868FD
:10AF700020F08070189A926E10430860FFE71898CE
:10AF8000C0784006002811D5FFE7FFE744F21041E2
:10AF9000C5F60201086820F4004008601898D0F84F
:10AFA000B420086810430860FFE7FFE71898C078EE
:10AFB000000600280CD5FFE744F24C41C5F602011B
:10AFC000086820F04050189A526D10430860FFE75F
:10AFD00018988078000600280DD5FFE744F2544108
:10AFE000C5F60201086820F44000189AD2F88820BB
:10AFF00010430860FFE718980079C00790B1FFE799
:10B0000018980830002105F05FFF8DF857009DF873
:10B01000570008B9FFE704E09DF857008DF8560087
:10B02000FFE7FFE7189800798007002812D5FFE7AF
:10B0300018980830012105F047FF8DF857009DF85A
:10B04000570008B9FFE704E09DF857008DF8560057
:10B05000FFE7FFE7189800794007002812D5FFE7BF
:10B0600018980830022105F02FFF8DF857009DF841
:10B07000570008B9FFE704E09DF857008DF8560027
:10B08000FFE7FFE7189800790007002812D5FFE7CF
:10B0900018982830002105F0FFFF8DF857009DF823
:10B0A000570008B9FFE704E09DF857008DF85600F7
:10B0B000FFE7FFE718980079C006002812D5FFE7E0
:10B0C00018982830012105F0E7FF8DF857009DF80A
:10B0D000570008B9FFE704E09DF857008DF85600C7
:10B0E000FFE7FFE7189800798006002812D5FFE7F0
:10B0F00018982830022105F0CFFF8DF857009DF8F1
:10B10000570008B9FFE704E09DF857008DF8560096
:10B11000FFE7FFE79DF8560020B9FFE700208DF814
:10B12000670003E001208DF86700FFE79DF86700E6
:10B130001AB080BD0000000080B586B00490039175
:10B14000049820B9FFE701208DF817003CE203982E
:10B1500042F20001C5F20021096801F00F018842A6
:10B1600016D9FFE742F20000C5F20020016821F085
:10B170000F01039A11430160006800F00F0003996A
:10B18000884204D0FFE701208DF817001CE2FFE79A
:10B19000049800784007002819D5FFE70498006953
:10B1A00044F21841C5F60201096801F070018842B5
:10B1B0000CD9FFE744F21841C5F60201086820F0F7
:10B1C0007000049A126910430860FFE7FFE70498D3
:10B1D00000780007002819D5FFE70498406944F279
:10B1E0001C41C5F60201096801F0700188420CD9C2
:10B1F000FFE744F21C41C5F60201086820F0700028
:10B20000049A526910430860FFE7FFE7049800784A
:10B21000C006002819D5FFE70498806944F21C4154
:10B22000C5F60201096801F4E06188420CD9FFE724
:10B2300044F21C41C5F60201086820F4E060049A5B
:10B24000926910430860FFE7FFE7049800788006E2
:10B25000002819D5FFE70498C06944F22041C5F6DB
:10B260000201096801F0700188420CD9FFE744F23D
:10B270002041C5F60201086820F07000049AD269E6
:10B2800010430860FFE7FFE7049800788007002874
:10B2900019D5FFE70498C06844F21841C5F60201C9
:10B2A000096801F00F0188420CD9FFE744F2184108
:10B2B000C5F60201086820F00F00049AD268104316
:10B2C0000860FFE7FFE704980078C007002800F057
:10B2D0008C80FFE744F21841C5F60201086820F4AB
:10B2E0007060049A926810430860049840680228CD
:10B2F00011D1FFE744F20040C5F60200006800F4F7
:10B3000000310020B0EB514F04D1FFE701208DF850
:10B31000170059E13EE004984068032811D1FFE787
:10B3200044F20040C5F60200006800F00071002001
:10B33000B0EB516F04D1FFE701208DF8170043E116
:10B3400027E004984068012811D1FFE744F200404B
:10B35000C5F60200006800F480710020B0EB112FE8
:10B3600004D1FFE701208DF817002DE110E044F231
:10B370000040C5F60200006800F004010020B0EBB8
:10B38000910F04D1FFE701208DF817001CE1FFE7C2
:10B39000FFE7FFE744F21041C5F60201086820F01C
:10B3A0000700049A526810430860FDF71DF90190E8
:10B3B000FFE744F21040C5F60200006800F03800D4
:10B3C00004994968B0EBC10F0ED0FFE7FDF70CF907
:10B3D0000199401A41F28931884204D3FFE70320E2
:10B3E0008DF81700F0E0E4E7FFE7049800788007A5
:10B3F000002819D5FFE70498C06844F21841C5F643
:10B400000201096801F00F0188420CD2FFE744F203
:10B410001841C5F60201086820F00F00049AD268AE
:10B4200010430860FFE7FFE7039842F20001C5F20E
:10B430000021096801F00F01884216D2FFE742F2AD
:10B440000000C5F20020016821F00F01039A1143AA
:10B450000160006800F00F000399884204D0FFE704
:10B4600001208DF81700AFE0FFE70498007840074F
:10B47000002819D5FFE70498006944F21841C5F681
:10B480000201096801F0700188420CD2FFE744F222
:10B490001841C5F60201086820F07000049A12698C
:10B4A00010430860FFE7FFE70498007800070028D2
:10B4B00019D5FFE70498406944F21C41C5F6020122
:10B4C000096801F0700188420CD2FFE744F21C4188
:10B4D000C5F60201086820F07000049A5269104312
:10B4E0000860FFE7FFE704980078C006002819D538
:10B4F000FFE70498806944F21C41C5F6020109681F
:10B5000001F4E06188420CD2FFE744F21C41C5F629
:10B510000201086820F4E060049A92691043086010
:10B52000FFE7FFE7049800788006002819D5FFE7B9
:10B530000498C06944F22041C5F60201096801F08F
:10B54000700188420CD2FFE744F22041C5F60201A7
:10B55000086820F07000049AD26910430860FFE781
:10B56000FFE700F089F844F21842C5F602021168BC
:10B57000C1F3032344F66071C0F60201CB5C03F013
:10B580001F03D84000900098126802F00F02895CF7
:10B5900001F01F01C84040F2DC01C2F20041086026
:10B5A000009840F2D801C2F20041086040F2CC108D
:10B5B000C2F200400068FDF77BF88DF80B009DF8A3
:10B5C0000B008DF81700FFE79DF8170006B080BD4F
:10B5D00080B582B000F050F844F21842C5F602027D
:10B5E0001168C1F3032344F66071C0F60201CB5C1D
:10B5F00003F01F03D84001900198126802F00F0277
:10B60000895C01F01F0120FA01F140F2DC00C2F276
:10B6100000400160019940F2D802C2F2004211607C
:10B62000006802B080BD000080B5FFF7D1FF44F292
:10B630001C41C5F602010968C1F3021244F66071AB
:10B64000C0F60201895C01F01F01C84080BD000006
:10B6500080B5FFF7BDFF44F21C41C5F60201096841
:10B66000C1F3022244F66071C0F60201895C01F068
:10B670001F01C84080BD00008AB044F21040C5F6EA
:10B680000200006800F0380001460191182800F21D
:10B690005F810199DFE811F019005C015C015C0138
:10B6A0005C015C015C015C013A005C015C015C01D5
:10B6B0005C015C015C015C0140005C015C015C01BF
:10B6C0005C015C015C015C01460044F20040C5F68F
:10B6D0000200006800F020010020B0EB511F0ED0E6
:10B6E000FFE744F20040C5F602000068C0F3C10164
:10B6F00049F20000C0F2D030C840029005E049F2A3
:10B700000000C0F2D0300290FFE727E140F60010C1
:10B71000C0F23D00029021E143F20060C0F26E10E1
:10B7200002901BE144F22840C5F60200016801F0D6
:10B73000030108910068C0F30510079044F22C4003
:10B74000C5F60200006800F001000690069844F279
:10B750003441C5F60201096889B2C908484300EEC0
:10B76000100AB8EE400A8DED040A0798002800F090
:10B77000EB80FFE70898009048B1FFE700980128A8
:10B7800065D0FFE70098022800F08380A3E044F230
:10B790000040C5F60200006800F020010020B0EB78
:10B7A000511F31D0FFE744F20040C5F602000068A7
:10B7B000C0F3C10149F20000C0F2D030C84005908A
:10B7C0009DED050AB8EE400A9DED071AB8EE411A44
:10B7D00080EE010A44F23040C5F6020000686FF3C3
:10B7E0005F2001EE100AB8EE411A9DED042A9FED8C
:10B7F0005E3A02EE031AB7EE002A31EE021A20EE8C
:10B80000010A8DED030A21E09DED070AB8EE401A0A
:10B810009FED570A80EE010A44F23040C5F602005F
:10B8200000686FF35F2001EE100AB8EE411A9DED3B
:10B83000042A9FED4D3A02EE031AB7EE002A31EECC
:10B84000021A20EE010A8DED030AFFE765E09DED87
:10B85000070AB8EE401A9FED450A80EE010A44F24D
:10B860003040C5F6020000686FF35F2001EE100A59
:10B87000B8EE411A9DED042A9FED3B3A02EE031A01
:10B88000B7EE002A31EE021A20EE010A8DED030A0E
:10B8900043E09DED070AB8EE401A9FED320A80EEB4
:10B8A000010A44F23040C5F6020000686FF35F20E1
:10B8B00001EE100AB8EE411A9DED042A9FED2A3AD6
:10B8C00002EE031AB7EE002A31EE021A20EE010A48
:10B8D0008DED030A21E09DED070AB8EE401A9FEDB9
:10B8E000230A80EE010A44F23040C5F602000068E7
:10B8F0006FF35F2001EE100AB8EE411A9DED042AA5
:10B900009FED193A02EE031AB7EE002A31EE021A41
:10B9100020EE010A8DED030AFFE744F23040C5F640
:10B920000200006881B2012000EB512009909DEDDA
:10B93000030A9DED091AB8EE411A80EE010ABCEE29
:10B94000C00A8DED020A02E000200290FFE705E048
:10B9500040F60010C0F23D000290FFE702980AB0E6
:10B96000704700BF001BB74B000000390024744A29
:10B970000024744C0000000080B58CB00A900A9836
:10B9800028B9FFE701208DF82F0000F001BD0A98CB
:10B990000078C007002800F0B980FFE744F21040AB
:10B9A000C5F60200006800F03800069044F2284016
:10B9B000C5F6020000680590069810280AD0FFE737
:10B9C000069818281CD1FFE7059800F0030002280C
:10B9D00016D1FFE744F20040C5F60200006800F40B
:10B9E00000310020B0EB514F09D0FFE70A984068C2
:10B9F00028B9FFE701208DF82F0000F0C9BC84E0D2
:10BA0000FFE70A984068B0F5803F09D1FFE744F2AC
:10BA10000041C5F60201086840F48030086032E059
:10BA20000A98406868B9FFE744F20041C5F6020190
:10BA3000086820F480300860086820F480200860DE
:10BA400020E00A984068B0F5A02F0DD1FFE744F23E
:10BA50000041C5F60201086840F4802008600868CB
:10BA600040F4803008600CE044F20041C5F6020169
:10BA7000086820F480300860086820F4802008609E
:10BA8000FFE7FFE7FFE7FFE70A984068F0B1FFE74D
:10BA9000FCF7AAFD0990FFE744F20040C5F602005A
:10BAA000006800F400310020B0EB514F0DD1FFE7EA
:10BAB000FCF79AFD0999401A652805D3FFE7032092
:10BAC0008DF82F0000F064BCE6E71DE0FCF78CFD6C
:10BAD0000990FFE744F20040C5F60200006800F458
:10BAE00000310020B0EB514F0DD0FFE7FCF77CFD9B
:10BAF0000999401A652805D3FFE703208DF82F0028
:10BB000000F046BCE6E7FFE7FFE7FFE70A980078AA
:10BB10008007002840F1C580FFE744F21040C5F6D9
:10BB20000200006800F03800049044F22840C5F696
:10BB3000020000680390049850B1FFE704981828A9
:10BB400050D1FFE79DF80C00800700284AD1FFE79D
:10BB500044F20040C5F60200006800F00401002035
:10BB6000B0EB910F09D0FFE70A98C06828B9FFE74A
:10BB700001208DF82F0000F00BBC44F20041C5F607
:10BB80000201086820F019000A9AD2681043086080
:10BB9000FCF72AFD0990FFE744F20040C5F60200D9
:10BBA000006800F004010020B0EB910F0CD1FFE71A
:10BBB000FCF71AFD0999401A032804D3FFE7032074
:10BBC0008DF82F00E4E3E7E744F20441C5F60201F3
:10BBD000086820F0FE400A9A126940EA0260086094
:10BBE000FFE75DE00A98C068A0B3FFE744F20041B8
:10BBF000C5F60201086820F019000A9AD2681043BD
:10BC00000860FCF7F1FC0990FFE744F20040C5F63C
:10BC10000200006800F004010020B0EB910F0CD18D
:10BC2000FFE7FCF7E1FC0999401A032804D3FFE77A
:10BC300003208DF82F00ABE3E7E744F20441C5F69B
:10BC40000201086820F0FE400A9A126940EA026088
:10BC5000086024E044F20041C5F60201086820F0C3
:10BC600001000860FCF7C0FC0990FFE744F20040C7
:10BC7000C5F60200006800F004010020B0EB910F4F
:10BC80000CD0FFE7FCF7B0FC0999401A032804D355
:10BC9000FFE703208DF82F007AE3E7E7FFE7FFE7F0
:10BCA000FFE70A980078C006002840F1A080FFE76F
:10BCB00044F21040C5F60200006800F0380002901F
:10BCC00044F22840C5F60200006801900298082856
:10BCD0000AD0FFE7029818282BD1FFE7019800F05F
:10BCE0000300012825D1FFE744F20040C5F6020019
:10BCF000006800F480710020B0EB112F09D0FFE73D
:10BD00000A98C069802804D0FFE701208DF82F0031
:10BD10003EE3FFE744F20C41C5F60201086820F05B
:10BD20007C500A9A126A40EA02600860FFE7FFE767
:10BD30005CE00A98C06998B3FFE744F20041C5F699
:10BD40000201086840F080000860FCF74DFC099093
:10BD5000FFE744F20040C5F60200006800F480717D
:10BD60000020B0EB112F0CD1FFE7FCF73DFC099947
:10BD7000401A032804D3FFE703208DF82F0007E3C0
:10BD8000E7E7FFE744F20C41C5F60201086820F03E
:10BD90007C500A9A126A40EA02600860FFE724E0D9
:10BDA00044F20041C5F60201086820F080000860F6
:10BDB000FCF71AFC0990FFE744F20040C5F60200C8
:10BDC000006800F480710020B0EB112F0CD0FFE769
:10BDD000FCF70AFC0999401A032804D3FFE7032063
:10BDE0008DF82F00D4E2E7E7FFE7FFE7FFE70A98C7
:10BDF0000078000700284FD5FFE70A98406928B36C
:10BE0000FFE744F27441C5F60201086840F0010002
:10BE10000860FCF7E9FB0990FFE744F27440C5F6BF
:10BE20000200006800F002010020B0EB510F0CD1BD
:10BE3000FFE7FCF7D9FB0999401A032804D3FFE771
:10BE400003208DF82F00A3E2E7E724E044F27441D9
:10BE5000C5F60201086820F001000860FCF7C4FB89
:10BE60000990FFE744F27440C5F60200006800F054
:10BE700002010020B0EB510F0CD0FFE7FCF7B4FB40
:10BE80000999401A032804D3FFE703208DF82F00F7
:10BE90007EE2E7E7FFE7FFE70A98007880060028E0
:10BEA0004FD5FFE70A98806928B3FFE744F20041C5
:10BEB000C5F60201086840F480500860FCF794FB66
:10BEC0000990FFE744F20040C5F60200006800F464
:10BED00000510020B0EB513F0CD1FFE7FCF784FB91
:10BEE0000999401A032804D3FFE703208DF82F0097
:10BEF0004EE2E7E724E044F20041C5F6020108689B
:10BF000020F480500860FCF76FFB0990FFE744F2D3
:10BF10000040C5F60200006800F400510020B0EBBC
:10BF2000513F0CD0FFE7FCF75FFB0999401A03284B
:10BF300004D3FFE703208DF82F0029E2E7E7FFE7AE
:10BF4000FFE70A9800784007002840F1A780FFE744
:10BF500044F60001C5F60201086840F480700860EC
:10BF6000FCF742FB0990FFE744F60000C5F602002B
:10BF70000068C00500280CD4FFE7FCF735FB0999E1
:10BF8000401A652804D3FFE703208DF82F00FFE156
:10BF9000EAE7FFE70A988068012809D1FFE744F241
:10BFA0007041C5F60201086840F00100086031E008
:10BFB0000A98806868B9FFE744F27041C5F602014B
:10BFC000086820F001000860086820F0040008609C
:10BFD0001FE00A98806805280DD1FFE744F2704100
:10BFE000C5F60201086840F004000860086840F0E7
:10BFF000010008600CE044F27041C5F602010868D7
:10C0000020F001000860086820F004000860FFE7E5
:10C01000FFE7FFE7FFE70A988068F8B1FFE7FCF762
:10C02000E3FA0990FFE744F27040C5F602000068A9
:10C0300000F002010020B0EB510F0ED1FFE7FCF73A
:10C04000D3FA0999401A41F28931884204D3FFE7B3
:10C0500003208DF82F009BE1E5E71EE0FCF7C4FA12
:10C060000990FFE744F27040C5F60200006800F056
:10C0700002010020B0EB510F0ED0FFE7FCF7B4FA3D
:10C080000999401A41F28931884204D3FFE703201D
:10C090008DF82F007CE1E5E7FFE7FFE70A98406AAB
:10C0A000002800F07181FFE744F21040C5F602005D
:10C0B000006800F03800182800F0E080FFE70A98D8
:10C0C000406A022840F0B480FFE744F20041C5F620
:10C0D0000201086820F080700860FCF785FA09907A
:10C0E000FFE744F20040C5F60200006800F000716E
:10C0F0000020B0EB516F0CD0FFE7FCF775FA0999FF
:10C10000401A032804D3FFE703208DF82F003FE1F6
:10C11000E7E7FFE744F22841C5F60201086840F26C
:10C12000F33290430A9B9A6ADB6A42EA0312104395
:10C1300008600A99086BD1F834C08B6BCA6B013860
:10C140006FF35F204FF60061CFF6FF7101EB4C21DA
:10C1500089B208440021CFF6FF7101EB034101F4DD
:10C16000FE0108444FF07F4101EB026101F0FE4106
:10C17000084444F23041C5F602010860FFE744F28A
:10C180002C41C5F602010091086820F0010008600A
:10C1900044F23442C5F6020210684FF6F873984331
:10C1A0000A9B9B6C40EAC3001060086820F00C00FA
:10C1B0000A9A126C10430860086820F002000A9A7C
:10C1C000526C10430860086840F4803008600868CA
:10C1D00040F400300860086840F480200860086877
:10C1E00040F00100086044F20041C5F60201086811
:10C1F00040F080700860FCF7F7F90990FFE744F21F
:10C200000040C5F60200006800F000710020B0EBAD
:10C21000516F0CD1FFE7FCF7E7F90999401A0328A1
:10C2200004D3FFE703208DF82F00B1E0E7E724E017
:10C2300044F20041C5F60201086820F080700860F1
:10C24000FCF7D2F90990FFE744F20040C5F602007E
:10C25000006800F000710020B0EB516F0CD0FFE7D8
:10C26000FCF7C2F90999401A032804D3FFE7032019
:10C270008DF82F008CE0E7E7FFE784E044F22840E8
:10C28000C5F602000068089044F23040C5F602008E
:10C29000006807900A98406A012837D0FFE708989D
:10C2A00000F003000A99896A88422FD1FFE70898B5
:10C2B00000F47C710A98C06AB0EB111F26D1FFE729
:10C2C00007986FF35F200A99096B013988421DD1E5
:10C2D000FFE7BDF81C100A98406B0138B0EB512FF6
:10C2E00014D1FFE7079800F4FE010A98806B01382B
:10C2F000B0EB114F0AD1FFE7079800F0FE410A9812
:10C30000C06B0138B0EB116F04D0FFE701208DF84E
:10C310002F003DE044F23440C5F60200006880B2D0
:10C32000C00808900A98806C0899884229D0FFE7D5
:10C3300044F22C41C5F60201086820F001000860B3
:10C34000FCF752F90990FFE7FCF74EF90999401AFA
:10C3500008B9FFE7F8E744F23441C5F6020108687E
:10C360004FF6F87290430A9A926C40EAC200086055
:10C3700044F22C41C5F60201086840F00100086053
:10C38000FFE7FFE7FFE7FFE700208DF82F00FFE75B
:10C390009DF82F000CB080BD80B586B0049003914D
:10C3A00002920193049820B9FFE701208DF817004D
:10C3B00056E00498D0F8880040B9FFE704990020BF
:10C3C00081F88400049803F017F8FFE7049924200B
:10C3D000C1F8880004980168086820F0010008602E
:10C3E0000498806A20B1FFE7049806F0E5F9FFE7BA
:10C3F000049806F0C9FE012804D1FFE701208DF85A
:10C4000017002DE004980168886840F48040886037
:10C4100004980068806820F4004003990843049958
:10C42000096888600298400500900199009840EAE8
:10C43000014000900498006800686FF3194000996B
:10C44000084304990968086004980168086840F086
:10C4500001000860049806F053FA8DF81700FFE712
:10C460009DF8170006B080BD81B0009001B0704704
:10C4700080B588B007900798006800690690079813
:10C48000006840690590069805990840049007984F
:10C4900000688068039000200290079890F881005F
:10C4A0008DF8070007980068303000909DF815005F
:10C4B0000007002810D5FFE79DF8180000070028A6
:10C4C0000AD5FFE707980168886940F40060886131
:10C4D000079800F0C1FB91E19DF81000400600288C
:10C4E00015D4FFE79DF81000800600280FD4FFE761
:10C4F0009DF810004007002809D5FFE70798416F15
:10C5000088470798016F884701200290FFE79DF850
:10C5100010004006002811D4FFE79DF81000C00766
:10C5200060B1FFE79DF810004007002806D4FFE740
:10C530000798016F884701200290FFE79DF81000DF
:10C540008006002812D4FFE79DF81000800700281D
:10C550000CD5FFE79DF810004007002806D4FFE740
:10C560000798416F884701200290FFE7029808B1C1
:10C57000FFE743E19DF810000007002840F18980A3
:10C58000FFE707980168886940F00800886107980C
:10C590000168886940F0100088610798016888691F
:10C5A00040F40060886107980168086920F008007D
:10C5B000086107980068806810F4404F3AD1FFE79F
:10C5C000FFE70798B0F86A0098B3FFE70798C068DC
:10C5D00010280BD3FFE707980068006B0799496E96
:10C5E00008600799486E043048661BE00798C068E9
:10C5F00008280AD3FFE7009800880799496E088049
:10C600000799486E023048660BE00798006890F87A
:10C6100030000799496E08700799486E01304866E6
:10C62000FFE7FFE70799B1F86A000138A1F86A004F
:10C63000C7E7FFE7079804F01FFE0799012081F87C
:10C6400081000798D0F8840020B1FFE70798FFF732
:10C650000BFFD3E09DF80700052804D1FFE70798FA
:10C6600001F056F814E09DF80700042804D1FFE714
:10C67000079800F0EDFA0AE09DF80700032804D1BE
:10C68000FFE7079801F040F800E0FFE7FFE7FFE76A
:10C69000B4E0BDF8100010F4587F00F0AF80FFE761
:10C6A0009DF81000400600280ED5FFE70799D1F845
:10C6B000840040F00400C1F884000798016888698C
:10C6C00040F040008861FFE79DF8110080070028D6
:10C6D0000ED5FFE70799D1F8840040F00100C1F8BA
:10C6E000840007980168886940F400708861FFE75A
:10C6F0009DF81100C00770B1FFE70799D1F88400D9
:10C7000040F00800C1F8840007980168886940F487
:10C7100080708861FFE79DF81000800600280ED524
:10C72000FFE70799D1F8840040F08000C1F8840049
:10C7300007980168886940F020008861FFE7079842
:10C74000D0F88400002858D0FFE7079801680868EF
:10C7500020F00100086007980168086940F26B3218
:10C7600090430861039800F44040B0F5404F3BD13E
:10C77000FFE707980168886820F4404088600798C0
:10C78000C06FB0B1FFE70798C16F41F29130C0F6BA
:10C79000010008650798C06FF7F7A2FD40B1FFE7F9
:10C7A0000799D1F8840040F04000C1F88400FFE709
:10C7B000FFE70798806FB0B1FFE70798816F41F2FC
:10C7C0009130C0F6010008650798806FF7F788FD83
:10C7D00040B1FFE70799D1F8840040F04000C1F86C
:10C7E0008400FFE7FFE707E00799012081F8810057
:10C7F0000798FFF739FEFFE7FFE7FFE708B080BDC6
:10C8000080B586B00490049820B9FFE701208DF828
:10C8100017003AE10498406A08B9FFE7FFE7049976
:10C82000002088620498006843F20001C4F201010C
:10C8300088421BD0FFE70498006843F60001C4F269
:10C840000001884212D0FFE70498006843F60041D7
:10C85000C4F20001884209D0FFE70498C06810289C
:10C8600004D3FFE701208DF817000EE1049804F0CF
:10C87000F7FD02900498006843F20001C4F2010140
:10C88000884216D0FFE70498006843F60001C4F21E
:10C89000000188420DD0FFE70498006843F600418C
:10C8A000C4F20001884204D0FFE7029808281FD88C
:10C8B000FFE70498006843F20001C4F201018842D6
:10C8C00012D0FFE70498006843F60001C4F20001AB
:10C8D000884209D0FFE70498006843F60041C4F29B
:10C8E0000001884208D1FFE70298112804D3FFE72E
:10C8F00001208DF81700C8E0049890F8810040B935
:10C90000FFE70499002081F88000049800F0C4F843
:10C91000FFE70499022081F8810004980168086803
:10C9200020F00100086004980068806800F4F810A6
:10C93000039004988069B0F1806F1BD1FFE70498E1
:10C940004068B0F5800F04D1FFE70498806B50B1C8
:10C95000FFE70498406868B9FFE70498806BB0F17E
:10C96000805F07D1FFE704980168086840F48050B1
:10C970000860FFE7049880794006002810D5FFE79B
:10C980000498C06807280BD3FFE704980068006884
:10C9900020F48070049A1168126D1043086006E05C
:10C9A00004980168086820F480700860FFE7049B21
:10C9B0001968DA68D869D3F828C040EA0C00DDF8B5
:10C9C0000CC040EA0C00DB6B184310438860049AEB
:10C9D0000192506B516A0843916B08439169084377
:10C9E0001168D2F804C09368D2F810E040EA0E0053
:10C9F000D2F814E040EA0E00D2F820E040EA0E003F
:10CA000040EA0C00D2F84CC040EA0C001843936C8A
:10CA10001843926D1043C8600498406898B9FFE7C6
:10CA2000049800688068012161F3CC2004990968AA
:10CA30008860049800688068022161F34A200499A4
:10CA400009688860FFE704980168086D20F001001C
:10CA5000086504988079400600280BD5FFE7049804
:10CA60000068C06820F00040049A1168526D1043BD
:10CA7000C860FFE704990020C1F88400049A0121EE
:10CA800082F881108DF81700FFE79DF8170006B0B7
:10CA900080BD00000000000080B5C0B03F900020C5
:10CAA0003E903D903C903B903A900CA8B821F3F713
:10CAB000ACFF3F98006843F60001C4F200018842D1
:10CAC00040F0C480FFE700200D904FF480510C919E
:10CAD00023900CA8FDF738FB18B1FFE7F6F734FDFB
:10CAE000FFE7FFE744F2E840C5F60200016841F4C1
:10CAF00080410160006800F480400B900B98FFE7D4
:10CB0000FFE744F2E040C5F60200016841F004018D
:10CB10000160006800F004000A900A98FFE7FFE750
:10CB200044F2E040C5F60200016841F002010160F4
:10CB3000006800F0020009900998FFE706203A908B
:10CB4000022003903B90002007903C90032004902B
:10CB50003D90052005903E9040F60000C5F602008D
:10CB60003AA90691FBF740FBDDF80CC0049A059842
:10CB70000699079B4FF4005ECDF8E8E0CDF8ECC0D5
:10CB80003C933D923E9040F20040C5F60200FBF718
:10CB90002BFB079944F6C060C2F200400890402287
:10CBA000C4F202020260272242608160C1604FF439
:10CBB0008062026141618161C1614FF44032026271
:10CBC0004162F8F7CDFF18B1FFE7F6F7BDFCFFE7CC
:10CBD000FFE73F9844F6C061C2F20041C1673F9849
:10CBE0008863FFE744F63870C2F2004002902821C3
:10CBF000C4F20201016028214160402181600021CE
:10CC0000C1604FF48062026141618161C1614FF492
:10CC1000003202624162F8F7A3FF18B1FFE7F6F7AE
:10CC200093FCFFE7FFE73F9844F63871C2F20041FA
:10CC300081673F988863FFE7242001900022114616
:10CC4000FBF79EFD0198FBF78FFDFFE740B080BD2D
:10CC500081B0009001B0704781B0009001B0704782
:10CC600080B590B0DDF848C00E900D910C92ADF8F3
:10CC70002E300E98006820300A900E9800683030F0
:10CC800009900E98C16B012000EB5110ADF8120015
:10CC9000FBF7AAFC0890BDF82E00ADF81600BDF811
:10CCA0002E00ADF814000E9890F88100012804D0F1
:10CCB000FFE702208DF83F0050E30D9838B1FFE701
:10CCC0000C9820B1FFE7BDF82E0020B9FFE7012046
:10CCD0008DF83F0042E3FFE70E9890F880000128AE
:10CCE00004D1FFE702208DF83F0037E30E990120C1
:10CCF00081F88000FFE7FFE70E99052081F88100A9
:10CD00000E990020C1F884000C990E9A5166BDF866
:10CD10002E100E9AA2F86A10BDF82E100E9AA2F8E4
:10CD200068100D990E9AD165BDF82E100E9AA2F8D2
:10CD30006210BDF82E100E9AA2F860100E990867C6
:10CD40000E9948670E980068C06820F4C0200E99BC
:10CD50000968C8600E98006843F20001C4F201013E
:10CD6000884212D0FFE70E98006843F60001C4F233
:10CD70000001884209D0FFE70E98006843F60041A1
:10CD8000C4F20001884203D1FFE71020079002E0BF
:10CD900008200790FFE70E98006840684FF6FF7183
:10CDA0008843BDF82E1008440E99096848600E9813
:10CDB0000168086840F0010008600E984068B0F50E
:10CDC000800F07D1FFE70E980168086840F40070F3
:10CDD0000860FFE70E98C0681028C0F0B580FFE734
:10CDE000079880080790FFE7BDF816100120039010
:10CDF00039B9FFE7BDF81400002818BF01200390DF
:10CE0000FFE70398C007002800F09D80FFE70E9819
:10CE1000006840698007002822D5FFE7BDF81600AA
:10CE2000F0B1FFE7BDF81400BDF81610079A1144E1
:10CE3000884215D2FFE70E980168C06D006808624D
:10CE40000E99C86D0430C8650E99B1F862000138BA
:10CE5000A1F862000E98B0F86200ADF81600FFE786
:10CE60000E98006840690690BDF81400002869D04B
:10CE7000FFE70E9800684069C007B0B1FFE70E9861
:10CE80000068006B0E99496E08600E99486E043078
:10CE900048660E99B1F86A000138A1F86A000E9848
:10CEA000B0F86A00ADF814004BE0BDF81400BDF80E
:10CEB000121088421CDAFFE79DF8190000060028CE
:10CEC00016D5FFE70E980068006B0E99496E086052
:10CED0000E99486E043048660E99B1F86A00013820
:10CEE000A1F86A000E98B0F86A00ADF8140027E0C7
:10CEF000FBF77AFB0899401A1299884204D3FFE79E
:10CF00001298013018B9FFE71298C0B9FFE70E98E0
:10CF100004F0B2F90E99D1F8840040F48070C1F8A1
:10CF200084000E99012081F88100FFE70E9900200E
:10CF300081F88000FFE703208DF83F000EE2FFE755
:10CF4000FFE7FFE750E7DCE10E98C0680828C0F073
:10CF5000DE80FFE7079840080790FFE7BDF816104E
:10CF60000120029039B9FFE7BDF81400002818BF6E
:10CF700001200290FFE70298C007002800F0C68059
:10CF8000FFE70E98006840698007002822D5FFE778
:10CF9000BDF81600F0B1FFE7BDF81400BDF816109B
:10CFA000079A1144884215D2FFE70E98C06D008899
:10CFB0000A9908800E99C86D0230C8650E99B1F8BB
:10CFC00062000138A1F862000E98B0F86200ADF876
:10CFD0001600FFE70E98006840690690BDF814003F
:10CFE000002800F09280FFE70E9800684069C007B3
:10CFF000A8B1FFE7099800880E99496E08800E993C
:10D00000486E023048660E99B1F86A000138A1F8FE
:10D010006A000E98B0F86A00ADF8140074E0BDF82C
:10D020001400BDF81210884224DAFFE79DF81900B9
:10D03000000600281ED5FFE7099800880E99496E62
:10D0400008800E99486E02304866099800880E994B
:10D05000496E08800E99486E023048660E99B1F804
:10D060006A000238A1F86A000E98B0F86A00ADF8BC
:10D07000140048E0BDF8140001281BD1FFE79DF81B
:10D0800019008006002815D5FFE7099800880E9939
:10D09000496E08800E99486E023048660E99B1F8C4
:10D0A0006A000138A1F86A000E98B0F86A00ADF87D
:10D0B000140027E0FBF798FA0899401A1299884261
:10D0C00004D3FFE71298013018B9FFE71298C0B9EE
:10D0D000FFE70E9804F0D0F80E99D1F8840040F4E0
:10D0E0008070C1F884000E99012081F88100FFE76B
:10D0F0000E99002081F88000FFE703208DF83F00A3
:10D100002CE1FFE7FFE7FFE7FFE727E7F8E0FFE7AE
:10D11000BDF816100120019039B9FFE7BDF81400E1
:10D12000002818BF01200190FFE70198C0070028E0
:10D1300000F0E580FFE70E9800684069800700284E
:10D1400023D5FFE7BDF81600F8B1FFE7BDF81400DE
:10D15000BDF81610079A1144884216D2FFE70E98C0
:10D160000168C06D007881F820000E99C86D01300B
:10D17000C8650E99B1F862000138A1F862000E98F6
:10D18000B0F86200ADF81600FFE70E98006840693D
:10D190000690BDF81400002800F0B080FFE70E985C
:10D1A00000684069C007B8B1FFE70E98006890F8C2
:10D1B00030000E99496E08700E99486E013048662D
:10D1C0000E99B1F86A000138A1F86A000E98B0F81B
:10D1D0006A00ADF8140090E0BDF81400BDF812101C
:10D1E00088423EDAFFE79DF819000006002838D58E
:10D1F000FFE70E98006890F830000E99496E0870AD
:10D200000E99486E013048660E98006890F830001C
:10D210000E99496E08700E99486E013048660E9856
:10D22000006890F830000E99496E08700E99486EAB
:10D23000013048660E98006890F830000E99496EEB
:10D2400008700E99486E013048660E99B1F86A0070
:10D250000438A1F86A000E98B0F86A00ADF814001E
:10D260004AE0BDF8140003281DD8FFE79DF8190017
:10D2700010F0600F17D0FFE70E98006890F83000AC
:10D280000E99496E08700E99486E013048660E99E5
:10D29000B1F86A000138A1F86A000E98B0F86A0087
:10D2A000ADF8140027E0FBF79FF90899401A12998E
:10D2B000884204D3FFE71298013018B9FFE71298AB
:10D2C000C0B9FFE70E9803F0D7FF0E99D1F884009C
:10D2D00040F48070C1F884000E99012081F881002B
:10D2E000FFE70E99002081F88000FFE703208DF80A
:10D2F0003F0033E0FFE7FFE7FFE7FFE708E7FFE76F
:10D30000FFE70E98129B08996A46116008210022D7
:10D3100004F08EF940B1FFE70E99D1F8840040F097
:10D320002000C1F88400FFE70E9803F0A5FF0E99D6
:10D33000012081F88100FFE70E99002081F880002C
:10D34000FFE70E98D0F8840020B1FFE701208DF8A8
:10D350003F0003E000208DF83F00FFE79DF83F000D
:10D3600010B080BD0000000080B586B0049003912D
:10D370000292ADF80630049890F88100012804D09C
:10D38000FFE702208DF81700B9E1039838B1FFE7F5
:10D39000029820B1FFE7BDF8060020B9FFE70120A1
:10D3A0008DF81700ABE1FFE7049890F880000128A2
:10D3B00004D1FFE702208DF81700A0E104990120B5
:10D3C00081F88000FFE7FFE70499052081F88100DC
:10D3D00004990020C1F884000399049AD165BDF82E
:10D3E0000610049AA2F86010BDF80610049AA2F87C
:10D3F00062100299049A5166BDF80610049AA2F8C8
:10D400006810BDF80610049AA2F86A10049908671B
:10D410000499486704980068C06820F4C020049903
:10D420000968C86004980168886820F440408860F2
:10D430000498C06810280ED3FFE70498C06F806975
:10D44000B0F5804F28D1FFE70498806F8069B0F570
:10D45000804F21D1FFE70498C068082826D3FFE752
:10D460000498C06F8069B0F5005F07D0FFE70498AB
:10D47000C06F8069B0F5804F0ED1FFE70498806FD0
:10D480008069B0F5005F11D0FFE70498806F806974
:10D49000B0F5804F0AD0FFE7FFE70499002081F83C
:10D4A0008000FFE701208DF8170028E10498C0688C
:10D4B000072841D8FFE70498806F8069B0F5005FC6
:10D4C00009D1FFE70498B0F86200013040080499E0
:10D4D000A1F86200FFE70498806F8069B0F5804F83
:10D4E00009D1FFE70498B0F862000330800804997E
:10D4F000A1F86200FFE70498C06F8069B0F5005F93
:10D5000009D1FFE70498B0F86A0001304008049997
:10D51000A1F86A00FFE70498C06F8069B0F5804FFA
:10D5200009D1FFE70498B0F86A0003308008049935
:10D53000A1F86A00FFE727E00498C0680F2821D807
:10D54000FFE70498806F8069B0F5804F09D1FFE74D
:10D550000498B0F86200013040080499A1F8620014
:10D56000FFE70498C06F8069B0F5804F09D1FFE7ED
:10D570000498B0F86A00013040080499A1F86A00E4
:10D58000FFE700E0FFE7FFE70498C16F41F20140C9
:10D59000C0F6010008640498C16F41F21940C0F65A
:10D5A0000100C8630498C16F41F2C130C0F60100A8
:10D5B000C8640498C16F00200865049B19685A6EFE
:10D5C000D86F3031B3F86A30F8F77AFFA8B1FFE7C7
:10D5D0000499D1F8840040F01000C1F88400049947
:10D5E000012081F88100FFE70499002081F8800084
:10D5F000FFE701208DF8170081E004980168886832
:10D6000040F4804088600498816F00200864049989
:10D61000896FC8630499896F08650498816F41F226
:10D62000C130C0F60100C864049B1A68D96D986FB8
:10D630002032B3F86230F8F743FFC8B1FFE704982F
:10D64000C06FF6F791F90499D1F8840040F010000A
:10D65000C1F884000499012081F88100FFE7049952
:10D66000002081F88000FFE701208DF8170046E0D8
:10D670000498806FC069B0F5807F0AD1FFE70498F5
:10D68000006840684FF6FF71884304990968486054
:10D690000CE00498006840684FF6FF718843BDF8BD
:10D6A00006100844049909684860FFE70498016877
:10D6B000886840F40040886004980168086940F474
:10D6C0005870086104980168086840F0010008601B
:10D6D00004984068B0F5800F07D1FFE7049801680F
:10D6E000086840F400700860FFE7FFE70499002035
:10D6F00081F88000FFE700208DF81700FFE79DF814
:10D70000170006B080BD000081B0009001B07047E6
:10D7100080B584B003900398006843F20001C4F21E
:10D720000101884213D1FFE740F60801C2F200412F
:10D73000029148680989FAF72BFF0299D1F8103154
:10D74000B1F80A2101F10A008A31984739E00398BB
:10D75000006843F60001C4F20001884213D1FFE7DC
:10D7600040F61C11C2F20041019148680989FAF79C
:10D770000FFF0199D1F81031B1F80A2101F10A0027
:10D780008A3198471CE00398006843F60041C4F2D0
:10D790000001884213D1FFE740F63021C2F2004178
:10D7A000009148680989FAF7F3FE0099D1F8103121
:10D7B000B1F80A2101F10A008A319847FFE7FFE733
:10D7C000FFE704B080BD000081B0009001B0704759
:10D7D00082B00190009140F20441C5F60001086852
:10D7E000019A9043009A1043086002B0704700000D
:10D7F00080B582B00190019803F06EFF02B080BD49
:10D8000081B0009001B0704781B0009001B07047C6
:10D8100081B0009001B0704785B003900291FFE79E
:10D82000039890F83C00012804D1FFE702208DF80E
:10D830001300ABE00399012081F83C00FFE7FFE70C
:10D840000399022081F83D00039800684068019028
:10D850000398006880680090039800680021C4F273
:10D860000101884209D0FFE70398006840F20041B7
:10D87000C4F2010188420AD1FFE7019820F4700048
:10D88000019002984168019808430190FFE70198D0
:10D8900020F07000019002980168019808430190FF
:10D8A0000198039909684860039800680021C4F250
:10D8B000010188424ED0FFE703980068B0F1804F25
:10D8C00048D0FFE70398006840F20041C4F200012D
:10D8D00088423FD0FFE70398006840F60001C4F299
:10D8E0000001884236D0FFE70398006840F6004107
:10D8F000C4F2000188422DD0FFE70398006840F28F
:10D900000041C4F20101884224D0FFE70398006877
:10D9100041F60001C4F2000188421BD0FFE70398E2
:10D92000006844F20001C4F20101884212D0FFE70E
:10D93000039800684EF20001C4F20001884209D049
:10D94000FFE7039800684EF20041C4F200018842EC
:10D950000ED1FFE7009820F08000009002988168C7
:10D960000098084300900098039909688860FFE7D1
:10D970000399012081F83D00FFE70399002081F819
:10D980003C00FFE700208DF81300FFE79DF813002F
:10D9900005B070470000000080B582B0009000988C
:10D9A00020B9FFE701208DF8070045E0009890F8C6
:10D9B0003D0040B9FFE70099002081F83C00009845
:10D9C00000F03EF8FFE70099022081F83D00009941
:10D9D00051F8040B03F0CCFF0099012081F84800B6
:10D9E000FFE70099012081F83E00009981F83F008F
:10D9F000009981F84000009981F84100009981F870
:10DA00004200009981F84300FFE7FFE700990120F9
:10DA100081F84400009981F84500009981F846009A
:10DA2000009981F84700FFE70099012081F83D0047
:10DA300000208DF80700FFE79DF8070002B080BDC9
:10DA400080B586B005900598006840F20041C4F2A8
:10DA50000001884210D1FFE7FFE744F2E840C5F635
:10DA60000200016841F002010160006800F002005C
:10DA700004900498FFE745E00598006840F600012F
:10DA8000C4F20001884219D1FFE7FFE744F2E84001
:10DA9000C5F60200016841F004010160006800F071
:10DAA000040003900398FFE71E200190022100224A
:10DAB000FAF766FE0198FAF757FE22E0059800682B
:10DAC00040F60041C4F20001884219D1FFE7FFE7A8
:10DAD00044F2E840C5F60200016841F00801016027
:10DAE000006800F0080002900298FFE732200090E2
:10DAF00001210022FAF744FE0098FAF735FEFFE70D
:10DB0000FFE7FFE706B080BD83B00190019890F871
:10DB10003D00012804D0FFE701208DF80B0083E0D1
:10DB20000199022081F83D0001980168C86840F021
:10DB30000100C860019800680021C4F20101884218
:10DB40004ED0FFE701980068B0F1804F48D0FFE762
:10DB50000198006840F20041C4F2000188423FD0C1
:10DB6000FFE70198006840F60001C4F20001884216
:10DB700036D0FFE70198006840F60041C4F200018A
:10DB800088422DD0FFE70198006840F20041C4F2BE
:10DB90000101884224D0FFE70198006841F60001A6
:10DBA000C4F2000188421BD0FFE70198006844F2EC
:10DBB0000001C4F20101884212D0FFE70198006819
:10DBC0004EF20001C4F20001884209D0FFE701983B
:10DBD00000684EF20041C4F20001884219D1FFE70B
:10DBE0000198006880680721C0F201010840009098
:10DBF000009806280CD0FFE70098B0F5803F07D0CA
:10DC0000FFE701980168086840F001000860FFE73D
:10DC100006E001980168086840F001000860FFE72D
:10DC200000208DF80B00FFE79DF80B0003B0704754
:10DC300080B586B00490039100208DF80B00FFE7BB
:10DC4000049890F83C00012804D1FFE702208DF8E9
:10DC50001700D1E00499012081F83C00FFE7FFE7BD
:10DC60000499022081F83D000498006880680190C2
:10DC700001984FF68871CFF6CE7108400190019857
:10DC800020F47F4001900198049909688860039806
:10DC900000680090002800F09580FFE700981028A9
:10DCA00000F09080FFE70098202800F08B80FFE7CD
:10DCB0000098302800F08680FFE70098402874D054
:10DCC000FFE70098502856D0FFE7009860285FD003
:10DCD000FFE7009870282AD0FFE70098B0F5805F32
:10DCE00024D0FFE70098B0F5005F35D0FFE700983B
:10DCF000B0F5801F66D0FFE70098B0F1101F61D02B
:10DD0000FFE700982021C0F2100188425AD0FFE7B7
:10DD100000983021C0F21001884253D0FFE70098EC
:10DD20004021C0F2100188424CD052E055E00498E6
:10DD30000068039B5A689968DB6803F0C5FF049884
:10DD4000006880680190019840F077000190019888
:10DD500004990968886040E004980068039B5A6849
:10DD60009968DB6803F0B0FF04980168886840F4A4
:10DD70008040886031E004980068039A5168D26856
:10DD800004F0CAFB04980068502103F0B9FF24E0B6
:10DD900004980068039A5168D26804F0E5FB04987F
:10DDA0000068602103F0ACFF17E004980068039A54
:10DDB0005168D26804F0B0FB04980068402103F079
:10DDC0009FFF0AE0049800680399096803F098FF30
:10DDD00003E001208DF80B00FFE70499012081F892
:10DDE0003D00FFE70499002081F83C00FFE79DF823
:10DDF0000B008DF81700FFE79DF8170006B080BDF7
:10DE000081B0009001B0704780B584B00390039852
:10DE10000068C068029003980068006901909DF84E
:10DE200004008007002824D5FFE79DF8080080073C
:10DE300000281DD5FFE7039801686FF00200086114
:10DE4000039901200877039800688069800720B152
:10DE5000FFE70398FFF7D4FF06E0039800F030F9DE
:10DE6000039800F061FAFFE7039900200877FFE7C5
:10DE7000FFE79DF804004007002825D5FFE79DF83F
:10DE80000800400700281ED5FFE7039801686FF0DF
:10DE900004000861039902200877039800688069EC
:10DEA00010F4407F04D0FFE70398FFF7A9FF06E0D6
:10DEB000039800F005F9039800F036FAFFE703999C
:10DEC00000200877FFE7FFE79DF80400000700281F
:10DED00024D5FFE79DF80800000700281DD5FFE7BF
:10DEE000039801686FF0080008610399042008771F
:10DEF00003980068C069800720B1FFE70398FFF727
:10DF00007FFF06E0039800F0DBF8039800F00CFABE
:10DF1000FFE7039900200877FFE7FFE79DF804007B
:10DF2000C006002825D5FFE79DF80800C006002898
:10DF30001ED5FFE7039801686FF010000861039990
:10DF40000820087703980068C06910F4407F04D067
:10DF5000FFE70398FFF754FF06E0039800F0B0F8DE
:10DF6000039800F0E1F9FFE7039900200877FFE745
:10DF7000FFE79DF80400C00778B1FFE79DF80800AF
:10DF8000C00748B1FFE7039801686FF0010008611E
:10DF9000039800F021FBFFE7FFE7019800F0800005
:10DFA000802806D0FFE79DF805008006002810D5E0
:10DFB000FFE79DF808000006002809D5FFE7039851
:10DFC00001686FF4025008610398FFF71DFCFFE73A
:10DFD000FFE79DF80500C00780B1FFE79DF8080046
:10DFE0000006002809D5FFE7039801686FF48070E8
:10DFF00008610398FFF704FCFFE7FFE79DF80400C2
:10E000004006002810D5FFE79DF8080040060028CC
:10E0100009D5FFE7039801686FF040000861039895
:10E0200000F062FBFFE7FFE79DF804008006002890
:10E0300010D5FFE79DF808008006002809D5FFE706
:10E04000039801686FF0200008610398FFF7E0FB78
:10E05000FFE7FFE704B080BD80B588B007900020DF
:10E06000069005900490039002900798006840F293
:10E070000041C4F2000188421ED1FFE7FFE744F2ED
:10E08000E040C5F60200016841F00201016000684D
:10E0900000F0020001900198FFE702200290039037
:10E0A000002104910591069040F20040C5F602005F
:10E0B00002A9FAF799F8FFE708B080BD0000000058
:10E0C00081B0009001B0704780B586B00490039194
:10E0D000029200208DF80700FFE7049890F83C00BA
:10E0E000012804D1FFE702208DF81700C0E0049951
:10E0F000012081F83C00FFE7FFE702980090142818
:10E1000000F2A7800099DFE801F00BA4A4A424A4E6
:10E11000A4A43EA4A4A457A4A4A471A4A4A48A0063
:10E1200004980068039903F09BFE049801688869CD
:10E1300040F00800886104980168886920F00400B4
:10E1400088610398026904980168886910438861AE
:10E1500083E004980068039903F02AFF049801689B
:10E16000886940F40060886104980168886920F437
:10E17000806088610398026904980168886940EAB0
:10E180000220886169E004980068039903F0C8FFE1
:10E1900004980168C86940F00800C86104980168E3
:10E1A000C86920F00400C8610398026904980168F6
:10E1B000C8691043C86150E004980068039904F0EE
:10E1C00067F804980168C86940F40060C861049861
:10E1D0000168C86920F48060C861039802690498E6
:10E1E0000168C86940EA0220C86136E00498006806
:10E1F000039904F0BDF804980168486D40F00800E8
:10E20000486504980168486D20F00400486503984B
:10E21000026904980168486D104348651DE0049840
:10E220000068039904F00CF904980168486D40F403
:10E230000060486504980168486D20F48060486576
:10E240000398026904980168486D40EA0220486515
:10E2500003E001208DF80700FFE7FFE704990020A5
:10E2600081F83C00FFE79DF807008DF81700FFE7F5
:10E270009DF8170006B080BD80B582B00090009870
:10E2800020B9FFE701208DF8070045E0009890F8DD
:10E290003D0040B9FFE70099002081F83C0000985C
:10E2A00000F03EF8FFE70099022081F83D00009958
:10E2B00051F8040B03F05CFB0099012081F8480041
:10E2C000FFE70099012081F83E00009981F83F00A6
:10E2D000009981F84000009981F84100009981F887
:10E2E0004200009981F84300FFE7FFE70099012011
:10E2F00081F84400009981F84500009981F84600B2
:10E30000009981F84700FFE70099012081F83D005E
:10E3100000208DF80700FFE79DF8070002B080BDE0
:10E3200081B0009001B0704781B0009001B070479B
:10E3300080B590B00E900D910D9828B9FFE70E981A
:10E3400090F83E000B9034E00D98042805D1FFE7CB
:10E350000E9890F83F000A9028E00D98082805D103
:10E36000FFE70E9890F8400009901CE00D980C28EB
:10E3700005D1FFE70E9890F84100089010E00D9845
:10E38000102805D1FFE70E9890F84200079004E0AE
:10E390000E9890F843000790FFE707980890FFE772
:10E3A00008980990FFE709980A90FFE70A980B90F0
:10E3B000FFE70B98012804D0FFE701208DF83F000C
:10E3C00003E10D9828B9FFE70E99022081F83E007D
:10E3D00038E00D98042806D1FFE70E99022081F855
:10E3E0003F0006902CE00D98082806D1FFE70E9913
:10E3F000022081F8400005901FE00D980C2806D1FE
:10E40000FFE70E99022081F84100049012E00D9878
:10E41000102806D1FFE70E99022081F842000390F0
:10E4200005E00E99022081F843000390FFE703986E
:10E430000490FFE704980590FFE705980690FFE732
:10E440000698FFE70E9800680D990122019203F0EB
:10E450001FFC01980E9909680022C4F20102914242
:10E4600002902DD0FFE70E980168012040F2004293
:10E47000C4F201029142029022D0FFE70E98016897
:10E48000012044F20002C4F201029142029017D02E
:10E49000FFE70E980168012044F20042C4F2010235
:10E4A000914202900CD0FFE70E9800684BF60001F5
:10E4B000CBF6FE710844B0FA80F040090290FFE705
:10E4C0000298C00738B1FFE70E980168486C40F425
:10E4D00000404864FFE70E9800680021C4F2010183
:10E4E00088424ED0FFE70E980068B0F1804F48D0C8
:10E4F000FFE70E98006840F20041C4F20001884234
:10E500003FD0FFE70E98006840F60001C4F200011A
:10E51000884236D0FFE70E98006840F60041C4F20A
:10E52000000188422DD0FFE70E98006840F20041BC
:10E53000C4F20101884224D0FFE70E98006841F63A
:10E540000001C4F2000188421BD0FFE70E9800686A
:10E5500044F20001C4F20101884212D0FFE70E9894
:10E5600000684EF20001C4F20001884209D0FFE7C2
:10E570000E9800684EF20041C4F20001884219D1A1
:10E58000FFE70E98006880680721C0F2010108408B
:10E590000C900C9806280CD0FFE70C98B0F5803F43
:10E5A00007D0FFE70E980168086840F00100086096
:10E5B000FFE706E00E980168086840F00100086077
:10E5C000FFE700208DF83F00FFE79DF83F0010B007
:10E5D00080BD00000000000080B582B0019001986D
:10E5E00000680021C4F20101884207D1FFE740F62C
:10E5F0004C30C2F200404068804773E001980068E8
:10E60000B0F1804F07D1FFE740F65430C2F200402E
:10E610004068804765E00198006840F20041C4F21C
:10E620000001884207D1FFE740F65C30C2F20040AB
:10E630004068804754E00198006840F60001C4F249
:10E640000001884207D1FFE740F66430C2F2004083
:10E650004068804743E00198006840F60041C4F2FA
:10E660000001884207D1FFE740F66C30C2F200405B
:10E670004068804732E00198006841F20001C4F22E
:10E680000001884207D1FFE740F67430C2F2004033
:10E690004068804721E00198006841F20041C4F2DF
:10E6A0000001884207D1FFE740F67C30C2F200400B
:10E6B0004068804710E00198006840F20041C4F2D1
:10E6C0000101884207D1FFE740F68430C2F20040E2
:10E6D00040688047FFE7FFE7FFE7FFE7FFE7FFE767
:10E6E000FFE7FFE702B080BD81B0009001B0704746
:10E6F00083B00190FFE7019890F88400012804D1CD
:10E70000FFE702208DF80B002CE00199012081F831
:10E710008400FFE7FFE701992420C1F888000198F1
:10E7200000680068009001980168086820F0010006
:10E730000860009820F00050009001990020486681
:10E74000009801990968086001992020C1F88800A3
:10E75000FFE70199002081F88400FFE700208DF891
:10E760000B00FFE79DF80B0003B0704700000000AE
:10E7700080B586B004900391ADF80A200498D0F8D3
:10E780008C00202844D1FFE7039820B1FFE7BDF8B3
:10E790000A0020B9FFE701208DF817003CE004993A
:10E7A0000120C86604990020086704980399BDF801
:10E7B0000A2005F011FA8DF809009DF8090010BB38
:10E7C000FFE70498C06E012818D1FFE7049801689C
:10E7D00010200862FFE7FFE70498006850E8000F88
:10E7E00040F010000190FFE701990498026842E8A8
:10E7F00000100028F0D1FFE7FFE703E001208DF8CB
:10E800000900FFE7FFE79DF809008DF8170003E016
:10E8100002208DF81700FFE79DF8170006B080BDB5
:10E8200080B58AB00990ADF822100998006841F2CD
:10E830000001C4F2010188422FD1FFE7BDF8220098
:10E8400040F69C41C2F200410791A1F808010998E5
:10E85000B1F804215200843192B2FFF789FF079981
:10E86000B1F80801B1F8041188420BDCFFE740F66B
:10E870009C40C2F20040D0F80C21BDF82210843038
:10E88000904709E040F69C40C2F20040B0F8041105
:10E890008430F2F7BAF8FFE725E10998006844F2FE
:10E8A0000041C4F2000188422DD1FFE7BDF82200EB
:10E8B00040F6AC51C2F200410691A1F80801099856
:10E8C000B1F804218431FFF753FF0699B1F808012C
:10E8D000B1F8041188420BDCFFE740F6AC50C2F2FD
:10E8E0000040D0F80C21BDF822108430904709E098
:10E8F00040F6AC50C2F20040B0F804118430F2F798
:10E9000084F8FFE7EEE00998006845F20001C4F2E0
:10E910000001884225D1FFE7BDF8220041F2DC0169
:10E92000C2F200410591A1F808010998B1F804214B
:10E930005200843192B2FFF71BFF0599B1F808012C
:10E94000B1F8041188420BDCFFE741F2DC00C2F2AF
:10E950000040D0F80C21BDF8221084309047FFE72A
:10E96000BFE00998006847F60001C4F20001884240
:10E970002FD1FFE7BDF8220041F2FC21C2F2004195
:10E980000491A1F808010998B1F8042152008431DA
:10E9900092B2FFF7EDFE0499B1F80801B1F8041145
:10E9A00088420BDCFFE741F2FC20C2F20040D0F8C5
:10E9B0000C21BDF822108430904709E041F2FC2080
:10E9C000C2F20040B0F804118430F2F71EF8FFE7FD
:10E9D00086E00998006847F60041C4F200018842C9
:10E9E00023D1FFE7BDF8220041F20C41C2F2004101
:10E9F0000391A1F808010998B1F804218431FFF7C7
:10EA0000B7FE0399B1F80801B1F8041188420BDC94
:10EA1000FFE741F20C40C2F20040D0F80C21BDF8F3
:10EA2000221084309047FFE759E00998006841F6CA
:10EA30000001C4F20101884223D1FFE7BDF82200A2
:10EA400041F21C51C2F200410291A1F8080109985B
:10EA5000B1F804218431FFF78BFE0299B1F8080167
:10EA6000B1F8041188420BDCFFE741F21C50C2F2FE
:10EA70000040D0F80C21BDF8221084309047FFE709
:10EA80002CE00998006841F60041C4F20101884277
:10EA900023D1FFE7BDF8220040F68C31C2F20041DD
:10EAA0000191A1F808010998B1F804218431FFF718
:10EAB0005FFE0199B1F80801B1F8041188420BDC3E
:10EAC000FFE740F68C30C2F20040D0F80C21BDF8D0
:10EAD000221084309047FFE7FFE7FFE7FFE7FFE7FB
:10EAE000FFE7FFE7FFE70AB080BD0000000000007D
:10EAF00081B0009001B0704780B584B00290019160
:10EB0000FFE7029890F88400012804D1FFE7022073
:10EB10008DF80F0032E00299012081F88400FFE7B0
:10EB2000FFE702992420C1F8880002980068006875
:10EB3000009002980168086820F0010008600298BF
:10EB40000068806820F060600199084302990968B4
:10EB50008860029803F0ECFD00980299096808604B
:10EB600002992020C1F88800FFE70299002081F86F
:10EB70008400FFE700208DF80F00FFE79DF80F00ED
:10EB800004B080BD0000000080B584B00290019107
:10EB9000FFE7029890F88400012804D1FFE70220E3
:10EBA0008DF80F0032E00299012081F88400FFE720
:10EBB000FFE702992420C1F88800029800680068E5
:10EBC000009002980168086820F00100086002982F
:10EBD0000068806820F06040019908430299096844
:10EBE0008860029803F0A4FD009802990968086003
:10EBF00002992020C1F88800FFE70299002081F8DF
:10EC00008400FFE700208DF80F00FFE79DF80F005C
:10EC100004B080BD0000000081B0009001B07047DA
:10EC200081B0009001B0704781B0009000980068FA
:10EC300045F20001C4F20001884201D1FFE7FFE77D
:10EC400001B070470000000080B592B0119011989B
:10EC50000068C06910901198006800680F901198C2
:10EC6000006880680E90109840F60F0108400D90E3
:10EC70000D98E0B9FFE79DF840008006002815D503
:10EC8000FFE79DF83C008006002806D4FFE79DF8CA
:10EC90003B00C006002809D5FFE71198406F20B15E
:10ECA000FFE71198416F8847FFE74AE3FFE70D98B8
:10ECB000002800F00C81FFE70E980121C1F200014D
:10ECC000084209D1FFE70F9840F22011C0F200413D
:10ECD000084200F0FC80FFE79DF84000C00788B1C3
:10ECE000FFE79DF83D00C00760B1FFE7119801689C
:10ECF000012008621199D1F8900040F00100C1F89C
:10ED00009000FFE79DF840008007002811D5FFE73D
:10ED10009DF83800C00760B1FFE711980168022034
:10ED200008621199D1F8900040F00400C1F89000F9
:10ED3000FFE79DF840004007002811D5FFE79DF848
:10ED40003800C00760B1FFE711980168042008622D
:10ED50001199D1F8900040F00200C1F89000FFE74F
:10ED60009DF840000007002819D5FFE79DF83C00FA
:10ED70008006002807D4FFE70E980121C1F20001A8
:10ED800008420CD0FFE71198016808200862119929
:10ED9000D1F8900040F00800C1F89000FFE79DF81E
:10EDA00041000007002813D5FFE79DF83F0040070A
:10EDB00000280DD5FFE7119801684FF40060086244
:10EDC0001199D1F8900040F02000C1F89000FFE7C1
:10EDD0001198D0F89000002878D0FFE79DF8400007
:10EDE0008006002815D5FFE79DF83C008006002826
:10EDF00006D4FFE79DF83B00C006002809D5FFE7D1
:10EE00001198406F20B1FFE71198416F8847FFE7E5
:10EE1000FFE71198D0F890000C9011980068806876
:10EE200000F04000402806D0FFE79DF8300010F0C9
:10EE3000280F42D0FFE7119803F03AFF11980068BD
:10EE400080684006002833D5FFE7FFE7FFE7119809
:10EE5000006850E8020F20F040000B90FFE70B998C
:10EE60001198026842E802100028F0D1FFE7FFE79E
:10EE70001198D0F88000B0B1FFE71198D0F8801059
:10EE800042F64920C0F6010008651198D0F88000CC
:10EE9000F5F726FA30B1FFE71198D0F88000016D40
:10EEA0008847FFE703E01198FFF7BEFEFFE703E0A6
:10EEB0001198FFF7B9FEFFE707E01198FFF7B4FEDE
:10EEC00011990020C1F89000FFE7FFE739E211989F
:10EED000C06E012840F0D681FFE79DF84000C006D3
:10EEE000002840F1CF81FFE79DF83C00C0060028D4
:10EEF00040F1C881FFE7119801681020086211985D
:10EF0000006880684006002840F15A81FFE71198A8
:10EF1000D0F8800000681021C4F20201884200F09D
:10EF2000A280FFE71198D0F8800000682821C4F281
:10EF30000201884200F09780FFE71198D0F8800026
:10EF400000684021C4F20201884200F08C80FFE793
:10EF50001198D0F8800000685821C4F2020188425C
:10EF600000F08180FFE71198D0F8800000687021E0
:10EF7000C4F20201884276D0FFE71198D0F88000F1
:10EF800000688821C4F2020188426CD0FFE7119822
:10EF9000D0F880000068A021C4F20201884262D04B
:10EFA000FFE71198D0F880000068B821C4F2020190
:10EFB000884258D0FFE71198D0F88000006840F2EE
:10EFC0001041C4F2020188424DD0FFE71198D0F8F9
:10EFD0008000006840F22841C4F20201884242D019
:10EFE000FFE71198D0F88000006840F24041C4F279
:10EFF0000201884237D0FFE71198D0F880000068FE
:10F0000040F25841C4F2020188422CD0FFE7119827
:10F01000D0F88000006840F27041C4F202018842DA
:10F0200021D0FFE71198D0F88000006840F28841B5
:10F03000C4F20201884216D0FFE71198D0F8800090
:10F04000006840F2A041C4F2020188420BD0FFE701
:10F050001198D0F88000006840F2B841C4F2020173
:10F06000884207D1FFE71198D0F880000068406817
:10F07000019006E01198D0F8800000684068019087
:10F08000FFE70198ADF82A00BDF82A0000287BD0E0
:10F09000FFE7BDF82A001199B1F85C10884273DAD5
:10F0A000FFE7BDF82A001199A1F85E001198D0F889
:10F0B0008000C069B0F5807F59D0FFE7FFE7FFE728
:10F0C0001198006850E8000F20F480700990FFE765
:10F0D00009991198026842E800100028F0D1FFE772
:10F0E000FFE7FFE7FFE71198006850E8020F20F004
:10F0F00001000890FFE708991198026842E80210A1
:10F100000028F0D1FFE7FFE7FFE7FFE7119800686D
:10F1100050E8020F20F040000790FFE70799119890
:10F12000026842E802100028F0D1FFE7FFE71199DA
:10F130002020C1F88C0011990020C866FFE7FFE786
:10F140001198006850E8000F20F010000690FFE7CB
:10F1500006991198026842E800100028F0D1FFE7F4
:10F16000FFE71198D0F88000F4F7FEFBFFE7119954
:10F17000022008671198B0F85C10B0F85E20891A78
:10F1800089B2FFF74DFB1AE0BDF82A001199B1F8DA
:10F190005C10884212D1FFE71198D0F88000C06956
:10F1A000B0F5807F09D1FFE7119902200867119817
:10F1B000B0F85C10FFF734FBFFE7FFE7FFE7C0E0C4
:10F1C0001199B1F85C00B1F85E10401AADF8160064
:10F1D0001198B0F85E00002853D0FFE7BDF8160084
:10F1E00000284ED0FFE7FFE7FFE71198006850E8DE
:10F1F000000F20F490700490FFE7049911980268C2
:10F2000042E800100028F0D1FFE7FFE7FFE7FFE743
:10F210001198006850E8020F4FF6FE71CEF6FF71AC
:10F2200008400390FFE703991198026842E8021032
:10F230000028EDD1FFE7FFE711992020C1F88C00ED
:10F2400011990020C86611994867FFE7FFE71198F8
:10F25000006850E8000F20F010000290FFE70299CC
:10F260001198026842E800100028F0D1FFE7FFE79C
:10F270001199022008671198BDF81610FFF7D0FA0F
:10F28000FFE75EE09DF84200C00600280FD5FFE7CB
:10F290009DF83A004006002809D5FFE7119801685B
:10F2A0004FF4801008621198FFF7BAFC49E09DF80E
:10F2B00040000006002815D5FFE79DF83C00000639
:10F2C000002806D4FFE79DF83A000006002809D57B
:10F2D000FFE71198806F20B1FFE71198816F884791
:10F2E000FFE72EE09DF84000400600280AD5FFE722
:10F2F0009DF83C004006002804D5FFE7119803F074
:10F3000027FD1EE09DF84200000600280AD5FFE711
:10F310009DF83F004006002804D5FFE71198FFF74D
:10F320007BFC0EE09DF84300C00750B1FFE79DF85D
:10F330003F000006002804D5FFE71198FFF7D8FB2F
:10F34000FFE712B080BD000080B582B00090009849
:10F3500020B9FFE701208DF8070046E0009880699A
:10F3600008B1FFE700E0FFE70098D0F8880040B957
:10F37000FFE70099002081F88400009800F03CF835
:10F38000FFE700992420C1F8880000980168086808
:10F3900020F0010008600098806A20B1FFE7009823
:10F3A00003F00AFAFFE7009803F0EEFE012804D10B
:10F3B000FFE701208DF8070017E000980168486812
:10F3C00020F49040486000980168886820F02A0086
:10F3D000886000980168086840F0010008600098A3
:10F3E00003F08EFA8DF80700FFE79DF8070002B0E2
:10F3F00080BD00000000000080B5E2B061900020F8
:10F4000060905F905E905D905C902EA8B821F1F7BF
:10F41000FCFA6198006845F20001C4F200018842DC
:10F4200040F09880FFE700202F9002212E914B9012
:10F430002EA8FAF789FE18B1FFE7F4F785F8FFE781
:10F44000FFE744F2E840C5F60200016841F480118C
:10F450000160006800F480102D902D98FFE7FFE711
:10F4600044F2E040C5F60200016841F00401016089
:10F47000006800F004002C902C98FFE7FFE744F2AE
:10F48000E040C5F60200016841F008010160006833
:10F4900000F008002B902B98FFE74FF480505C9011
:10F4A00002201A905D9000201D905E905F900820D1
:10F4B0001B90609040F60000C5F602005CA91C910C
:10F4C000F8F792FE1A9B1B981C991D9A4FF0040C9A
:10F4D000CDF870C15D935E925F92609040F60040FF
:10F4E000C5F60200F8F780FE1D9944F6B070C2F22E
:10F4F00000401E901022C4F20202026041224260CB
:10F500008160C1604FF480620261416181614FF4AA
:10F510008072C2614FF4403202624162F6F720FB12
:10F5200018B1FFE7F4F710F8FFE7FFE7619844F63A
:10F53000B071C2F20041C0F8801061988863FFE7A3
:10F540003520199000221146F9F71AF91998F9F7A0
:10F550000BF976E36198006847F60001C4F20001F8
:10F56000884271D1FFE700202F9002212E914B900D
:10F570002EA8FAF7E9FD18B1FFE7F3F7E5FFFFE77B
:10F58000FFE744F2E840C5F60200016841F080411F
:10F590000160006800F080402A902A98FFE7FFE7AA
:10F5A00044F2E040C5F60200016841F0100101603C
:10F5B000006800F0100029902998FFE74FF4C07010
:10F5C0005C9002205D90002017905E905F90072075
:10F5D000609041F20000C5F602005CA9F8F704FE55
:10F5E000179945F22800C2F2004018908822C4F210
:10F5F000020202604F2242608160C1604FF480626B
:10F600000261416181614FF48072C26101624162B5
:10F61000F6F7A6FA18B1FFE7F3F796FFFFE7FFE763
:10F62000619845F22801C2F20041C0F8801061984B
:10F630008863FFE75220169001221146F9F7A0F8DF
:10F640001698F9F791F8FBE26198006847F60041D7
:10F65000C4F20001884240F09980FFE700202F901B
:10F6600002212E914B902EA8FAF76EFD18B1FFE7FC
:10F67000F3F76AFFFFE7FFE744F2E840C5F6020050
:10F68000016841F000410160006800F000402890EE
:10F690002898FFE7FFE744F2E040C5F60200016862
:10F6A00041F010010160006800F0100027902798D9
:10F6B000FFE703205C9002205D90002014905E9094
:10F6C0005F900820609041F20000C5F602005CA93E
:10F6D000F8F78AFD149945F2A000C2F20040159097
:10F6E000A022C4F202020260512242608160C16025
:10F6F0004FF480620261416181614FF48072C261A6
:10F7000001624162F6F72CFA18B1FFE7F3F71CFF2C
:10F71000FFE7FFE7619845F2A001C2F20041C0F89F
:10F72000801061988863FFE745F21810C2F200402C
:10F730001390B821C4F202010160522141604021BE
:10F7400081600021C1604FF480620261416181618A
:10F75000C16101624162F6F703FA18B1FFE7F3F7FE
:10F76000F3FEFFE7FFE7619845F21811C2F200418E
:10F77000C16761988863FFE7532012900022114609
:10F78000F8F7FEFF1298F8F7EFFF58E2619800686B
:10F7900041F60001C4F20101884240F09C80FFE77D
:10F7A00000202F9001212E914C902EA8FAF7CCFC2E
:10F7B00018B1FFE7F3F7C8FEFFE7FFE744F2F040B8
:10F7C000C5F60200016841F040010160006800F0E8
:10F7D000400026902698FFE7FFE744F2E040C5F698
:10F7E0000200016841F008010160006800F00800B3
:10F7F00025902598FFE74FF440405C9002205D90F3
:10F80000002010905E905F900B20609040F60040CA
:10F81000C5F602005CA9F8F7E7FC109945F29010D4
:10F82000C2F20040119040F21042C4F202020260A3
:10F83000742242608160C1604FF480620261416164
:10F8400081614FF48072C26101624162F6F788F90A
:10F8500018B1FFE7F3F778FEFFE7FFE7619845F29D
:10F860009011C2F20041C0F8801061988863FFE7F0
:10F8700045F20820C2F200400F9040F22841C4F245
:10F880000201016075214160402181600021C16059
:10F890004FF48062026141618161C1610162416234
:10F8A000F6F75EF918B1FFE7F3F74EFEFFE7FFE763
:10F8B000619845F20821C2F20041C16761988863EE
:10F8C000FFE79B200E9000221146F8F759FF0E9893
:10F8D000F8F74AFFB2E16198006841F20001C4F212
:10F8E0000101884270D1FFE700202F9001212E9165
:10F8F0004C902EA8FAF728FC18B1FFE7F3F724FE86
:10F90000FFE7FFE744F2F040C5F60200016841F06E
:10F9100010010160006800F0100024902498FFE7B7
:10F92000FFE744F2E040C5F60200016841F0010142
:10F930000160006800F0010023902398FFE74FF476
:10F94000C0605C9002205D9000200C905E905F9003
:10F95000072060900020C5F602005CA9F8F744FC7F
:10F960000C9945F2F820C2F200400D907022C4F2CA
:10F9700002020260292242608160C1604FF480620D
:10F980000261416181614FF48072C2610162416232
:10F99000F6F7E6F818B1FFE7F3F7D6FDFFE7FFE764
:10F9A000619845F2F821C2F20041C0F880106198D8
:10F9B0008863FFE725200B9001221146F8F7E0FE4F
:10F9C0000B98F8F7D1FE38E16198006844F20041E5
:10F9D000C4F20001884240F09D80FFE700202F9094
:10F9E00002212E914B902EA8FAF7AEFB18B1FFE73B
:10F9F000F3F7AAFDFFE7FFE744F2E840C5F602008F
:10FA0000016841F400310160006800F40030229088
:10FA10002298FFE7FFE744F2E040C5F602000168E4
:10FA200041F008010160006800F008002190219871
:10FA3000FFE770205C9002205D90002009905E90AE
:10FA40005F900720609040F60040C5F602005CA978
:10FA5000F8F7CAFB099945F27030C2F200400A90EB
:10FA600040F24042C4F2020202602B2242608160F6
:10FA7000C1604FF48062026141618161C1614FF4F4
:10FA8000003202624162F6F76BF818B1FFE7F3F754
:10FA90005BFDFFE7FFE7619845F27031C2F200417C
:10FAA000C0F8801061988863FFE745F2E830C2F241
:10FAB0000040089040F25841C4F2020101602C213C
:10FAC0004160402181600021C1604FF48062026189
:10FAD00041618161C1614FF4003202624162F6F717
:10FAE0003FF818B1FFE7F3F72FFDFFE7FFE7619855
:10FAF00045F2E831C2F20041C16761988863FFE7CF
:10FB00002620079001210022F8F73AFE0798F8F71F
:10FB10002BFE91E06198006841F60041C4F20101BA
:10FB2000884240F08880FFE700202F9001212E912D
:10FB30004C902EA8FAF708FB18B1FFE7F3F704FD85
:10FB4000FFE7FFE744F2F040C5F60200016841F02C
:10FB500080010160006800F0800020902098FFE79D
:10FB6000FFE744F2E040C5F60200016841F01001F1
:10FB70000160006800F010001F901F98FFE704204C
:10FB800004905C90022101915D91002105915E91AC
:10FB90005F91609041F20000C5F6020002905CA9FE
:10FBA0000391F8F721FB019B02980399059A4FF006
:10FBB000080CCDF870C15D935E925F920B2260924B
:10FBC000F8F712FB049A059945F28020C2F2004032
:10FBD00006905823C4F202030360762343608160D9
:10FBE000C1604FF480630361416181614FF48073B0
:10FBF000C3610162426203228262C1620163F5F75E
:10FC0000AFFF18B1FFE7F3F79FFCFFE7FFE761984D
:10FC100045F28021C2F20041C0F8801061988863EB
:10FC2000FFE79C20009000221146F8F7A9FD0098FC
:10FC3000F8F79AFDFFE7FFE7FFE7FFE7FFE7FFE7DA
:10FC4000FFE762B080BD000080B582B001900198EE
:10FC5000006841F20001C4F20101884219D1FFE7B6
:10FC600040F69C41C2F200411C20A1F80801B1F805
:10FC70000801B1F8041188420ADCFFE740F69C4015
:10FC8000C2F20040D0F80C2184301C219047FFE7DD
:10FC900016E00198006844F20041C4F20001884275
:10FCA0000DD1FFE7019840F6AC51C2F20041B1F826
:10FCB00004215200843192B2FEF75AFDFFE7FFE7BC
:10FCC00002B080BD0000000081B0009001B070471C
:10FCD00080B58AB008900791ADF81A20059308986E
:10FCE000D0F88800202840F08780FFE7079820B1EF
:10FCF000FFE7BDF81A0020B9FFE701208DF82700C3
:10FD00007EE008990020C1F8900008992120C1F8F0
:10FD10008800F8F769FC0290BDF81A000899A1F86C
:10FD20005400BDF81A000899A1F856000898806898
:10FD3000B0F5805F09D1FFE70898006928B9FFE7AF
:10FD4000002004900798039004E007980490002096
:10FD50000390FFE7FFE70898B0F8560088B3FFE785
:10FD60000898029B05996A4611608021002203F0E1
:10FD7000CBFF40B1FFE708992020C1F8880003209D
:10FD80008DF827003CE0049858B9FFE703980088F5
:10FD90006FF35F2008990968886203980230039026
:10FDA00008E004980078089909688862049801308E
:10FDB0000490FFE70899B1F856000138A1F8560001
:10FDC000C9E70898029B05996A4611604021002204
:10FDD00003F09AFF40B1FFE708992020C1F888009E
:10FDE00003208DF827000BE008992020C1F8880037
:10FDF00000208DF8270003E002208DF82700FFE7A0
:10FE00009DF827000AB080BD80B586B004900391AC
:10FE1000ADF80A200498D0F88800202870D1FFE7B8
:10FE2000039820B1FFE7BDF80A0020B9FFE70120E1
:10FE30008DF8170068E0039804990865BDF80A007A
:10FE40000499A1F85400BDF80A000499A1F85600DD
:10FE500004990020C1F8900004992120C1F888007D
:10FE60000498C06F88B3FFE70498C16F42F6194049
:10FE7000C0F60100C8630498C16F42F69940C0F60D
:10FE8000010008640498C16F42F66920C0F60100C1
:10FE9000C8640498C16F0020086504980268016D69
:10FEA000C06F2832BDF80A30F6F70AFB60B1FFE7F1
:10FEB00004991020C1F8900004992020C1F888000E
:10FEC00001208DF817001FE0FFE70498016840202B
:10FED0000862FFE7FFE70498006850E8020F40F06F
:10FEE00080000190FFE701990498026842E802103F
:10FEF0000028F0D1FFE7FFE700208DF8170003E0AE
:10FF000002208DF81700FFE79DF8170006B080BDAE
:10FF100081B0009001B0704781B0009001B070478F
:10FF2000FFE7FEE70000000083B0029001918DF82A
:10FF3000032000208DF802008DF80200FFE79DF8F5
:10FF400002009DF80310884229DAFFE70298000FAB
:10FF5000092809D8FFE70298000F303001999DF871
:10FF6000022001F8120009E00299372000EB11701D
:10FF700001999DF8022001F81200FFE702980001A4
:10FF8000029001989DF8021000EB4101002048709A
:10FF9000FFE79DF8020001308DF80200CFE703B0C3
:10FFA000704700000000000080B590B0FFE744F209
:10FFB000D840C5F60200016841F001010160006807
:10FFC00000F001000F900F98FFE7FFE744F2D840E0
:10FFD000C5F60200016841F002010160006800F00E
:10FFE00002000E900E98FFE70B20009000220C926A
:10FFF0001146F8F7C5FB0098F8F7B6FB0C9A0C20F1
:020000040801F1
:1000000001901146F8F7BCFB0198F8F7ADFB0C9A8C
:100010000D2002901146F8F7B3FB0298F8F7A4FB05
:100020000C9A0E2003901146F8F7AAFB0398F8F7F4
:100030009BFB0C9A0F2004900121F8F7A1FB049878
:10004000F8F792FB0C9A102005901146F8F798FBF0
:100050000598F8F789FB0C9A112006901146F8F7DD
:100060008FFB0698F8F780FB0C9A2F20079011461B
:10007000F8F786FB0798F8F777FB0C9A382008907A
:100080001146F8F77DFB0898F8F76EFB0C9A3920BB
:1000900009901146F8F774FB0998F8F765FB0C9A7C
:1000A0003A200A901146F8F76BFB0A98F8F75CFBC8
:1000B0000C9A3B200B901146F8F762FB0B98F8F76F
:1000C00053FB0C9A66200D901146F8F759FB0D98DA
:1000D000F8F74AFB10B080BD80B582B045F26040B1
:1000E000C2F2004000904AF20001C4F20001016037
:1000F000002201928260C260027442740121817404
:100100004FF0030EC0F814E00A2383614FF01D0C7A
:10011000C0F81CC00362C0F824E08362C0F82CC0A1
:10012000036342638163C2630C230364042141645B
:100130008264C164026541658265C2650366426688
:100140008166F7F7E5FB18B1FFE7F3F7FDF9FFE785
:1001500002B080BD0000000080B582B045F20050C2
:10016000C2F2004000904AF20041C4F20001016076
:10017000002201928260C260027442740121817483
:100180004FF0030EC0F814E00A2383614FF01D0CFA
:10019000C0F81CC00362C0F824E08362C0F82CC021
:1001A000036340F2563343638163C26302640421F4
:1001B00041640C238364C164026541658265C26544
:1001C000036642668166F7F7A3FB18B1FFE7F3F712
:1001D000BBF9FFE702B080BD80B582B045F2A05008
:1001E000C2F2004000904DF20041C4F200010160F3
:1001F000002201928260C260027442740121817403
:100200004FF0030EC0F814E00A2383614FF01D0C79
:10021000C0F81CC00362C0F824E08362C0F82CC0A0
:10022000036340F2AB6343638163C2630C230364E3
:10023000042141648264C164026541658265C265CE
:10024000036642668166F7F763FB18B1FFE7F3F7D1
:100250007BF9FFE702B080BD80B590B000200F9021
:100260000E900D900C900B90FFE744F2E040C5F625
:100270000200016841F010010160006800F0100008
:100280000A900A98FFE7FFE744F2E040C5F6020053
:10029000016841F004010160006800F00400099069
:1002A0000998FFE7FFE744F2E040C5F60200016865
:1002B00041F080010160006800F08000089008981B
:1002C000FFE7FFE744F2E040C5F60200016841F0B5
:1002D00002010160006800F0020007900798FFE744
:1002E000FFE744F2E040C5F60200016841F0080172
:1002F0000160006800F0080006900698FFE7FFE73D
:1003000044F2E040C5F60200016841F001010160DD
:10031000006800F0010005900598FFE740F6000036
:10032000C5F60200009048F2090101220192F8F797
:1003300043F9009801994FF400420B920C9100216F
:1003400003910D910E910BA90291F7F74DFF0098C3
:10035000019A029909230B930C920D9202220E929C
:10036000F7F742FF019802994FF4A0520B924FF415
:1003700004120C920D9041F20000C5F60200F7F74E
:1003800033FF03994FF00060FDF722FA039A28200B
:1003900004901146F8F7F4F90498F8F7E5F910B06D
:1003A00080BD00000000000080B582B045F634300A
:1003B000C2F20040009043F60001C4F20001016067
:1003C0004FF4800141600021019181600722C260E9
:1003D0004FF0007202614FF0807242614FF0806214
:1003E00082614FF04052C261016241628162C1622A
:1003F0004FF0804242638163C16301644164816460
:10040000C164016541658165FCF7FAF918B1FFE740
:10041000F3F79AF8FFE702B080BD0000000000008B
:1004200080B590B0002101910F910E910D910C912A
:100430000B910A91099108910791069105910491F8
:100440000391029145F6BC30C2F2004040F20042F6
:10045000C4F20002026017224260816042F20F7211
:10046000C260016180218161FDF796FA18B1FFE752
:10047000F3F76AF8FFE74FF480500C9045F6BC3074
:10048000C2F200400CA9FDF7D3FB18B1FFE7F3F768
:100490005BF8FFE745F6BC30C2F20040FDF7ECFE2A
:1004A00018B1FFE7F3F750F8FFE7002009900B9031
:1004B00045F6BC30C2F2004009A9FDF7ADF918B10C
:1004C000FFE7F3F741F8FFE7602002900020039078
:1004D0000490069045F6BC30C2F2004002A90C22FE
:1004E000FDF7F2FD18B1FFE7F3F72EF8FFE745F649
:1004F000BC30C2F20040FDF7AFFD10B080BD00007F
:1005000080B588B000210091079106910591049172
:1005100003910291019145F60840C2F2004040F675
:100520000002C4F200020260EF224260816040F2E9
:10053000E732C26001618161FDF72EFA18B1FFE771
:10054000F3F702F8FFE74FF48050049045F60840B7
:10055000C2F2004004A9FDF76BFB18B1FFE7F2F708
:10056000F3FFFFE700200190039045F60840C2F238
:10057000004001A9FDF750F918B1FFE7F2F7E4FFD9
:10058000FFE708B080BD000080B588B00021009171
:10059000079106910591049103910291019145F60D
:1005A0005440C2F2004040F60042C4F20002026031
:1005B000EF224260816040F2E732C26001618161F6
:1005C000FDF7EAF918B1FFE7F2F7BEFFFFE74FF4D6
:1005D0008050049045F65440C2F2004004A9FDF753
:1005E00027FB18B1FFE7F2F7AFFFFFE7002001900C
:1005F000039045F65440C2F2004001A9FDF70CF902
:1006000018B1FFE7F2F7A0FFFFE708B080BD0000D8
:1006100080B582B045F65C60C2F20040019045F2C0
:100620000001C4F20001016048F2A061C0F20101C2
:1006300041604FF4805181604FF40051C1604FF42C
:10064000806101610421416100218161C161016218
:1006500041628162FEF778FE18B1FFE7F2F774FF9E
:10066000FFE745F65C60C2F200400021FEF78CFA1D
:1006700018B1FFE7F2F768FFFFE745F65C60C2F2EA
:1006800000400021FEF738FA18B1FFE7F2F75CFFEF
:10069000FFE745F65C60C2F20040FEF729F818B1AA
:1006A000FFE7F2F751FFFFE702B080BD0000000056
:1006B00080B582B045F6F060C2F20040009047F687
:1006C0000001C4F2000101604FF4E13141600021FA
:1006D00001918160C16001610C2242618161C1614F
:1006E000016241628162FEF72FFE18B1FFE7F2F767
:1006F0002BFFFFE745F6F060C2F200400021FEF755
:1007000043FA18B1FFE7F2F71FFFFFE745F6F06085
:10071000C2F200400021FEF7EFF918B1FFE7F2F74F
:1007200013FFFFE745F6F060C2F20040FDF7E0FF7F
:1007300018B1FFE7F2F708FFFFE702B080BD000045
:1007400080B582B045F68470C2F20040009047F652
:100750000041C4F2000101604FF4E1314160002129
:1007600001918160C16001610C2242618161C161BE
:10077000016241628162FEF7E7FD18B1FFE7F2F71F
:10078000E3FEFFE745F68470C2F200400021FEF769
:10079000FBF918B1FFE7F2F7D7FEFFE745F68470E3
:1007A000C2F200400021FEF7A7F918B1FFE7F2F707
:1007B000CBFEFFE745F68470C2F20040FDF798FFDC
:1007C00018B1FFE7F2F7C0FEFFE702B080BD0000FE
:1007D00080B582B046F21800C2F20040009041F6A7
:1007E0000001C4F2010101604FF4E13141600021D8
:1007F00001918160C16001610C2242618161C1612E
:10080000016241628162FEF79FFD18B1FFE7F2F7D6
:100810009BFEFFE746F21800C2F200400021FEF7FF
:10082000B3F918B1FFE7F2F78FFEFFE746F21800C1
:10083000C2F200400021FEF75FF918B1FFE7F2F7BE
:1008400083FEFFE746F21800C2F20040FDF750FFBA
:1008500018B1FFE7F2F778FEFFE702B080BD0000B5
:1008600080B582B045F63450C2F20040019041F6A6
:100870000041C4F2010101604FF4E1314160002107
:100880008160C16001610C2242618161C1610162CC
:100890004162102181624FF48051C163FEF754FD23
:1008A00018B1FFE7F2F750FEFFE745F63450C2F209
:1008B00000400021FEF768F918B1FFE7F2F744FEA7
:1008C000FFE745F63450C2F200400021FEF714F96C
:1008D00018B1FFE7F2F738FEFFE745F63450C2F2F1
:1008E0000040FDF705FF18B1FFE7F2F72DFEFFE727
:1008F00002B080BD0000000080B582B045F6A04087
:10090000C2F20040009041F20001C4F20101016016
:100910004FF4E1314160002101918160C1600161CA
:100920000C2242618161C161016241628162FEF714
:100930000BFD18B1FFE7F2F707FEFFE745F6A04011
:10094000C2F200400021FEF71FF918B1FFE7F2F7ED
:10095000FBFDFFE745F6A040C2F200400021FEF794
:10096000CBF818B1FFE7F2F7EFFDFFE745F6A0403F
:10097000C2F20040FDF7BCFE18B1FFE7F2F7E4FD5C
:10098000FFE702B080BD000080B582B045F6C850D8
:10099000C2F20040009044F20041C4F20001016044
:1009A0004FF4E1314160002301938360C360036130
:1009B0000C2141618361C361036243628362194612
:1009C0001A46FBF7E9FC18B1FFE7F2F7BDFDFFE7B8
:1009D00045F6C850C2F200400021FEF7D5F818B124
:1009E000FFE7F2F7B1FDFFE745F6C850C2F200405D
:1009F0000021FEF781F818B1FFE7F2F7A5FDFFE748
:100A000045F6C850C2F20040FDF772FE18B1FFE78C
:100A1000F2F79AFDFFE702B080BD00000000000081
:100A200080B544F6E430C2F2004040F22801C2F240
:100A30000041012204F088FB18B1FFE7F2F784FDC2
:100A4000FFE744F6E430C2F2004040F2E001C2F2B7
:100A5000004105F0A5F818B1FFE7F2F775FDFFE7D3
:100A600044F6E430C2F2004040F27C11C2F2004190
:100A700003F056FD18B1FFE7F2F766FDFFE744F615
:100A8000E430C2F2004005F01BFA18B1FFE7F2F7BC
:100A90005BFDFFE7F9F7A0F880BD00000000000053
:100AA000FFE7FEE700000000FFE7FEE700000000B0
:100AB00088B0079006910592079800F0070004900F
:100AC0000498C0F10700052803D3FFE70420019034
:100AD00004E00498C0F107000190FFE7019803903B
:100AE00004980430062803D8FFE70020009003E0B4
:100AF000049803380090FFE7009802900698039945
:100B0000012202FA01F101390840029B984005993F
:100B10009A40013A1140084308B0704700000000B5
:100B200080B545F25060C2F20040F8F75DF980BD33
:100B300080B586B0059004910598006803900398ED
:100B400002900398006C01900298049900EB411008
:100B5000D0F8080B0090019843F20B01C4F65471D1
:100B600088420FD3FFE79DF801000006002809D551
:100B7000FFE70298049900EB41114FF40040C1F8DF
:100B8000080BFFE70598F8F767FF019843F20B01A0
:100B9000C4F6547188420DD3FFE705988079012887
:100BA00008D1FFE70599086801F29C42012105F090
:100BB000B3FFFFE7002006B080BD0000000000008A
:100BC00080B588B007900691079800680490049853
:100BD00003900498006C02900398069900EB411072
:100BE000D0F8080B019007988079012840F08180A7
:100BF000FFE79DF804000007002818D5FFE70298DA
:100C000043F20B01C4F6547188420FD3FFE79DF8FD
:100C100005000006002809D5FFE70398069900EBB8
:100C200041114FF40040C1F8080BFFE760E09DF868
:100C300004008006002808D5FFE70398069900EB1A
:100C400041112020C1F8080B51E09DF8040010F07C
:100C5000280F4AD1FFE7029843F20B01C4F6547102
:100C600088420FD3FFE79DF805000006002809D54C
:100C7000FFE70398069900EB41114FF40040C1F8DB
:100C8000080B31E00798069901EBC10100EB8100E8
:100C900000F5157005900598006A0399069A01EB16
:100CA0004211D1F8101B6FF3DF41401A05994861DA
:100CB000069898B9FFE70598006940B9FFE70799DA
:100CC000086801F29C42012105F026FF05E0059924
:100CD000C8684A691044C860FFE7FFE707989DF8B5
:100CE0001810F7F70DFEFFE700E0FFE7FFE7FFE76B
:100CF00047E0029843F20A11C4F65471884224D1A5
:100D0000FFE79DF805000006002809D5FFE70398D6
:100D1000069900EB41114FF40040C1F8080B13E0B5
:100D20009DF804008006002808D5FFE7039806997F
:100D300000EB41112020C1F8080BFFE707989DF850
:100D40001810F7F7DDFDFFE71AE0069890B9FFE706
:100D50000798069901EBC10100EB8100D0F864020D
:100D600040B9FFE70799086801F29C42002105F0AD
:100D7000D3FEFFE707989DF81810F7F7C1FDFFE7CE
:100D8000FFE7002008B080BD80B58CB00A900991C3
:100D90000A9800680890089807900A98099901EB4A
:100DA000C10100EB8100143006900698016940698A
:100DB000884204D9FFE701208DF82F0079E00699D9
:100DC00008694969401A059005980699896888421A
:100DD00004D9FFE7069880680590FFE7059803307F
:100DE00080080490FFE70798099900EB4110D0F8BC
:100DF000180981B2049A0020914202900FD3FFE7B4
:100E000006980269416900209142029007D2FFE7EB
:100E100006980069002818BF01200290FFE7029899
:100E2000C00770B3FFE7069908694969401A059041
:100E3000059806998968884204D9FFE70698806872
:100E40000590FFE7059803308008049008980699FC
:100E5000C9689DF82420BDF81430DDF828C09CF83E
:100E600006C0EE46CEF800C006F0E2FC059A0699F0
:100E7000C8681044C860059A0699486910444861DA
:100E8000B1E706990869496988420ED8FFE70998D1
:100E900000F00F01012088400390039A0799D1F8D0
:100EA00034089043C1F83408FFE700208DF82F0084
:100EB000FFE79DF82F000CB080BD0000000000008F
:100EC000704700000000000080B586B004900391D8
:100ED00000208DF8070044F22840C5F602000068A3
:100EE00000F00300032804D1FFE701208DF817006C
:100EF000CBE044F20041C5F60201086820F08060B2
:100F00000860F7F771FB0290FFE744F20040C5F676
:100F10000200006800F000610020B0EBD16F0CD03F
:100F2000FFE7F7F761FB0299401A032804D3FFE7B4
:100F300003208DF81700A8E0E7E7FFE744F2284117
:100F4000C5F60201086820F47C30049A126840EA71
:100F50000230086004994868D1F808C0CB680A6973
:100F600001386FF35F204FF60061CFF6FF7101EBA0
:100F70004C2189B208440021CFF6FF7101EB0341F7
:100F800001F4FE0108444FF07F4101EB026101F0E2
:100F9000FE41084444F23841C5F602010860FFE70B
:100FA00044F22C41C5F602010091086820F0C0000F
:100FB000049A526910430860086820F02000049ADF
:100FC000926910430860086820F01000086044F23D
:100FD0003C42C5F6020210684FF6F8739843049B32
:100FE000DB6940EAC3001060086840F01000086048
:100FF000039848B9FFE744F22C41C5F6020108689E
:1010000040F40020086016E00398012809D1FFE7AA
:1010100044F22C41C5F60201086840F480100860D3
:1010200008E044F22C41C5F60201086840F40010C3
:101030000860FFE7FFE744F20041C5F602010868D7
:1010400040F080600860F7F7CFFA0290FFE744F2C3
:101050000040C5F60200006800F000610020B0EB1F
:10106000D16F0CD1FFE7F7F7BFFA0299401A0328B6
:1010700004D3FFE703208DF8170006E0E7E7FFE75A
:101080009DF807008DF81700FFE79DF8170006B0E0
:1010900080BD00000000000080B586B00490039180
:1010A00000208DF8070044F22840C5F602000068D1
:1010B00000F00300032804D1FFE701208DF817009A
:1010C000CBE044F20041C5F60201086820F08050F0
:1010D0000860F7F789FA0290FFE744F20040C5F68E
:1010E0000200006800F000510020B0EB517F0CD0EE
:1010F000FFE7F7F779FA0299401A032804D3FFE7CC
:1011000003208DF81700A8E0E7E7FFE744F2284145
:10111000C5F60201086820F07C70049A126840EA63
:101120000250086004994868D1F808C0CB680A6981
:1011300001386FF35F204FF60061CFF6FF7101EBCE
:101140004C2189B208440021CFF6FF7101EB034125
:1011500001F4FE0108444FF07F4101EB026101F010
:10116000FE41084444F24041C5F602010860FFE731
:1011700044F22C41C5F602010091086820F4406059
:10118000049A526910430860086820F40070049AB9
:10119000926910430860086820F48070086044F287
:1011A0004442C5F6020210684FF6F8739843049B58
:1011B000DB6940EAC3001060086840F48070086092
:1011C000039848B9FFE744F22C41C5F602010868CC
:1011D00040F48000086016E00398012809D1FFE779
:1011E00044F22C41C5F60201086840F40000086092
:1011F00008E044F22C41C5F60201086840F0807016
:101200000860FFE7FFE744F20041C5F60201086805
:1012100040F080500860F7F7E7F90290FFE744F2EA
:101220000040C5F60200006800F000510020B0EB5D
:10123000517F0CD1FFE7F7F7D7F90299401A03283D
:1012400004D3FFE703208DF8170006E0E7E7FFE788
:101250009DF807008DF81700FFE79DF8170006B00E
:1012600080BD00000000000080B545F63430C2F2B9
:101270000040FBF7FDF880BD82B001900198006846
:101280004069009001980168886940F00800886111
:1012900001980168886940F0100088610198016830
:1012A000086820F00100086001980168086940F2B0
:1012B0006F329043086101980168886820F44040CB
:1012C0008860019890F88100042815D0FFE79DF808
:1012D0000000800600280ED5FFE70199D1F88400B0
:1012E00040F08000C1F8840001980168886940F0EE
:1012F00020008861FFE7FFE7019890F8810003284C
:1013000015D0FFE79DF80000400600280ED5FFE746
:101310000199D1F8840040F00400C1F884000198DC
:101320000168886940F040008861FFE7FFE79DF8A9
:101330000100800700280ED5FFE70199D1F884004D
:1013400040F00100C1F8840001980168886940F408
:1013500000708861FFE79DF80100C00770B1FFE7EA
:101360000199D1F8840040F00800C1F88400019888
:101370000168886940F480708861FFE70199002066
:10138000A1F862000199A1F86A0002B0704700005C
:1013900080B582B001900198806B00900099002088
:1013A000A1F86A000099A1F862000099012081F873
:1013B00081000098FBF758F802B080BD00000000E3
:1013C00080B582B001900198806B00900198F3F78E
:1013D000DFFA022812D0FFE70098FFF74DFF0099CF
:1013E000D1F8840040F01000C1F884000099012079
:1013F00081F881000098FBF737F8FFE702B080BD65
:1014000080B582B001900198806B00900098FCF745
:10141000DBF902B080BD000080B582B00190019878
:10142000806B0090009890F88100072813D0FFE7A8
:101430000098806FC069B0F5807F04D1FFE7009805
:10144000FCF766F906E000980168086940F00800BA
:101450000861FFE7FFE702B080BD00000000000068
:1014600083B002900298C16B012000EB51100190F3
:101470000298C0680130009000980730C0080090C2
:1014800000980199484303B0704700000000000035
:1014900082B0019000910198006843F20001C4F20B
:1014A000010188420AD1FFE7019840F60801C2F223
:1014B000004108600098C1F8100127E00198006819
:1014C00043F60001C4F2000188420AD1FFE7019807
:1014D00040F61C11C2F2004108600098C1F81001EA
:1014E00013E00198006843F60041C4F2000188420D
:1014F0000AD1FFE7019840F63021C2F200410860AE
:101500000098C1F81001FFE7FFE7FFE702B070475E
:1015100080B586B084460898CDF810C00391ADF828
:101520000A20ADF80830ADF806000498006843F2D0
:101530000001C4F2010188421FD1FFE7039840F681
:101540000802C2F200425060BDF80A001081BDF8E6
:101550000800A2F80A01BDF80600A2F80C010498E0
:101560006B464FF47A71196002F10A018A32012345
:10157000FBF776FB8DF8170054E00498006843F6FB
:101580000001C4F2000188421FD1FFE7039840F632
:101590001C12C2F200425060BDF80A001081BDF872
:1015A0000800A2F80A01BDF80600A2F80C01049890
:1015B0006B464FF47A71196002F10A018A320123F5
:1015C000FBF74EFB8DF817002CE00498006843F6FB
:1015D0000041C4F20001884220D1FFE7039840F6A1
:1015E0003022C2F200425060BDF80A001081BDF8FE
:1015F0000800A2F80A01BDF80600A2F80C01049840
:10160000BDF80810BDF8063019448BB202F10A018A
:101610008A32FBF7A9FE8DF8170003E000208DF851
:101620001700FFE79DF8170006B080BD000000001E
:1016300080B586B0DDF820C0049003918DF80B20B2
:101640000193FFE704980068406903990840401A35
:10165000B0FA80F040099DF80B10884214D1FFE7E2
:10166000F6F7C2FF0899401A0199884204D3FFE7B0
:101670000198013018B9FFE7019820B9FFE703206E
:101680008DF8170004E0DDE700208DF81700FFE774
:101690009DF8170006B080BD7047000000000000F4
:1016A00084B003900398009000980078ADF808008B
:1016B00000980130009000980078ADF80600BDF861
:1016C0000610BDF8080040EA0120ADF80A00BDF898
:1016D0000A0004B07047000080B582B00090009806
:1016E0000138B0F1807F03D3FFE70120019019E0BA
:1016F000009801384EF21401CEF2000108604FF05C
:10170000FF300F2111F0D4FD4EF21801CEF200018E
:10171000002008604EF21002CEF200020721116094
:101720000190FFE7019802B080BD000000000000BA
:1017300080B5F6F76DFF80BD80B59EB00BA84C213B
:10174000EFF763F9002001900A9009900890079044
:1017500006900590049003900220F8F7E9F9FFE75E
:101760000020029044F61800C5F60200016821F43A
:1017700040410160006800F4404002900298FFE799
:10178000FFE744F61800C5F60200006800F40050B8
:10179000B0F5005F01D0FFE7F3E729200B904FF48D
:1017A00080300C900121109111910220149015901D
:1017B0001690282217921891042119911A900C2042
:1017C0001B9000201C901D900BA8FAF7D5F818B1BB
:1017D000FFE7F1F7B9FEFFE73F20039003210491F3
:1017E00000200590082006904020079008904FF4B4
:1017F000806209920A9003A8F9F79EFC18B1FFE7EE
:10180000F1F7A2FEFFE71EB080BD0000000000005F
:101810004EF68851CEF20001086840F4700008606E
:1018200042F20000C5F20020006800F00F00062818
:101830000AD8FFE742F20001C5F20021086807223A
:1018400062F303000860FFE744F20041C5F60201BD
:10185000086840F00100086044F21042C5F6020238
:101860000020106008684EF67F52CEF6F622104037
:10187000086042F20000C5F20020006800F00F008E
:1018800008280AD3FFE742F20001C5F200210868E8
:10189000072262F303000860FFE744F21841C5F62F
:1018A00002010020086044F21C41C5F602010860F4
:1018B00044F22041C5F60201086044F22842C5F610
:1018C000020240F20021C0F20221116044F22C42D7
:1018D000C5F602020021C0F2FF11116044F230424D
:1018E000C5F6020240F28021C0F20111116044F2FB
:1018F0003442C5F60202106044F23842C5F60202D4
:10190000116044F23C42C5F60202106044F24042CB
:10191000C5F60202116044F24441C5F602010860B6
:1019200044F20042C5F60202116821F480211160E0
:1019300044F26041C5F60201086044F20001C5F2BC
:10194000002143F2D2000860704700000000000050
:1019500080B545F60840C2F20040FCF755FA80BD5C
:1019600080B545F65440C2F20040FCF74DFA80BD08
:1019700083B00290019102980068009002980021C3
:10198000C4F20101884225D0FFE70298B0F1804FF0
:1019900020D0FFE7029840F20041C4F200018842E3
:1019A00018D0FFE7029840F60001C4F20001884217
:1019B00010D0FFE7029840F60041C4F200018842CF
:1019C00008D0FFE7029840F20041C4F201018842CA
:1019D0000AD1FFE7009820F070000090019841685C
:1019E000009808430090FFE702980021C4F201012B
:1019F00088424DD0FFE70298B0F1804F48D0FFE712
:101A0000029840F20041C4F20001884240D0FFE752
:101A1000029840F60001C4F20001884238D0FFE786
:101A2000029840F60041C4F20001884230D0FFE73E
:101A3000029840F20041C4F20101884228D0FFE739
:101A4000029844F20001C4F20101884220D0FFE76D
:101A5000029844F20041C4F20101884218D0FFE725
:101A6000029844F60001C4F20101884210D0FFE759
:101A700002984EF20001C4F20001884208D0FFE74C
:101A800002984EF20041C4F2000188420AD1FFE7F9
:101A9000009820F4407000900198C16800980843B5
:101AA0000090FFE7009820F0800001994969084301
:101AB0000090019880680299C862019800680299B4
:101AC000886202980021C4F20101884220D0FFE719
:101AD000029840F20041C4F20101884218D0FFE7A9
:101AE000029844F20001C4F20101884210D0FFE7DD
:101AF000029844F20041C4F20101884208D0FFE795
:101B0000029844F60001C4F20101884205D1FFE7C2
:101B10000198006902990863FFE70299086840F09C
:101B20000400086002990120486100980299086049
:101B300003B070470000000080B584B042F68420F6
:101B4000C2F2004001780131017042F68622C2F2F1
:101B5000004211780131117042F68522C2F2004232
:101B60001178013111700078052822D1FFE742F683
:101B70008421C2F200410020087045F26040C2F2A8
:101B8000004040F24432C2F200424FF40071029130
:101B900008230393F0F7C4FD0299039B45F200501C
:101BA000C2F2004040F2E432C2F20042F0F7B8FD67
:101BB000FFE742F68620C2F2004000780A2814D1DE
:101BC000FFE745F2A050C2F2004040F2BC42C2F230
:101BD000004240F291110823F0F7A2FD42F686215F
:101BE000C2F2004100200870FFE742F68520C2F2F1
:101BF00000400078142848D1FFE745F2A050C2F217
:101C00000040019040F28C42C2F200424FF4C47195
:101C100008230093F0F784FD009B019840F2944262
:101C2000C2F2004240F29911F0F77AFD009B019850
:101C300040F29C42C2F200424FF4BC71F0F770FDDA
:101C4000009B019840F2AC42C2F2004240F2971170
:101C5000F0F766FD009B019840F2A442C2F20042F8
:101C60004FF4CC71F0F75CFD009B019840F2B44258
:101C7000C2F200424FF4CB71F0F752FD42F68521DB
:101C8000C2F2004100200870FFE704B080BD0000F0
:101C900084B0039002910192029800F01F0101208C
:101CA00088400090009A0399086A9043086201985E
:101CB000029901F01F0100FA01F20399086A10432A
:101CC000086204B07047000085B00490039102924E
:101CD0000193049880680090009820F47F40009061
:101CE00003980299019A41EA0221014300980843AE
:101CF000009000980499886005B0704700000000CB
:101D000083B00290019102988068009000984FF68D
:101D10008F71CFF6CF710840009001980099084369
:101D200040F00700009000980299886003B0704767
:101D300082B001900091019800680021C4F2010175
:101D4000884209D1FFE7019840F64C31C2F20041C8
:101D500008600098486081E001980068B0F1804F09
:101D600009D1FFE7019840F65431C2F20041086002
:101D70000098486071E00198006840F20041C4F2A8
:101D80000001884209D1FFE7019840F65C31C2F2B8
:101D900000410860009848605EE00198006840F6E5
:101DA0000001C4F20001884209D1FFE7019840F622
:101DB0006431C2F200410860009848604BE001982D
:101DC000006840F60041C4F20001884209D1FFE7F3
:101DD000019840F66C31C2F20041086000984860FA
:101DE00038E00198006841F20001C4F20001884225
:101DF00009D1FFE7019840F67431C2F20041086052
:101E00000098486025E00198006841F20041C4F262
:101E10000001884209D1FFE7019840F67C31C2F207
:101E2000004108600098486012E00198006840F2A4
:101E30000041C4F20101884209D1FFE7019840F650
:101E40008431C2F20041086000984860FFE7FFE774
:101E5000FFE7FFE7FFE7FFE7FFE7FFE702B07047B5
:101E600085B0049003910498006A01900499086A6F
:101E700020F001000862049840680090049880698E
:101E8000029002984FF68F71CFF6FE7108400290D3
:101E9000029820F00300029003980168029808431A
:101EA0000290019820F00200019003988168019847
:101EB0000843019004980021C4F20101884220D017
:101EC000FFE7049840F20041C4F20101884218D0B3
:101ED000FFE7049844F20001C4F20101884210D0E7
:101EE000FFE7049844F20041C4F20101884208D09F
:101EF000FFE7049844F60001C4F2010188420ED1C4
:101F0000FFE7019820F0080001900398C16801984C
:101F100008430190019820F004000190FFE7049825
:101F20000021C4F20101884220D0FFE7049840F26A
:101F30000041C4F20101884218D0FFE7049844F23E
:101F40000001C4F20101884210D0FFE7049844F276
:101F50000041C4F20101884208D0FFE7049844F62A
:101F60000001C4F20101884213D1FFE7009820F478
:101F700080700090009820F40070009003984169F0
:101F800000980843009003988169009808430090E6
:101F9000FFE70098049948600298049988610398C3
:101FA00040680499486301980499086205B0704735
:101FB00085B0049003910498006A01900499086A1E
:101FC00020F010000862049840680090049880692E
:101FD0000290029848F6FF71CFF6FF610840029028
:101FE000029820F44070029003980168029840EA39
:101FF00001200290019820F0200001900398816850
:10200000019840EA0110019004980021C4F20101F6
:10201000884229D0FFE7049840F20041C4F2010150
:10202000884221D0FFE7049844F20001C4F2010184
:10203000884203D1FFE70020B0B9FFE7049844F2DB
:102040000041C4F20101884203D1FFE7002058B9E2
:10205000FFE7049844F60001C4F20101884212D15E
:10206000FFE7012078B9FFE7019820F08000019098
:102070000398C168019840EA01100190019820F08E
:1020800040000190FFE704980021C4F2010188425A
:1020900020D0FFE7049840F20041C4F201018842D9
:1020A00018D0FFE7049844F20001C4F2010188420D
:1020B00010D0FFE7049844F20041C4F201018842C5
:1020C00008D0FFE7049844F60001C4F201018842F9
:1020D00015D1FFE7009820F480600090009820F46C
:1020E0000060009003984169009840EA81000090E8
:1020F00003988169009840EA81000090FFE700980A
:10210000049948600298049988610398406804998A
:10211000886301980499086205B0704700000000C8
:1021200085B0049003910498006A01900499086AAC
:1021300020F4807008620498406800900498C06998
:10214000029002984FF68F71CFF6FE710840029010
:10215000029820F003000290039801680298084357
:102160000290019820F40070019003988168019812
:1021700040EA0120019004980021C4F20101884244
:1021800029D0FFE7049840F20041C4F201018842DF
:1021900021D0FFE7049844F20001C4F20101884213
:1021A00003D1FFE70020B0B9FFE7049844F20041F3
:1021B000C4F20101884203D1FFE7002058B9FFE7CC
:1021C000049844F60001C4F20101884212D1FFE7ED
:1021D000012078B9FFE7019820F40060019003988E
:1021E000C168019840EA01200190019820F48060C4
:1021F0000190FFE704980021C4F20101884220D039
:10220000FFE7049840F20041C4F20101884218D06F
:10221000FFE7049844F20001C4F20101884210D0A3
:10222000FFE7049844F20041C4F20101884208D05B
:10223000FFE7049844F60001C4F20101884215D179
:10224000FFE7009820F480500090009820F40050A0
:10225000009003984169009840EA011000900398AB
:102260008169009840EA01100090FFE70098049906
:10227000486002980499C861039840680499C8634B
:1022800001980499086205B0704700000000000042
:1022900085B0049003910498006A01900499086A3B
:1022A00020F4805008620498406800900498C06947
:1022B0000290029848F6FF71CFF6FF610840029045
:1022C000029820F44070029003980168029840EA56
:1022D00001200290019820F4005001900398816839
:1022E000019840EA0130019004980021C4F20101F4
:1022F000884220D0FFE7049840F20041C4F2010177
:10230000884218D0FFE7049844F20001C4F20101AA
:10231000884210D0FFE7049844F20041C4F2010162
:10232000884208D0FFE7049844F60001C4F2010196
:1023300088420BD1FFE7009820F48040009003987A
:102340004169009840EA81100090FFE700980499E5
:10235000486002980499C861039840680499086429
:1023600001980499086205B0704700000000000061
:1023700085B0049003910498006A01900499086A5A
:1023800020F4803008620498406800900498406D02
:10239000029002984FF68F71CFF6FE7108400290BE
:1023A00003980168029808430290019820F40030D5
:1023B000019003988168019840EA014001900498D7
:1023C0000021C4F20101884220D0FFE7049840F2C6
:1023D0000041C4F20101884218D0FFE7049844F29A
:1023E0000001C4F20101884210D0FFE7049844F2D2
:1023F0000041C4F20101884208D0FFE7049844F686
:102400000001C4F2010188420BD1FFE7009820F4DB
:102410008030009003984169009840EA01200090C4
:10242000FFE700980499486002980499486503986A
:1024300040680499886501980499086205B070475E
:1024400085B0049003910498006A01900499086A89
:1024500020F4801008620498406800900498406D51
:102460000290029848F6FF71CFF6FF610840029093
:1024700003980168029840EA01200290019820F434
:102480000010019003988168019840EA0150019082
:1024900004980021C4F20101884220D0FFE704988B
:1024A00040F20041C4F20101884218D0FFE70498CD
:1024B00044F20001C4F20101884210D0FFE7049801
:1024C00044F20041C4F20101884208D0FFE70498B9
:1024D00044F60001C4F2010188420BD1FFE70098E5
:1024E00020F48020009003984169009840EA812000
:1024F0000090FFE7009804994860029804994865A5
:10250000039840680499C86501980499086205B069
:10251000704700000000000085B004900391029213
:102520000498006A00900499086A20F0010008628B
:10253000049880690190019820F0F00001900299C0
:10254000019840EA01100190009820F00A000090E4
:1025500003990098084300900198049988610098B5
:102560000499086205B0704785B004900391029207
:102570000498006A00900499086A20F0100008622C
:10258000049880690190019820F4704001900299AC
:10259000019840EA01300190009820F0A0000090DE
:1025A0000399009840EA011000900198049988610D
:1025B00000980499086205B0704700000000000010
:1025C00080B541F20C40C2F20040011D45F6847016
:1025D000C2F20040382200F0C7FD80BD00000000BC
:1025E00080B582B001900198B0F86210023189B2D2
:1025F000F0F776F902B080BD80B584B04FF4F0708A
:10260000F0F742FF45F26040C2F2004049F69121E6
:10261000C0F60101EFF7ECFF45F20050C2F20040B6
:1026200049F65131C0F60101EFF7E2FF45F2A05043
:10263000C2F2004049F67141C0F60101EFF7D8FF40
:1026400045F63450C2F2004049F2A121C0F6010122
:10265000802200F0D1FB45F6A040C2F2004049F2D2
:10266000C121C0F601012022019200F0C5FB019AB0
:1026700045F6F060C2F2004049F21131C0F60101A6
:1026800000F0BAFB45F63430C2F2004048F6E131C2
:10269000C0F60101FEF7FCFE45F60840C2F200401C
:1026A000029049F23931C0F60101FFF741FB45F6CE
:1026B0005440C2F20040039048F63161C0F6010177
:1026C000FFF736FB42F6E020C2F200409FED050A1C
:1026D00009F0A6F90298FBF717FA0398FBF714FA2A
:1026E00004B080BD9A99993E704700000000000038
:1026F00080B545F65C60C2F20040FCF7A5FA80BDEB
:1027000080B545F6F060C2F20040FCF79DFA80BD4E
:1027100080B545F68470C2F20040FCF795FA80BDA2
:1027200080B546F21800C2F20040FCF78DFA80BD79
:1027300082B001900198406E40B9FFE701990120F5
:10274000A1F86A000199A1F8680032E010208DF824
:1027500003008DF80200019800688068C0F34260B1
:102760008DF80100019800688068400F8DF8000026
:102770009DF802009DF8002044F69073C0F6020315
:10278000995C484344F68871C0F602018A5CB0FB4C
:10279000F2F0019AA2F86A009DF803009DF801206A
:1027A0009B5C5843895CB0FBF1F00199A1F868008B
:1027B000FFE702B07047000081B00090009890F8E9
:1027C0002800000700280BD5FFE700980068406844
:1027D00020F40040009A1168926B10434860FFE7B4
:1027E000009890F82800C00758B1FFE700980068EB
:1027F000406820F40030009A1168D26A10434860A3
:10280000FFE7009890F82800800700280BD5FFE725
:1028100000980068406820F48030009A1168126BBC
:1028200010434860FFE7009890F828004007002810
:102830000BD5FFE700980068406820F48020009ADC
:102840001168526B10434860FFE7009890F8280029
:10285000C00600280BD5FFE700980068806820F4C8
:102860008050009A1168D26B10438860FFE700988F
:1028700090F82800800600280BD5FFE70098006834
:10288000806820F40050009A1168126C1043886030
:10289000FFE7009890F82800400600281CD5FFE7C5
:1028A00000980068406820F48010009A1168526C0B
:1028B000104348600098406CB0F5801F0BD1FFE7D3
:1028C00000980068406820F4C000009A1168926C7B
:1028D00010434860FFE7FFE7009890F828000006E3
:1028E00000280BD5FFE700980068406820F400201E
:1028F000009A1168D26C10434860FFE701B070473E
:1029000080B588B0069006990020C1F89000F5F7D0
:102910006BFE0590069800680068000700282FD518
:10292000FFE70698059B6A466FF07E4111604FF401
:102930000011002201F0E8F908B3FFE7FFE7FFE725
:102940000698006850E8000F20F080000490FFE730
:1029500004990698026842E800100028F0D1FFE7C9
:10296000FFE706992020C1F88800FFE706990020BC
:1029700081F88400FFE703208DF81F005FE0FFE788
:102980000698006800684007002842D5FFE70698CF
:10299000059B6A466FF07E4111604FF48001002272
:1029A00001F0B2F9A0B3FFE7FFE7FFE70698006880
:1029B00050E8000F20F490700390FFE70399069809
:1029C000026842E800100028F0D1FFE7FFE7FFE7C8
:1029D000FFE70698006850E8020F20F0010002901F
:1029E000FFE702990698026842E802100028F0D139
:1029F000FFE7FFE706992020C1F88C00FFE7069962
:102A0000002081F88400FFE703208DF81F0016E006
:102A1000FFE706992020C1F888000699C1F88C00CC
:102A200006990020C86606990867FFE70699002006
:102A300081F88400FFE700208DF81F00FFE79DF874
:102A40001F0008B080BD000080B582B001900198E1
:102A5000806B009000990020A1F85E000098FCF7C0
:102A6000E3F802B080BD000080B584B00390039805
:102A7000806B02900298D0F8880001900298D0F8FC
:102A80008C000090029800688068000600280CD531
:102A9000FFE70198212808D1FFE702990020A1F85B
:102AA0005600029800F078F9FFE702980068806805
:102AB000400600280CD5FFE70098222808D1FFE740
:102AC00002990020A1F85E00029800F0F1F8FFE7FB
:102AD0000299D1F8900040F01000C1F890000298DF
:102AE000FCF7A2F804B080BD80B586B005900598CB
:102AF000806B04900598C069B0F5807F5BD0FFE7DC
:102B000004990020A1F85E00FFE7FFE70498006841
:102B100050E8000F20F480700390FFE703990498B9
:102B2000026842E800100028F0D1FFE7FFE7FFE766
:102B3000FFE70498006850E8020F20F001000290BF
:102B4000FFE702990498026842E802100028F0D1D9
:102B5000FFE7FFE7FFE7FFE70498006850E8020F90
:102B600020F040000190FFE701990498026842E8D4
:102B700002100028F0D1FFE7FFE704992020C1F8F8
:102B80008C000498C06E012814D1FFE7FFE7FFE72F
:102B90000498006850E8000F20F010000090FFE754
:102BA00000990498026842E800100028F0D1FFE77D
:102BB000FFE7FFE7FFE70499002008670498C06E6D
:102BC000012806D1FFE70498B0F85C10FBF728FE57
:102BD00003E00498FDF738F8FFE706B080BD000079
:102BE00080B582B001900198806B0090009901201F
:102BF00008670098C06E012807D1FFE70098B0F879
:102C00005C104908FBF70CFE03E00098FDF75CF848
:102C1000FFE702B080BD000080B584B00390039848
:102C2000806B02900398C069B0F5807F2BD0FFE7DE
:102C300002990020A1F85600FFE7FFE7029800681C
:102C400050E8020F20F080000190FFE70199029800
:102C5000026842E802100028F0D1FFE7FFE7FFE733
:102C6000FFE70298006850E8000F40F04000009035
:102C7000FFE700990298026842E800100028F0D1AE
:102C8000FFE7FFE703E00298FDF742F9FFE704B032
:102C900080BD00000000000080B582B00190019866
:102CA000806B00900098FDF737F902B080BD0000FE
:102CB00084B00390FFE7FFE70398006850E8000F37
:102CC00020F490700290FFE702990398026842E8AE
:102CD00000100028F0D1FFE7FFE7FFE7FFE70398C8
:102CE000006850E8020F4FF6FE71CEF6FF71084003
:102CF0000190FFE701990398026842E8021000285A
:102D0000EDD1FFE7FFE70398C06E012814D1FFE77C
:102D1000FFE7FFE70398006850E8000F20F010007D
:102D20000090FFE700990398026842E8001000282D
:102D3000F0D1FFE7FFE7FFE703992020C1F88C00FF
:102D400003990020C8660399486704B070470000E3
:102D500080B582B00190FFE7FFE70198006850E876
:102D6000000F20F040000090FFE7009901980268F2
:102D700042E800100028F0D1FFE7FFE7019920208A
:102D8000C1F888000199002088670198FDF7C0F814
:102D900002B080BD0000000083B00290FFE7FFE7B3
:102DA0000298006850E8000F20F0C0000190FFE793
:102DB00001990298026842E800100028F0D1FFE76C
:102DC000FFE7FFE7FFE70298006850E8020F20F4F2
:102DD00000000090FFE700990298026842E80210A4
:102DE0000028F0D1FFE7FFE702992020C1F8880012
:102DF00003B070470000000080B584B003900291DA
:102E0000ADF806200398006841F20001C4F2010108
:102E1000884214D1FFE7039840F69C41C2F200417A
:102E200008600298C1F80C01BDF80600A1F8040181
:102E30000398B1F804218431FBF79AFC90E10398E0
:102E4000006844F20041C4F20001884240F0EF8083
:102E5000FFE7039840F6AC51C2F2004108600298C7
:102E6000C1F80C01BDF80600A1F804010398B1F8FF
:102E700004218431FBF77CFC45F27030C2F2004043
:102E800000681021C4F20201884200F0B280FFE71E
:102E900045F27030C2F2004000682821C4F20201FD
:102EA000884200F0A680FFE745F27030C2F2004091
:102EB00000684021C4F20201884200F09A80FFE7D6
:102EC00045F27030C2F2004000685821C4F202019D
:102ED000884200F08E80FFE745F27030C2F2004079
:102EE00000687021C4F20201884200F08280FFE78E
:102EF00045F27030C2F2004000688821C4F202013D
:102F0000884276D0FFE745F27030C2F20040006898
:102F1000A021C4F2020188426BD0FFE745F2703075
:102F2000C2F200400068B821C4F20201884260D0B9
:102F3000FFE745F27030C2F20040006840F21041F5
:102F4000C4F20201884254D0FFE745F27030C2F269
:102F50000040006840F22841C4F20201884248D093
:102F6000FFE745F27030C2F20040006840F2404195
:102F7000C4F2020188423CD0FFE745F27030C2F251
:102F80000040006840F25841C4F20201884230D04B
:102F9000FFE745F27030C2F20040006840F2704135
:102FA000C4F20201884224D0FFE745F27030C2F239
:102FB0000040006840F28841C4F20201884218D003
:102FC000FFE745F27030C2F20040006840F2A041D5
:102FD000C4F2020188420CD0FFE745F27030C2F221
:102FE0000040006840F2B841C4F2020188420AD1B0
:102FF000FFE745F27030C2F200400168086820F037
:103000000800086009E045F27030C2F20040016833
:10301000086820F004000860FFE740F6AC50C2F2F8
:103020000040B0F804118430EDF7EFFC97E003980E
:10303000006845F20001C4F20001884216D1FFE7A2
:10304000039841F2DC01C2F2004108600298C1F825
:103050000C01BDF80600A1F804010398B1F80421A1
:103060005200843192B2FBF783FB77E0039800684B
:1030700047F60001C4F20001884214D1FFE703982B
:1030800041F2FC21C2F2004108600298C1F80C0133
:10309000BDF80600A1F804010398B1F804218431B9
:1030A000FBF766FB59E00398006847F60041C4F25D
:1030B0000001884214D1FFE7039841F20C41C2F2AB
:1030C000004108600298C1F80C01BDF80600A1F8A3
:1030D00004010398B1F804218431FBF749FB3BE07C
:1030E0000398006841F60001C4F20101884214D13E
:1030F000FFE7039841F21C51C2F2004108600298B8
:10310000C1F80C01BDF80600A1F804010398B1F85C
:1031100004218431FBF72CFB1DE00398006841F685
:103120000041C4F20101884214D1FFE7039840F640
:103130008C31C2F2004108600298C1F80C01BDF860
:103140000600A1F804010398B1F804218431FBF7CB
:103150000FFBFFE7FFE7FFE7FFE7FFE7FFE7FFE71B
:1031600004B080BD0000000080B584B003900291DF
:10317000ADF8062003980299BDF80620FCF744FE3E
:1031800004B080BD0000000080B59EB01D900020FE
:103190008DF867001D98006840F60041C5F60001F3
:1031A000884201D1FFE700E0FFE71D9988680B69BD
:1031B0004A69C9691843104308431C901D98006868
:1031C000006846F6F311CCF6FF7108401C990843DD
:1031D0001D99096808601D980068406820F44050F7
:1031E0001D9A1168D268104348601D9880691C9030
:1031F0001D98006840F60041C5F60001884206D0DF
:10320000FFE71D98016A1C9808431C90FFE71D9872
:10321000006880684FF2FF41C1F2FF1108401C991D
:1032200008431D99096888601D980068C06A20F0ED
:103230000F001D9A1168526A1043C862FFE71D987B
:10324000006841F20001C4F20101884240F041806F
:10325000FFE744F25440C5F60200006800F0380071
:103260000146109128282FD81099DFE801F0152D7C
:103270002D2D2D2D2D2D192D2D2D2D2D2D2D1D2DA2
:103280002D2D2D2D2D2D212D2D2D2D2D2D2D252D82
:103290002D2D2D2D2D2D290001208DF86D0017E0ED
:1032A00004208DF86D0013E008208DF86D000FE00C
:1032B00010208DF86D000BE020208DF86D0007E0E8
:1032C00040208DF86D0003E080208DF86D00FFE751
:1032D0006CE21D98006844F20041C4F2000188428B
:1032E0002ED1FFE744F25440C5F60200006800F01A
:1032F000070001460F9105281DD80F99DFE801F05E
:1033000003070B0F131700208DF86D0017E0042042
:103310008DF86D0013E008208DF86D000FE010208F
:103320008DF86D000BE020208DF86D0007E0402047
:103330008DF86D0003E080208DF86D00FFE734E22A
:103340001D98006844F60001C4F2000188422ED1A5
:10335000FFE744F25440C5F60200006800F00700A1
:1033600001460E9105281DD80E99DFE801F00307EC
:103370000B0F131700208DF86D0017E004208DF857
:103380006D0013E008208DF86D000FE010208DF81F
:103390006D000BE020208DF86D0007E040208DF8D7
:1033A0006D0003E080208DF86D00FFE7FCE11D98C3
:1033B000006844F60041C4F2000188422ED1FFE7C4
:1033C00044F25440C5F60200006800F007000146D0
:1033D0000D9105281DD80D99DFE801F003070B0FAB
:1033E000131700208DF86D0017E004208DF86D0094
:1033F00013E008208DF86D000FE010208DF86D00AF
:103400000BE020208DF86D0007E040208DF86D0066
:1034100003E080208DF86D00FFE7C4E11D9800688F
:1034200045F20001C4F2000188422ED1FFE744F2C8
:103430005440C5F60200006800F0070001460C91F8
:1034400005281DD80C99DFE801F003070B0F1317AF
:1034500000208DF86D0017E004208DF86D0013E05A
:1034600008208DF86D000FE010208DF86D000BE046
:1034700020208DF86D0007E040208DF86D0003E0FE
:1034800080208DF86D00FFE78CE11D98006841F207
:103490000041C4F20101884240F04180FFE744F25C
:1034A0005440C5F60200006800F0380001460B9158
:1034B00028282FD80B99DFE801F0152D2D2D2D2D63
:1034C0002D2D192D2D2D2D2D2D2D1D2D2D2D2D2D50
:1034D0002D2D212D2D2D2D2D2D2D252D2D2D2D2D30
:1034E0002D2D290001208DF86D0017E004208DF8A6
:1034F0006D0013E008208DF86D000FE010208DF8AE
:103500006D000BE020208DF86D0007E040208DF865
:103510006D0003E080208DF86D00FFE741E11D980C
:10352000006847F60001C4F2000188422ED1FFE78F
:1035300044F25440C5F60200006800F0070001465E
:103540000A9105281DD80A99DFE801F003070B0F3F
:10355000131700208DF86D0017E004208DF86D0022
:1035600013E008208DF86D000FE010208DF86D003D
:103570000BE020208DF86D0007E040208DF86D00F5
:1035800003E080208DF86D00FFE709E11D980068D9
:1035900047F60041C4F2000188422ED1FFE744F211
:1035A0005440C5F60200006800F00700014609918A
:1035B00005281DD80999DFE801F003070B0F131741
:1035C00000208DF86D0017E004208DF86D0013E0E9
:1035D00008208DF86D000FE010208DF86D000BE0D5
:1035E00020208DF86D0007E040208DF86D0003E08D
:1035F00080208DF86D00FFE7D1E01D98006841F64E
:103600000001C4F20101884240F04180FFE744F22A
:103610005440C5F60200006800F0380001460891E9
:1036200028282FD80899DFE801F0152D2D2D2D2DF4
:103630002D2D192D2D2D2D2D2D2D1D2D2D2D2D2DDE
:103640002D2D212D2D2D2D2D2D2D252D2D2D2D2DBE
:103650002D2D290001208DF86D0017E004208DF834
:103660006D0013E008208DF86D000FE010208DF83C
:103670006D000BE020208DF86D0007E040208DF8F4
:103680006D0003E080208DF86D00FFE786E01D9857
:10369000006841F60041C4F20101884240F04180D7
:1036A000FFE744F25440C5F60200006800F038001D
:1036B0000146079128282FD80799DFE801F0152D3A
:1036C0002D2D2D2D2D2D192D2D2D2D2D2D2D1D2D4E
:1036D0002D2D2D2D2D2D212D2D2D2D2D2D2D252D2E
:1036E0002D2D2D2D2D2D290001208DF86D0017E099
:1036F00004208DF86D0013E008208DF86D000FE0B8
:1037000010208DF86D000BE020208DF86D0007E093
:1037100040208DF86D0003E080208DF86D00FFE7FC
:103720003BE01D98006840F60041C5F60001884264
:103730002ED1FFE744F25840C5F60200006800F0C1
:1037400007000146069105281DD80699DFE801F01B
:1037500003070B0F131702208DF86D0017E00420EC
:103760008DF86D0013E008208DF86D000FE010203B
:103770008DF86D000BE020208DF86D0007E04020F3
:103780008DF86D0003E080208DF86D00FFE703E009
:1037900080208DF86D00FFE7FFE7FFE7FFE7FFE719
:1037A000FFE7FFE7FFE7FFE7FFE7FFE7FFE71D981A
:1037B000006840F60041C5F60001884240F0B48040
:1037C000FFE79DF86D0001460591022814D0FFE740
:1037D0000598042814D0FFE70598082816D0FFE7BD
:1037E0000598102818D0FFE70598202835D0FFE766
:1037F0000598402837D03AE0F6F7FAF911903CE006
:1038000015A8F6F709FA1698119036E012A8F6F7FF
:103810004FFB1398119030E044F20040C5F60200CF
:10382000006800F020010020B0EB511F0ED0FFE730
:1038300044F20040C5F602000068C0F3C10149F23D
:103840000000C0F2D030C840119005E049F20000FD
:10385000C0F2D0301190FFE70FE040F60010C0F248
:103860003D00119009E04FF40040119005E0002068
:10387000119001208DF86700FFE71198002852D0C1
:10388000FFE711981D994A6A44F69871C0F6020143
:1038900031F81210B0FBF1F0189018981D99496892
:1038A00001EB4101884207D3FFE718981D99496849
:1038B000B0EB013F04D9FFE701208DF8670031E04C
:1038C00011981D994A6803924A6A44F69871C0F6A5
:1038D000020131F81220002304931946ECF752FE3E
:1038E000039A049B090241EA1061000210EB5200A6
:1038F00041F10001ECF746FE1A901A98B0F5407FAE
:103900000BD3FFE71A990020B0EB115F05D1FFE759
:103910001A981D990968C86003E001208DF86700B6
:10392000FFE7FFE7FFE746E11D98C069B0F5004FEC
:1039300040F0A880FFE79DF86D0001460291402805
:1039400000F263800299DFE801F0212560602960C0
:1039500060602F60606060606060356060606060C3
:103960006060606060606060606056606060606061
:103970006060606060606060606060606060606047
:10398000606060606060606060605C00F7F74CFEE3
:10399000119040E0F7F75CFE11903CE015A8F6F7B7
:1039A0003BF91698119036E012A8F6F781FA1398B1
:1039B000119030E044F20040C5F60200006800F0CB
:1039C00020010020B0EB511F0ED0FFE744F2004071
:1039D000C5F602000068C0F3C10149F20000C0F260
:1039E000D030C840119005E049F20000C0F2D0305C
:1039F0001190FFE70FE040F60010C0F23D0011907B
:103A000009E04FF40040119005E0002011900120E2
:103A10008DF86700FFE7119898B3FFE711981D9A9A
:103A20005168536A44F69872C0F6020232F81320C5
:103A3000B0FBF2F0400000EB5100B0FBF1F01A9047
:103A40001A98102818D3FFE7BDF86A00A0B9FFE75D
:103A50001A9820F00F00ADF86E001A9800F00E01D1
:103A6000BDF86E0040EA5100ADF86E00BDF86E0082
:103A70001D990968C86003E001208DF86700FFE721
:103A8000FFE797E09DF86D0001460191402800F2A4
:103A900063800199DFE801F02125606029606060A2
:103AA0002F60606060606060356060606060606072
:103AB0006060606060606060566060606060606010
:103AC00060606060606060606060606060606060F6
:103AD00060606060606060605C00F7F7A5FD119059
:103AE00040E0F7F7B5FD11903CE015A8F6F794F823
:103AF0001698119036E012A8F6F7DAF9139811909B
:103B000030E044F20040C5F60200006800F02001F9
:103B10000020B0EB511F0ED0FFE744F20040C5F685
:103B200002000068C0F3C10149F20000C0F2D030C9
:103B3000C840119005E049F20000C0F2D030119069
:103B4000FFE70FE040F60010C0F23D00119009E0E1
:103B50004FF40040119005E00020119001208DF8F5
:103B60006700FFE7119820B3FFE711981D9A51688D
:103B7000536A44F69872C0F6020232F81320B0FB82
:103B8000F2F000EB5100B0FBF1F01A901A981028F7
:103B90000AD3FFE7BDF86A0030B9FFE7BDF8680057
:103BA0001D990968C86003E001208DF86700FFE7F0
:103BB000FFE7FFE7FFE71D990120A1F86A001D99C3
:103BC000A1F868001D99002048671D9988679DF835
:103BD00067001EB080BD000080B588B006900591DA
:103BE000ADF81220059806998865BDF8120006996F
:103BF000A1F85C0006990020C1F8900006992220E7
:103C0000C1F88C000698D0F88000B0B3FFE70698A2
:103C1000D0F8801042F6E920C0F60100C86306988B
:103C2000D0F8801042F6E130C0F601000864069832
:103C3000D0F8801042F66920C0F60100C8640698EA
:103C4000D0F880100020086506980168826DD0F8D1
:103C500080002431BDF81230F2F732FC60B1FFE78A
:103C600006991020C1F8900006992020C1F88C0018
:103C700001208DF81F0042E0FFE706980069A0B11F
:103C8000FFE7FFE7FFE70698006850E8000F40F401
:103C900080700390FFE703990698026842E80010DD
:103CA0000028F0D1FFE7FFE7FFE7FFE7FFE706980F
:103CB000006850E8020F40F001000290FFE702990F
:103CC0000698026842E802100028F0D1FFE7FFE7FB
:103CD000FFE7FFE70698006850E8020F40F0400059
:103CE0000190FFE701990698026842E80210002857
:103CF000F0D1FFE7FFE700208DF81F00FFE79DF8F8
:103D00001F0008B080BD000080B586B0DDF820C07F
:103D1000049003918DF80B200193FFE7049800684D
:103D2000C06903990840401AB0FA80F040099DF834
:103D30000B10884266D1FFE708980130002860D058
:103D4000FFE7F4F751FC0199401A0899884203D81B
:103D5000FFE7089820B9FFE703208DF8170055E02A
:103D60000498006800684007002849D5FFE70398D9
:103D7000802845D0FFE70398402841D0FFE704980A
:103D80000068C06900F008010120B0EBD10F16D126
:103D9000FFE7049801680820009008620498FEF785
:103DA00087FF00980499C1F89000FFE7049900206C
:103DB00081F88400FFE701208DF8170026E00498C1
:103DC0000068C06900F400610120B0EBD12F16D16A
:103DD000FFE7049801684FF4006008620498FEF75A
:103DE00067FF04992020C1F89000FFE704990020A4
:103DF00081F88400FFE703208DF8170006E0FFE755
:103E0000FFE78BE700208DF81700FFE79DF817000C
:103E100006B080BD0000000080B545F63450C2F207
:103E20000040FAF711FF80BD80B545F6A040C2F210
:103E30000040FAF709FF80BD80B545F6C850C2F2D0
:103E40000040FAF701FF80BD80B586B004908DF880
:103E50000F100498D0F8C80201900498D0F8D4123A
:103E600000EB8100D0F8C00220B9FFE703208DF8F5
:103E700017005FE00498D0F8D41200EB8100D0F86E
:103E8000C002029004989DF80F1001F00F0101EBA1
:103E9000810100EB8100806940B3FFE704989DF841
:103EA0000F1001F00F0101EB810200EB820082692B
:103EB000019801EBC10100EB8100C169B2FBF1F097
:103EC00000FB112090B9FFE704989DF80F1001F056
:103ED0000F0101EB810100EB810000238361049855
:103EE0009DF80F101A4601F003FE1FE00299002012
:103EF000C1F814020498D0F8D41200EB8100D0F875
:103F0000C402006988B1FFE70498D0F8D41200EB2E
:103F10008100D0F8C40203690299D1F8080201F5C2
:103F200004719DF80F209847FFE7FFE700208DF808
:103F30001700FFE79DF8170006B080BD00000000E5
:103F400080B584B002908DF807100298D0F8D41292
:103F500000EB8100D0F8C00200900298D0F8D41293
:103F600000EB8100D0F8C00220B9FFE703208DF8F4
:103F70000F0019E002989DF8071001F029FB009945
:103F8000C1F80C020298D0F8D41200EB8100D0F8EE
:103F9000C402C2680099D1F8040201F50371904788
:103FA00000208DF80F00FFE79DF80F0004B080BDE2
:103FB00080B586B005908DF81310059840F2150174
:103FC000C2F200410091097801F016F900990598B4
:103FD000097801F00F0101EB810100EB8101002064
:103FE00003908884059840F21601C2F200410191C5
:103FF000097801F001F9019A03980599127802F005
:104000000F0202EB820201EB8201A1F86401059824
:1040100040F21401C2F200410291097801F0ECF87B
:10402000029A03980599137803F00F0303EB8303B7
:1040300001EB830188840599127802F00F0202EBEC
:10404000820201EB8201C8840598D0F8D41200EBFB
:104050008100D0F8C002F0B1FFE70598D0F8D41283
:1040600000EB8100D0F8C402406880470598D0F882
:10407000D41200EB8100D0F8C00202F0E5F90598F7
:10408000D0F8D41200EB81010020C1F8C0020599DC
:10409000C1F8BC02FFE7002006B080BD00000000B0
:1040A00080B584B002900298D0F8D41200EB810061
:1040B000D0F8C0020190019820B9FFE703208DF8E5
:1040C0000F0025E00298D0F8D41200EB8100D0F860
:1040D000C402C8B1FFE7019890F80002FF2813D08E
:1040E000FFE70298D0F8D41200EB8100D0F8C402A8
:1040F0008368019991F8000291F80122984701998B
:10410000FF2081F80002FFE700208DF80F00FFE795
:104110009DF80F0004B080BD81B0009000990A2086
:10412000088040F25C10C2F2004001B0704700000D
:1041300080B586B0059040F21810C2F200400190A0
:10414000822100F019FE014601980491012100F03E
:1041500013FE014601980391812100F00DFE0290AB
:10416000049820B1FFE7049910208871FFE70398B5
:1041700020B1FFE7039940208880FFE7029820B133
:10418000FFE7029940208880FFE7059943200880D7
:1041900040F21810C2F2004006B080BD00000000DE
:1041A00080B586B0059040F21810C2F20040019030
:1041B000822100F0E1FD014601980491012100F007
:1041C000DBFD014601980391812100F0D5FD0290AD
:1041D000049820B1FFE7049910208871FFE7039845
:1041E00028B1FFE703994FF400708880FFE7029839
:1041F00028B1FFE702994FF400708880FFE7059926
:104200004320088040F21810C2F2004006B080BD82
:1042100080B586B0059040F21810C2F200400190BF
:10422000822100F0A9FD014601980491012100F0CE
:10423000A3FD014601980391812100F09DFD0290AC
:10424000049820B1FFE7049910208871FFE70398D4
:1042500020B1FFE7039940208880FFE7029820B152
:10426000FFE7029940208880FFE7059943200880F6
:1042700040F21810C2F2004006B080BD00000000FD
:1042800080B590B00E908DF837104FF4077002F0A3
:10429000DFF80C900C9860B9FFE70E98D0F8D412B4
:1042A00000EB81010020C1F8C00202208DF83F0020
:1042B000F0E00C984FF40771ECF7A7FB0C980E99FF
:1042C000D1F8D42201EB8201C1F8C0020E99D1F8D5
:1042D000D40201EB8000D0F8C002C1F8BC020E98F5
:1042E000007C002840D1FFE70E9840F21501C2F291
:1042F000004107910978022208924FF40073099354
:1043000001F05AFA0799089A099B0E98097801F06A
:104310000F0101EB810100EB810101200B908884EA
:104320000E9840F21601C2F200410A91097801F09C
:1043300043FA0A9A0B980E99127802F00F0202EBD8
:10434000820201EB8201A1F864010E9840F214018F
:10435000C2F20041097801F00F0101EB810100EB8D
:1043600081011020C8843EE00E9840F21501C2F28F
:10437000004102910978022203924023049301F044
:104380001BFA0299039A049B0E98097801F00F0119
:1043900001EB810100EB81010120069088840E98D9
:1043A00040F21601C2F200410591097801F004FAC9
:1043B000059A06980E99127802F00F0202EB82021B
:1043C00001EB8201A1F864010E9840F21401C2F2DF
:1043D0000041097801F00F0101EB810100EB81013F
:1043E0001020C884FFE70E9840F21401C2F2004189
:1043F000009109780322082301F0DEF900990E9854
:10440000097801F00F0101EB810100EB810101202E
:1044100088840C9900200190C1F804020E98D0F80D
:10442000D41200EB8100D0F8C402006880470198E4
:104430000C99C1F814020C99C1F818020C98D0F824
:10444000040220B9FFE702208DF83F0022E00E9819
:10445000007C70B9FFE70E9840F21601C2F20041ED
:1044600009780C9AD2F804224FF4007301F0CCF9C9
:104470000CE00E9840F21601C2F2004109780C9A45
:10448000D2F80422402301F0BFF9FFE700208DF8A5
:104490003F00FFE79DF83F0010B080BD0000000026
:1044A00080B584B002900298D0F8D41200EB81005D
:1044B000D0F8C00201900298D0F8D41200EB81002D
:1044C000D0F8C00220B9FFE703208DF80F0022E0EA
:1044D0000298007C70B9FFE7029840F21601C2F220
:1044E00000410978019AD2F804224FF4007301F0D8
:1044F0008BF90CE0029840F21601C2F200410978F3
:10450000019AD2F80422402301F07EF9FFE700204F
:104510008DF80F00FFE79DF80F0004B080BD00008C
:1045200083B001900091009820B9FFE703208DF837
:104530000B000BE000980199D1F8D42201EB820125
:10454000C1F8C40200208DF80B00FFE79DF80B00B6
:1045500003B070470000000084B0029001910298FF
:10456000D0F8D41200EB8100D0F8C002009000987F
:1045700020B9FFE703208DF80F0007E001980099AC
:10458000C1F8040200208DF80F00FFE79DF80F002E
:1045900004B070470000000085B0039002910192C2
:1045A0000398D0F8D41200EB8100D0F8C00200903C
:1045B000009820B9FFE703208DF813000BE0029864
:1045C0000099C1F8080201980099C1F81002002072
:1045D0008DF81300FFE79DF8130005B07047000049
:1045E00080B58AB0089007910898D0F8D41200EBF3
:1045F0008100D0F8C002069000208DF81500ADF8BB
:1046000012008DF81100069820B9FFE703208DF8FD
:104610002700C7E00798007800F06000014603918A
:1046200000285ED0FFE70398202840F0AE80FFE727
:104630000798C088002846D0FFE707980078000652
:10464000002823D5FFE70898D0F8D41200EB8100AA
:10465000D0F8C4028368079A50780699D2889847A0
:104660000798C088082803D3FFE70720029003E0DB
:104670000798C0880290FFE70298ADF816000898E6
:104680000699BDF8162000F083F91BE007984078E2
:10469000069981F800020798C0883F2804D8FFE7F0
:1046A0000798C088019002E040200190FFE7019840
:1046B000069981F801020898069991F8012200F004
:1046C00037F9FFE70CE00898D0F8D41200EB81002E
:1046D000D0F8C40283680799487800229847FFE71A
:1046E0005BE007984078014600910B2844D8009978
:1046F000DFE801F0064142424242424242421C325D
:10470000089890F89C02032807D1FFE708980DF15C
:104710001201022200F03CF907E00898079900F026
:10472000F7F803208DF81100FFE72DE0089890F8C6
:104730009C02032807D1FFE708980DF1150101221B
:1047400000F026F907E00898079900F0E1F8032047
:104750008DF81100FFE717E0089890F89C020328F5
:1047600008D0FFE70898079900F0D2F803208DF8E9
:104770001100FFE708E007E00898079900F0C8F883
:1047800003208DF81100FFE707E00898079900F073
:10479000BFF803208DF81100FFE79DF811008DF898
:1047A0002700FFE79DF827000AB080BD0000000049
:1047B00080B584B002900298D0F8D41200EB81004A
:1047C000D0F8C002019001208DF80300019820B9B3
:1047D000FFE703208DF80F002AE00198D0F81402BB
:1047E00008BBFFE701990120C1F814020198D0F835
:1047F0001002029A40F21501C2F200410B7803F058
:104800000F0303EB830302EB8302906102980978A4
:10481000019BD3F80822D3F8103201F069F9002087
:104820008DF80300FFE79DF803008DF80F00FFE708
:104830009DF80F0004B080BD80B582B001908DF866
:10484000031000208DF802000198D0F8B8124A68D1
:104850009DF80310904720B1FFE703208DF8020078
:10486000FFE79DF8020002B080BD000000000000DC
:1048700080B582B001900091019890F89C020138B7
:1048800002280ED8FFE700984088012808D1FFE7EA
:1048900001990020C1F8A402019800F095F8FFE703
:1048A00004E00198009900F033F8FFE702B080BD02
:1048B00082B001908DF80310002002B07047000014
:1048C00082B001908DF80310002002B07047000004
:1048D00080B584B00390029101920398029A019BE3
:1048E0000021009100F090FF009804B080BD00000E
:1048F00080B584B00390029101920398029A019BC3
:104900000021009101F0F4F8009804B080BD00008F
:1049100080B582B0019000910198802101F094F857
:104920000198002101F090F802B080BD0000000065
:1049300080B584B003900291019203990320C1F8DD
:10494000940201980399C1F8580101980399C1F89C
:104950005C010398029A019B0021009100F054FF32
:10496000009804B080BD000080B582B0019001992C
:104970000520C1F8940201980023009319461A46B5
:1049800000F042FF009802B080BD0000000000006F
:1049900080B584B003900291019203990220C1F87E
:1049A000940201980399886101980399C86103985A
:1049B000029A019B0021009101F09AF8009804B03E
:1049C00080BD00000000000080B582B00190019918
:1049D0000420C1F8940201980023009319461A4656
:1049E00001F086F8009802B080BD000000000000D1
:1049F00080B584B0039002910298C088012805D048
:104A0000FFE703980299FFF783FF21E0039890F8EE
:104A10009C12481E0191022804D3FFE70198032845
:104A20000AD00FE0039900208860039800F1080184
:104A30000122FFF7ADFF0AE00398011D0122FFF7F5
:104A4000A7FF04E003980299FFF762FFFFE7FFE783
:104A500004B080BD0000000080B588B007900691CA
:104A60000020ADF8160004908DF80F000698C0786D
:104A70000138014602910E2800F241810299DFE8D7
:104A800011F02A00340051003E013E010B012301C8
:104A90003E013E013E013E013E013E013E010F004E
:104AA0000798D0F8B402C06950B1FFE70798D0F872
:104AB000B412CA69007C0DF116019047049009E018
:104AC00007980699FFF724FF9DF80F0001308DF835
:104AD0000F00FFE71DE10798D0F8B4120A68007CC8
:104AE0000DF116019047049013E10798007C60B91E
:104AF000FFE70798D0F8B802816A0DF116008847E1
:104B000004900499022048700BE00798D0F8B8028E
:104B1000C16A0DF11600884704900499022048707C
:104B2000FFE7F6E00698807801460191052800F23B
:104B3000A8800199DFE801F0031E39546F8A0798B5
:104B4000D0F8B402406850B1FFE70798D0F8B4122B
:104B50004A68007C0DF116019047049009E007981F
:104B60000699FFF7D5FE9DF80F0001308DF80F0074
:104B7000FFE790E00798D0F8B402806850B1FFE7F3
:104B80000798D0F8B4128A68007C0DF1160190479E
:104B9000049009E007980699FFF7BAFE9DF80F0008
:104BA00001308DF80F00FFE775E00798D0F8B402E8
:104BB000C06850B1FFE70798D0F8B412CA68007C0B
:104BC0000DF116019047049009E007980699FFF748
:104BD0009FFE9DF80F0001308DF80F00FFE75AE0AF
:104BE0000798D0F8B402006950B1FFE70798D0F8F1
:104BF000B4120A69007C0DF116019047049009E097
:104C000007980699FFF784FE9DF80F0001308DF894
:104C10000F00FFE73FE00798D0F8B402406950B1B9
:104C2000FFE70798D0F8B4124A69007C0DF116012D
:104C30009047049009E007980699FFF769FE9DF8F0
:104C40000F0001308DF80F00FFE724E00798D0F83F
:104C5000B402806950B1FFE70798D0F8B4128A69AE
:104C6000007C0DF116019047049009E00798069921
:104C7000FFF74EFE9DF80F0001308DF80F00FFE7A3
:104C800009E007980699FFF743FE9DF80F000130F1
:104C90008DF80F00FFE73CE00798007C48B9FFE77C
:104CA0000798D0F8B802416B0DF1160088470490C0
:104CB00009E007980699FFF72BFE9DF80F000130D9
:104CC0008DF80F00FFE724E00798007C60B9FFE74C
:104CD0000798D0F8B802016B0DF1160088470490D0
:104CE00004990720487009E007980699FFF710FE1D
:104CF0009DF80F0001308DF80F00FFE709E00798DD
:104D00000699FFF705FE9DF80F0001308DF80F00A2
:104D1000FFE79DF80F0008B1FFE72AE00698C0887A
:104D200018B3FFE7BDF81600C8B1FFE7BDF81600DD
:104D30000699C988884204DAFFE7BDF8160000909A
:104D400003E00698C0880090FFE70098ADF81600D1
:104D500007980499BDF81620FFF71AFE04E007989B
:104D60000699FFF7D5FDFFE703E00798FFF72CFE54
:104D7000FFE708B080BD000080B586B005908DF8D3
:104D80001310059803900598029000200190029955
:104D900048880978884227DDFFE702980078ADF857
:104DA0000200FFE7BDF802000299498888421ADA3A
:104DB000FFE703980DF1020100F036F80390039825
:104DC000407805280ED1FFE703980190019880787C
:104DD0009DF81310884201D1FFE704E00020019004
:104DE000FFE7FFE7DEE7FFE7019806B080BD0000C0
:104DF00083B0029000208DF8070002980090FFE732
:104E00000098007848B1FFE79DF8070001308DF861
:104E10000700009801300090F2E79DF8070003B00A
:104E2000704700000000000083B0029001910298DA
:104E30000090009802780199088810440880029830
:104E40000099097808440090009803B0704700006A
:104E500080B582B001900091019890F89C020138D1
:104E600002281FD8FFE70098C088022805D0FFE776
:104E700001980099FFF74CFD19E001990120C860E5
:104E80000198D0F8A40230B1FFE70199C86840F05A
:104E90000200C860FFE7019800F10C010222FFF751
:104EA00077FD04E001980099FFF732FDFFE702B0BB
:104EB00080BD00000000000080B586B00590049120
:104EC000039200208DF80B00059808B9FFE74FE02A
:104ED000059801900198FFF78BFF0146022000EB37
:104EE0004100B0F5007F04D9FFE74FF40070009057
:104EF00008E00198FFF77CFF0146022000EB41002B
:104F00000090FFE7009803990880039800780499BF
:104F10009DF80B2088549DF80B0001308DF80B0094
:104F200004999DF80B20032088549DF80B00013054
:104F30008DF80B00FFE701980078C8B1FFE70198F2
:104F4000007804999DF80B20885401980130019055
:104F50009DF80B0001308DF80B0004999DF80B2093
:104F6000002088549DF80B0001308DF80B00E2E71B
:104F700006B080BD0000000082B08DF80700002060
:104F80008DF806009DF8070001460091032814D80B
:104F90000099DFE801F002060A0E00208DF80600F5
:104FA0000FE003208DF806000BE001208DF80600CD
:104FB00007E003208DF8060003E003208DF80600CB
:104FC000FFE79DF8060002B07047000000000000F7
:104FD00080B582B08DF8070000919DF8070060B998
:104FE000FFE7009A45F25A30C0F6020041F2306104
:104FF000C2F20041FFF760FF0BE0009A45F25A3021
:10500000C0F6020041F23061C2F20041FFF754FFE6
:10501000FFE741F23060C2F2004002B080BD000004
:1050200082B08DF80700009100991220088040F2AC
:105030006810C2F2004002B070470000000000009B
:1050400080B582B08DF8070000919DF8070060B927
:10505000FFE7009A45F24C30C0F6020041F23061A1
:10506000C2F20041FFF728FF0BE0009A45F24C30F6
:10507000C0F6020041F23061C2F20041FFF71CFFAE
:10508000FFE741F23060C2F2004002B080BD000094
:1050900082B08DF80700009100990420088040F24A
:1050A0009010C2F2004002B0704700000000000003
:1050B00080B584B08DF80F000291029A45F26530F8
:1050C000C0F6020041F23061C2F200410191FFF7E7
:1050D000F3FE019804B080BD80B582B08DF8070062
:1050E00000919DF8070060B9FFE7009A45F278301B
:1050F000C0F6020041F23061C2F20041FFF7DCFE6F
:105100000BE0009A45F27830C0F6020041F23061BF
:10511000C2F20041FFF7D0FEFFE741F23060C2F279
:10512000004002B080BD000080B582B08DF807005D
:10513000009100991A200880EEF7E6FB40F29410E7
:10514000C2F2004002B080BD80B584B002900191EF
:105150008DF80320029820B9FFE703208DF80F0097
:1051600023E002990020C1F8B8020299C1F8C402F4
:105170000299C1F8D002019828B1FFE7019802997D
:10518000C1F8B402FFE70299012081F89C029DF862
:10519000030002990870029800F02AFA8DF80200C4
:1051A0009DF802008DF80F00FFE79DF80F0004B096
:1051B00080BD00000000000080B582B001908DF835
:1051C000031000208DF802008DF801000198D0F83E
:1051D000C8029DF80310F3F737FC8DF802009DF824
:1051E0000200FFF7C9FE8DF801009DF8010002B032
:1051F00080BD00000000000080B582B001908DF8F5
:10520000031000208DF802008DF801000198D0F8FD
:10521000C8029DF80310F3F7C3FB8DF802009DF858
:105220000200FFF7A9FE8DF801009DF8010002B011
:1052300080BD00000000000080B588B006908DF8A9
:10524000171004929DF81700002874D1FFE7069804
:10525000143003900698D0F8940202285DD1FFE73D
:1052600003998868C968884212D9FFE7039988685A
:10527000CA68801A886006980499039A9268FFF7B2
:1052800037FB0698002319461A4600F0BDFA43E0A2
:1052900003988168C06888421ED1FFE70399486877
:1052A000C968884218D3FFE7039840680699D1F887
:1052B0009812884210D2FFE7069800220192114608
:1052C000FFF716FB019B0698C0F89832069819461E
:1052D0001A4600F099FA1EE0069890F89C020328FE
:1052E00011D1FFE70698D0F8B802C06850B1FFE7C7
:1052F00006990020C1F8D4020698D0F8B812C968FF
:105300008847FFE7FFE70698802100F09DFB06989D
:10531000FFF72AFBFFE7FFE7FFE7069890F8A002F8
:1053200040B1FFE7069800F077FC0699002081F86D
:10533000A002FFE740E006989DF8171041F08001B9
:10534000FFF7B6FA8DF80A009DF80A00FF2832D060
:10535000FFE79DF80A0070BBFFE7069890F89C02F3
:10536000032827D1FFE706989DF80A1000EB81007B
:10537000D0F8B8024069E0B1FFE79DF80A0006994D
:10538000C1F8D40206989DF80A1000EB8101D1F80B
:10539000B8124A699DF8171090478DF80B009DF8D8
:1053A0000B0028B1FFE79DF80B008DF81F0007E008
:1053B000FFE7FFE7FFE7FFE700208DF81F00FFE7AB
:1053C0009DF81F0008B080BD80B58AB008908DF8A8
:1053D0001F10069200208DF813009DF81F00002872
:1053E00040F08280FFE7089800F5AA7005900898C1
:1053F000D0F89402032876D1FFE705998868C96838
:1054000088421DD9FFE705998868CA68801A8860B4
:10541000089802900698039005998868C9688842A0
:1054200004D2FFE705988068019003E00598C06802
:105430000190FFE703990298019AFFF749FA51E0BA
:10544000089890F8AA0200F01F000146009140B1B0
:10545000FFE70098012808D0FFE7009802280CD049
:1054600013E000208DF8120013E0089890F8AE12B7
:10547000FFF726FA8DF812000BE0089890F8AE12AC
:10548000FFF716FA8DF8120003E000208DF81200E5
:10549000FFE79DF8120008BBFFE7089890F89C0210
:1054A00003281AD1FFE708989DF8121000EB81003D
:1054B000D0F8B802006978B1FFE79DF812000899AA
:1054C000C1F8D40208989DF8121000EB8101D1F8C0
:1054D000B81209698847FFE7FFE7FFE70898FFF779
:1054E00073FAFFE7FFE740E008989DF81F1001F00E
:1054F0007F01FFF7DDF98DF812009DF81200FF28FB
:1055000032D0FFE79DF8120070BBFFE7089890F8D3
:105510009C0203281ED1FFE708989DF8121000EBAB
:105520008100D0F8B802806998B1FFE79DF81200B9
:105530000899C1F8D40208989DF8121000EB810177
:10554000D1F8B8128A699DF81F1090478DF81300A2
:10555000FFE7FFE79DF8130028B1FFE79DF8130070
:105560008DF8270005E0FFE7FFE700208DF8270012
:10557000FFE79DF827000AB080BD00000000000092
:1055800081B00090002001B07047000000000000D2
:1055900080B582B0019000208DF8030001990120B0
:1055A00081F89C020198D0F8B80268B1FFE7019831
:1055B000D0F8B8124A680179904720B1FFE703207C
:1055C0008DF80300FFE7FFE79DF8030002B080BD00
:1055D00080B582B001908DF803100198D0F8C80210
:1055E0009DF80310F3F794FA02B080BD00000000AC
:1055F00080B584B0039003980078012838D1FFE784
:10560000039945F25060C2F200400290C0F8E014E5
:105610000399C1F8C8020021C4F204010160092104
:1056200001710222C2710021817142728172C172C4
:1056300001738173C1730174F4F73EF818B1FFE789
:10564000EDF782FFFFE745F25060C2F200400190A3
:1056500080210091F3F7D8F8009A01980021F3F720
:10566000DFF8019801214FF4BA72F3F7D9F8FFE798
:10567000002004B080BD000084B002908DF80710B7
:105680000298D0F8C80200909DF807000006002894
:105690000DD5FFE700989DF8071001F07F0101EBA1
:1056A000C10100EB8100807D8DF80F000DE00098B6
:1056B0009DF8071001F07F0101EBC10100EB8100B3
:1056C00090F856028DF80F00FFE79DF80F0004B028
:1056D000704700000000000080B584B002908DF893
:1056E00007100298D0F8D41200EB8100D0F8B8026D
:1056F00020B9FFE703208DF80F0020E0029890F812
:105700009C02032817D1FFE70298D0F8D41200EBCF
:105710008100D0F8B802006A60B1FFE70298D0F8C3
:10572000D41200EB8101D1F8B8120A6A9DF8071073
:105730009047FFE7FFE700208DF80F00FFE79DF897
:105740000F0004B080BD000080B584B002908DF8D9
:1057500007100298D0F8D41200EB8100D0F8B802FC
:1057600020B9FFE703208DF80F0020E0029890F8A1
:105770009C02032817D1FFE70298D0F8D41200EB5F
:105780008100D0F8B802406A60B1FFE70298D0F813
:10579000D41200EB8101D1F8B8124A6A9DF80710C3
:1057A0009047FFE7FFE700208DF80F00FFE79DF827
:1057B0000F0004B080BD000080B584B003908DF868
:1057C0000B108DF80A20ADF8083000208DF8070086
:1057D0008DF806000398D0F8C8029DF80B10BDF8AC
:1057E00008209DF80A30F3F7A7F98DF807009DF817
:1057F0000700FFF7C1FB8DF806009DF8060004B016
:1058000080BD00000000000080B586B005908DF8D6
:1058100013100392029300208DF807008DF8060004
:105820000598D0F8C8029DF81310039A029BF3F76D
:10583000FBF98DF807009DF80700FFF79DFB8DF839
:1058400006009DF8060006B080BD000000000000C4
:1058500080B586B0059000208DF81300059A0121CF
:1058600082F89C120599C1F894020599486005993F
:10587000C1F8A402059981F8A0020598D0F8B802F1
:10588000A0B1FFE70598D0F8B802406868B1FFE71B
:105890000598D0F8B8124A680179904720B1FFE71F
:1058A00003208DF81300FFE7FFE7FFE705980022CC
:1058B0000192402303931146FFF77EFF019A039B59
:1058C000059901200290A1F864010598C0F86031A3
:1058D00005988021FFF770FF02990398059A91843B
:1058E000059908629DF8130006B080BD0000000015
:1058F00081B00090009890F89C02042807D1FFE73F
:10590000009890F89D02009981F89C02FFE7002022
:1059100001B070470000000080B582B0019001988E
:1059200090F89C02032813D1FFE70198D0F8B80241
:1059300068B1FFE70198D0F8B802C06930B1FFE75D
:105940000198D0F8B812C9698847FFE7FFE7FFE779
:10595000002002B080BD000082B001908DF80310DD
:105960009DF8030001990874002002B07047000000
:1059700080B582B001908DF8031000208DF80200F0
:105980008DF801000198D0F8C8029DF80310F4F7D3
:1059900033F88DF802009DF80200FFF7EDFA8DF85C
:1059A00001009DF8010002B080BD00000000000071
:1059B00080B584B003900291039800F2AA20029966
:1059C00000F0BAF803990120C1F894020399B1F8E4
:1059D000B002C1F89802039890F8AA0200F01F00E4
:1059E0000146009140B1FFE7009801280CD0FFE785
:1059F0000098022810D017E0039800F2AA2100F0C6
:105A000067FA8DF8070019E0039800F2AA2100F068
:105A10009FFC8DF8070011E0039800F2AA2100F026
:105A2000BFFA8DF8070009E0039890F8AA1201F078
:105A3000800100F009F88DF80700FFE79DF80700E6
:105A400004B080BD0000000080B582B001908DF8E8
:105A5000031000208DF802008DF801000198D0F8A5
:105A6000C8029DF80310F3F717F98DF802009DF8AE
:105A70000200FFF781FA8DF801009DF8010002B0E5
:105A800080BD00000000000080B582B001900020C1
:105A90008DF803008DF802000198D0F8C802F3F7E2
:105AA000E7FF8DF803009DF80300FFF765FA8DF816
:105AB00002009DF8020002B080BD0000000000005E
:105AC00081B00090009890F89C02042807D0FFE76E
:105AD000009890F89C02009981F89D02FFE70099D8
:105AE000042081F89C02002001B0704700000000F3
:105AF00080B586B005908DF81310039202930020B4
:105B00008DF807008DF806000598D0F8C8029DF8BA
:105B10001310039A029BF3F72FF98DF807009DF8F5
:105B20000700FFF729FA8DF806009DF8060006B079
:105B300080BD00000000000080B584B00390029199
:105B4000029801900198007803990870019801303B
:105B500001900198007803994870019801300190F4
:105B60000198FBF79DFD0399488001980130019051
:105B70000198013001900198FBF792FD039988800C
:105B80000198013001900198013001900198FBF7D4
:105B900087FD0399C88004B080BD000000000000AC
:105BA00080B584B0029001910020ADF80200019808
:105BB00020B9FFE703208DF80F0026E00198029935
:105BC000C1F8B8020298D0F8D41200EB8100D0F8E6
:105BD000B802C06A78B1FFE70298D0F8D41200EB9F
:105BE0008100D0F8B802C16A0DF10200884702991D
:105BF000C1F8D002FFE70299D1F8D8020130C1F80C
:105C0000D80200208DF80F00FFE79DF80F0004B0C8
:105C100080BD00000000000081B00090002001B0B5
:105C2000704700000000000080B584B0039002912E
:105C300002988088B8BBFFE70298C08898BBFFE74E
:105C4000029840887F282ED8FFE70298807800F0DD
:105C50007F008DF80700039890F89C02032805D177
:105C6000FFE703980299FEF753FE1BE09DF807003B
:105C7000039981F89E0203989DF80710FFF778FEBC
:105C80000398FEF7A1FE9DF8070028B1FFE70399EE
:105C9000022081F89C0204E00399012081F89C0213
:105CA000FFE7FFE704E003980299FEF731FEFFE704
:105CB00004B080BD0000000080B582B001908DF876
:105CC000031000208DF802000198D0F8B80250B1FE
:105CD000FFE70198D0F8B8120A689DF803109047C2
:105CE0008DF80200FFE79DF8020002B080BD0000C1
:105CF00080B586B00490039100208DF80B000398C6
:105D0000817841F22C60C2F20040017000780228D4
:105D100008D3FFE704980399FEF7FAFD03208DF8F6
:105D20001700A0E0049890F89C0201460191022817
:105D300004D0FFE7019803282FD07FE041F22C60C8
:105D4000C2F20040007818B3FFE741F22C61C2F2C2
:105D500000410878049A506004980978FFF7ACFF76
:105D60008DF80B009DF80B0048B1FFE704980399EC
:105D7000FEF7CEFD0499022081F89C0207E004980A
:105D8000FEF722FE0499032081F89C02FFE703E05E
:105D90000498FEF719FEFFE760E041F22C60C2F2C2
:105DA0000040007898B9FFE70499022081F89C022E
:105DB00041F22C61C2F200410878049A50600498C4
:105DC0000978FEF739FD0498FEF7FEFD35E041F253
:105DD0002C60C2F20040007804994968884227D0BC
:105DE000FFE704980179FEF727FD41F22C61C2F22A
:105DF00000410878049A506004980978FFF75CFF26
:105E00008DF80B009DF80B0068B1FFE7049803992B
:105E1000FEF77EFD04980179FEF70EFD049902203D
:105E200081F89C0203E00498FEF7CEFDFFE703E053
:105E30000498FEF7C9FDFFE7FFE70FE00498039918
:105E4000FEF766FD049841F22C61C2F20041097828
:105E5000FEF7F2FC03208DF80B00FFE79DF80B0026
:105E60008DF81700FFE79DF8170006B080BD000011
:105E700080B582B00190009100984088012808D137
:105E8000FFE701990120C1F8A4020198FEF79CFDEB
:105E900013E000984088022809D1FFE70098407974
:105EA000019981F8A0020198FEF78EFD04E00198A7
:105EB0000099FEF72DFDFFE7FFE702B080BD00006F
:105EC00080B582B001900198FFF7DEFD02B080BD81
:105ED00080B586B00590049100208DF80F000498DD
:105EE000007800F0600001460291A8B1FFE7029837
:105EF000202804D0FFE70298402846D1FFE7059804
:105F0000D0F8D41200EB8101D1F8B8128A68049954
:105F100090478DF80F003DE00498407801460191CC
:105F200009282CD80199DFE801F01B252A202A0A2C
:105F3000052A160F05980499FEF78EFD24E00598B2
:105F40000499FFF771FE1FE005980499FFF7D0FE52
:105F50008DF80F0018E005980499FEF749FD13E04D
:105F600005980499FEF774FF0EE005980499FFF771
:105F70007FFF09E005980499FEF77AFC04E0059894
:105F80000499FEF7C5FCFFE704E005980499FEF7C5
:105F9000BFFCFFE79DF80F0006B080BD00000000C9
:105FA00080B58CB00B900A9100208DF821000A98E2
:105FB00080888DF823000A98007800F06000014680
:105FC0000791B8B3FFE70798202805D0FFE70798A7
:105FD000402840F0B281FFE70B989DF82310FEF7B0
:105FE00067FC8DF822009DF82200FF2821D0FFE7F2
:105FF0009DF82200E8B9FFE79DF822000B99C1F84F
:10600000D4020B989DF8221000EB8100D0F8B80262
:10601000806868B1FFE70B989DF8221000EB8101C2
:10602000D1F8B8128A680A9990478DF82100FFE7E5
:10603000FFE787E10A98407801460691002800F0C2
:10604000BD80FFE7069801284CD0FFE7069803289B
:1060500040F06D81FFE70B9890F89C020146059196
:10606000022804D0FFE70598032819D034E09DF8F2
:10607000230078B1FFE79DF8230080280AD0FFE7CE
:106080000B989DF82310FFF7DFFC0B988021FFF79A
:10609000DBFC04E00B980A99FEF73AFCFFE720E0EE
:1060A0000A984088A0B9FFE79DF8230078B1FFE780
:1060B0009DF8230080280AD0FFE70A98C08830B9ED
:1060C000FFE70B989DF82310FFF7BEFCFFE7FFE703
:1060D0000B98FEF779FC04E00B980A99FEF718FC80
:1060E000FFE729E10B9890F89C02014604910228F1
:1060F00004D0FFE70498032819D059E09DF8230045
:1061000078B1FFE79DF8230080280AD0FFE70B98BD
:106110009DF82310FFF798FC0B988021FFF794FC63
:1061200004E00B980A99FEF7F3FBFFE745E00A98B5
:106130004088E0BBFFE79DF82300400630B1FFE751
:106140000B989DF82310FFF737F8FFE70B98FEF741
:106150003BFC0B989DF82310FEF7AAFB8DF822005C
:106160009DF82200FF2821D0FFE79DF82200E8B922
:10617000FFE79DF822000B99C1F8D4020B989DF817
:10618000221000EB8100D0F8B802806868B1FFE708
:106190000B989DF8221000EB8101D1F8B8128A68A3
:1061A0000A9990478DF82100FFE7FFE7FFE704E039
:1061B0000B980A99FEF7ACFBFFE7BDE00B9890F84F
:1061C0009C0201460391022804D0FFE703980328AC
:1061D00038D0A6E09DF8230050B1FFE79DF82300DA
:1061E000802805D0FFE70B980A99FEF791FB9DE008
:1061F0009DF82300000600280CD5FFE70B989DF8BA
:10620000231001F07F0101EB810100EB81001430CC
:1062100002900CE00B989DF8231001F07F0101EB38
:10622000810100EB810000F5AA700290FFE702985F
:1062300009900999002008600B9809990222FEF73D
:10624000A7FB73E09DF823000006002812D5FFE7A6
:106250000B989DF8231001F00F0101EB810100EB79
:106260008100808C28B9FFE70B980A99FEF750FB54
:106270005CE012E00B989DF8231001F00F0101EB98
:10628000810100EB8100B0F8640128B9FFE70B98A9
:106290000A99FEF73DFB49E0FFE79DF82300000661
:1062A00000280CD5FFE70B989DF8231001F07F0123
:1062B00001EB810100EB8100143001900CE00B98A0
:1062C0009DF8231001F07F0101EB810100EB8100BB
:1062D00000F5AA700190FFE7019809909DF823004E
:1062E00028B1FFE79DF82300802804D1FFE7099932
:1062F000002008600FE00B989DF82310FFF7BCF911
:1063000020B1FFE709990120086003E00999002006
:106310000860FFE7FFE70B9809990222FEF738FBB8
:1063200004E00B980A99FEF7F3FAFFE704E00B98F4
:106330000A99FEF7EDFAFFE704E00B980A99FEF7D9
:10634000E7FAFFE79DF821000CB080BD00000000D7
:1063500080B584B00390029100208DF80700029868
:10636000007800F060000146009140B1FFE700981E
:10637000202804D0FFE7009840285AD1FFE703986F
:1063800090F89C02013802284DD8FFE70298007966
:10639000012842D8FFE7039802990979FEF790FA9D
:1063A0008DF806009DF80600FF2825D0FFE79DF830
:1063B000060008BBFFE703989DF8061000EB81007C
:1063C000D0F8B802806890B1FFE79DF80600039905
:1063D000C1F8D40203989DF8061000EB8101D1F8B2
:1063E000B8128A68029990478DF8070003E00320ED
:1063F0008DF80700FFE703E003208DF80700FFE7B3
:106400000298C08840B9FFE79DF8070020B9FFE770
:106410000398FEF7D9FAFFE704E003980299FEF724
:1064200077FAFFE704E003980299FEF771FAFFE7B5
:1064300004E003980299FEF76BFAFFE79DF8070066
:1064400004B080BD0000000081B0009001B0704732
:1064500081B0009041F63000C2F2004001B07047B8
:1064600084B0039002910398019002980078009004
:1064700002984078012830D1FFE70298007800F0B8
:106480000F01012000FA01F20199D1F81C08104314
:10649000C1F81C080198009900EB4110D0F80009E0
:1064A0000004002818D4FFE7029988686FF3DF2002
:1064B000097940EA8140009A40EA8250019901EB53
:1064C0004211D1F80029104348F20002C1F2000243
:1064D0001043C1F80009FFE72EE00298007800F0B1
:1064E0000F01012000FA01F20199D1F81C0840EADD
:1064F0000240C1F81C080198009900EB4110D0F847
:10650000000B0004002816D4FFE7029988686FF397
:10651000DF20097940EA81400199009A01EB42119C
:10652000D1F8002B104348F20002C1F200021043E0
:10653000C1F8000BFFE7FFE7002004B07047000040
:1065400082B00190019800900099D1F8000940F2C2
:10655000FF729043C1F800090099D1F8040840F493
:106560008070C1F80408002002B0704700000000ED
:1065700080B58AB0DDF830C0CDF814C00493039222
:1065800002919DF814108DF824100299039A049B2F
:1065900008930792069101909DF81D00012823D1D0
:1065A000FFE70199886B20F4803088630199C868FF
:1065B0004FF6BF72CFF6BD721040C8600199C8682F
:1065C00020F44010C8609DF82400012806D1FFE7A0
:1065D0000199C86840F48010C860FFE7019800F096
:1065E0003FF88DF803001AE00199C86840F04000B8
:1065F000C860019800F034F88DF803009DF8210080
:1066000030B9FFE70199886B40F48030886305E07A
:106610000199886B20F480308863FFE7FFE79DF8DD
:106620001A00012816D1FFE70199C86D80B2C8652C
:106630000199C86D0022C0F2EE321043C86501997D
:10664000886840F0060088600199886840F0200062
:106650008860FFE79DF803000AB080BD00000000DD
:1066600083B0019000200090FFE700980130009077
:106670000098B0F1706F04D9FFE703208DF80B008C
:1066800026E0FFE701980069C00F0028EDD0FFE782
:10669000002000900199086940F001000861FFE7BF
:1066A0000098013000900098B0F1706F04D9FFE7B6
:1066B00003208DF80B000BE0FFE70198006900F064
:1066C00001000128ECD0FFE700208DF80B00FFE768
:1066D0009DF80B0003B0704784B0039002910398BB
:1066E000019002980078009002984078012845D1E6
:1066F000FFE70198009900EB4110D0F80009C00FA6
:10670000A8B1FFE70198009900EB4111D1F8000909
:1067100040F00060C1F800090198009900EB4111B8
:10672000D1F8000940F08040C1F80009FFE7029865
:10673000007800F00F01012000FA01F3019AD2F86D
:106740003C189943C2F83C180299097801F00F01EE
:1067500000FA01F20199D1F81C089043C1F81C0815
:106760000198009900EB4111D1F8000947F60002A9
:10677000CEF633421040C1F8000946E00198009976
:1067800000EB4110D0F8000BC00FA8B1FFE7019853
:10679000009900EB4111D1F8000B40F00060C1F806
:1067A000000B0198009900EB4111D1F8000B40F06B
:1067B0008040C1F8000BFFE70298007800F00F015D
:1067C000012000FA01F3019AD2F83C1821EA0341B2
:1067D000C2F83C180299097801F00F0100FA01F2A1
:1067E0000199D1F81C0820EA0240C1F81C08019860
:1067F000009900EB4111D1F8000B47F60002CEF6EC
:10680000F3721040C1F8000BFFE7002004B070479E
:1068100082B00190019800900099D1F8000E20F00C
:106820000300C1F8000E0099D1F8040820F002001E
:10683000C1F80408002002B070470000000000000A
:1068400082B00190019800900099D1F8000E20F0DC
:106850000300C1F8000E0099D1F8040840F00200CE
:10686000C1F80408002002B07047000000000000DA
:1068700080B58CB0DDF838C0CDF81CC00693059209
:1068800004919DF81C108DF82C100499059A069B14
:106890000A9309920891039000208DF80B00039948
:1068A00001910090FFE700980E280CD8FFE70398AD
:1068B000009900EB81010020C1F80401FFE7009876
:1068C00001300090EFE79DF82A00B8B9FFE7019981
:1068D000D1F8040840F00200C1F804080399886B5D
:1068E00020F4001088630399086840F040000860B5
:1068F0000399086840F08000086005E00399886B00
:1069000040F400108863FFE701990020C1F8000EF1
:106910009DF8250001280FD1FFE79DF8230028B935
:10692000FFE70398002100F08FFE04E003980121A7
:1069300000F08AFEFFE704E00398032100F084FEE4
:10694000FFE70398102100F0AFFC20B1FFE7012022
:106950008DF80B00FFE7039800F06AFC20B1FFE719
:1069600001208DF80B00FFE701990020C1F8100805
:106970000199C1F814080199C1F81C080090FFE7BB
:1069800000989DF8201088423BD2FFE701980099BB
:1069900000EB4110D0F80009C00FB0B1FFE700983C
:1069A00048B9FFE70198009900EB41114FF00060F2
:1069B000C1F8000908E00198009900EB41114FF07F
:1069C0009040C1F80009FFE707E00198009900EB4B
:1069D00041110020C1F80009FFE70198009900EB80
:1069E00041110020C1F810090198009900EB4111F4
:1069F0004FF67F30C1F80809FFE70098013000909A
:106A0000BEE700200090FFE700989DF82010884224
:106A10003BD2FFE70198009900EB4110D0F8000B42
:106A2000C00FB0B1FFE7009848B9FFE7019800999F
:106A300000EB41114FF00060C1F8000B08E0019835
:106A4000009900EB41114FF09040C1F8000BFFE7B7
:106A500007E00198009900EB41110020C1F8000BFC
:106A6000FFE70198009900EB41110020C1F8100BDD
:106A70000198009900EB41114FF67F30C1F8080BE7
:106A8000FFE7009801300090BEE70199D1F81008A7
:106A900020F48070C1F810080399002088610399E0
:106AA0006FF0804048619DF8220030B9FFE70399FC
:106AB000886940F010008861FFE70399886943F610
:106AC0000002C8F23C02104388619DF8260030B1F4
:106AD000FFE70399886940F008008861FFE79DF8A7
:106AE0002A00012808D1FFE7039988690422C4F22B
:106AF000000210438861FFE79DF80B000CB080BDD9
:106B000081B000900099886820F001008860002022
:106B100001B070470000000086B004908DF80F109F
:106B20000292049801900498006C0090009843F23F
:106B30000B01C4F6547188420BD3FFE70198D0F8DB
:106B4000000BC00F20B1FFE700208DF817002EE0EA
:106B5000FFE701990020C1F8100B0199D1F8100B43
:106B600040F40020C1F8100B0199D1F8100B40F04F
:106B70001800C1F8100B0199D1F8100B40F0C0407B
:106B8000C1F8100B9DF80F0001280CD1FFE7029807
:106B90000199C1F8140B0199D1F8000B40F0802045
:106BA000C1F8000BFFE700208DF81700FFE79DF804
:106BB000170006B07047000084B00390029103985C
:106BC000019002980078009002984078012820D126
:106BD000FFE70198009900EB4111D1F8000920F47A
:106BE0000010C1F8000902980079032805D0FFE7DA
:106BF0000298007902280BD1FFE70198009900EB79
:106C00004111D1F8000940F08050C1F80009FFE7B8
:106C10001FE00198009900EB4111D1F8000B20F41E
:106C20000010C1F8000B02980079032805D0FFE797
:106C30000298007902280BD1FFE70198009900EB38
:106C40004111D1F8000B40F08050C1F8000BFFE774
:106C5000FFE7002004B0704784B0039002910398CE
:106C6000019002980078009002984078012822D183
:106C7000FFE70198009900EB4110D0F80009C00F20
:106C800070B9FFE7009858B1FFE70198009900EB51
:106C90004111D1F8000920F08040C1F80009FFE758
:106CA0000198009900EB4111D1F8000940F400105F
:106CB000C1F8000921E00198009900EB4110D0F8DB
:106CC000000BC00F70B9FFE7009858B1FFE70198BB
:106CD000009900EB4111D1F8000B20F08040C1F881
:106CE000000BFFE70198009900EB4111D1F8000B70
:106CF00040F40010C1F8000BFFE7002004B070471B
:106D000080B588B0079006918DF8172007980490F9
:106D100006980078039006984078012840F0248176
:106D2000FFE706980069F8B9FFE70498039900EBBC
:106D30004111D1F810096FF3DC40C1F81009049833
:106D4000039900EB4111D1F8100940F40020C1F87B
:106D500010090498039900EB4111D1F810096FF361
:106D60001200C1F8100971E00498039900EB411179
:106D7000D1F810096FF31200C1F8100904980399B3
:106D800000EB4111D1F810096FF3DC40C1F8100994
:106D90000398A8B9FFE7069881680069884204D97A
:106DA000FFE7069988680861FFE70498039900EBFC
:106DB0004111D1F8100940F40020C1F8100937E062
:106DC00006988168006908440138B0FBF1F0ADF81D
:106DD0000A00BDF80A100020C1F6F87000EAC142AE
:106DE0000498039900EB4111D1F810091043C1F840
:106DF000100906980079012819D1FFE70498039932
:106E000000EB4111D1F8100920F0C040C1F8100981
:106E1000BDF80A0000F003020498039900EB411149
:106E2000D1F8100940EA4270C1F81009FFE7FFE706
:106E3000069802696FF3DF420498039900EB411151
:106E4000D1F810091043C1F81009FFE79DF81700A9
:106E500001283BD1FFE70698C06948B1FFE70698D3
:106E6000C0690499039A01EB4211C1F81409FFE7C4
:106E70000698007901281ED1FFE70498D0F8080889
:106E8000C00500280BD4FFE70498039900EB4111DB
:106E9000D1F8000940F00050C1F800090AE0049858
:106EA000039900EB4111D1F8000940F08050C1F87E
:106EB0000009FFE7FFE70498039900EB4111D1F8BF
:106EC000000940F00440C1F800094CE0049803991F
:106ED00000EB4111D1F8000940F00440C1F800096D
:106EE00006980079012813D0FFE70698006970B171
:106EF000FFE70698007800F00F01012000FA01F288
:106F00000499D1F834081043C1F83408FFE729E0A8
:106F10000498D0F80808C00500280BD4FFE70498AF
:106F2000039900EB4111D1F8000940F00050C1F87D
:106F300000090AE00498039900EB4111D1F8000917
:106F400040F08050C1F80009FFE70798069BD96818
:106F50001A781B8A9DF817C0EE46CEF800C000F0E4
:106F600067FCFFE7FFE7C4E00498039900EB4111D9
:106F7000D1F8100B6FF31200C1F8100B04980399AD
:106F800000EB4111D1F8100B6FF3DC40C1F8100B8E
:106F9000039818BBFFE70698006920B1FFE7069940
:106FA00088680861FFE70699886808620698026A9F
:106FB0006FF3DF420498039900EB4111D1F8100BF5
:106FC0001043C1F8100B0498039900EB4111D1F85C
:106FD000100B40F40020C1F8100B49E0069800693E
:106FE000C0B9FFE7069882686FF3DF4204980399FF
:106FF00000EB4111D1F8100B1043C1F8100B0498AD
:10700000039900EB4111D1F8100B40F40020C1F8B6
:10701000100B2CE006988168006908440138B0FB29
:10702000F1F0ADF80A0006998868BDF80A205043CF
:107030000862BDF80A100020C1F6F87000EAC142EB
:107040000498039900EB4111D1F8100B1043C1F8DB
:10705000100B0698026A6FF3DF420498039900EB65
:107060004111D1F8100B1043C1F8100BFFE7FFE7F7
:107070009DF8170001280ED1FFE70698C06848B1B7
:10708000FFE70698C0680499039A01EB4211C1F822
:10709000140BFFE7FFE70698007901281ED1FFE7F0
:1070A0000498D0F80808C00500280BD4FFE704981E
:1070B000039900EB4111D1F8000B40F00050C1F8EA
:1070C000000B0AE00498039900EB4111D1F8000B82
:1070D00040F08050C1F8000BFFE7FFE704980399E8
:1070E00000EB4111D1F8000B40F00440C1F8000B57
:1070F000FFE7002008B080BD85B004900391002018
:1071000002908DF8070004980090039840780128B9
:107110003ED1FFE700980399097800EB4110D0F8C1
:107120000009C00F98B3FFE700980399097800EBB6
:107130004111D1F8000940F00060C1F80009009841
:107140000399097800EB4111D1F8000940F0804023
:10715000C1F80009FFE7029801300290029842F25C
:107160001171884204D3FFE701208DF807000DE07C
:10717000FFE700980399097800EB4110D0F8000967
:1071800000F00040B0F1004FE5D0FFE7FFE73DE041
:1071900000980399097800EB4110D0F8000BC00F5C
:1071A00098B3FFE700980399097800EB4111D1F8F3
:1071B000000B40F00060C1F8000B009803990978BB
:1071C00000EB4111D1F8000B40F08040C1F8000BFA
:1071D000FFE7029801300290029842F21171884252
:1071E00004D3FFE701208DF807000DE0FFE70098CA
:1071F0000399097800EB4110D0F8000B00F0004033
:10720000B0F1004FE5D0FFE7FFE7FFE79DF807008B
:1072100005B070470000000081B0009000998868B8
:1072200040F001008860002001B0704700000000BD
:1072300083B0019000200090FFE70098013000909B
:107240000098B0F1706F04D9FFE703208DF80B00B0
:1072500024E0FFE701980069C00F0028EDD0FFE7A8
:1072600000200090019910200861FFE7009801308C
:1072700000900098B0F1706F04D9FFE703208DF8FB
:107280000B000BE0FFE70198006900F010001028E8
:10729000ECD0FFE700208DF80B00FFE79DF80B0016
:1072A00003B070470000000084B0029001910020FC
:1072B0000090FFE70098013000900098B0F1706FE7
:1072C00004D9FFE703208DF80F0026E0FFE70298BE
:1072D0000069C00F0028EDD0FFE700200090019862
:1072E0008001203002990861FFE70098013000908A
:1072F0000098B0F1706F04D9FFE703208DF80F00FC
:107300000BE0FFE70298006900F020002028ECD095
:10731000FFE700208DF80F00FFE79DF80F0004B095
:10732000704700000000000084B0039003980290B2
:107330000298D0F8080800F006000090009820B9E4
:10734000FFE700208DF8070010E00098022804D025
:10735000FFE70098062804D1FFE702208DF8070018
:1073600003E00F208DF80700FFE7FFE79DF8070017
:1073700004B070470000000081B0009000984069A0
:1073800000F0010001B0704783B0029002980190B4
:107390000198D0F8180800900198D0F81C180098AF
:1073A00008400090BDF8000003B0704700000000E6
:1073B00083B00290029801900198D0F818080090CC
:1073C0000198D0F81C18009808400090BDF8020001
:1073D00003B070470000000086B005908DF81310D0
:1073E000059803900398D0F8100801900398D0F8FE
:1073F0003408009000989DF8131001F00F01C84068
:1074000000F00101019840EAC110019003989DF835
:10741000131000EB4110D0F80809019908400290C0
:10742000029806B07047000084B003908DF80B10EE
:107430000398019001989DF80B1000EB4110D0F8D3
:10744000080B00900198D0F814180098084000909C
:10745000009804B07047000082B001900198406924
:10746000009001988169009808400090009802B04F
:10747000704700000000000089B008900791ADF847
:107480001A200898059007980490BDF81A00800803
:107490000190BDF81A0000F00300ADF802000020D2
:1074A0000290FFE702980199884217D2FFE70598FA
:1074B0004FF48051405804990860049801300490BA
:1074C000049801300490049801300490049801302D
:1074D0000490FFE7029801300290E3E7BDF8020054
:1074E00008B3FFE70020029005984FF48051405800
:1074F0000390FFE703989DF80810C900C84004995D
:107500000870029801300290049801300490BDF890
:1075100002000138ADF80200FFE7BDF802000028C4
:10752000E8D1FFE7FFE7049809B0704700000000CA
:1075300080B586B004908DF80F1000200290049959
:10754000C86820F0C040C8609DF80F00012823D112
:10755000FFE70499C86840F00050C860FFE70A20C0
:10756000EFF732FB02980A300290FFE70498FFF72A
:1075700003FF014600200129019007D0FFE702998F
:107580000020C82938BF01200190FFE70198C007FB
:107590000028E4D1FFE72AE09DF80F0010BBFFE7C9
:1075A0000499C86840F08040C860FFE70A20EFF700
:1075B0000BFB02980A300290FFE70498FFF7DCFE0D
:1075C00001460020009039B1FFE702990020C82948
:1075D00038BF01200090FFE70098C0070028E5D1E0
:1075E000FFE703E001208DF817000CE0FFE70298A9
:1075F000C82804D1FFE701208DF8170003E0002020
:107600008DF81700FFE79DF8170006B080BD000059
:1076100083B002908DF80710029800900099D1F87D
:10762000000820F4FE60C1F800089DF8070000F093
:107630007F020099D1F8000840EA0210C1F8000862
:10764000002003B07047000083B002908DF807104F
:10765000029800909DF807200099D1F80008104387
:10766000C1F80008002003B07047000000000000CF
:1076700084B0039002918DF807209DF8070002283E
:1076800040F0B880FFE702984AF6C041C0F2D80146
:1076900088420BD3FFE702984EF2BF11C0F2E4011B
:1076A000884203D8FFE70F200090A2E002984EF234
:1076B000C011C0F2E40188420BD3FFE7029842F206
:1076C000FF31C0F2F401884203D8FFE70E2000909A
:1076D0008EE0029842F20041C0F2F40188420BD3DE
:1076E000FFE7029847F27F31C0F20611884203D8C3
:1076F000FFE70D2000907AE0029847F28031C0F257
:10770000061188420BD3FFE7029844F69F11C0F29E
:107710001A11884203D8FFE70C20009066E0029817
:1077200044F6A011C0F21A1188420BD3FFE7029869
:1077300042F6FF41C0F23111884203D8FFE70B2027
:10774000009052E0029842F60051C0F23111884296
:107750000BD3FFE702984AF23F41C0F24C11884236
:1077600003D8FFE70A2000903EE002984AF2404129
:10777000C0F24C1188420BD3FFE7029843F2FF514D
:10778000C0F26E11884203D8FFE7092000902AE07A
:10779000029843F20061C0F26E1188420BD3FFE7FA
:1077A00002984AF61F31C0F2A611884203D8FFE7BB
:1077B0000820009016E002984AF62031C0F2A61187
:1077C00088420BD3FFE7029844F2FF71C0F2E81140
:1077D000884203D8FFE70720009002E006200090CF
:1077E000FFE7FFE7FFE7FFE7FFE7FFE7FFE7FFE769
:1077F000FFE70AE09DF8070018B9FFE709200090AD
:1078000002E009200090FFE7FFE70399C86820F431
:107810007050C860009800F00F020399C86840EAF1
:107820008220C860002004B0704700000000000003
:1078300080B588B084460A98CDF81CC006918DF8B2
:107840001720ADF814308DF81300079803900698B0
:1078500002909DF8130048BBFFE7BDF81400033009
:107860008008019000200090FFE70098019988426D
:107870001BD2FFE70298006803999DF8172001EBDF
:1078800002314FF4805288500298013002900298E1
:10789000013002900298013002900298013002906B
:1078A000FFE7009801300090DFE7FFE7002008B015
:1078B00080BD000000000000FFE7FEE700000000C0
:1078C00080B50BF041FD80BD80B50BF035FD80BD6E
:1078D00080B582B0019000910098019948600199AB
:1078E0000020886000988000E8F7F6FD01990860A4
:1078F0000198006800998900E9F787F802B080BD17
:1079000080B584B0039041F20400CEF2000000681C
:107910000290029803990968401A00EE100AB8EE26
:10792000400A40F20C50C2F2004090ED001AB8EE4E
:10793000411A80EE010A8DED010A02980399086050
:1079400002F0AAFA9DED010A04B080BD000000001B
:1079500083B002908DED010ACDED000A029890ED02
:10796000000A9DED011AB4EE410AF1EE10FA04DAB4
:10797000FFE70198029908600FE0029890ED000A75
:107980009DED001AB4EE410AF1EE10FA04DDFFE7B6
:10799000009802990860FFE7FFE703B07047000016
:1079A00082B00190ADF80210ADF800200198008877
:1079B000BDF80210884205DAFFE7BDF80200019920
:1079C00008800CE001980088BDF80010884205DDB1
:1079D000FFE7BDF8000001990880FFE7FFE702B06C
:1079E000704700000000000080B588B007908DED62
:1079F000060A0698079A1168926841F822000799CA
:107A00004A688868431C93FBF2F000FB12308860E0
:107A1000079801684068820001A80090E8F7A1FF7C
:107A200000980799496849F66153C0F6010304229A
:107A3000E8F70FFF00980799496801EBD1726FF0E2
:107A4000020101EA4201084490ED000A08B080BD3D
:107A500086B08DED050ACDED040A8DED031ACDED4E
:107A6000021A8DED012ACDED002A9DED050A9DED4E
:107A7000012A20EE021A9DED003A9DED040A20EE47
:107A8000030A20EE030AA1EE030A9DED031A21EE7C
:107A9000021AA1EE020A9DED021A30EE010A06B0AA
:107AA000704700000000000085B004900391049826
:107AB000029000208DF807000090FFE700980399DE
:107AC000013988420DD2FFE702980099415C9DF888
:107AD000070008448DF80700FFE700980130009088
:107AE000ECE79DF80700029A0399114411F8011C74
:107AF000401AB0FA80F0400905B07047000000005D
:107B000085B004908DF80F10049845F26041C2F2E0
:107B1000004188423FD1FFE79DF80F000138014640
:107B20000191072836D80199DFE801F0040A101600
:107B30001C22282E40F25C30C2F20040029029E064
:107B400040F26430C2F20040029023E040F26C3018
:107B5000C2F2004002901DE040F27430C2F20040D8
:107B6000029017E040F27C30C2F20040029011E037
:107B700040F28430C2F2004002900BE040F28C30C0
:107B8000C2F20040029005E040F29430C2F20040A0
:107B90000290FFE747E0049845F20051C2F200412D
:107BA00088423FD1FFE79DF80F0001380146009160
:107BB000072836D80099DFE801F0040A10161C22C5
:107BC000282E40F2FC30C2F20040029029E040F240
:107BD0000440C2F20040029023E040F20C40C2F2A6
:107BE000004002901DE040F21440C2F200400290BA
:107BF00017E040F21C40C2F20040029011E040F257
:107C00002440C2F2004002900BE040F22C40C2F24D
:107C10000040029005E040F23440C2F20040029081
:107C2000FFE7FFE7FFE7029805B07047000000009C
:107C300086B005908DF81310059845F26041C2F2A8
:107C4000004188425BD1FFE79DF8130001380146EF
:107C500002910A2852D80299DFE801F0060C131AA3
:107C600021272E353C42490040F24430C2F2004008
:107C7000039043E040F24430C2F2004002300390EF
:107C80003CE040F24430C2F200400430039035E062
:107C900040F24430C2F20040063003902EE040F241
:107CA0003430C2F20040039028E040F23430C2F297
:107CB00000400230039021E040F23430C2F2004034
:107CC000043003901AE040F23430C2F20040063033
:107CD000039013E040F25430C2F2004003900DE0F4
:107CE00040F25430C2F200400230039006E040F20D
:107CF0005430C2F2004004300390FFE7C7E005981B
:107D000045F20051C2F2004188425BD1FFE79DF885
:107D100013000138014601910A2852D80199DFE881
:107D200001F0060C131A21272E353C42490040F27F
:107D3000E430C2F20040039043E040F2E430C2F28B
:107D40000040023003903CE040F2E430C2F20040D8
:107D50000430039035E040F2E430C2F200400630D7
:107D600003902EE040F2DC30C2F20040039028E0A5
:107D700040F2DC30C2F200400230039021E040F2D9
:107D8000DC30C2F20040043003901AE040F2DC30F4
:107D9000C2F200400630039013E040F2F430C2F229
:107DA000004003900DE040F2F430C2F20040023097
:107DB000039006E040F2F430C2F200400430039039
:107DC000FFE763E0059845F2A051C2F20041884206
:107DD0005BD1FFE79DF813000138014600910A28A6
:107DE00052D80099DFE801F0060C131A21272E352E
:107DF0003C42490040F27C40C2F20040039043E024
:107E000040F27C40C2F20040023003903CE040F27D
:107E10007C40C2F200400430039035E040F27C40E8
:107E2000C2F20040063003902EE040F27440C2F2ED
:107E30000040039028E040F27440C2F2004002305B
:107E4000039021E040F27440C2F2004004300390FD
:107E50001AE040F27440C2F200400630039013E092
:107E600040F28440C2F2004003900DE040F28440B2
:107E7000C2F200400230039006E040F28440C2F2B9
:107E8000004004300390FFE7FFE7FFE7FFE70398B8
:107E900006B070470000000085B004908DF80F1008
:107EA0008DF80E20049845F26041C2F200418842EC
:107EB00040F0D980FFE79DF80F000138014601919D
:107EC0000A2800F2CF800199DFE801F0060C131AAE
:107ED0002138516A839AB30040F24430C2F2004024
:107EE0000290BFE040F24430C2F200400230029003
:107EF000B8E040F24430C2F2004004300290B1E0F9
:107F000040F24430C2F2004006300290AAE09DF8F0
:107F10000E0030B9FFE740F23C30C2F20040029060
:107F20000BE09DF80E00012806D1FFE740F2343047
:107F3000C2F200400290FFE7FFE793E09DF80E00D9
:107F400038B9FFE740F23C30C2F200400230029004
:107F50000CE09DF80E00012807D1FFE740F2343015
:107F6000C2F2004002300290FFE7FFE77AE09DF89E
:107F70000E0038B9FFE740F23C30C2F20040043056
:107F800002900CE09DF80E00012807D1FFE740F2B7
:107F90003430C2F2004004300290FFE7FFE761E0B6
:107FA0009DF80E0038B9FFE740F23C30C2F20040C5
:107FB000063002900CE09DF80E00012807D1FFE783
:107FC00040F23430C2F2004006300290FFE7FFE793
:107FD00048E09DF80E0030B9FFE740F25430C2F29D
:107FE000004002900BE09DF80E00012806D1FFE74B
:107FF00040F24C30C2F200400290FFE7FFE731E070
:108000009DF80E0038B9FFE740F25430C2F200404C
:10801000023002900CE09DF80E00012807D1FFE726
:1080200040F24C30C2F2004002300290FFE7FFE71E
:1080300018E09DF80E0038B9FFE740F25430C2F264
:108040000040043002900CE09DF80E00012807D19A
:10805000FFE740F24C30C2F2004004300290FFE7EC
:10806000FFE7FFE7E1E0049845F20051C2F200416A
:10807000884240F0D980FFE79DF80F0001380146A3
:1080800000910A2800F2CF800099DFE801F0060C89
:10809000131A2138516A839AB30040F2E430C2F2D5
:1080A00000400290BFE040F2E430C2F200400230F3
:1080B0000290B8E040F2E430C2F200400430029096
:1080C000B1E040F2E430C2F2004006300290AAE093
:1080D0009DF80E0030B9FFE740F2DC30C2F20040FC
:1080E00002900BE09DF80E00012806D1FFE740F258
:1080F000D430C2F200400290FFE7FFE793E09DF822
:108100000E0038B9FFE740F2DC30C2F20040023026
:1081100002900CE09DF80E00012807D1FFE740F225
:10812000D430C2F2004002300290FFE7FFE77AE06D
:108130009DF80E0038B9FFE740F2DC30C2F2004093
:10814000043002900CE09DF80E00012807D1FFE7F3
:1081500040F2D430C2F2004004300290FFE7FFE763
:1081600061E09DF80E0038B9FFE740F2DC30C2F262
:108170000040063002900CE09DF80E00012807D167
:10818000FFE740F2D430C2F2004006300290FFE731
:10819000FFE748E09DF80E0030B9FFE740F2F43009
:1081A000C2F2004002900BE09DF80E00012806D1BB
:1081B000FFE740F2EC30C2F200400290FFE7FFE739
:1081C00031E09DF80E0038B9FFE740F2F430C2F21A
:1081D0000040023002900CE09DF80E00012807D10B
:1081E000FFE740F2EC30C2F2004002300290FFE7BD
:1081F000FFE718E09DF80E0038B9FFE740F2F430D1
:10820000C2F20040043002900CE09DF80E000128FC
:1082100007D1FFE740F2EC30C2F200400430029098
:10822000FFE7FFE7FFE7FFE7FFE7029805B07047CA
:1082300080B582B000F024F840F64430C2F200402D
:1082400090ED000AB8EE400A818801EE101AB8EEEF
:10825000C11A9FED092AA1EE020AC08801EE100A98
:10826000B8EEC11A9FED052AA1EE020A8DED010AB2
:108270009DED010A02B080BD6F12833ABD3786358D
:10828000B0B586B001F008FE41F20400CEF2000065
:108290000068059040F22450C2F200400168059841
:1082A000002302934FF0FF3C1A46E1FB0C0240F220
:1082B0001851C2F2004100914A600860086849689C
:1082C00040F20C54C2F200442268E8F75BF9029BCA
:1082D00002468C46009942F65020C2F20040C0F897
:1082E00004C00260D1F800C04968D0F800E04268DC
:1082F0002468AEFB04E502FB0452BCEB0E0C61EB00
:10830000020242F65821C2F200410391C1F800C0B6
:108310004A60006840F64432C2F2004204921060A3
:108320000868496840F21052C2F200420192126895
:10833000E8F728F9DDF804C0029B049A0146039887
:108340009180016840689288DCF800C002FB0CF262
:108350008A1A60F1000042F66021C2F200410A6010
:1083600048600868496840F21452C2F2004212683C
:10837000E8F708F90499C88006B0B0BD0000000015
:1083800087B08DED060ACDED050A8DED041A039038
:1083900002919DED060A9DED052A30EE420A9DED03
:1083A000041A31EE421A80EE010A8DED010A9DEDAC
:1083B000011A02990398091A00EE101AB8EEC02AA1
:1083C00000EE100AB8EEC00AA1EE020ABDEEC00A25
:1083D0008DED000A009807B0704700000000000013
:1083E00087B00690059104928DED030ACDED020A47
:1083F00006980599401A00EE100AB8EEC00A0498D3
:10840000401A01EE100AB8EEC11A80EE010A8DED95
:10841000010A9DED011A9DED022A9DED030A32EE3F
:10842000402AA1EE020A8DED000A9DED000A07B078
:10843000704700000000000083B0029001918DF8A9
:108440000320FFE70198411E019198B1FFE79DF8D5
:10845000030002994A1C0292097848408DF80200F4
:108460009DF8021045F24020C0F60200405C8DF8F5
:108470000300E7E79DF8030003B070470000000029
:1084800080B58AB009908DF823108DF822208DF8E0
:10849000213046F2CA01C2F2004106910420088050
:1084A00046F2C801C2F20041082008809DF823006E
:1084B000099908739DF82200099948739DF82100D5
:1084C000099988730999002008749DF82100E8F73C
:1084D00003F809994861099840699DF82110E8F767
:1084E00072FA069800889DF821104843E7F7F4FFD8
:1084F0000699099A90610998806909889DF8212058
:108500005143E8F782FA069800889DF82110484305
:10851000E7F7E2FF0699099AD0610998C0690988CE
:108520009DF821205143E8F770FA069800889DF8DD
:1085300023104843E7F7D0FF0699099A106209987B
:10854000006A09889DF823205143E8F75EFA9DF8F8
:108550002100E7F7C1FF099948620998406A9DF830
:108560002110E8F730FA069800889DF82310484358
:10857000E7F7B2FF0699099A106009980068098820
:108580009DF823205143E8F740FA069800889DF8AB
:1085900021104843E7F7A0FF0699099A506009980F
:1085A000406809889DF821205143E8F72EFA069883
:1085B00000889DF822104843E7F78EFF0699099A34
:1085C00090600998806809889DF822205143E8F757
:1085D0001CFA069800889DF823104843E7F77CFFB3
:1085E0000699099AC2F8E8000998D0F8E8000988C5
:1085F0009DF823205143E8F708FA099A02F1300068
:10860000117BD2F8E830012207920AF0DDFE0698CD
:1086100000889DF823104843E7F75EFF0699099A02
:10862000C2F8EC000998D0F8EC0009889DF82320E6
:108630005143E8F7EAF9079A099B03F13800197BDF
:10864000D3F8EC300AF0C0FE9DF8220010B3FFE72B
:1086500046F2CA00C2F20040059000889DF8221040
:108660004843E7F739FF0599099AC2F8F0000998DD
:10867000D0F8F00009889DF822205143E8F7C5F9A9
:10868000099A02F14000517BD2F8F03001220AF041
:108690009BFEFFE746F2CA00C2F200400490008849
:1086A0009DF821104843E7F717FF0499099AC2F88B
:1086B000F4000998D0F8F40009889DF8212051436E
:1086C000E8F7A3F9099A02F14800917BD2F8F43057
:1086D00001220AF079FE049800889DF8231048438F
:1086E0004843E7F7F9FE0499099AC2F8F800099897
:1086F000D0F8F80009889DF8232051435143E8F74A
:1087000084F9099901F150000A7BD1F8F83011463B
:108710000AF05AFE049800889DF823104843484305
:10872000E7F7DAFE0499099AC2F8FC000998D0F834
:10873000FC0009889DF8232051435143E8F765F96F
:10874000099901F158000A7BD1F8FC3011460AF072
:108750003BFE049800889DF8231048434843E7F700
:10876000BBFE01460498099AC2F8001100889DF8E2
:10877000231048434843E7F7AFFE0499099AC2F82B
:1087800004010998D0F8000109889DF8232051437D
:108790005143E8F73AF904990998D0F80401098897
:1087A0009DF8232051435143E8F72FF9099901F12E
:1087B00060000A7BD1F8003111460AF005FE0999E4
:1087C00001F168000A7BD1F8043111460AF0FCFD82
:1087D0009DF8220040B3FFE746F2CA00C2F2004013
:1087E000039000889DF8231048439DF822104843C9
:1087F000E7F772FE0399099AC2F808010998D0F8C0
:10880000080109889DF8232051439DF822205143F7
:10881000E8F7FBF8099B03F17000197B5A7BD3F84A
:1088200008310AF0D1FDFFE746F2CA00C2F200406B
:10883000019000889DF8211048439DF8231048437B
:10884000E7F74AFE01460198099AC2F80C11008820
:108850009DF8231048439DF821104843E7F73CFE5C
:108860000199099AC2F810010998D0F80C010988F9
:108870009DF8212051439DF823205143E8F7C5F886
:1088800001990998D0F8100109889DF823205143D7
:108890009DF821205143E8F7B8F8099B03F17800CF
:1088A0001A7B997BD3F80C310AF08EFD099B03F1FA
:1088B0008000197B9A7BD3F810310AF085FD01986E
:1088C00000889DF8231048434843E7F705FE0199C7
:1088D000099AC2F814010998D0F8140109889DF882
:1088E000232051435143E8F790F8099901F188009A
:1088F0000A7BD1F8143111460AF066FD0198008810
:108900009DF8211048434843E7F7E6FD0199099A8D
:10891000C2F818010998D0F8180109889DF821209B
:1089200051435143E8F771F8099901F190008A7BAE
:10893000D1F8183111460AF047FD019800889DF8DA
:10894000231048439DF821104843E7F7C5FD0199DE
:10895000099AC2F81C010998D0F81C0109889DF8F1
:10896000232051439DF821205143E8F74EF8099BFD
:1089700003F19800197B9A7BD3F81C310AF024FD8F
:10898000019800880999097B48434843E7F7A4FD0B
:1089900001460198099AC2F8201100880999097BBB
:1089A00048434843E7F798FD01460198099AC2F801
:1089B000241100880999097B48434843E7F78CFD57
:1089C00001460198099AC2F8281100880999097B83
:1089D0004843E7F781FD01460198099AC2F82C1136
:1089E00000880999097B4843E7F776FD0999C1F8A2
:1089F0003001099901F1A0000A7BD1F8203111461C
:108A00000AF0E2FC099901F1A8000A7BD1F82431AF
:108A100011460AF0D9FC099901F1B0000A7BD1F89E
:108A2000283111460AF0D0FC099A02F1B800117BF6
:108A3000D2F82C31012202920AF0C6FC029A099B5C
:108A400003F1C000197BD3F830310AF0BDFC09995D
:108A5000002081F82800099981F82900099981F8F6
:108A60002A00099981F82B00099981F82C000AB095
:108A700080BD00000000000080B582B00190019828
:108A800090F82A00002872D1FFE7019901F17800DF
:108A900080310BF045F8019981F8C8000199B1F8CF
:108AA0007800A1F8A8000199B1F85A00A1F8AA002D
:108AB000019A02F1780002F15801A8320AF074FF1D
:108AC000019981F8C8000199B1F8A800A1F8B00097
:108AD0000199B1F88200A1F8B200019A02F1A80050
:108AE00002F18001B0320AF05FFF019981F8C800FD
:108AF0000199B1F89000A1F8A0000199B1F8920095
:108B0000A1F8A200019A02F1B00002F19001A03296
:108B10000AF026FC019981F8C800019901F1A00032
:108B2000B0310AF065FC019981F8C8000199B1F8EB
:108B30005800A1F8A8000199B1F88200A1F8AA0094
:108B4000019A02F1580002F18001A8320AF02CFFCC
:108B5000019981F8C800019A02F1A80002F1B00160
:108B600098320AF021FF019981F8C800FFE702B0AE
:108B700080BD00000000000084B002900191ADF8BB
:108B80000220029828B9FFE74FF6FF70ADF80E00FB
:108B900021E0FFE70198411E0191B8B1FFE702987B
:108BA000411C029100788DF80100BDF802109DF87B
:108BB00001004840C2B244F6B070C0F6020030F87E
:108BC000120080EA1120ADF80200E3E7BDF80200D0
:108BD000ADF80E00FFE7BDF80E0004B070470000CE
:108BE00083B002900191ADF8022003B070470000FD
:108BF00080B584B00390039800F0E6F80398D0F8AD
:108C0000CC0028B1FFE70398D0F8CC108847FFE7E5
:108C1000039801F051F80398D0F8D00028B1FFE78D
:108C20000398D0F8D0108847FFE7039800F0F0FED3
:108C30000398D0F8D40028B1FFE70398D0F8D410F7
:108C40008847FFE70398007C20B9FFE70398C07BC3
:108C5000F0B9FFE70398FFF70FFF0398D0F8D800AB
:108C600028B1FFE70398D0F8D8108847FFE70398AA
:108C700000F076FE0398D0F8DC0028B1FFE70398F7
:108C8000D0F8DC108847FFE7039800F069FA1BE092
:108C9000039BD3F8E800D3F8EC1046F2CA02C2F204
:108CA0000042019212881B7B5A43E7F75AFE019A51
:108CB000039BD3F8F800D3F8FC1012881B7B5A43AF
:108CC0005A43E7F74EFEFFE70398D0F8E00028B1DB
:108CD000FFE70398D0F8E0108847FFE700208DF801
:108CE0000B00FFE79DF80B000399097B88422CDA03
:108CF000FFE70398D0F8F8209DF80B10037B11FBD9
:108D0000031302EB830292ED000A006A00EB81007C
:108D100090ED001AB4EE410AF1EE10FA0EDAFFE718
:108D2000039B186A9DF80B2050F82200D3F8F81026
:108D30001B7B12FB032241F82200FFE7FFE79DF8AF
:108D40000B0001308DF80B00CCE7039B1868D3F8BB
:108D5000E81046F2CA02C2F2004212881B7B5A4354
:108D6000E7F7FFFD0398D0F8E40028B1FFE7039888
:108D7000D0F8E4108847FFE70398006804B080BD8E
:108D800080B584B00390029100208DF8070003980D
:108D900020B1FFE70298022801D8FFE70FE003980F
:108DA00002990139FF22FFF747FB8DF807009DF874
:108DB0000700039A0299114401F8010CFFE704B07F
:108DC00080BD00000000000080B582B001900198D5
:108DD000C07B20B1FFE7019801F07EF816E0019B0F
:108DE000D3F8F400596846F2CA02C2F20042009277
:108DF00012889B7B5A43E7F7B4FD0099019A5068AB
:108E00000988927B5143E7F700FEFFE7019BD3F807
:108E1000F000996846F2CA02C2F2004212885B7BF7
:108E20005A43E7F79EFD02B080BD0000000000003D
:108E300080B582B046F2AC00C2F200400168013158
:108E400001600068B0F5FA6F07D9FFE746F2CC0180
:108E5000C2F2004101200870FFE742F6E020C2F2B2
:108E6000004002F035FD45F24060C2F20040EFF7ED
:108E7000C3FB46F2CC00C2F200400078C0070028D5
:108E80006CD0FFE742F6E020C2F2004002F0A0FC06
:108E9000F8F752FE42F66820C2F200400168013144
:108EA000016042F67022C2F2004211680131116085
:108EB00042F66C22C2F20042116801311160006872
:108EC00004280FD1FFE742F6E020C2F200400190F3
:108ED00000F6180007F0DCFC019800F67C0007F0B3
:108EE000D7FCFFE742F66820C2F200400068052880
:108EF0000FD1FFE740F2C050C2F20040F9F770FB1B
:108F0000F9F75EFB42F66821C2F2004100200860DA
:108F1000FFE742F67020C2F20040006864280DD1DD
:108F2000FFE742F6E020C2F2004004F09DFD42F669
:108F30007021C2F2004100200860FFE742F66C2079
:108F4000C2F200400068442807D1FFE742F66C21D6
:108F5000C2F2004100200860FFE7FFE702B080BDD9
:108F600080B584B00290019100208DF80300029832
:108F700020B1FFE70198022803D8FFE70020039003
:108F800014E0029801990139FF22FFF755FA8DF894
:108F900003009DF80300029A0199114411F8011C85
:108FA000401AB0FA80F040090390FFE7039804B03C
:108FB00080BD00000000000080B584B003900291E5
:108FC0000020ADF80600039820B1FFE702980228C0
:108FD00001D8FFE717E00398029902394FF6FF72B4
:108FE000FFF7CAFDADF80600BDF80600039A029926
:108FF000114401F8020C9DF80700039A02991144EC
:1090000001F8010CFFE704B080BD00000000000083
:1090100080B58AB08DED090ACDED080A8DED071AED
:10902000CDED061A8DED052A0490049901200870F3
:1090300009980499C1F8B00108980499C1F8B401DD
:1090400007980499C1F8B80104994CF67740C3F227
:109050002B20C1F8CC010499002081F83801049933
:10906000C1F84401C1F840010499C1F84C01C1F8AC
:1090700048019DED060AB7EE001AB4EE410AF1EE82
:1090800010FA04DDFFE74FF07E500690FFE70698E8
:109090000499C1F8D00105980499C1F89001049889
:1090A00004300621002201920323FFF7E9F9049915
:1090B00001F5E07001F5E4730122029211460AF015
:1090C00083F901990298049AD2F8EC304FF07E525D
:1090D0001A60049AD2F8EC205160049AD2F8EC207D
:1090E0009160049AD2F8EC20D160049A4AF2F91106
:1090F000C0F60101C2F8D010049A4AF6F101C0F698
:109100000101C2F8D410049A4AF29101C0F601019B
:10911000C2F8D810049A4AF29121C0F60101C2F8AF
:10912000DC10049981F82E00049981F82F0004982E
:10913000D0F8040145F2B011C0F60201902203926A
:10914000E7F70FFC039A0498D0F8FC0040F24801BE
:10915000C2F20041E7F705FC0AB080BD0000000044
:1091600080B582B00190019890F82C00B0BBFFE769
:109170000199B1F89800A1F8A8000199B1F87A0016
:10918000A1F8AA000199B1F8A800A1F8B0000199CE
:10919000B1F85A00A1F8B200019A02F1980002F168
:1091A0007801A8320AF000FC019981F8C800019A00
:1091B00002F1A80002F15801B0320AF0F5FB019962
:1091C00081F8C800019A02F1580002F1B001503252
:1091D0000AF072FC019981F8C800FFE702B080BD77
:1091E00083B0029002980190029800900198017853
:1091F000407840EA01200099088003B070470000E1
:1092000084B0039002910398019002980090019815
:10921000407800990870019800780099487004B06F
:10922000704700000000000080B586B004900391F4
:109230000020ADF80A00049820B1FFE70398022847
:1092400003D8FFE70020059026E00498039902392F
:109250004FF6FF72FFF790FCADF80A009DF80A1078
:10926000049A0398104410F8022C002091420190B7
:109270000DD1FFE79DF80B00049A0399114411F8F2
:10928000011C401AB0FA80F040090190FFE70198F4
:1092900000F001000590FFE7059806B080BD0000D2
:1092A00080B582B00190ADF802100199BDF802209E
:1092B00042F6E020C2F2004004F0EEFA02B080BDB7
:1092C00080B584B00390ADF80A10039942F6E0200F
:1092D000C2F2004041F6B8121044019004F078FE4A
:1092E00001980399C988ADF80810BDF9081000EE7F
:1092F000101AB8EEC00A9FED041A80EE010A04F0BD
:109300001BFE04B080BD00BF0000964200000000BC
:1093100080B582B00190ADF802100199BDF802202D
:1093200042F6E020C2F2004000F5556004F0C4FFB0
:1093300002B080BD0000000080B542F6E020C2F21D
:10934000004041F2F051084409F08AFA80BD000063
:1093500080B590B009A9069181ED060AC1ED050A14
:1093600081ED041AC1ED031A81ED022AC1ED012A33
:1093700081ED003A08900898007870B9FFE70898E6
:10938000B2EE040ADFEDD10A9FEDD11AF7EE001A12
:109390009FEDD02AFFF73CFEFFE706980999089A4F
:1093A000C2F8BC1190ED060A089991ED581A30EEFA
:1093B000410A81ED5B0A90ED050A089991ED591A71
:1093C00030EE410A81ED5C0A90ED040A089991EDB6
:1093D0005A1A30EE410A81ED5D0A089991ED5B0A57
:1093E000B6EE001A20EE010A90ED002A20EE020AE5
:1093F00042F67821C2F20041059181ED000A0899F8
:1094000091ED5C0A20EE010A90ED002A20EE020A9E
:1094100042F67C21C2F20041049181ED000A0899D4
:1094200091ED5D0A20EE010A90ED001A20EE010A8E
:1094300042F68020C2F20040039080ED000A0898B6
:10944000D0F8040145F2B011C0F602019022E7F70E
:1094500088FA039A0499059890ED000AB1EE400A43
:10946000089BD3F8043183ED010A91ED000AB1EEB7
:10947000400A089BD3F8043183ED020A92ED000AFA
:10948000B1EE400A089BD3F8043183ED030A036868
:10949000DDF820C0DCF804C1CCF818301368DDF822
:1094A00020C0DCF804C1CCF8203091ED000AB1EE08
:1094B000400A089BD3F8043183ED090A0B68DDF8F4
:1094C00020C0DCF804C1CCF8303092ED000AB1EED7
:1094D000400A089BD3F8043183ED0D0A0368DDF8D8
:1094E00020C0DCF804C1CCF83C301268089BD3F8EB
:1094F00004319A640968089AD2F80421D16490ED85
:10950000000AB1EE400A0898D0F8040180ED140A70
:109510000899D1F84801D1F84C11084368B9FFE720
:109520000C980899C1F878010B980899C1F87C014A
:109530000A980899C1F88001FFE70699089890ED0C
:109540005E0A90ED641A90ED6F3A20EE010A33EE58
:10955000012A80EE020A91ED031A21EE031A81EE30
:10956000021A30EE010A80ED5E0A089890ED5F0A5B
:1095700090ED641A90ED6F3A20EE010A33EE012A65
:1095800080EE020A91ED021A21EE031A81EE021A10
:1095900030EE010A80ED5F0A089890ED600A90EDC8
:1095A000641A90ED6F3A20EE010A33EE012A80EE44
:1095B000020A91ED011A21EE031A81EE021A30EE31
:1095C000010A80ED600A089890ED5E2A90ED5F0A2E
:1095D00090ED601A20EE000AA2EE020AA1EE010A46
:1095E00001F0CAFA42F67420C2F2004080ED000A8F
:1095F00000208DF81F00FFE79DF81F0002281BDCEC
:10960000FFE708989DF81F1000EB810292ED5E0ABB
:1096100042F67422C2F2004292ED001A20EE010AD4
:10962000806800EB810080ED000AFFE79DF81F00D5
:1096300001308DF81F00DFE7089890ED5B2A90ED70
:109640005C0A90ED5D1A20EE000AA2EE020AA1EE7D
:10965000010A01F091FAB0EE401AB7EE000A80EE6E
:10966000011A089880ED651A42F67420C2F2004093
:1096700090ED001A80EE010A089880ED660A0898BD
:1096800090ED650A9FEDAF1AB4EE410AF1EE10FAC3
:1096900022DAFFE7089890ED660A9FEDAB1AB4EE68
:1096A000410AF1EE10FA17DDFFE7089890ED660A1F
:1096B0009FEDA61AB4EE410AF1EE10FA0CDAFFE7BC
:1096C0000899012081F839010BE000BF6F12833A3D
:1096D0008096184B000000000899002081F839019D
:1096E000FFE7089890ED6C0A90ED6F1A20EE010AE2
:1096F000D0F8180180ED000A089890ED6C0A90ED02
:109700006F1A20EE010AD0F8180180ED070A0898B8
:1097100090ED6C0A90ED6F1A20EE010AD0F8180156
:1097200080ED0E0A089890ED6C0A90ED6F1A20EE0D
:10973000010AD0F8180180ED150A089890ED6D0A1D
:1097400090ED6F1A20EE010AD0F8180180ED1C0A86
:10975000089890ED6D0A90ED6F1A20EE010AD0F88E
:10976000180180ED230A0898D0F81C11D0F8B80130
:1097700008600898D0F81C11D0F8B8010861089862
:10978000D0F81C11D0F8B801086208980430FFF72F
:109790002FFA089948680068C1F85001089948688C
:1097A0004068C1F85401089948688068C1F85801B8
:1097B00008994868C068C1F85C0108994868006960
:1097C000C1F86001089948684069C1F8640140F235
:1097D000D010C2F2004000680899C1F868010898EA
:1097E00090ED542A90ED551A90ED560A90ED573AA7
:1097F00021EE000AA2EE030A30EE000A21EE011A61
:10980000A2EE021AB0EE002A8DED012AFFEE000A48
:10981000CDED000AE1EE020A0AF026FFDDED000AB6
:109820009DED012A9FED4A1A8DED021A20EE010AE4
:10983000089880ED6A0A089890ED543A90ED554AE0
:1098400090ED560A90ED571A20EE010AA3EE040A95
:1098500030EE000A21EE011AA3EE031AE1EE020A2D
:109860000AF002FF9DED021A20EE010A089880ED31
:10987000690A089890ED540A90ED551A90ED563A01
:1098800090ED572A20EE030A91EE020AB8EE001A74
:1098900020EE010A0AF052FE9DED021A20EE010AA6
:1098A000089880ED680A089890ED6A0A90ED761A9B
:1098B00030EE410A9FED271AB4EE410AF1EE10FA9C
:1098C00007DDFFE70899B1F8D4010138A1F8D40108
:1098D00016E0089890ED6A0A90ED761A30EE410A8B
:1098E0009FED1D1AB4EE410AF1EE10FA07DAFFE718
:1098F0000899B1F8D4010130A1F8D401FFE7FFE7DE
:109900000898B0F9D41100EE101AB8EEC01A90ED14
:109910006A0A9FED122AA1EE020A80ED6B0A0899ED
:10992000D1F8A801C1F8D8010899D1F84821D1F897
:109930004C01013240F10000C1F84821C1F84C014E
:1099400010B080BD9A99993ECDCC1441CDCC244124
:10995000E12E654200003443000034C30000B443EC
:1099600080B582B00190019890F82B0000284BD16F
:10997000FFE70199B1F87800A1F8B800019901203A
:109980000090A1F8BA00019A02F1780002F13801C2
:10999000B8320AF009F801460098019A82F8C81016
:1099A000019AB2F84810A2F8C0100199A1F8C200BB
:1099B000019A02F1480002F1B801C0320AF07CF8C5
:1099C00001460098019A82F8C810019AB2F89810DE
:1099D000A2F8B8100199A1F8BA00019A02F1980012
:1099E00002F1C001B83209F0DFFF019981F8C80027
:1099F000019A02F1380002F1B801303209F0B0FCEE
:109A0000019981F8C800FFE702B080BD00000000A6
:109A100080B582B00190019890F82900A8BBFFE7BB
:109A2000019901F1600068310AF07AF8019981F832
:109A3000C800019A02F1600002F15001583209F0A9
:109A4000B3FF019981F8C8000199B1F85800A1F855
:109A5000A8000199B1F86A00A1F8AA00019A02F1E0
:109A6000580002F16801A83209F09EFF019981F8BF
:109A7000C800019A02F1A80002F18801583209F0E9
:109A80006FFC019981F8C800FFE702B080BD0000BB
:109A900080B582B00190019800680090B0F5A87F71
:109AA00050D0FFE7009840F20121884217D0FFE72D
:109AB000009840F2022188421ED0FFE7009840F251
:109AC0000321884225D0FFE70098B0F5017F2CD014
:109AD000FFE7009840F20721884234D034E0019833
:109AE00000F1280142F6E020C2F2004041F2D80223
:109AF000104407F03DFA27E0019800F1280142F6F2
:109B0000E020C2F2004041F2FC12104407F030FAAB
:109B10001AE0019800F1280142F6E020C2F200406C
:109B200000F5995007F024FA0EE0019800F12801A1
:109B300042F6E020C2F2004041F24442104407F0F5
:109B400017FA01E000E0FFE702B080BD000000006E
:109B500080B582B00190019800680090552877D0B8
:109B6000FFE70098672867D0FFE70098A1284BD04F
:109B7000FFE70098A22853D0FFE7009840F20121A8
:109B8000884211D0FFE7009840F20221884217D0A6
:109B9000FFE7009840F2032188421DD0FFE70098BC
:109BA000B0F5017F24D05FE0019800F1280142F672
:109BB000E020C2F2004000F50E6006F03DFB53E0ED
:109BC000019800F1280142F6E020C2F2004000F6C0
:109BD000FC1006F031FB47E0019800F1280142F645
:109BE000E020C2F2004000F6183006F025FB3BE012
:109BF000019800F1280142F6E020C2F2004000F690
:109C0000344006F019FB2FE0019800F1280142F6DC
:109C1000E020C2F2004000F6180006F059FD23E0F3
:109C2000019800F1280142F6E020C2F2004000F65F
:109C30007C0006F04DFD17E0019800F1280142F686
:109C4000E020C2F2004000F5287004F0A1F90BE01A
:109C5000019800F1280142F6E020C2F2004000F530
:109C6000287004F095F9FFE702B080BD0000000005
:109C700080B582B00190019800680090772804D0E8
:109C8000FFE7009895280AD013E0019800F1280119
:109C900042F6E020C2F2004001F07AFA09E00198B1
:109CA00000F1280142F6E020C2F2004001F070FA13
:109CB000FFE702B080BD000080B582B0019001983E
:109CC00090F82800002846D1FFE70198407B012842
:109CD00034DBFFE70199087BA1F8B8000199012066
:109CE0000090A1F8BA00019A02F1600002F130017F
:109CF000B83209F059FE01460098019A82F8C8105E
:109D0000019A117BA2F8C0100199A1F8C200019A32
:109D100002F1700002F14001C03209F045FE0199E4
:109D200081F8C800019A02F1B80002F1C00138328E
:109D300009F016FB019981F8C8000BE0019A02F1C5
:109D4000600002F13001383209F02EFE019981F8ED
:109D5000C800FFE7FFE702B080BD00000000000080
:109D600084B003900291039890ED000A029890ED60
:109D7000001A30EE410A8DED010A9DED010AB5EEA3
:109D8000400AF1EE10FA03DDFFE7012000900BE03E
:109D90009DED010A0020B5EE400AF1EE10FAB8BFC1
:109DA0004FF0FF300090FFE7009804B070470000CC
:109DB00082B08DED010A9DED010AB5EE400AF1EE8B
:109DC00010FA05DDFFE79DED010A8DED000A06E0C2
:109DD0009DED010AB1EE400A8DED000AFFE79DED11
:109DE000000A02B07047000083B08DED020A41F214
:109DF0000400CEF200000068019002980090FFE796
:109E000041F20400CEF2000000680199401A00EE11
:109E1000100AB8EE400A9DED001A40F20C50C2F252
:109E2000004090ED002AB8EE422A21EE021AB4EE6C
:109E3000410AF1EE10FA01DAFFE7E1E703B07047FB
:109E400081B00090009908784A788978000240EA49
:109E5000024040EA0160001201B0704700000000BB
:109E600080B582B08DED010ACDED000A9DED010AAD
:109E70009DED001A30EE410A09F0AAF99FED051A8E
:109E80000020B4EE410AF1EE10FAB8BF012002B092
:109E900080BD00BFACC5273781B041F20400CEF2CF
:109EA000000000680090009840F22051C2F200418A
:109EB0000968884208D2FFE740F22451C2F200410B
:109EC000086801300860FFE7009840F22051C2F2B4
:109ED0000041086001B0704780B584B003900399D9
:109EE000002001900874039BD3F8F400596846F2EF
:109EF000CA02C2F20042009212889B7B5A43E6F7E4
:109F000030FD0099039A50680988927B5143E6F727
:109F10007CFD0099039AD2F818010988927B51437D
:109F20005143E6F772FD0099039AD2F80C010988B3
:109F3000137B927B59435143E6F767FD01988DF8F7
:109F40000B00FFE79DF80B000399897B884243DAF9
:109F5000FFE70398D0F8F4009DF80B1000EB8100A8
:109F600090ED000AB5EE400AF1EE10FA2DD0FFE7B1
:109F7000039AD2F8F4109DF80B0051F82000127CDF
:109F800041F822009DF80B00039A516A127C885414
:109F9000DDF80CC0DCF818009DF80BE050F82E003E
:109FA000DCF80C119CF80C209CF81030DCF814C084
:109FB0001CF80EC012FB03C201EB820141F8040C35
:109FC0000399087C01300874FFE7FFE79DF80B0058
:109FD00001308DF80B00B5E700208DF80A00FFE78F
:109FE0009DF80A000399097C884216DAFFE7039B73
:109FF000D869596A9DF80A20895C50F82100D3F885
:10A0000018111B7C12FB032241F82200FFE79DF888
:10A010000A0001308DF80A00E2E70399087CA1F8F4
:10A0200078000399087BA1F87A000399087BA1F8CE
:10A0300080000399087CA1F882000399087CA1F8AC
:10A0400090000399087CA1F892000399087BA1F87D
:10A0500098000399087CA1F89A000399087CA1F85C
:10A06000480004B080BD000010B50446012898BF28
:10A07000012400BF2046E6F72FFA002818BF10BDC4
:10A0800009F0C8F808B18047F4E7002010BD0000CF
:10A0900080B586B005900598D0F8EC0090ED000AE8
:10A0A00030EE000A42F68820C2F20040019080EDB6
:10A0B000000A0598D0F8EC0090ED010A30EE000A95
:10A0C00042F68C20C2F20040029080ED000A059812
:10A0D000D0F8EC0090ED020A30EE000A42F6902033
:10A0E000C2F20040039080ED000A0598D0F8EC0021
:10A0F00090ED030A30EE000A42F69420C2F20040CE
:10A10000049080ED000A059BD3F80C0146F2CA01C9
:10A11000C2F2004109881A7B9B7B59435143E6F701
:10A1200074FC019B029A0399049891ED000AB1EE28
:10A13000400ADDF814C0DCF80CC18CED000AD0F840
:10A1400000C0DDF814E0DEF80CE1CEF804C093EDB9
:10A15000000AB1EE400ADDF814C0DCF80CC18CED49
:10A16000020AD2F800C0DDF814E0DEF80CE1CEF807
:10A170000CC0D2F800C0DDF814E0DEF80CE1CEF837
:10A1800018C0D3F800C0DDF814E0DEF80CE1CEF81A
:10A190001CC0D0F800C0DDF814E0DEF80CE1CEF809
:10A1A00020C0D1F800C0DDF814E0DEF80CE1CEF8F4
:10A1B00024C01B68DDF814C0DCF80CC1CCF83030CA
:10A1C00092ED000AB1EE400A059AD2F80C2182ED18
:10A1D0000D0A91ED000AB1EE400A0599D1F80C1173
:10A1E00081ED0E0A00680599D1F80C11C86306B01C
:10A1F00080BD00000000000080B582B00190019891
:10A20000D0F8F81040F24800C2F200409022E6F781
:10A21000A8FB0198D0F81C1140F27850C2F200401F
:10A2200048220092E6F79DFB009A0198D0F80C11A5
:10A2300040F23050C2F20040E6F793FB02B080BD1E
:10A24000F0B581B00C460546012898BF01250429C8
:10A2500098BF04240027684621462A460097E6F75F
:10A2600066FC009878B96E4608F0D4FF50B180477C
:10A27000304621462A460097E6F759FC0098002808
:10A28000F2D000E0002001B0F0BD000000000000AE
:10A2900080B586B00590059901F17800803109F00C
:10A2A0003FFC059981F8C8000599B1F87800A1F83C
:10A2B000A8000599B1F85A00A1F8AA00059A02F180
:10A2C000780002F15801A83209F06EFB059981F877
:10A2D000C8000599B1F8A800A1F8B0000599B1F837
:10A2E0008200A1F8B200059A02F1A80002F18001F3
:10A2F000B03209F059FB059981F8C8000599B1F809
:10A300009000A1F8A0000599B1F89200A1F8A20070
:10A31000059A02F1B00002F19001A03209F020F894
:10A32000059981F8C800059901F1A000B03109F044
:10A330005FF8059981F8C8000598D0F8EC0000682E
:10A3400042F69823C2F2004318600598D0F8EC005A
:10A35000406842F69C22C2F2004210600598D0F894
:10A36000EC00806842F6A021C2F200410860059826
:10A37000D0F8EC00D0F80CC042F6A420C2F20040A5
:10A38000C0F800C0DDF814E0BEF878C0AEF8B8C080
:10A39000DDF814E04FF0010CAEF8BAC092ED001AEF
:10A3A00090ED002A93ED000A91ED003A20EE030AA9
:10A3B00091EE020A30EE000ADDF814C0DCF82CC180
:10A3C0008CED000A93ED001A92ED002A91ED000A3F
:10A3D00090ED003A20EE030AA1EE020A30EE000AE8
:10A3E000DDF814C0DCF82CC18CED010A93ED001AE5
:10A3F00092ED000A20EE000A91EE010A91ED001A9A
:10A40000A1EE410A90ED001AA1EE010A0598D0F8DC
:10A410002C0180ED020A00208DF81300FFE79DF863
:10A42000130002281EDCFFE70598D0F82C019DF8E8
:10A43000131000EB810090ED000AB0EEC00A09F0A5
:10A44000F1FF9DF8131040F22860C2F2004000EBCB
:10A45000810080ED610AFFE79DF8130001308DF85F
:10A460001300DCE70599B1F84800A1F8C000059990
:10A4700001200190A1F8C200059A02F1480002F102
:10A48000B801C03209F018FB01460198059A82F81C
:10A49000C810059AB2F8C010A2F8A8100599A1F842
:10A4A000AA00059A02F1B00002F1C001A83209F039
:10A4B0007BFA01460198059A82F8C8100599A1F81F
:10A4C000B8000599B1F8C000A1F8BA00059901F1EA
:10A4D000C000B83109F024FB059981F8C80005993E
:10A4E00001F1B800A83140F22862C2F200420292A3
:10A4F00002F5E07209F058FA01460298059A82F8CE
:10A50000C81090ED720A90ED731AB6EE002A21EE93
:10A51000021AB4EE410AF1EE10FA08DAFFE740F24F
:10A520002861C2F20041012081F83801FFE740F2C2
:10A530002860C2F2004090ED720A90ED731AB4EEFA
:10A54000410AF1EE10FA64DDFFE740F22860C2F242
:10A55000004090F8380100285BD0FFE740F2286007
:10A56000C2F2004090F8390180B1FFE740F2286163
:10A57000C2F20041D1F84021D1F84401013240F14A
:10A580000000C1F84021C1F8440109E040F228610F
:10A59000C2F200410020C1F84401C1F84001FFE7C8
:10A5A00040F22860C2F20040D0F84011D0F84401D7
:10A5B000333970F100000BD3FFE740F22861C2F29B
:10A5C0000041002081F83801059981F82C001FE036
:10A5D000059BD3F8E800D3F8EC1046F2CA02C2F2A9
:10A5E0000042009212881B7B5A43E6F7BAF9009AA0
:10A5F000059BD3F8F800D3F8FC1012881B7B5A4354
:10A600005A43E6F7AEF90599012081F82C0063E181
:10A6100042E040F22860C2F2004090ED720A90EDF4
:10A62000731A9FEDAE2A21EE021AB4EE410AF1EE42
:10A6300010FA1BDDFFE740F22860C2F2004090F8FC
:10A64000380198B1FFE740F22860C2F2004090ED77
:10A65000720A90ED731A31EE400A9FEDA12A21EEA5
:10A66000021A80EE010A80ED670A08E040F22861D4
:10A67000C2F200414FF07E50C1F89C01FFE740F26A
:10A680002861C2F200410020C1F84401C1F8400134
:10A69000059981F82C00FFE70599B1F85800A1F859
:10A6A000A8000599B1F88200A1F8AA00059A02F164
:10A6B000580002F18001A83209F076F9059981F875
:10A6C000C800059A02F1A80002F1B001983209F021
:10A6D0006BF9059981F8C80000208DF81200FFE79A
:10A6E0009DF81200059AB2F89810B2F89A205143DA
:10A6F00088421ADAFFE740F22860C2F2004090ED8B
:10A70000671A0598D0F81C019DF8121000EB810023
:10A7100090ED000A20EE010A80ED000AFFE79DF8A7
:10A72000120001308DF81200DAE704208DF81100D4
:10A73000FFE79DF81100052835DCFFE700208DF8C4
:10A740001000FFE79DF81000022825DCFFE79DF8C8
:10A75000111040F22860C2F2004000EB810090ED41
:10A760005D0A9FED621A80EE011A0598D0F81C016F
:10A7700001EB41019DF81020114400EB810090EDA8
:10A78000000A20EE010A80ED000AFFE79DF81000A4
:10A7900001308DF81000D5E7FFE79DF8110001307A
:10A7A0008DF81100C5E70599B1F89800A1F8B80037
:10A7B00005990120A1F8BA00059A02F1980002F16A
:10A7C000C001B83209F0F0F8059981F8C80040F2EC
:10A7D0002860C2F2004090F8380100286BD0FFE7F3
:10A7E00004208DF80F00FFE79DF80F00052861DCBD
:10A7F000FFE70598D0F8BC009DF80F1000EB810032
:10A8000090ED000A40F22860C2F2004090ED6F1A0D
:10A810009FED342A21EE021AB4EE410AF1EE10FA4D
:10A8200014DDFFE740F22860C2F2004090ED6F0AAD
:10A830009FED2C1A20EE010A0598D0F8BC009DF877
:10A840000F1000EB810080ED000AFFE70598D0F8BB
:10A85000BC009DF80F1000EB810090ED000A40F263
:10A860002860C2F2004090ED6F1A9FED1F2A21EE82
:10A87000021AB4EE410AF1EE10FA14DAFFE740F2E0
:10A880002860C2F2004090ED6F0A9FED171A20EE8B
:10A89000010A0598D0F8BC009DF80F1000EB81006C
:10A8A00080ED000AFFE7FFE79DF80F0001308DF80B
:10A8B0000F0099E7FFE70598D0F8BC100020C860AA
:10A8C000059A02F1380002F1B801303208F048FD73
:10A8D000059981F8C800FFE706B080BDCDCCCC3D1E
:10A8E0006666663F0AD7233C0AD723BCDA0FC93F06
:10A8F00080B584B003900398D0F8EC00006842F66D
:10A90000A823C2F2004318600398D0F8EC00406816
:10A9100042F6AC22C2F2004210600398D0F8EC007C
:10A92000806842F6B021C2F2004108600398D0F876
:10A93000EC00D0F80CC042F6B420C2F20040C0F8DF
:10A9400000C093ED001A92ED000A20EE000AA1EE7D
:10A95000010A91ED001AA1EE010A90ED001AA1EE94
:10A96000010A00F009F942F6B820C2F2004080ED79
:10A97000000A00208DF80B00FFE79DF80B0003286C
:10A980001ADCFFE742F6B820C2F2004090ED001A50
:10A990000398D0F8EC009DF80B1000EB810090EDCF
:10A9A000000A20EE010A80ED000AFFE79DF80B0087
:10A9B00001308DF80B00E0E742F6AC21C2F2004115
:10A9C00091ED000A40F22860C2F20040019090ED43
:10A9D0006F1A20EE010AB6EE002A20EE020A039A50
:10A9E000D2F8002182ED040A42F6B022C2F20042FF
:10A9F00092ED000A90ED6F1A20EE010A20EE020A95
:10AA0000039BD3F8003183ED050A42F6A823C2F276
:10AA1000004393ED000A90ED6F1A20EE010ABEEE9E
:10AA2000001A20EE010ADDF80CC0DCF800C18CED44
:10AA30000A0A42F6B42CC2F2004C9CED000A90EDDA
:10AA40006F3A20EE030A20EE020ADDF80CE0DEF891
:10AA500000E18EED0B0A9CED000A90ED6F3A20EEBE
:10AA6000030A20EE010ADDF80CC0DCF800C18CED11
:10AA7000100A93ED000A90ED6F3A20EE030A20EEE3
:10AA8000010A039BD3F8003183ED110A92ED000A0D
:10AA900090ED6F3A20EE030A20EE020A039AD2F8F4
:10AAA000002182ED160A91ED000A90ED6F2A20EE4A
:10AAB000020A20EE010A0399D1F8001181ED170A6C
:10AAC00090ED741A0399D1F8F81091ED1C0A80EEFC
:10AAD000010A81ED1C0A90ED741A0398D0F8F80071
:10AAE00090ED230A80EE010A80ED230A0398D0F846
:10AAF000F80090ED1C0A9FED151AB4EE410AF1EE34
:10AB000010FA09DDFFE70398D0F8F81044F20000CE
:10AB1000C4F21C600867FFE70398D0F8F80090EDD6
:10AB2000230A9FED0A1AB4EE410AF1EE10FA0ADD8B
:10AB3000FFE70398D0F8F81044F20000C4F21C605C
:10AB4000C1F88C00FFE704B080BD00BF00401C4688
:10AB500081B08DED000A9DED000A9FED051A20EEF3
:10AB6000010AB3EE0E1A80EE010A01B0704700BF71
:10AB7000DB0F49400000000084B08DED030A9DED1D
:10AB8000030AB6EE001A20EE010A8DED020A0398C0
:10AB9000019001980090009945F68620C5F637701F
:10ABA000A0EB61000090009801909DED011A9DEDD1
:10ABB000020A20EE012ABFEE080AA2EE010A20EEE8
:10ABC000410A8DED010A9DED010A04B070470000B5
:10ABD00082B001908DED000A01990098886102B061
:10ABE000704700000000000080B582B0019001981D
:10ABF000009090ED040AB5EE400AF1EE10FA5ADD2D
:10AC0000FFE7009890ED041A90ED060AB4EE410AB1
:10AC1000F1EE10FA21DDFFE7009890ED040A90EDC7
:10AC2000061A30EE410AFFF7C3F8009890ED001ABB
:10AC3000B4EE410AF1EE10FA0ADDFFE7009890ED5C
:10AC4000001A90ED050A30EE010A80ED050A03E0D6
:10AC5000009988694861FFE72CE0009890ED041A9C
:10AC600090ED060AB4EE410AF1EE10FA21DAFFE7A0
:10AC7000009890ED040A90ED061A30EE410AFFF7B5
:10AC800097F8009890ED011AB4EE410AF1EE10FA2F
:10AC90000ADDFFE7009890ED011A90ED050A30EE0D
:10ACA000410A80ED050A03E0009988694861FFE7E1
:10ACB000FFE7FFE7BDE0009890ED040AB5EE400A1B
:10ACC000F1EE10FA5ADAFFE7009890ED041A90EDD1
:10ACD000060AB4EE410AF1EE10FA21DAFFE7009815
:10ACE00090ED040A90ED061A30EE410AFFF760F885
:10ACF000009890ED001AB4EE410AF1EE10FA0ADD68
:10AD0000FFE7009890ED001A90ED050A30EE410A39
:10AD100080ED050A03E0009988694861FFE72CE0AF
:10AD2000009890ED041A90ED060AB4EE410AF1EE97
:10AD300010FA21DDFFE7009890ED040A90ED061A65
:10AD400030EE410AFFF734F8009890ED011AB4EEA6
:10AD5000410AF1EE10FA0ADDFFE7009890ED011AC2
:10AD600090ED050A30EE010A80ED050A03E0009936
:10AD700088694861FFE7FFE7FFE759E0009890ED39
:10AD8000041A90ED060AB4EE410AF1EE10FA21DD44
:10AD9000FFE7009890ED040A90ED061A30EE410AA4
:10ADA000FFF706F8009890ED001AB4EE410AF1EEB4
:10ADB00010FA0ADDFFE7009890ED001A90ED050A01
:10ADC00030EE010A80ED050A03E0009988694861C8
:10ADD000FFE72CE0009890ED041A90ED060AB4EE1F
:10ADE000410AF1EE10FA21DAFFE7009890ED040A2B
:10ADF00090ED061A30EE410AFEF7DAFF009890ED6A
:10AE0000001AB4EE410AF1EE10FA0ADDFFE70098ED
:10AE100090ED001A90ED050A30EE410A80ED050A2A
:10AE200003E0009988694861FFE7FFE7FFE7FFE774
:10AE3000FFE700994869086102B080BD000000008A
:10AE400083B002908DED010ACDED000A02990198C0
:10AE500088600098C86088680860C868486003B067
:10AE6000704700000000000081B00090009890ED55
:10AE7000050A01B07047000081B0009000980021E1
:10AE800001614161816101B0704700000000000074
:10AE900080B5A0B01F901F980B9000210C911E91BF
:10AEA0001D9100F6987001F073F80C988DED1C0A56
:10AEB0001B901A901990189017901690FFE716980B
:10AEC000032812DCFFE70B9800F513709DF858106B
:10AED00006F036FA169917A800EB810080ED000AFB
:10AEE000FFE7169801301690E9E70B9800F513700C
:10AEF000099006F01DFA01460998159106F0A4FA8A
:10AF0000149015980A9028B1FFE70A980138022892
:10AF100007D319E00B9800F69870002101F070F942
:10AF200012E00B9800F69870012101F069F914986D
:10AF3000042805D1FFE70020C4F2C8101B9002E0EE
:10AF400000201B90FFE7FFE70B9800F6987001F0D8
:10AF50004FF913901398089020B1FFE70898012843
:10AF600004D01CE000201E901D9018E00B9800F506
:10AF70001370079006F0A0F907988DED1E0A06F0F1
:10AF8000A7F907988DED1D0A06F06AF9B0EE401A90
:10AF90009DED1C0A30EE010A8DED1C0AFFE79DEDC8
:10AFA0001C0A9FED6F1AB4EE410AF1EE10FA09DDAA
:10AFB000FFE79DED1C0A9FED6B1A30EE010A8DED47
:10AFC0001C0AFFE79DED1C0A9FED671AB4EE410ACB
:10AFD000F1EE10FA09DAFFE79DED1C0A9FED631A06
:10AFE00030EE010A8DED1C0AFFE70B9800F6987011
:10AFF00004909DED1E0A01F0E3F804989DED1D0AF2
:10B0000001F0EAF804989DED1C0A01F051F80B9844
:10B0100000F5137005909DED1B0A06F07DF905986B
:10B0200006F086F912901298069040B1FFE7069854
:10B03000012828D0FFE70698022801D08EE08DE095
:10B040001498032807D1FFE74FF07E50109000209E
:10B050008DF8470005E00020109003208DF8470090
:10B06000FFE70B9A9DF8471002F6F45082F84C1E49
:10B070001099C2F8501E04F0C3F90B999DF84700CF
:10B0800081F84D0E6AE014980390012804D0FFE780
:10B090000398022819D048E000200F90FFE70F988E
:10B0A000032811DCFFE70F9917A800EB810090ED52
:10B0B000000A9FED311A30EE010A80ED000AFFE729
:10B0C0000F9801300F90EAE72FE000200E90FFE785
:10B0D0000E98032811DCFFE70E9917A800EB8100FA
:10B0E00090ED000A9FED231A30EE010A80ED000A70
:10B0F000FFE70E9801300E90EAE70B9800F6CC605F
:10B10000019090ED000A17A80090DFED190ACDED2F
:10B11000020AFCF71DFC00980199DDED020A0430DB
:10B1200091ED010AFCF714FCFFE700200D90FFE70A
:10B130000D98032811DCFFE70B9800F513700D99AB
:10B1400017AA02EB810292ED000AC9B206F024F9B7
:10B15000FFE70D9801300D90EAE7FFE720B080BDD2
:10B16000DB0F4940DB0FC9C0DB0F49C0DB0FC94013
:10B170000000E441FB04C1BDFB04C13D0000000030
:10B1800081B00090009842F2DC01405C01B0704751
:10B1900080B592B00DAA0792119010911198089065
:10B1A00042F2D40281580131815042F2D00140581C
:10B1B00040680990772805D0FFE70998952800F0A6
:10B1C00083808EE0089842F2D0014258928DADF80B
:10B1D00030204258D28DADF82E204258128EADF854
:10B1E0002C20425892F832208DF82B20405890F8AD
:10B1F000330044F6D031C2F2004105910870BDF928
:10B2000030004FF63E61CFF6FF7101914FF4E172CD
:10B210000292B9EE000A8DED040AF1EE000ACDEDBE
:10B22000030AFDF7DDF80199029ADDED030A07989C
:10B23000B0EE401A9DED040AB1EE411A80ED021AFB
:10B24000BDF92E00FDF7CCF80798B1EE400A80ED6D
:10B25000010ABDF92C006FF0C701C822BFEE000A39
:10B26000F7EE000AFDF7BCF80599079A0898B1EEC9
:10B27000400A82ED000A09788DF833109DF82B10F2
:10B280008DF8321000F5137006909DF8331006F01B
:10B2900077F80799069891ED020A06F025F80799C4
:10B2A000069891ED010A06F02BF80799069891EDA2
:10B2B000000A05F0E1FF06989DF8321006F0CCF880
:10B2C0000898FFF7E5FD0CE0089842F2D0014158DC
:10B2D000C86A0A6B40F2FC41C2F200414A60086051
:10B2E000FFE712B080BD000080B5A4B02390239882
:10B2F0000490002105911D911C911B911A911991A7
:10B300001891ADF85C10169115911491139112914A
:10B31000119110910F910E910D910C91ADF82E108D
:10B3200002F07EFD072854D1FFE7049801218DF833
:10B330007D106F2102F080FC01460498ADF8821068
:10B340000B2102F079FC01460498ADF884100A2123
:10B3500002F072FCADF8800000200890FFE708982A
:10B3600005280CDCFFE7089A18A830F812001BA982
:10B3700021F81200FFE7089801300890EFE70498E1
:10B38000652102F059FC01460498ADF86010662171
:10B3900002F052FC01460498ADF86210672102F0F9
:10B3A0004BFC01460498ADF86410682102F044FC9F
:10B3B00001460498ADF86610692102F03DFC014693
:10B3C0000498ADF868106B2102F036FCADF86A0005
:10B3D0005CE0049802F024FD6B2856D1FFE7049846
:10B3E000002103918DF87D100B2102F025FC014610
:10B3F0000498ADF882106F2102F01EFC01460498FB
:10B40000ADF884106E2102F017FC01460398ADF8E8
:10B4100080100790FFE7079805280CDCFFE7079AE4
:10B4200018A830F812001BA921F81200FFE70798AE
:10B4300001300790EFE70498012102F0FDFB01467F
:10B440000498ADF86010022102F0F6FB0146049862
:10B45000ADF86210032102F0EFFB01460498ADF84D
:10B460006410042102F0E8FB01460498ADF8661070
:10B47000052102F0E1FB01460498ADF868100721B0
:10B4800002F0DAFBADF86A00FFE7FFE7049802F08C
:10B4900093FA01460498ADF88A1002F02DFA0128BB
:10B4A0000ED1FFE7049802F0B3F99FEDC71A20EE22
:10B4B000010ABDEEC00A10EE100AADF82E00FFE73B
:10B4C000049802F0A5FC01460498ADF8861002F03D
:10B4D000C3F901460498ADF87E1002F07DFA0146EA
:10B4E0000498ADF8881002F0E7F9014604988DF849
:10B4F0007C1000F5287002F07FFD014604988DF85D
:10B500007B1002F065F904989FEDAF1A8DED011ADA
:10B5100020EE010ABDEEC00A10EE101AADF82C1094
:10B5200002F062F99DED011A049820EE010ABDEEC9
:10B53000C00A10EE101AADF82A1002F07DFA9DED47
:10B54000011A049820EE010ABDEEC00A10EE101A8E
:10B55000ADF8281002F07CFA9DED011A049820EE57
:10B56000010ABDEEC00A10EE101AADF8261002F066
:10B5700047F9014604988DF87A1002F025FA014641
:10B580000498029102F060F902460298042101EA4F
:10B59000524108438DF8790000200690FFE7069895
:10B5A000052840DCFFE7069918A830F811000128AB
:10B5B00013DBFFE706991BA830F8110068B9FFE715
:10B5C000069A16A901208854FCF732FE069910A8A5
:10B5D00000EB810080ED000AFFE7FCF729FE0699E9
:10B5E00010A800EB810090ED001A30EE410AB1EE98
:10B5F0000C1AB4EE410AF1EE10FA0FDDFFE70699DE
:10B6000016A8405C012809D1FFE7069A16A9002078
:10B610008854069A10A941F82200FFE7FFE7069830
:10B6200001300690BBE7049802F026F90146049821
:10B63000ADF8301002F028F901460498ADF8321048
:10B6400002F04AF901460498ADF8341002F04CF9C2
:10B6500001460498ADF8361002F0CEF90146049880
:10B66000ADF8381002F0D0F901460498ADF83A1060
:10B6700002F0D2F901460498ADF83C1002F0D4F97A
:10B6800001460498ADF83E1002F09AF8014604987D
:10B6900040F28C42C2F200420092117002F0E4F8D3
:10B6A000009A01460498090A517002F0DDF8009AE8
:10B6B00001460498917002F0ABFB009A0146049891
:10B6C000090AD17002F0A4FB009908719DF8850069
:10B6D00048719DF8840088719DF87D00C0019DF837
:10B6E0005D2040EA42109DF85C2040EA02109DF87F
:10B6F00058209DF859309DF85AC09DF85BE040EA0B
:10B70000CE0040EA8C0040EA43001043C87140F28A
:10B710009441C2F20041BDF880000880BDF882006B
:10B720004880BDF87E008880BDF88800C88040F25F
:10B730009C41C2F20041BDF88A0008809DF87C005F
:10B7400008719DF87B0048719DF87A0088719DF81A
:10B750007900C87140F2A441C2F20041BDF8300046
:10B760000880BDF832004880BDF834008880BDF8FC
:10B770003600C88040F2AC41C2F20041BDF82C0056
:10B780000880BDF82A004880BDF82E00888040F26D
:10B79000B441C2F20041BDF838000880BDF83A005B
:10B7A0004880BDF83C008880BDF83E00C88040F26B
:10B7B000BC41C2F20041BDF828000880BDF8260057
:10B7C000488024B080BD00BF0000C84200000000D7
:10B7D00080B586B0059005980390FFF785FD039826
:10B7E000FFF7CEFC012806D0FFE7039801F0E8FF41
:10B7F000042824D1FFE7039901F5137042F298025F
:10B80000895C05F035FE42F6BC20C2F200400178AA
:10B81000013101700078C00780B9FFE7039800F696
:10B820009870029000F030FF029800F019FF42F685
:10B83000BC21C2F2004100200870FFE744E0002074
:10B840000490FFE70498032812DCFFE7039A0498AA
:10B850004FF4927100FB012041F2D80108449FEDA2
:10B860001B0A05F0A9FBFFE7049801300490E9E703
:10B87000039800F50E609FED150A8DED000A04F0A7
:10B8800033FE9DED000A039800F6FC1004F02CFE38
:10B890009DED000A039800F6183004F025FE9DED9A
:10B8A000000A039800F6344004F01EFE039800F6E8
:10B8B00018000021019104F017FF0398019900F688
:10B8C0007C0004F011FFFFE706B080BD000000001F
:10B8D00080B586B005900598039042F6BE20C2F26E
:10B8E00000400178013101700078322840F09280E8
:10B8F000FFE7039842F6BD22C2F2004211780131FF
:10B90000117002F0EDF8039800F5287002F07CFB4E
:10B91000039841F2F051084407F0B6F80020049073
:10B92000FFE70498032810DCFFE7039A04984FF41C
:10B93000927100FB012041F2D801084405F0A0FB00
:10B94000FFE7049801300490EBE7039800F50E60E0
:10B9500004F022FD039800F6FC1004F01DFD03988E
:10B9600000F6183004F018FD039800F6344004F097
:10B9700013FD039800F6180004F0C2FE039800F6C9
:10B980007C0004F0BDFE42F6BD20C2F2004000780B
:10B990004AF6AA22C2F6AA224AF6AB21CAF6AA2180
:10B9A00000FB0120B0F1553F0FD2FFE7039800F0F4
:10B9B0005FF8039800F5556002F0C2FC42F6BD2125
:10B9C000C2F2004100200870FFE70398FFF7D8FBA0
:10B9D000C8B9FFE7039800F513700190002105F046
:10B9E000CFFC01989FED0C0A8DED020A05F07CFC5E
:10B9F00001989DED020A05F083FC01989DED020A75
:10BA000005F046FCFFE742F6BE21C2F200410020ED
:10BA10000870FFE706B080BD0000000000000000D5
:10BA200080B584B003908DED020A0398019045F62D
:10BA30003451C2F20041A52202F06AF8019901F5E1
:10BA40001370C1F8A413F0EE000AB1EE001AB0EEC4
:10BA5000600A05F0A1FD019800F6987000F078FEEC
:10BA60000198C0F8A00204B080BD000000000000F2
:10BA700082B001900199009142F2D400085842F23C
:10BA8000D8028958884206D1FFE7009942F2DC02C9
:10BA90000020885405E0009942F2DC02012088541D
:10BAA000FFE7009942F2D400085842F2D8028850C9
:10BAB00002B070470000000080B582B0019001988C
:10BAC000009002F0B5F9009800F5137005F07CFFC6
:10BAD000009800F6987000F0C3FF009842F29802B8
:10BAE0000021815442F29902815442F29A02815417
:10BAF00042F29C02815040F2C442C2F2004242F241
:10BB0000D003C25042F2D402815042F2D802815096
:10BB100042F2DC02815402B080BD0000000000004F
:10BB200080B58AB009900998029041F2EC01405C1E
:10BB30000146039120B1FFE70398012823D057E085
:10BB400000200890FFE7089803281BDCFFE7029815
:10BB500000F5A072009208984FF49271019100FBD9
:10BB60000120012105F01CFA009A0199089800FBB8
:10BB700001209FED410A05F01FFAFFE70898013008
:10BB80000890E0E734E000200790FFE707980328DB
:10BB900010DCFFE7029A07984FF4927100FB012036
:10BBA00000F5A070012105F0FBF9FFE707980130CF
:10BBB0000790EBE700200690FFE70698032816DCC5
:10BBC000FFE70299069A4FF4927002FB001000F50D
:10BBD000A07001EB820141F27802114491ED000A5C
:10BBE00005F0EAF9FFE7069801300690E5E7FFE780
:10BBF00000200590FFE7059803280FDCFFE7029A75
:10BC000005984FF4927100FB012000F5A07005F03B
:10BC1000EFF9FFE7059801300590ECE7029800F591
:10BC2000BC610022C4F2F022C0F8E02500F5BA6041
:10BC300005F0B2FF00200490FFE70498032819DC08
:10BC4000FFE70299049A4FF4927002FB001000F58E
:10BC5000A07002EB420201EBC201B1F90E1600EE38
:10BC6000101AB8EEC00A05F0B3F9FFE704980130E6
:10BC70000490E2E70AB080BD000000000000000070
:10BC800080B596B015901598089041F2C802002131
:10BC90000A91815041F2CC02815041F2D002815090
:10BCA00000F5A07005F0ECF8089800F581510991B5
:10BCB00091ED001A20EE010A8DED140A00F51970BD
:10BCC00005F0DEF80898099991ED001A20EE410A76
:10BCD0008DED130A00F5627005F0D2F80898099905
:10BCE00091ED001A20EE410A8DED120A00F2AC40EF
:10BCF00005F0C6F809990A9891ED001A20EE010A9C
:10BD00008DED110A14990D9113990E9112990F91BD
:10BD1000119910910C90FFE70C9803283FDCFFE786
:10BD200008980C9A0DA901EB820191ED001A41F2DD
:10BD3000C801084490ED000A30EE010A80ED000AC7
:10BD40000C9800EBD07121F00101401A88B9FFE78F
:10BD500008980C9A0DA901EB820191ED001A41F2AD
:10BD6000CC01084490ED000A30EE410A80ED000A53
:10BD700010E008980C9A0DA901EB820191ED001AD0
:10BD800041F2CC01084490ED000A30EE010A80ED4A
:10BD9000000AFFE7FFE70C9801300C90BCE7089819
:10BDA00041F2C801014491ED000AB5EE001A20EEFF
:10BDB000010A81ED000A41F2CC01014491ED000A33
:10BDC00020EE010A81ED000A9DED0D3A9DED0E2A4F
:10BDD0009DED0F0A9DED101A32EE432A30EE020A55
:10BDE00030EE410A41F22801014491ED001A41F27E
:10BDF0002401014491ED002A31EE021AB1EE002A2D
:10BE000021EE021A80EE010A41F2D001084480EDD1
:10BE1000000A00200B90FFE70B98032800F39C809A
:10BE2000FFE7089800F5A07203920B984FF4927107
:10BE3000049100FB012005F023F8089B039A049964
:10BE40009FED491A80EE010A9FED481A20EE010A83
:10BE5000BDEEC00A10EE100A03F5BF630793DDF8CC
:10BE60002CC00CEB4C0C23F83C000B9800FB012081
:10BE700005F076F89FED3E1A8DED051A20EE010AC9
:10BE8000B3EE041A8DED061A80EE010A10EE100AC8
:10BE900008F034FF41EC100B51EC100B9FED300B10
:10BEA00053EC102B0293019208F02AFE41EC100B88
:10BEB00051EC100B08F0C2FD039A0499079BDDF8C2
:10BEC0002CC00CEB4C0C03EBCC0358600B9800FB24
:10BED000012005F05DF89DED052A9DED061A20EE86
:10BEE000020A80EE010A10EE100A08F007FF019A1C
:10BEF000029B41EC100B51EC100B08F001FE41ECE1
:10BF0000100B51EC100B08F099FD039A0499079B54
:10BF1000DDF82CC00CEB4C0C03EBCC0398600B98B9
:10BF200000FB012005F034F89DED052A9DED061A71
:10BF3000079920EE020A80EE010ABDEEC00A10EE5B
:10BF4000100A0B9A02EB420201EBC2018882FFE762
:10BF50000B9801300B905FE716B080BD00BF00BFAB
:10BF60009B045FF924FFF33E5077D63D2CA0994106
:10BF7000000080460000000082B001908DED000AB4
:10BF80000199009841F2F802885002B07047000011
:10BF900081B00090009841F2FC01084490ED000A45
:10BFA00001B070470000000080B58AB0099009997F
:10BFB000079101F1A00041F2FC021144069191EDBC
:10BFC000000A06F021FF0699079891ED000A8DED11
:10BFD000080A00F5CB6006F0DBFAB0EE401A9DEDE2
:10BFE000080A30EE410A9FED2E1AB4EE410AF1EE36
:10BFF00010FA10DDFFE7079800F1A001059100F5A8
:10C00000CB6006F0C5FA05989FED281A30EE010ABC
:10C0100007F0AAF836E0079841F2FC01014491EDDF
:10C02000000A8DED040A00F5CB6006F0B1FAB0EE1F
:10C03000401A9DED040A30EE410A9FED1A1AB4EE43
:10C04000410AF1EE10FA10DAFFE7079800F1A001BB
:10C05000039100F5CB6006F09BFA03989FED121A4E
:10C0600030EE010A07F080F80BE0079800F1A0011C
:10C07000029100F5CB6006F08BFA029807F074F895
:10C08000FFE7FFE70798A030019006F0D5FE019882
:10C0900007F062F80798FFF76FFF0AB080BD00BF96
:10C0A000DB0F4940DB0F49C0DB0FC9C0DB0FC940C4
:10C0B00082B001908DED000A0199009841F2FC02D6
:10C0C000885002B07047000080B588B0079007988C
:10C0D000049041F2EC01405C0146059120B1FFE77C
:10C0E0000598012826D064E000200690FFE7069816
:10C0F00003281EDCFFE704989FED2F0A8DED030A4D
:10C1000006F08EFE04989DED030A503006F088FE7E
:10C1100004989DED030AA03006F082FE04989DED80
:10C12000030AF03006F07CFEFFE706980130069027
:10C13000DDE73EE0049800F6CC70FEF795FE04982B
:10C1400006F062FE049800F57C6191ED000A07F0AC
:10C150000BF8049806F070FE049800F1500101916C
:10C1600000F6E870FEF780FE019806F04DFE01989B
:10C17000049901F6C47191ED000A06F0F5FF0198EB
:10C1800006F05AFE049901F1F000029041F2F80223
:10C19000114491ED000A06F037FE0499029801F669
:10C1A000C87191ED000A06F0DFFF029806F044FE28
:10C1B000FFE708B080BD00BF0000000000000000E5
:10C1C00082B001908DED000A0199009841F2F002D1
:10C1D000885002B07047000082B001908DED000AD7
:10C1E0000199009841F2F402885002B070470000B3
:10C1F00081B00090009841F2EC01405C01B07047C2
:10C2000082B001908DF8031001999DF8030041F26E
:10C21000EC02885402B0704780B58CB00B900B983C
:10C22000059006F099FF05988DED0A0A503006F04A
:10C2300093FF05988DED090AF03006F08DFF059803
:10C240008DED080A9DED0A0A9DED091A30EE410AAE
:10C250009DED081A41F22801421892ED002A41F2A0
:10C260002401014491ED003A32EE032A81EE021AD4
:10C2700030EE410A41F268031844069080ED000A4E
:10C280009DED0A0A9DED091A30EE010A9DED081A8E
:10C2900092ED002A91ED003A32EE032A81EE021A65
:10C2A00030EE010A80ED010A9DED0A0A9DED091AA2
:10C2B00030EE410A9DED081A92ED002A91ED003A08
:10C2C00032EE032A81EE021A30EE010A80ED020AF4
:10C2D0009DED0A0A9DED091A30EE010A9DED081A3E
:10C2E00092ED002A91ED003A32EE032A81EE021A15
:10C2F00030EE410A80ED030A90ED010AB1EE400AEA
:10C3000080ED010A90ED020AB1EE400A80ED020ACA
:10C3100000200790FFE70798032800F3C280FFE79B
:10C32000059A079802EB800141F268030B4493EDF4
:10C33000000A8DED020A02F5815393ED000A8DED9E
:10C34000010A41F2AC03194491ED000A41F22C01BB
:10C35000114491ED001A20EE010A8DED040A41F21C
:10C3600058011144039101EB800191ED000A8DED1C
:10C37000000A4FF4927100FB012000F5A07004F058
:10C380007FFD9DED003A9DED012A9DED021A039976
:10C390000598B0EE404A9DED040A33EE443A20EE93
:10C3A000030AA1EE020A079A00EB820241F2780327
:10C3B0001A4482ED000A079A01EB820191ED000A0E
:10C3C00041F2A801084490ED001AB4EE410AF1EEE2
:10C3D00010FA13DDFFE70598079900EB810041F2A1
:10C3E0009801014491ED001A41F27801084490ED62
:10C3F000000A30EE010A80ED000A4DE00598079929
:10C4000000EB810141F25802114491ED000A41F222
:10C41000A801084490ED001AB1EE411AB4EE410AA9
:10C42000F1EE10FA13DAFFE70598079900EB8100A7
:10C4300041F29801014491ED001A41F2780108445B
:10C4400090ED000A30EE410A80ED000A23E0059AE3
:10C4500007984FF4927100FB012000F5A07004F0E2
:10C460000FFD059841F2A801014491ED001A80EEFC
:10C47000011A079900EB810041F29801014491ED06
:10C48000002A41F27801084490ED000AA1EE020A68
:10C4900080ED000AFFE7FFE7FFE70798013007900C
:10C4A00039E70CB080BD000080B590B00F900F98B8
:10C4B0000C9000F6CC700590FEF7D6FC0C988DED34
:10C4C000000A00F6E8700790FEF7CEFC9DED001A1A
:10C4D0000C9830EE410A8DED010A41F20401084446
:10C4E0000890FEF7C1FC05980C99B0EE401A9DED3E
:10C4F000010A41F228020A440A9292ED002A41F20E
:10C5000024020A440B9292ED003A32EE032A91EE95
:10C51000420A41F2480211440D9181ED000AFEF7F2
:10C52000A3FC07988DED020AFEF79EFC0898B0EE7A
:10C53000401A9DED020A30EE010A8DED030AFEF766
:10C5400093FC05980A9B0B9A0D99B0EE401A9DED4D
:10C55000030A93ED002A92ED003A32EE032AA1EE8F
:10C56000020A81ED010AFEF77FFC07988DED040AAF
:10C57000FEF77AFC0898B0EE401A9DED040A30EE02
:10C58000410A8DED060AFEF76FFC05980A9B0B9A8F
:10C590000D99B0EE401A9DED060A93ED002A92ED3A
:10C5A000003A32EE032AA1EE020A81ED020AFEF7FA
:10C5B0005BFC07988DED090AFEF756FC0898B0EE73
:10C5C000401A9DED090A30EE010A8DED0E0AFEF7C4
:10C5D0004BFC0A9B0B990C980D9AB0EE401A9DEDFE
:10C5E0000E0A93ED002A91ED003A32EE032AA1EEF5
:10C5F000420A82ED030A92ED000A00F5815191EDA5
:10C60000001A80EE010A41F25803184480ED000A36
:10C6100092ED010A91ED001A80EE010A80ED010A07
:10C6200092ED020A91ED001A80EE010A80ED020AF5
:10C6300092ED030A91ED001A80EE010A80ED030AE3
:10C6400090ED010AB1EE400A80ED010A90ED020A78
:10C65000B1EE400A80ED020A10B080BD000000007B
:10C6600080B582B0019001980090FFF71DFF0098FF
:10C67000FFF72AFD0098FFF7CFFD0098FFF750FA6B
:10C6800002B080BD0000000080B586B0059005981E
:10C690000390FFF7F5FA0398FFF786FC039901F67C
:10C6A0009C7041F2C802114491ED000AFBF79CF91D
:10C6B000039901F57C6080ED000A01F6A87041F253
:10C6C000CC02114491ED000AFBF78EF9039901F6B3
:10C6D000C47080ED000A01F6B47041F2D00211443A
:10C6E00091ED000AFBF780F9039901F6C87080ED1F
:10C6F000000A01F6CC70019041F2F002114491ED74
:10C70000000AFEF765FA0198FEF76EFA039901F642
:10C71000E870029041F2F402114491ED000AFEF734
:10C7200057FA0298FEF760FA039941F204000844B0
:10C73000049041F2F802114491ED000AFEF748FA24
:10C740000498FEF751FA06B080BD0000000000001A
:10C7500080B590B00F900F980E909FEDB50ADFED69
:10C76000B52ACDED022A9FEDB43A8DED033ADFED07
:10C77000B34ACDED084A9FEDB25A8DED095A00211A
:10C780000A91F0EE450AB0EE451AF0EE451AB0EE09
:10C79000452AF0EE453AB0EE454A06F0A1FCDDED43
:10C7A000022A9DED033ADDED084A9DED095A0A99EA
:10C7B0000E9850309FEDA30AF0EE450AB0EE451AF0
:10C7C000F0EE451AB0EE452AF0EE453AB0EE454A95
:10C7D00006F086FC9DED033ADDED084A9DED095A11
:10C7E0000A990E98A030B2EE050AF1EE022AF0EE98
:10C7F000450AB0EE451AF0EE451AB0EE452AF0EEC5
:10C80000453AB0EE454A06F06BFC9DED033ADDED8E
:10C81000084A9DED095A0A990E98F030B2EE080ABE
:10C82000DFED892AF0EE450AB0EE451AF0EE451A22
:10C83000B0EE452AF0EE453AB0EE454A06F050FC1F
:10C840000E9800F5A0706946012305930B6045F230
:10C850006041C2F2004104919FED7C0A8DED060A11
:10C86000F3EE040ACDED070A1A4604F03DFCDDEDB7
:10C87000072ADDED084A9DED095A0A990E9800F540
:10C88000C870B0EE450AF0EE450AB0EE451AF0EE7B
:10C89000451AB0EE622AB0EE453AF0EE453AB0EEF7
:10C8A000454A06F01DFC0499059B9DED060ADDED49
:10C8B000070A0E9800F519706A461360022204F008
:10C8C00013FCDDED072ADDED084A9DED095A0A99B2
:10C8D0000E9800F52D70B0EE450AF0EE450AB0EE68
:10C8E000451AF0EE451AB0EE622AB0EE453AF0EE87
:10C8F000453AB0EE454A06F0F3FB0499059B9DEDE1
:10C90000060ADDED070A0E9800F562706A461360AC
:10C91000032204F0E9FBDDED072ADDED084A9DED79
:10C92000095A0A990E9800F57670B0EE450AF0EEB5
:10C93000450AB0EE451AF0EE451AB0EE622AB0EEA6
:10C94000453AF0EE453AB0EE454A06F0C9FB049987
:10C95000059B9DED060ADDED070A0E9800F2AC403E
:10C960006A461360042204F0BFFBDDED072ADDED0B
:10C97000084A9DED095A0A990E9800F2FC40B0EE63
:10C98000450AF0EE450AB0EE451AF0EE451AB0EE53
:10C99000622AB0EE453AF0EE453AB0EE454A06F06E
:10C9A0009FFB0E9800F5226045F6A041C2F20041BF
:10C9B0002A223B239FED260A01F0AAFB0E9800F5E0
:10C9C000CB6006F0D1F80E9800F69C7005210B9113
:10C9D000FAF77EFF0B990E9800F6A870FAF778FF29
:10C9E0000B990E9800F6B470FAF772FF0E9800F6E5
:10C9F000CC709FED180A8DED0C0ADFED170ACDED16
:10CA00000D0AFEF71DFA9DED0C0ADDED0D0A0E98DC
:10CA100000F6E870FEF714FA0E9841F2040108449B
:10CA2000DFED0E0AB0EE600AFEF70AFA10B080BD24
:10CA30000000704200007A446F12033B6F12833A89
:10CA40000000000000008C420000C8422CA0994168
:10CA5000000034420AD7A33B0AD7233CCDCC4C3D3F
:10CA600080B58AB0089008980590099006F088FB78
:10CA70000598503006F084FB0598A03006F080FB46
:10CA80000598F03006F07CFB059901F5A07001F5E2
:10CA9000BA6106910790FFE70798049004F090FBB5
:10CAA0000498069A00F59271084691420790F3D1D6
:10CAB000FFE7059800F5BA6005F056FB059800F50C
:10CAC000CB6006F04DF9059800F5226001F0B4FB4B
:10CAD000059901F6682001F55E6102910390FFE778
:10CAE0000398019004F010F90198029A00F5DE71A4
:10CAF000084691420390F3D1FFE7059800F55E6088
:10CB000004F002F9059800210091C0F8C01FC0F898
:10CB1000C41FC0F8C81F00F6CC70FEF7ADF9059829
:10CB200000F6E870FEF7A8F9059841F20401084400
:10CB3000FEF7A2F9009805994FF4815346F24E2270
:10CB4000C3F69052CA5041F224034DF2E502C3F6F7
:10CB50002262CA5041F228034AF2E352C3F61B6232
:10CB6000CA5041F22C030022C3F6A022CA5041F25F
:10CB70008803CA18C85050609060D06041F2980392
:10CB8000CA18C85050609060D06041F2A8034FF0BE
:10CB90007E52CA5041F2AC0E01EB0E0C0023C4F2DF
:10CBA000164341F80E30CCF80430CCF80830CCF8FD
:10CBB0000C3041F2BC03C8504FF48653C85041F2C8
:10CBC000C403CA5041F2C803C85041F2CC03C85054
:10CBD00041F2D003C85041F2D403C85041F2D80307
:10CBE000C85041F2DC03C8504FF48753C85041F29B
:10CBF000E403CA5041F2E8030022C4F27022CA5092
:10CC000041F2EC02885441F2F002885041F2F40201
:10CC1000885041F2F802885041F2FC02885009988D
:10CC20000AB080BD0000000080B5C0B03F903F98C2
:10CC3000259042F6D822C2F20042002111800068FD
:10CC4000B0F8040142F6DA21C2F200410880FFE7A1
:10CC500042F6D820C2F20040008842F6DA21C2F241
:10CC600000410988884280F2A685FFE7259801687F
:10CC7000249142F6D821C2F20041098800F0D4FD87
:10CC800001462498084490F88400A52840F08A853D
:10CC9000FFE7259801681A9142F6D821C2F20041B7
:10CCA0001E910988063189B200F0BEFD1A9A1E99BC
:10CCB000034625981A4492F8843044F6C032C2F2F2
:10CCC00000422192138012881C9202681B920988EC
:10CCD000053189B200F0A8FD1B9ADDF870C01E99DD
:10CCE000219B86462598724492F8842042EA0C22C1
:10CCF0001A8002681D920988023189B200F094FD01
:10CD00001D9A1E99034625981A4492F8843044F6D9
:10CD1000D232C2F20042229213801288209202681C
:10CD20001F920988013189B200F07EFD1F99209A77
:10CD300003462298194491F8841041EA02210180A7
:10CD400000218022FAF72CFE21980088ADF8FA0025
:10CD5000052007F030FB014622983D9100880930FC
:10CD600001462391B0F1FF3F02DCFFE706F050FFE0
:10CD7000239807F020FB3C9000203B90FFE73B9876
:10CD800004281ADCFFE725980168199142F6D8219A
:10CD9000C2F2004109883B9A114489B200F044FD77
:10CDA00001461998084490F884003D993B9A8854AC
:10CDB000FFE73B9801303B90E1E73D980521FCF708
:10CDC000CFF8012840F0DD84FFE700203A90FFE72C
:10CDD0003A9844F6D231C2F20041098809318842BA
:10CDE0001ADAFFE725980168189142F6D821C2F2B5
:10CDF000004109883A9A114489B200F015FD0146B4
:10CE00001898084490F884003C993A9A8854FFE7AF
:10CE10003A9801303A90DBE73C9844F6D231C2F2BE
:10CE2000004109880931FCF7FFF9012840F0A88486
:10CE3000FFE7BDF8FA0001461791012800F086804F
:10CE4000FFE71798022800F0B280FFE71798032841
:10CE500000F0DF80FFE71798B0F5817F00F00B81CD
:10CE6000FFE71798B0F5827F00F03781FFE717984A
:10CE700040F20511884200F06281FFE7179840F206
:10CE80000121884200F08D81FFE7179840F20221CE
:10CE9000884200F0B881FFE7179840F203218842EA
:10CEA00000F0E381FFE71798B0F5017F00F00F82F3
:10CEB000FFE7179840F20521884200F03A82FFE729
:10CEC000179840F20621884200F06582FFE7179824
:10CED00040F20721884200F09082FFE71798B0F5F2
:10CEE000027F00F0BC82FFE7179840F209218842D8
:10CEF00000F0E782FFE7179840F20A21884200F02D
:10CF00001283FFE7179840F20D21884200F03D831D
:10CF1000FFE7179840F20E21884200F06883FFE790
:10CF2000179840F20131884200F09383FFE7179889
:10CF300040F20231884200F0F083FFE7179840F298
:10CF40000331884200F0B78300F019BC002039900B
:10CF5000FFE7399844F6D231C2F200410988023124
:10CF600088421CDAFFE725980168169142F6D8211D
:10CF7000C2F200410988399A1144073189B200F0A0
:10CF800053FC259902461698104490F88400399A6B
:10CF900011444875FFE7399801303990D9E742F6D6
:10CFA000D821C2F20041088814300880E7E300204D
:10CFB0003890FFE7389844F6D231C2F20041098830
:10CFC000023188421DDAFFE725980168159142F683
:10CFD000D821C2F200410988389A1144073189B238
:10CFE00000F022FC259902461598104490F8840020
:10CFF000389A114481F82200FFE7389801303890C0
:10D00000D8E742F6D821C2F2004108880A300880E9
:10D01000B5E300203790FFE7379844F6D231C2F2EB
:10D0200000410988023188421DDAFFE7259801682E
:10D03000149142F6D821C2F200410988379A11446E
:10D04000073189B200F0F0FB25990246149810448C
:10D0500090F88400379A114481F82500FFE737984B
:10D0600001303790D8E742F6D821C2F20041088853
:10D070002930088083E300203690FFE7369844F695
:10D08000D231C2F200410988023188421DDAFFE73D
:10D0900025980168139142F6D821C2F2004109880F
:10D0A000369A1144073189B200F0BEFB2599024639
:10D0B0001398104490F88400369A114481F84D007A
:10D0C000FFE7369801303690D8E742F6D821C2F211
:10D0D000004108880D30088051E300203590FFE7BB
:10D0E000359844F6D231C2F20041098802318842B3
:10D0F0001DDAFFE725980168129142F6D821C2F2A5
:10D1000000410988359A1144073189B200F08CFB3F
:10D11000259902461298104490F88400359A1144DB
:10D1200081F85300FFE7359801303590D8E742F693
:10D13000D821C2F2004108880C3008801FE300208B
:10D140003490FFE7349844F6D231C2F200410988A6
:10D15000023188421DDAFFE725980168119142F6F5
:10D16000D821C2F200410988349A1144073189B2AA
:10D1700000F05AFB259902461198104490F884005B
:10D18000349A114481F85800FFE734980130349004
:10D19000D8E742F6D821C2F2004108880C30088056
:10D1A000EDE200203390FFE7339844F6D231C2F22B
:10D1B00000410988023188421DDAFFE7259801689D
:10D1C000109142F6D821C2F200410988339A1144E5
:10D1D000073189B200F028FB2599024610981044C7
:10D1E00090F88400339A114481F85D00FFE733988A
:10D1F00001303390D8E742F6D821C2F200410888C6
:10D2000016300880BBE200203290FFE7329844F6E7
:10D21000D231C2F200410988023188421DDAFFE7AB
:10D22000259801680F9142F6D821C2F20041098881
:10D23000329A1144073189B200F0F6FA2599024674
:10D240000F98104490F88400329A114481F86C00D1
:10D25000FFE7329801303290D8E742F6D821C2F287
:10D26000004108881930088089E200203190FFE7EA
:10D27000319844F6D231C2F2004109880231884225
:10D280001DDAFFE7259801680E9142F6D821C2F217
:10D2900000410988319A1144073189B200F0C4FA7B
:10D2A000259902460E98104490F88400319A114452
:10D2B00081F87E00FFE7319801303190D8E742F6DF
:10D2C000D821C2F2004108881530088057E20020BA
:10D2D0003090FFE7309844F6D231C2F2004109881D
:10D2E000023188421DDAFFE7259801680D9142F668
:10D2F000D821C2F200410988309A1144073189B21D
:10D3000000F092FA259902460D98104490F8840096
:10D31000309A114481F88C00FFE73098013030904A
:10D32000D8E742F6D821C2F20041088810300880C0
:10D3300025E200202F90FFE72F9844F6D231C2F269
:10D3400000410988023188421DDAFFE7259801680B
:10D350000C9142F6D821C2F2004109882F9A11445B
:10D36000073189B200F060FA259902460C98104402
:10D3700090F884002F9A114481F89500FFE72F98C8
:10D3800001302F90D8E742F6D821C2F20041088838
:10D390000B300880F3E100202E90FFE72E9844F632
:10D3A000D231C2F200410988023188421DDAFFE71A
:10D3B000259801680B9142F6D821C2F200410988F4
:10D3C0002E9A1144073189B200F02EFA25990246AF
:10D3D0000B98104490F884002E9A114481F899001B
:10D3E000FFE72E9801302E90D8E742F6D821C2F2FE
:10D3F000004108880A300880C1E100202D90FFE735
:10D400002D9844F6D231C2F2004109880231884297
:10D410001DDAFFE7259801680A9142F6D821C2F289
:10D42000004109882D9A1144073189B200F0FCF9B6
:10D43000259902460A98104490F884002D9A1144C8
:10D4400081F89C00FFE72D9801302D90D8E742F637
:10D45000D821C2F200410888103008808FE10020F6
:10D460002C90FFE72C9844F6D231C2F20041098893
:10D47000023188421DDAFFE725980168099142F6DA
:10D48000D821C2F2004109882C9A1144073189B28F
:10D4900000F0CAF9259902460998104490F88400D2
:10D4A0002C9A114481F8A500FFE72C9801302C90AC
:10D4B000D8E742F6D821C2F2004108880F30088030
:10D4C0005DE100202B90FFE72B9844F6D231C2F2A9
:10D4D00000410988023188421DDAFFE7259801687A
:10D4E000089142F6D821C2F2004109882B9A1144D2
:10D4F000073189B200F098F925990246089810443E
:10D5000090F884002B9A114481F8AD00FFE72B9826
:10D5100001302B90D8E742F6D821C2F200410888AA
:10D520000D3008802BE100202A90FFE72A9844F66E
:10D53000D231C2F200410988023188421DDAFFE788
:10D5400025980168079142F6D821C2F20041098866
:10D550002A9A1144073189B200F066F925990246EA
:10D560000798104490F884002A9A114481F8BE006C
:10D57000FFE72A9801302A90D8E742F6D821C2F274
:10D58000004108880F300880F9E000202990FFE76B
:10D59000299844F6D231C2F200410988023188420A
:10D5A0001DDAFFE725980168069142F6D821C2F2FC
:10D5B00000410988299A1144073189B200F034F9F1
:10D5C000259902460698104490F88400299A11443F
:10D5D00081F8B300FFE7299801302990D8E742F697
:10D5E000D821C2F2004108880F300880C7E000202F
:10D5F0002890FFE7289844F6D231C2F2004109880A
:10D60000023188421DDAFFE725980168059142F64C
:10D61000D821C2F200410988289A1144073189B201
:10D6200000F002F9259902460598104490F884000C
:10D63000289A114481F8BB00FFE728980130289010
:10D64000D8E742F6D821C2F2004108880A300880A3
:10D6500095E000202790FFE7279844F6D231C2F2E8
:10D6600000410988023188421DDAFFE725980168E8
:10D67000049142F6D821C2F200410988279A114448
:10D68000073189B200F0D0F8259902460498104479
:10D6900090F88400279A114481F8C600FFE7279884
:10D6A00001302790D8E742F6D821C2F2004108881D
:10D6B0002730088063E000202690FFE7269844F694
:10D6C000D231C2F200410988023188421DDAFFE7F7
:10D6D00025980168039142F6D821C2F200410988D9
:10D6E000269A1144073189B200F09EF82599024626
:10D6F0000398104490F88400269A114481F80B0294
:10D70000FFE7269801302690D8E742F6D821C2F2EA
:10D71000004108881530088031E042F6DA20C2F274
:10D720000040008842F6D821C2F200410988401A20
:10D73000252823D3FFE72598006842F6D821C2F2B6
:10D7400000410988084484302521FBF76DFD01283C
:10D7500014D1FFE7259901F22D200A6842F6D8215D
:10D76000C2F200410291098811448B311E22E3F775
:10D77000B3F80299088825300880FFE7FFE7FFE744
:10D78000FFE73C98019020B1FFE7019805F06BFDA1
:10D79000FFE73D98009020B1FFE7009805F063FD9A
:10D7A000FFE7FFE742F6D821C2F2004108880130C6
:10D7B0000880FFF74DBA40B080BD000000000000B7
:10D7C00081B000900098407D000901B070470000D2
:10D7D00081B000900098D0F87E0000EE100A01B0F1
:10D7E000704700000000000081B000900098D0F861
:10D7F000820000EE100A01B0704700000000000037
:10D8000081B00090009890F8BB0001B07047000014
:10D8100081B000900098D0F89F0000EE100A01B08F
:10D82000704700000000000082B00190ADF80210C7
:10D830000198BDF802200068B0F80411B2FBF1F0C5
:10D8400000FB112002B0704781B000900098D0F822
:10D85000B30001B07047000081B000900098B0F8AC
:10D86000A50001B07047000081B000900098C08A08
:10D8700001B070470000000081B000900098B0F83F
:10D88000CC0001B07047000081B000900098B0F863
:10D89000CE0001B07047000080B584B003900291C3
:10D8A000ADF806200398C1680131C160FFF7BCF9EB
:10D8B00004B080BD0000000081B00090009890F896
:10D8C000920001B07047000081B000900098B0F85D
:10D8D000670001B07047000081B000900098B0F878
:10D8E000E00001B07047000081B000900098B0F8EF
:10D8F000E20001B07047000081B00090009890F8FD
:10D900009D0001B07047000080B586B0059004917D
:10D910000598019040F20131ADF80A100A21ADF8E6
:10D920000C108179C379027A1944BDF80C3019447E
:10D930001144ADF80E1000680430BDF80E10E3F786
:10D9400064F8019908790A6810710A68BDF80C003A
:10D95000A2F8050048790A68D0710868043089790E
:10D96000FBF70EFA019908688A7910440430CA79E5
:10D970000DF10A01E2F7B0FF019801688279C379DD
:10D980001A440A44049B1989918119685B68936061
:10D99000516000680430BDF80E10FBF70DFB0199D3
:10D9A000BDF80E000A68A2F80A01487901304871F2
:10D9B00006B080BD0000000081B000900098B0F873
:10D9C000760001B07047000081B00090009890F898
:10D9D0005900800901B0704781B000900098B0F8FC
:10D9E000630001B07047000081B000900098B0F86B
:10D9F000740001B07047000081B000900098B0F84A
:10DA0000D40001B07047000081B000900098B0F8D9
:10DA1000D60001B07047000081B000900098B0F8C7
:10DA2000D80001B07047000081B000900098B0F8B5
:10DA3000DA0001B07047000081B000900098D0F883
:10DA40000B0200EE100A01B0704700000000000059
:10DA500081B000900098D0F80F0200EE100A01B0DB
:10DA6000704700000000000080B582B0019001986E
:10DA7000009000F0D5F90146009880F8251200F0DA
:10DA8000CFF9072805D1FFE70099092081F827027F
:10DA90000BE0009800F0C4F96B2805D1FFE700996E
:10DAA0006D2081F82702FFE7FFE7009840F2FC4273
:10DAB000C2F20042938800F22321A0F82932D288D2
:10DAC000A0F82B22FFF720FF009802681068111DB4
:10DAD000B2F80A210A23F2F7FBF802B080BD000079
:10DAE00082B0019001990091C8680969884204D107
:10DAF000FFE700990020087503E0009901200875F0
:10DB0000FFE70099C868086102B070470000000094
:10DB100084B0039002918DF807200398009002983A
:10DB2000006841F20001C4F20101884207D1FFE719
:10DB3000009940F69C40C2F20040086076E00298EE
:10DB4000006844F20041C4F20001884207D1FFE7B7
:10DB5000009940F6AC50C2F20040086065E00298BF
:10DB6000006844F60001C4F20001884207D1FFE7D3
:10DB7000009940F6BC60C2F20040086054E0029890
:10DB8000006844F60041C4F20001884207D1FFE773
:10DB9000009940F6CC70C2F20040086043E0029861
:10DBA000006845F20001C4F20001884207D1FFE796
:10DBB000009941F2DC00C2F20040086032E00298B5
:10DBC000006841F20041C4F20101884207D1FFE739
:10DBD000009941F2EC10C2F20040086021E0029886
:10DBE000006847F60001C4F20001884207D1FFE750
:10DBF000009941F2FC20C2F20040086010E0029857
:10DC0000006841F60041C4F20101884207D1FFE7F4
:10DC1000009940F68C30C2F200400860FFE7FFE751
:10DC2000FFE7FFE7FFE7FFE7FFE7FFE700999DF862
:10DC30000700087104B0704785B003908DF80B1091
:10DC4000039800909DF80B000138014601916E2861
:10DC500000F2D2800199DFE811F06F0075007B00BF
:10DC600081008700CF008D00CF00CF009900930086
:10DC7000CF00CF00CF00CF00CF00CF00CF00CF002C
:10DC8000CF00CF00CF00CF00CF00CF00CF00CF001C
:10DC9000CF00CF00CF00CF00CF00CF00CF00CF000C
:10DCA000CF00CF00CF00CF00CF00CF00CF00CF00FC
:10DCB000CF00CF00CF00CF00CF00CF00CF00CF00EC
:10DCC000CF00CF00CF00CF00CF00CF00CF00CF00DC
:10DCD000CF00CF00CF00CF00CF00CF00CF00CF00CC
:10DCE000CF00CF00CF00CF00CF00CF00CF00CF00BC
:10DCF000CF00CF00CF00CF00CF00CF00CF00CF00AC
:10DD0000CF00CF00CF00CF00CF00CF00CF00CF009B
:10DD1000CF00CF00CF00CF00CF00CF00CF00CF008B
:10DD2000CF009F00A500AB00B100B700CF00BD0041
:10DD3000CF00CF00C900C3000098B0F82500ADF8AF
:10DD400012005FE00098B0F82700ADF8120059E02B
:10DD50000098B0F82900ADF8120053E00098B0F830
:10DD60002B00ADF812004DE00098B0F82D00ADF892
:10DD7000120047E00098B0F82F00ADF8120041E023
:10DD80000098B0F83100ADF812003BE00098B0F810
:10DD90003300ADF8120035E00098B0F83500ADF86A
:10DDA00012002FE00098B0F83700ADF8120029E01B
:10DDB0000098B0F83900ADF8120023E00098B0F8F0
:10DDC0003B00ADF812001DE00098B0F83D00ADF842
:10DDD000120017E00098B0F83F00ADF8120011E013
:10DDE0000098B0F84100ADF812000BE00098B0F8D0
:10DDF0004300ADF8120005E00098B0F84300ADF81C
:10DE00001200FFE7BDF8120005B0704700000000E7
:10DE100081B000900098B0F85F0001B0704700003A
:10DE200081B00090009890F85D0001B0704700004C
:10DE300080B582B0019001980090002141710522C7
:10DE400082710222C2710272C16001610175E63005
:10DE500004F06AFB0098EE3004F046FB009800F2F4
:10DE6000031004F049FB009800F2271004F04CFB6B
:10DE7000009800F5BC7004F04FFB009800F5EC70C2
:10DE800004F05AFB009800F2192002F0D1F8009833
:10DE900000F2232004F07CF9009802B080BD00005D
:10DEA00080B584B003900398019040684068029068
:10DEB000552833D0FFE70298672838D1FFE701984B
:10DEC0004268D16A126BC2628162B0F9281000EE1A
:10DED000101AB8EEC00AB2EE041A80EE010A80ED04
:10DEE000070A0068FFF76CFC042816D1FFE70198C9
:10DEF00000F07AF80146019848F6B952C0F20602DD
:10DF0000A1FB022100EE101AB8EEC01A90ED060A2D
:10DF100030EE410A80ED060AFFE708E00199486803
:10DF200090F8302081F83420C06A0863FFE704B01D
:10DF300080BD00000000000082B001908DED000A5D
:10DF400001990098C86102B070470000000000000D
:10DF500082B001908DED000A01990098C1F83F0050
:10DF600002B070470000000081B00090009890F867
:10DF7000360001B07047000082B001908DF80310A8
:10DF800001999DF8030081F8360002B07047000047
:10DF900080B582B0019000910198016A013101625F
:10DFA000FFF77EFF02B080BD82B001908DF80310B4
:10DFB00001999DF8030081F8430002B0704700000A
:10DFC00081B00090009890ED060A01B07047000003
:10DFD00082B0019000910199086A0130086202B094
:10DFE000704700000000000081B000900098C08DD4
:10DFF00001B070470000000081B00090009890F8D8
:10E000002C0001B07047000082B00190019900918E
:10E01000086A496A884205D1FFE70099002081F823
:10E02000350004E00099012081F83500FFE70099F0
:10E03000086A486202B0704780B582B001900198CA
:10E0400000F046F802B080BD84B0039002918DEDDF
:10E05000010A03980090029800684AF20001C4F295
:10E060000001884207D1FFE7009940F29C30C2F2DC
:10E070000040486021E0029800684AF20041C4F282
:10E080000001884207D1FFE7009940F23C40C2F20C
:10E090000040486010E0029800684DF20041C4F270
:10E0A0000001884207D1FFE7009940F2C440C2F264
:10E0B00000404860FFE7FFE7FFE700990198C1F8DB
:10E0C0003F0040F20450C2F20040C86004B0704704
:10E0D00080B582B0019001980090FFF745FF0128BC
:10E0E00005D1FFE700980021FFF75EFF04E00098EC
:10E0F0000121FFF759FFFFE70098C16890F843201E
:10E100000A71D0F83F00086002B080BD0000000036
:10E1100085B0049003918DF80B208DF80A308DEDB9
:10E12000010A049800900398006841F20001C4F2CB
:10E130000101884207D1FFE7009940F69C40C2F2F6
:10E140000040086165E00398006844F20041C4F2B1
:10E150000001884207D1FFE7009940F6AC50C2F2B7
:10E160000040086154E00398006844F60001C4F2DE
:10E170000001884207D1FFE7009940F6BC60C2F277
:10E180000040086143E00398006844F60041C4F28F
:10E190000001884207D1FFE7009940F6CC70C2F237
:10E1A0000040086132E00398006845F20001C4F2C3
:10E1B0000001884207D1FFE7009941F2DC00C2F27A
:10E1C0000040086121E00398006841F20041C4F278
:10E1D0000101884207D1FFE7009941F2EC10C2F239
:10E1E0000040086110E00398006841F60041C4F265
:10E1F0000101884207D1FFE7009940F68C30C2F256
:10E2000000400861FFE7FFE7FFE7FFE7FFE7FFE701
:10E21000FFE70099002081F835000198C1F83F0020
:10E2200003980A6910609DF80B0008759DF80A00B4
:10E23000487505B07047000081B00090009844F226
:10E240000001C4F29C61816100210162416280F899
:10E25000351080F83610416401B0704700000000AE
:10E2600080B584B003900291039900910298C07820
:10E27000087202984068C86002980830FBF7E0FD19
:10E28000009901909DED010AB8EEC00A9FED081AB1
:10E2900080EE010A81ED040A0298C07A087502989E
:10E2A0008089C8820298807B087604B080BD00BF58
:10E2B00000007A440000000080B584B00390029111
:10E2C000ADF80620039800900020ADF80400FFE7A9
:10E2D000BDF80400BDF80610103988422BDCFFE7BA
:10E2E0000298BDF80410405C57281DD1FFE7029941
:10E2F000BDF8040008444078B0B9FFE70298BDF8C3
:10E30000041008441021F9F7CFFB60B1FFE7009833
:10E310000299BDF804201144FFF7A2FF0099C869D3
:10E320000130C86107E0FFE7FFE7BDF804000130F6
:10E33000ADF80400CCE704B080BD00000000000090
:10E3400082B0019001990091C869096A884205D19B
:10E35000FFE70099002081F8240004E000990120E3
:10E3600081F82400FFE70099C869086202B070478D
:10E3700084B0039002910192039800900298006883
:10E3800041F20001C4F20101884207D1FFE7009980
:10E3900040F69C40C2F20040086076E002980068B7
:10E3A00044F20041C4F20001884207D1FFE700991E
:10E3B00040F6AC50C2F20040086065E00298006888
:10E3C00044F60001C4F20001884207D1FFE700993A
:10E3D00040F6BC60C2F20040086054E00298006859
:10E3E00044F60041C4F20001884207D1FFE70099DA
:10E3F00040F6CC70C2F20040086043E0029800682A
:10E4000045F20001C4F20001884207D1FFE70099FC
:10E4100041F2DC00C2F20040086032E0029800687D
:10E4200041F20041C4F20101884207D1FFE700999F
:10E4300041F2EC10C2F20040086021E0029800684E
:10E4400047F60001C4F20001884207D1FFE70099B6
:10E4500041F2FC20C2F20040086010E0029800681F
:10E4600041F60041C4F20101884207D1FFE700995B
:10E4700040F68C30C2F200400860FFE7FFE7FFE79C
:10E48000FFE7FFE7FFE7FFE7FFE700990198486034
:10E4900004B070470000000081B000900098002197
:10E4A0004160C161016280F8241001B07047000032
:10E4B00081B00090009940F2D800C2F2004002689A
:10E4C0004DF68363C4F21B33A2FB0332920C8A60C5
:10E4D000006844F6D352C1F26202A0FB0220800918
:10E4E000C86001B07047000080B584B0039002910D
:10E4F0000398019000F068F90246019801791143F0
:10E500000171407928B1FFE70198029900F0F4F910
:10E5100022E0029943F6AC00C3F622304862029929
:10E5200041F2B060C3F6CE1088620299C8620299C7
:10E5300041F23F60C4F21B100863029890ED0C1A80
:10E540009FED070A80EE010A80ED080A029900207B
:10E55000C4F220208861FFE70198007904B080BDF3
:10E56000C3F51C410000000080B586B00590049101
:10E570000598029042F6C222C2F200420392122192
:10E58000062300F049FD0298039A1178537841EA76
:10E59000032142F6C023C2F200431980B3F90010F0
:10E5A00000EE101AB8EEC00A40F20C01C2F20041AF
:10E5B00091ED001A20EE010ADDF810C08CED000A82
:10E5C00092F802C092F803E04CEA0E2CA3F800C0C7
:10E5D000B3F900C000EE10CAB8EEC00A91ED001AFF
:10E5E00020EE010ADDF810C08CED010A92F804C09B
:10E5F00092F805E04CEA0E2CA3F800C0B3F9003005
:10E6000000EE103AB8EEC00A91ED001A20EE010AB1
:10E61000049981ED020A0021082300F0C5FC03984B
:10E6200000780F2840F09580FFE702984079002895
:10E630004AD0FFE742F6C223C2F200439878D97865
:10E6400040EA012042F6C021C2F200410880B1F93F
:10E65000000000EE100AB8EEC01A40F21000C2F23C
:10E66000004090ED002A049A92ED090A91EE020A08
:10E6700082ED030A1A7993F805C042EA0C220A8057
:10E68000B1F9002000EE102AB8EEC01A90ED002A71
:10E69000049A92ED0A0A91EE020A82ED040A9A792E
:10E6A000DB7942EA03220A80B1F9001000EE101A69
:10E6B000B8EEC01A90ED002A049890ED0B0A91EE86
:10E6C000020A80ED050A43E042F6C223C2F200438B
:10E6D0009878D97840EA012042F6C021C2F2004180
:10E6E0000880B1F9000000EE100AB8EEC00A40F24E
:10E6F0001000C2F2004090ED001A20EE010A049AC8
:10E7000082ED030A1A7993F805C042EA0C220A80C6
:10E71000B1F9002000EE102AB8EEC00A90ED001A00
:10E7200020EE010A049A82ED040A9A79DB7942EA22
:10E7300003220A80B1F9001000EE101AB8EEC00AE8
:10E7400090ED001A20EE010A049880ED050AFFE71B
:10E75000FFE7029842F6C222C2F200420192222151
:10E76000022300F059FC019908784978C00040EA7A
:10E77000511142F6C020C2F200400180B0F9000001
:10E78000B0F5806F09DBFFE742F6C021C2F200411D
:10E790000888A0F500600880FFE742F6C020C2F2BA
:10E7A0000040B0F9000000EE100AB8EEC01AB4EE56
:10E7B000002AB3EE070AA1EE020A049880ED070AC8
:10E7C00006B080BD0000000080B58AB008900898AF
:10E7D0000590002103918DF81F108DF81E100DF18A
:10E7E0001F02049200F054FC05989621069100F057
:10E7F00043FD0399049A059800F04AFC0598069990
:10E8000000F03AFD05987E21B62200F06DFC0598D7
:10E81000502100F0E5FC0399049A059800F038FCBB
:10E820000598069900F028FD0399049A059800F0D0
:10E830002FFC0598069900F01FFD9DF81F001E286B
:10E8400004D0FFE7FF208DF827004FE000208DF86F
:10E850001E00FFE79DF81E00052843DCFFE7059832
:10E860009DF81E1001EB410340F2AE11C2F20041CF
:10E870000291CA18C95C527800F036FC05989621BE
:10E88000019100F0F9FC059802999DF81E2002EB19
:10E890004202895C0DF11F0200F0FAFB0598019914
:10E8A00000F0EAFC02999DF81F009DF81E2002EB83
:10E8B00042021144497888420DD0FFE79DF81E00BE
:10E8C00000EB400140F2AE10C2F2004008448078F4
:10E8D0008DF827000AE0FFE79DF81E0001308DF853
:10E8E0001E00B7E700208DF82700FFE79DF82700FE
:10E8F0000AB080BD0000000080B594B006AA029264
:10E900001390129113980390002011901090F9F732
:10E910008FFC42F6CC20C2F2004080ED000AFFE7F7
:10E92000F9F786FC42F6CC20C2F2004090ED001AC6
:10E9300030EE410AB2EE041AB4EE410AF1EE10FADA
:10E940001ADDFFE7129943F6AC00C3F622304862A5
:10E95000129941F2B060C3F6CE1088621299C86273
:10E96000129941F23F60C4F21B1008631299002013
:10E97000C4F220208861E1E29FEDE40AFBF734FA5B
:10E9800012990020086312994862129988621299BC
:10E99000C862ADF81600FFE7BDF8160040F2C011DE
:10E9A000C2F200410988884280F2DA81FFE70398C9
:10E9B000122110AA0192062300F02EFB9DF84000C0
:10E9C0009DF8411040EA0120ADF83E00BDF93E003F
:10E9D00000EE100AB8EEC00A40F20C00C2F200408D
:10E9E00090ED001A20EE010A129981ED000A9DF8BF
:10E9F00042109DF8432041EA0221ADF83E10BDF9D6
:10EA00003E1000EE101AB8EEC00A90ED001A20EE8B
:10EA1000010A129981ED010A9DF844109DF84520E4
:10EA200041EA0221ADF83E10BDF93E1000EE101A89
:10EA3000B8EEC00A90ED001A20EE010A129880ED9F
:10EA4000020A129890ED002A90ED010A90ED021A48
:10EA500020EE000AA2EE020AA1EE010A05F05AFF1A
:10EA600002990398019A81ED020A91ED021A129916
:10EA700091ED0C0A30EE010A81ED0C0A0021082309
:10EA800000F092FA9DF840000F285FD1FFE79DF853
:10EA900042009DF8431040EA0120ADF83E00BDF968
:10EAA0003E0000EE100AB8EEC00A40F21000C2F2BA
:10EAB000004090ED001A20EE010A129981ED030A40
:10EAC000129991ED031A91ED090A30EE010A81EDD8
:10EAD000090A9DF844109DF8452041EA0221ADF84D
:10EAE0003E10BDF93E1000EE101AB8EEC00A90EDCF
:10EAF000001A20EE010A129981ED040A129991ED93
:10EB0000041A91ED0A0A30EE010A81ED0A0A9DF815
:10EB100046109DF8472041EA0221ADF83E10BDF9AC
:10EB20003E1000EE101AB8EEC00A90ED001A20EE6A
:10EB3000010A129880ED050A129890ED051A90EDE1
:10EB40000B0A30EE010A80ED0B0AFFE7BDF8160054
:10EB500038BBFFE7089807900898069000208DF8CA
:10EB60001500FFE79DF81500022819DCFFE7129851
:10EB70009DF8152000EB8200C0680CA941F8220026
:10EB800012989DF8152000EB8200C06809A941F891
:10EB90002200FFE79DF8150001308DF81500E1E730
:10EBA00064E0029890ED020A90ED011AB4EE410A79
:10EBB000F1EE10FA03DDFFE708980790FFE70298EF
:10EBC00090ED020A90ED001AB4EE410AF1EE10FA4F
:10EBD00003DAFFE708980690FFE700208DF814009D
:10EBE000FFE79DF8140002283FDCFFE712989DF82C
:10EBF000141000EB810090ED030A0CA800EB8100DB
:10EC000090ED001AB4EE410AF1EE10FA0ADDFFE7CA
:10EC100012989DF8142000EB8200C0680CA941F8FE
:10EC20002200FFE712989DF8141000EB810090ED90
:10EC3000030A09A800EB810090ED001AB4EE410A26
:10EC4000F1EE10FA0ADAFFE712989DF8142000EBB3
:10EC50008200C06809A941F82200FFE7FFE79DF89C
:10EC6000140001308DF81400BBE7FFE7029890ED27
:10EC7000010A90ED001A30EE410A44F6D430C2F297
:10EC8000004080ED000A00208DF81300FFE79DF89A
:10EC9000130002281DDCFFE79DF813100CA800EB01
:10ECA000810090ED000A09A800EB810090ED001AA8
:10ECB00030EE410A44F6D830C2F2004000EB810049
:10ECC00080ED000AFFE79DF8130001308DF8130076
:10ECD000DDE744F6D430C2F2004090ED000AB6EE13
:10ECE000001AB4EE410AF1EE10FA2DDCFFE744F60B
:10ECF000D830C2F2004090ED000A9FED961AB4EEB3
:10ED0000410AF1EE10FA1FDC02E000BF0AD7A33B74
:10ED100044F6D830C2F2004090ED010A9FED8D1A02
:10ED2000B4EE410AF1EE10FA0EDCFFE744F6D830FB
:10ED3000C2F2004090ED020A9FED861AB4EE410A3D
:10ED4000F1EE10FA01DDFFE70AE09FED830AFBF721
:10ED50004BF8FFE7BDF816000130ADF816001BE6D2
:10ED600040F2C010C2F20040008800EE100AB8EE77
:10ED7000401A129890ED0C0A80EE010A80ED0C0A00
:10ED800000208DF81200FFE79DF8120002281BDC1E
:10ED9000FFE740F2C010C2F20040008800EE100A07
:10EDA000B8EE401A12989DF8121000EB810090ED19
:10EDB000090A80EE010A80ED090AFFE79DF81200BA
:10EDC00001308DF81200DFE70398222110AA0223F8
:10EDD00000F022F99DF840009DF84110C00040EA83
:10EDE0005110ADF83E00BDF93E00B0F5806F07DB75
:10EDF000FFE7BDF83E00A0F50060ADF83E00FFE77C
:10EE0000BDF93E0000EE100AB8EEC01AB4EE002ABA
:10EE1000B3EE070AA1EE020A129880ED060A42F646
:10EE2000DC21C2F20041088801300880FFE744F687
:10EE3000D430C2F2004090ED000A0120B6EE001A74
:10EE4000B4EE410AF1EE10FA009071DCFFE712987F
:10EE500090ED0C0A9FED411A30EE010AB0EEC00AA7
:10EE60000120B6EE001AB4EE410AF1EE10FA00905D
:10EE70005EDCFFE744F6D830C2F2004090ED000AB5
:10EE800001209FED341AB4EE410AF1EE10FA009021
:10EE90004EDCFFE744F6D830C2F2004090ED010AA4
:10EEA00001209FED2C1AB4EE410AF1EE10FA009009
:10EEB0003EDCFFE744F6D830C2F2004090ED020A93
:10EEC00001209FED241AB4EE410AF1EE10FA0090F1
:10EED0002EDCFFE7129890ED090AB0EEC00A01207F
:10EEE0009FED1F1AB4EE410AF1EE10FA00901FDCFC
:10EEF000FFE7129890ED0A0AB0EEC00A01209FEDDC
:10EF0000181AB4EE410AF1EE10FA009010DCFFE797
:10EF1000129890ED0B0AB0EEC00A9FED111A002076
:10EF2000B4EE410AF1EE10FAC8BF01200090FFE7ED
:10EF30000098C00700287FF4F3ACFFE7129890ED2B
:10EF40000C1A9FED080A80EE010A80ED080A14B041
:10EF500080BD00BF9A99193E6F12033ACDCC1CC1F7
:10EF60000AD7233CC3F51C4180B584B003908DF8CB
:10EF70000B10039801909DF80B10026891720068C5
:10EF80000068694601230B6040F60001C5F60201E6
:10EF90000822F2F7BDFA0198006890F88A0004B0E0
:10EFA00080BD00000000000080B586B005908DF89F
:10EFB000131003928DF80B300598019040F6000075
:10EFC000C5F602000821E9F7E3FA01989DF813104D
:10EFD00041F08001FFF7C8FFFFE79DF80B0078B113
:10EFE000FFE701985521FFF7BFFF039908700398C9
:10EFF000013003909DF80B0001388DF80B00ECE711
:10F0000040F60000C5F602000821E9F7C1FA06B093
:10F0100080BD00000000000080B586B005908DF82E
:10F02000131003928DF80B300598019040F6000004
:10F03000C5F602000121E9F7ABFA01989DF813101B
:10F0400041F08001FFF790FF01989DF8131041F007
:10F050008001FFF789FFFFE79DF80B0078B1FFE71C
:10F0600001985521FFF780FF03990870039801303C
:10F0700003909DF80B0001388DF80B00ECE740F68B
:10F080000000C5F602000121E9F782FA06B080BD52
:10F0900080B588B007908DF81B10059207980290F4
:10F0A00040F60000C5F60200049001210391E9F743
:10F0B0006FFA02989DF81B1041F08001FFF754FF92
:10F0C000029855210191FFF74FFF01990298FFF730
:10F0D0004BFF039902460498059B1A70E9F758FA0A
:10F0E00008B080BD0000000080B586B005908DF8A6
:10F0F00013108DF812200598019040F60000C5F617
:10F100000200039001210291E9F742FA01989DF86B
:10F110001310FFF729FF01989DF81210FFF724FF45
:10F1200002990398E9F734FA06B080BD00000000A8
:10F1300080B586B0049003910292049801900398E0
:10F1400020B9FFE700208DF8170045E0039800681C
:10F1500043F20001C4F20101884207D1FFE701999F
:10F1600040F60800C2F20040086025E003980068FD
:10F1700043F60001C4F20001884207D1FFE701997C
:10F1800040F61C10C2F20040086014E003980068CA
:10F1900043F60041C4F20001884207D1FFE701991C
:10F1A00040F63020C2F20040086003E000208DF8F5
:10F1B000170011E0FFE7FFE7FFE70198FFF778F995
:10F1C000FFE701980299FFF78FF908B1FFE7F8E729
:10F1D00001208DF81700FFE79DF8170006B080BDED
:10F1E00087B00690ADF816100699002004900390A1
:10F1F0000290019000904EF21400CEF200000068E0
:10F200000090BDF81600C968484304904EF21800FB
:10F21000CEF2000000680390FFE74EF21800CEF235
:10F220000000006802900298039988421ED0FFE710
:10F2300002980399884207D2FFE703980299411A7E
:10F2400001980844019008E000980299401A039937
:10F250000144019808440190FFE702980390019847
:10F260000499884201D3FFE701E0FFE7D5E707B043
:10F27000704700000000000087B00690ADF816103F
:10F2800006990020049003900290019000904EF2A5
:10F290001400CEF2000000680090BDF816008968E6
:10F2A000484304904EF21800CEF20000006803902C
:10F2B000FFE74EF21800CEF20000006802900298BC
:10F2C000039988421ED0FFE702980399884207D22B
:10F2D000FFE703980299411A01980844019008E059
:10F2E00000980299401A039901440198084401903A
:10F2F000FFE70298039001980499884201D3FFE741
:10F3000001E0FFE7D5E707B070470000000000000C
:10F3100081B0009000980021017141718160C1604D
:10F3200001B070470000000086B005908DF8131002
:10F330008DF812209DF812000146039140B1FFE7BD
:10F34000039803283AD0FFE7039806281BD050E023
:10F350009DF813000146029140B1FFE7029803288F
:10F360000CD0FFE70298062804D00BE000208DF8AF
:10F37000110007E004208DF8110003E001208DF852
:10F380001100FFE735E09DF813000146019140B1FF
:10F39000FFE7019803280CD0FFE70198062804D066
:10F3A0000BE002208DF8110007E006208DF8110017
:10F3B00003E005208DF81100FFE71AE09DF8130027
:10F3C0000146009140B1FFE7009803280CD0FFE709
:10F3D0000098062804D00BE002208DF8110007E009
:10F3E00004208DF8110003E003208DF81100FFE7E1
:10F3F000FFE79DF8110006B0704700000000000014
:10F4000080B5A8B027902798119090F8511000EB84
:10F41000C10251680131516090F8581090F859209C
:10F42000FFF782FF0146119880F85A1090ED170AF5
:10F430009FEDD21AB4EE410AF1EE10FA18DBFFE7A5
:10F440001198B0F866100131A0F8661090F85800D5
:10F4500068B9FFE71198B0F86600012807D1FFE707
:10F46000119991F86400013081F86400FFE70EE023
:10F47000119890ED170AB5EE400AF1EE10FA05D199
:10F48000FFE711990020A1F86600FFE7FFE70020E1
:10F4900026902590249023902290FFE7229803281D
:10F4A00011DCFFE71198406D9DF8881001F048FFCE
:10F4B000229923A800EB810080ED000AFFE7229843
:10F4C00001302290EAE7119890F85100014610911E
:10F4D000062800F214831099DFE811F0070072008B
:10F4E000DD006201CF013C02BB021199486D91ED34
:10F4F0001A0A002101F050FF1199486D91ED1B0A85
:10F50000012101F049FF1199486D91ED1C0A02217A
:10F5100001F042FF1199486D91ED1D0A032101F0A0
:10F520003BFF119890F86400022805DBFFE7119972
:10F53000002081F86400FFE701208DF8870000209B
:10F540002090FFE72098032829DCFFE79DF887102B
:10F550000020C9070F90C1B1FFE71198426D2098B4
:10F560004FF48E7100FB012000F2946000F07CFEED
:10F5700003F02EFE9FED821A0020B4EE410AF1EE58
:10F5800010FAD8BF01200F90FFE70F9800F001009C
:10F590008DF88700FFE7209801302090D2E79DF892
:10F5A0008700C00758B1FFE7119890F86400012860
:10F5B00005D1FFE71198012102F0C6FFFFE79EE2A7
:10F5C0001199486D91ED1E0A002101F0E5FE119997
:10F5D000486D91ED1F0A012101F0DEFE1199486D81
:10F5E00091ED200A022101F0D7FE1199486D91EDAD
:10F5F000210A032101F0D0FE119890F8640003283D
:10F6000005DBFFE71199012081F86400FFE7012085
:10F610008DF87F0000201E90FFE71E98032829DC4C
:10F62000FFE79DF87F100020C9070E90C1B1FFE7EA
:10F630001198426D1E984FF48E7100FB012000F26C
:10F64000946000F011FE03F0C3FD9FED4D1A002001
:10F65000B4EE410AF1EE10FAD8BF01200E90FFE798
:10F660000E9800F001008DF87F00FFE71E98013032
:10F670001E90D2E79DF87F00C00758B1FFE71198B0
:10F6800090F86400022805D1FFE71198022102F0EA
:10F690005BFFFFE733E2119890F86400042805DB74
:10F6A000FFE71199022081F86400FFE700201D9018
:10F6B000FFE71D98032829DCFFE711991D9A23A86D
:10F6C0000D9000EB820292ED000A9FED2E1A30EEB3
:10F6D000010A82ED000A1D9A00EB820001EB820113
:10F6E000D1ED1E0A91ED220AF8F732F911980D9A20
:10F6F000406D1D9902EB810292ED000AC9B201F042
:10F700004BFEFFE71D9801301D90D2E701208DF8D8
:10F71000730000201B90FFE71B98032829DCFFE7FC
:10F720009DF873100020C9070C90C1B1FFE7119834
:10F73000426D1B984FF48E7100FB012000F2946023
:10F7400000F092FD03F044FD9FED0D1A0020B4EE91
:10F75000410AF1EE10FAD8BF01200C90FFE70C9897
:10F7600000F001008DF87300FFE71B9801301B903B
:10F77000D2E79DF87300C00788B105E03333733FCB
:10F78000CDCCCC3DFDAD00BD119890F864000328B0
:10F7900005D1FFE71198032102F0D6FEFFE7AEE1A5
:10F7A000119890F86400052805DBFFE71199032004
:10F7B00081F86400FFE71199486D91ED260A002158
:10F7C0000B9101F0E9FD1199486D91ED270A012196
:10F7D0000A9101F0E1FD1199486D91ED280A02218D
:10F7E00001F0DAFD1199486D91ED290A032101F02C
:10F7F000D3FD0A990B988DF86B101990FFE71998B3
:10F80000032829DCFFE79DF86B100020C907099049
:10F81000C1B1FFE71198426D19984FF48E7100FB4A
:10F82000012000F2946000F01FFD03F0D1FC9FED79
:10F83000B71A0020B4EE410AF1EE10FAD8BF012049
:10F840000990FFE7099800F001008DF86B00FFE7D1
:10F85000199801301990D2E79DF86B00C00758B194
:10F86000FFE7119890F86400042805D1FFE711988C
:10F87000042102F069FEFFE741E1119890F864006D
:10F88000062805DBFFE71199042081F86400FFE7F3
:10F890001199486D91ED2A0A0021089101F07CFD33
:10F8A0001199486D91ED2B0A0121079101F074FD2A
:10F8B0001199486D91ED2C0A022101F06DFD11990D
:10F8C000486D91ED2D0A032101F066FD0799089816
:10F8D0008DF863101790FFE71798032829DCFFE7DE
:10F8E0009DF863100020C9070690C1B1FFE7119889
:10F8F000426D17984FF48E7100FB012000F2946066
:10F9000000F0B2FC03F064FC9FED801A0020B4EE1E
:10F91000410AF1EE10FAD8BF01200690FFE70698E1
:10F9200000F001008DF86300FFE717980130179091
:10F93000D2E79DF86300C00758B1FFE7119890F82F
:10F940006400052805D1FFE71198052102F0FCFDB0
:10F95000FFE7D4E0119890F86400072805DBFFE783
:10F960001199052081F86400FFE700201690FFE759
:10F970001698032829DCFFE71199169A23A8059009
:10F9800000EB820292ED000A9FED5F1A30EE010A51
:10F9900082ED000A169A00EB820001EB8201D1EDA4
:10F9A0002A0A91ED2E0AF7F7D3FF1198059A406DB8
:10F9B000169902EB810292ED000AC9B201F0ECFC4B
:10F9C000FFE7169801301690D2E701208DF8570016
:10F9D00000201490FFE71498032829DCFFE79DF826
:10F9E00057100020C9070490C1B1FFE71198426D7C
:10F9F00014984FF48E7100FB012000F2946000F027
:10FA000033FC03F0E5FB9FED3F1A0020B4EE410A02
:10FA1000F1EE10FAD8BF01200490FFE7049800F03F
:10FA200001008DF85700FFE7149801301490D2E7D9
:10FA30009DF85700C00758B1FFE7119890F864008F
:10FA4000062805D1FFE71198062102F07DFDFFE7AA
:10FA500055E01199486D91ED320A0021039101F0B2
:10FA60009BFC1199486D91ED330A0121029101F03F
:10FA700093FC1199486D91ED340A022101F08CFC40
:10FA80001199486D91ED350A032101F085FC029929
:10FA900003988DF84F101290FFE71298032829DC85
:10FAA000FFE79DF84F100020C9070190C1B1FFE7A3
:10FAB0001198426D12984FF48E7100FB012000F2F4
:10FAC000946000F0D1FB03F083FB9FED0E1A002041
:10FAD000B4EE410AF1EE10FAD8BF01200190FFE721
:10FAE000019800F001008DF84F00FFE712980130F7
:10FAF0001290D2E71199002081F86400FFE728B046
:10FB000080BD00BFCDCC4C3DFDAD00BDCDCCCC3DCE
:10FB100080B582B001900198009002F031FD00980C
:10FB20000023C365036680F86430A0F866300022C5
:10FB3000C4F2B0128266C2660021C4F2A01101674D
:10FB4000416740F2000CC4F2901CC0F878C0C0F8C5
:10FB50007CC040F2000CC4F28C1CC0F880C0C0F81D
:10FB600084C0C0F88830C0F88C304FF07F5CC0F89B
:10FB700090C0C0F894C0C0F89820C0F89C20C0F88D
:10FB8000A010C0F8A41040F2000CC4F2301CC0F861
:10FB9000A8C0C0F8ACC040F2000CC4F2881CC0F889
:10FBA000B0C0C0F8B4C0C0F8B830C0F8BC30002352
:10FBB000C4F22003C0F8C030C0F8C430C0F8C82078
:10FBC000C0F8CC20C0F8D010C0F8D41002B080BD6E
:10FBD00082B00190009100994FF07E50086000992A
:10FBE00000204860009988600099C86002B07047A2
:10FBF00081B0009000984FF07E510160002141607B
:10FC00000022C4F27A428260C1600161416101B0A8
:10FC1000704700000000000082B001908DED000AE6
:10FC200001990098C1F8900002B0704700000000F0
:10FC300080B592B0119010910F928DED0E0A8DF853
:10FC40003730119802904FF07E500C9000200B90AE
:10FC50000A90099008900390FFE703989DF83710E9
:10FC6000884265DAFFE70F98039900EB810090ED79
:10FC7000001A9DED0A0AA1EE010A8DED0A0A1098FC
:10FC8000039900EB810090ED001A9DED090AA1EEA9
:10FC9000010A8DED090A1098039900EB810090ED9F
:10FCA000000A0F9800EB810090ED001A20EE010A87
:10FCB00003F08EFAB0EE401A9DED080A30EE010A0C
:10FCC0008DED080A1098039900EB810090ED000A71
:10FCD0000F9800EB810090ED001A20EE010A03F06E
:10FCE00077FA02980F9A039902EB810292ED004A8B
:10FCF00090ED0A3A90ED0B2A90ED0C1A23EE043A9F
:10FD0000A3EE040A109800EB810090ED003A22EE79
:10FD1000032AA2EE030A30EE011A9DED0B0A30EE23
:10FD2000010A8DED0B0AFFE703980130039094E779
:10FD300002990B98C1F894009DED0B0A9DED0E1AE7
:10FD4000B4EE410AF1EE10FA51DDFFE7029890EDB2
:10FD50000A0A9DED0A1A20EE010A8DED070A08999C
:10FD600006919DED093A9DED0E0A90ED0B2A90ED5E
:10FD70000C1A92EE030A9DF8370002EE100AB8EE54
:10FD8000C22AA1EE020A8DED050A9DED061A9DED2F
:10FD9000070AB9EE002A20EE020A9DED052A20EEA0
:10FDA000020AA1EE010A8DED040A9DED040AB5EEEA
:10FDB000400AF1EE10FA15DBFFE79DED060A8DED26
:10FDC000010A9DED040A04F0A5FD9DED011A30EE37
:10FDD000410A9DED071A31EE011A80EE010A8DED00
:10FDE0000C0A03E04FF07E500C90FFE7FFE79DED1B
:10FDF0000C0AB7EE001AB4EE410AF1EE10FA05DD76
:10FE0000FFE7B7EE000A8DED000A04E09DED0C0A55
:10FE10008DED000AFFE79DED000A12B080BD0000E5
:10FE200082B001908DED000A01990098486002B0FF
:10FE3000704700000000000080B584B0039002917C
:10FE40000399019191ED010A91ED021A91ED052AB4
:10FE500030EE420A20EE010A01F1100081ED040AA1
:10FE6000D1ED030AB1EE600AF7F772FD019802992D
:10FE700000F05AF8019890ED041A90ED240A30EE43
:10FE8000010A03F0A5F9019880ED240A00F1800130
:10FE900000F1500290ED240A0423FFF7C9FE0198F7
:10FEA00080ED000A029900F003F804B080BD000064
:10FEB00080B586B0059004910598019000200390CC
:10FEC000FFE7039803282CDCFFE7049A03984FF41C
:10FED0008E71009100FB012000F0FEFA0198009A5B
:10FEE00090ED001A20EE010ABDEEC00A10EE100AD5
:10FEF000ADF80A009DF80B00049B039901FB023149
:10FF0000D1F8AC1008709DF80A00049B039901FB1E
:10FF10000231D1F8AC104870FFE70398013003902C
:10FF2000CFE706B080BD000080B586B00590049193
:10FF30000598029000200390FFE70398032836DC21
:10FF4000FFE7049A03984FF48E71019100FB0120A2
:10FF500000F0C2FA0199029890ED081A20EE010A09
:10FF6000039A00EB820080ED140A049A039800FBC8
:10FF7000012000F079F901990298039A00EB8200C0
:10FF800080ED200A049A039800FB012000F038F964
:10FF9000029890ED081A20EE010A039900EB810007
:10FFA00080ED1C0AFFE7039801300390C5E706B017
:10FFB00080BD00000000000081B0009000984FF06C
:10FFC0007E5101604FF07F5181600021C4F23421E5
:10FFD000C1600021C4F2F011416181614CF68601DB
:10FFE000C3F23661C1614FF06751016248F241319D
:10FFF000C3F6F631416246F26661C3F6A6718162CC
:020000040802F0
:100000004CF28F21C3F67541C162002101634CF6A9
:10001000CD42C4F21812426380F840100022C4F2AC
:10002000C822C0F89020C0F8941001B070470000BA
:1000300081B0009000984FF49071018048F28001E7
:10004000818001B07047000080B586B005900598AA
:100050000090D0F8B0002C300190019804A9F9F775
:10006000CFF8019802300DF10E01F9F7C9F80198A7
:10007000043003A9F9F7C4F8019806300DF10A011C
:10008000F9F7BEF8009890F8C00001282CD1FFE7DE
:100090000099BDF81000D1F8EC20801AADF81200DC
:1000A000BDF91200B1F8C2104A42C1EBD271B0EBF7
:1000B000610F07DAFFE70099D1F8F4000130C1F8C9
:1000C000F40010E00099BDF91200B1F8C210B0EBD5
:1000D000510F07DDFFE70099D1F8F4000138C1F8AE
:1000E000F400FFE7FFE7FFE70098D0F8F410B0F85E
:1000F000C220BDF8103001FB0231C0F8F01090EDC5
:100100002E1A90ED3C0AB8EEC00AB0F8C21002EE0A
:10011000101AB8EE422A80EE020A30EE000A9FED75
:10012000302A20EE020A80EE010A80ED360A90EDB8
:100130002E1A90ED3C0AB8EEC00AB0F8C21002EEDA
:10014000101AB8EE422A80EE020A9FED262A20EE0F
:10015000020A80EE010A80ED350ABDF90E1000EEAC
:10016000101AB8EEC00A9FED201A20EE010A90ED99
:100170002E1A80EE010A80ED370ABDF90E1000EE4E
:10018000101AB8EEC00AB1EE081A20EE010A90ED7E
:100190002E1A80EE010A80ED380ABDF90C1000EE2F
:1001A000101AB8EEC00A80ED390ABDF90A1000EE47
:1001B000101AB8EEC00A9FED0D1A30EE010A80ED5C
:1001C0003A0ABDF81010C0F8EC1090F8C00028B939
:1001D000FFE70099012081F8C000FFE706B080BD6D
:1001E000DB0F49400000B4435077D63D339388433A
:1001F00081B00090009890ED360A01B07047000081
:1002000081B00090009890ED390A01B0704700006D
:1002100081B000900098B0F8C40001B070470000B1
:1002200082B001908DED000A01990098C1F80C018F
:1002300002B070470000000080B582B001900091CC
:100240000198D0F8C8100131C0F8C810FFF7FCFEC3
:1002500002B080BD0000000081B00090009890F8CE
:10026000D00001B07047000081B00090009890ED80
:10027000370A01B07047000082B001908DF803107A
:1002800001999DF8030081F8000102B07047000059
:1002900080B586B005900598039090F8000101465E
:1002A000049103286DD80499DFE801F00214263E7A
:1002B000039890ED2F1A90ED450A80EE010AB0F8F0
:1002C000C41001EE101AB8EEC11A20EE010A80ED3A
:1002D000460A5BE0039890ED2F1A90ED450A80EEF8
:1002E000010AB0F8C41001EE101AB8EEC11A20EEDF
:1002F000010A80ED460A49E0039901F15400029099
:1003000091ED440A02F080FD0298039991ED370ABD
:1003100002F02AFF029802F08FFD029802F01CFF03
:10032000039880ED460A31E00399081D009091ED95
:10033000430A02F069FD0098039991ED360A02F034
:1003400013FF009802F078FD009802F005FF039972
:1003500081ED440A01F15400019091ED440A02F04C
:1003600053FD0198039991ED370A02F0FDFE0198C3
:1003700002F062FD019802F0EFFE039880ED460A5C
:1003800004E003990020C1F81801FFE7039800F08A
:100390008BF806B080BD000080B584B0039003994F
:1003A0000291D1F8C800D1F8CC10884212D1FFE7F1
:1003B0000298002180F8D01004309FED0C0A8DEDDA
:1003C000010A02F02DFD02989DED010A543002F061
:1003D00027FD04E00299012081F8D000FFE702998F
:1003E000D1F8C800C1F8CC0004B080BD0000000006
:1003F00080B586B0059004918DF80F208DF80E30F1
:100400008DED020ACDED010A059800900498006870
:100410004AF20001C4F20001884208D1FFE70099C6
:1004200040F29C30C2F20040C1F8B00023E00498D2
:1004300000684AF20041C4F20001884208D1FFE797
:10044000009940F23C40C2F20040C1F8B00011E017
:10045000049800684DF20041C4F20001884208D1BE
:10046000FFE7009940F2C440C2F20040C1F8B0007A
:10047000FFE7FFE7FFE700999DF80F0081F8B40060
:100480009DF80E0081F800010298C1F8B8000198AB
:10049000C1F8BC0004989DF80F10F7F7C9FB00994C
:1004A000C1F8AC0006B080BD81B00090009991ED1C
:1004B000460ABDEEC00A10EE100A000AD1F8AC20C0
:1004C000107091ED460ABDEEC00A10EE100AD1F888
:1004D000AC10487001B0704781B00090009890ED6A
:1004E000460A01B07047000080B582B001908DEDE2
:1004F000000A01980099C0F81811FFF7D5FF02B063
:1005000080BD00000000000080B582B0019001981D
:10051000009045F24031C0F602010831016004301C
:1005200002F02EFE0098543002F02AFE00980021BE
:10053000C0F8A81080F8C0104FF40052A0F8C220F4
:100540004FF48042A0F8C420C0F8C810C0F8CC1006
:1005500080F8D010032280F80021C0F80411C0F800
:100560000811C0F80C11C0F81011C0F81411C0F82F
:10057000181102B080BD000080B588B007900798C0
:10058000029000682C300390039801300DF11601A1
:10059000F8F736FE0299039AD0781279000140EA02
:1005A0001210ADF8140003980279407902F00F029E
:1005B00040EA0220ADF812000398007881F8280084
:1005C000BDF81600B1F84020801A069006988A6996
:1005D0000021A1EB5201884205D2FFE70299886C05
:1005E000013088640CE0029906988969B0EB510FDC
:1005F00005D9FFE70299886C01388864FFE7FFE7B7
:100600000299CA688B69886CBDF816C000FB03C0EC
:1006100010444864BDF8160000EE100AB8EE400A17
:1006200091ED061AB8EE411A80EE010A30EE000A8A
:100630009FED1F1A20EE010A81ED0B0ABDF8140090
:10064000D1ED040AB1EE600A0021009140F6FF727C
:100650000192F7F7C5FE0099019A029B83ED0C0AFF
:10066000BDF81200D3ED050AB1EE600AF7F7B8FE47
:10067000029981ED0D0A0398807900EE100AB8EE18
:10068000C00A9FED0C1A30EE010A81ED0E0A0398A4
:10069000C07900EE100AB8EEC00A30EE010A81ED12
:1006A0000F0ABDF81600A1F8400008B080BD00BFD9
:1006B000DB0F49403393884382B001908DED000AEF
:1006C00001990098C86502B0704700000000000062
:1006D00080B582B0019000910198C1690131C1617A
:1006E000FFF74AFF02B080BD82B001908DF8031081
:1006F00001999DF8030081F84C0002B0704700009A
:1007000080B586B0059005990491C869096A884248
:1007100005D1FFE70499002081F8240004E0049942
:10072000012081F82400FFE7049890F84C0001466E
:10073000039120B1FFE70398012851D0A1E004986C
:1007400090F84D0001460291042848D80299DFE84C
:1007500001F003101D2A380004990868006809791F
:10076000F03140F21F02C2F200420823E1F7D8FF45
:1007700035E00499086800680979F03140F21F02F9
:10078000C2F200420823E1F7CBFF28E00499086891
:1007900000680979F03140F21F02C2F200420823DA
:1007A000E1F7BEFF1BE0049908680068097901F5CC
:1007B000F87140F21F02C2F200420823E1F7B0FFD5
:1007C0000DE0049908680068097901F53C7140F270
:1007D0001F02C2F200420823E1F7A2FFFFE750E048
:1007E000049890F84D0001460191042848D80199D9
:1007F000DFE801F003101D2A38000499086800683A
:100800000979F03140F21702C2F200420823E1F701
:1008100087FF35E00499086800680979F03140F2F3
:100820001702C2F200420823E1F77AFF28E0049998
:10083000086800680979F03140F21702C2F20042FC
:100840000823E1F76DFF1BE0049908680068097947
:1008500001F5F87140F21702C2F200420823E1F7F5
:100860005FFF0DE0049908680068097901F53C71A3
:1008700040F21702C2F200420823E1F751FFFFE7FE
:10088000FFE70499C869086206B080BD0000000057
:1008900080B596B015901598079090F84D000146D8
:1008A0000891042800F2C4810899DFE811F00500DE
:1008B0009C002501A201B301079890ED160ADFED17
:1008C000DE0A9FEDDE1A002006904FF6FF71F7F763
:1008D00057FD079902460698ADF8522091ED041A8B
:1008E00091ED170AF1EE410A40F6FF710591F7F715
:1008F00047FD0599079A03460698ADF8503092EDEA
:10090000140ADFEDCF0ACDED040A9FEDCE1AF7F7FA
:1009100037FDDDED040A0599079A03460698ADF800
:100920004E3092ED150AB1EE041AF7F729FD05993C
:10093000079A03460698ADF84C3092ED051A92EDF1
:10094000180AF1EE410AF7F71BFDADF84A000DF168
:100950005200F8F745FC079A9168BDF852000880EC
:10096000BDF8500000098DF8490091689DF84900D4
:100970008870BDF850109DF84F0040EA01108DF8C6
:10098000480091689DF84800C8709DF84E008DF8A9
:10099000470091689DF847000871BDF84C000009B8
:1009A0008DF8460091689DF846004871BDF84C10DE
:1009B0009DF84B0040EA01108DF8450091689DF8C4
:1009C000450088719DF84A008DF8440091689DF8B3
:1009D0004400C871106800681179F03192680823EA
:1009E000E1F79EFE25E1079890ED160ADFED920AE9
:1009F0009FED921A002003904FF6FF71F7F7C0FCAD
:100A0000079902460398ADF8422091ED041A91ED42
:100A1000170AF1EE410A40F6FF710291F7F7B0FCB8
:100A20000299079A03460398ADF84030ADF83E00AE
:100A300092ED150ADFED820AB1EE041AF7F7A0FC79
:100A40000299079A03460398ADF83C3092ED051AD7
:100A500092ED180AF1EE410AF7F792FCADF83A0070
:100A60000DF14200F8F7BCFB079A9168BDF842000F
:100A70000880BDF8400000098DF8390091689DF8A4
:100A800039008870BDF840109DF83F0040EA011021
:100A90008DF8380091689DF83800C8709DF83E00C8
:100AA0008DF8370091689DF837000871BDF83C005B
:100AB00000098DF8360091689DF836004871BDF840
:100AC0003C109DF83B0040EA01108DF8350091681C
:100AD0009DF8350088719DF83A008DF834009168D2
:100AE0009DF83400C871106800681179F03192687F
:100AF0000823E1F715FE9CE0079890ED160ADFED5C
:100B00004E0A9FED4E1A002001904FF6FF71F7F745
:100B100037FC079902460198ADF8322091ED041A8E
:100B200091ED170AF1EE410A40F6FF710091F7F7D7
:100B300027FC0099079A03460198ADF83030ADF8CC
:100B40002E00ADF82C0092ED051A92ED180AF1EE88
:100B5000410AF7F715FCADF82A000DF13200F8F75D
:100B60003FFB079A9168BDF832000880BDF830005D
:100B700000098DF8290091689DF829008870BDF85A
:100B800030109DF82F0040EA01108DF82800916880
:100B90009DF82800C8709DF82E008DF827009168F8
:100BA0009DF827000871BDF82C0000098DF826007B
:100BB00091689DF826004871BDF82C109DF82B0017
:100BC00040EA01108DF8250091689DF82500887194
:100BD0009DF82A008DF8240091689DF82400C871C2
:100BE000106800681179F03192680823E1F798FDE8
:100BF0001FE0079A9168906D08609168D06D486019
:100C000010680068117901F5F87192680823E1F71E
:100C100087FD0EE0079A9168D06D08601068006843
:100C2000117901F53C7192680423E1F779FD00E048
:100C3000FFE716B080BD00BFDB0F49C0DB0F4940A6
:100C4000000000000000FA4380B586B0DDF820C047
:100C5000059004918DF80F208DF80E308DED020A6D
:100C6000CDED010A05980090049800684AF2000151
:100C7000C4F20001884207D1FFE7009940F29C309E
:100C8000C2F20040086010E0049800684AF2004197
:100C9000C4F20001884207D1FFE7009940F23C40CE
:100CA000C2F200400860FFE7FFE700999DF80F00DF
:100CB00008719DF80E0081F84D000898C8600298F0
:100CC00008610198486104989DF80F10F6F718FF25
:100CD0000099886006B080BD81B0009000984FF404
:100CE000803181610021C161016280F8241080F8A7
:100CF0004C1080F84D10016541658165C165016644
:100D000001B070470000000081B000900098002101
:100D100080F8B411C0F8B81101B0704700000000AD
:100D200080B586B0059005980190D0F8A0002C30D1
:100D30000290029804A9F8F763FA029802300DF1C4
:100D40000E01F8F75DFA0298043003A9F8F758FA93
:100D50000199BDF81000D1F8F820801AADF8120002
:100D6000BDF91200B1F8C8104A42C1EBD271B0EB24
:100D7000610F07DAFFE70199D1F800010130C1F8EE
:100D8000000110E00199BDF91200B1F8C810B0EBF4
:100D9000510F07DDFFE70199D1F800010138C1F8D3
:100DA0000001FFE7FFE70198D0F80011B0F8C82074
:100DB000BDF8103001FB0231C0F8FC1090ED2B1A89
:100DC00090ED3F0AB8EEC00AB0F8C81002EE101A53
:100DD000B8EE422A80EE020A30EE000A9FED252A84
:100DE00020EE020A80EE010A80ED390ABDF90E10EC
:100DF00000EE101AB8EEC00A9FED1F1A20EE010A8D
:100E000090ED2B1A80EE010A80ED3A0ABDF90C1024
:100E100000EE101AB8EEC00A90ED331A80EE010A07
:100E200080ED3B0A0299897900EE101AB8EEC00AEB
:100E30009FED121A30EE010A80ED3C0A90ED2B4A2C
:100E400090ED2E0AD0ED2F0A90ED301AD0ED311A28
:100E500090ED3B2A90ED3A3A63EE042AF6F7F8FD5E
:100E6000019981ED3D0ABDF81000C1F8F80006B007
:100E700080BD00BFDB0F49405077D63D3393884398
:100E800081B00090009890ED3A0A01B070470000E0
:100E900080B586B005900598039090F8080101464A
:100EA0000491012808D0FFE70498032805D0FFE744
:100EB000049804281DD04AE04EE0039901F1500047
:100EC000029091ED440A91ED461A30EE010A01F0CC
:100ED0009BFF0298039991ED3A0A02F045F90298B6
:100EE00001F0AAFF029802F037F9039880ED450A55
:100EF00032E0039890ED430A01F086FF039890EDED
:100F0000390A02F031F9039801F096FF039802F0D4
:100F100023F9039981ED440A01F15000019091ED0C
:100F2000440A91ED461A30EE010A01F06DFF019876
:100F3000039991ED3A0A02F017F9019801F07CFF4C
:100F4000019802F009F9039880ED450A04E003993D
:100F50000020C1F81401FFE706B080BD00000000CA
:100F600081B00090009890ED3B0A01B070470000FE
:100F700080B582B0019000910198D0F8D410013171
:100F8000C0F8D410FFF7CCFE02B080BD0000000016
:100F900081B00090009890ED450A01B070470000C4
:100FA00082B001908DF8031001999DF8030081F83B
:100FB000080102B07047000082B001908DED000A78
:100FC00001990098C1F8140102B0704700000000B8
:100FD00080B582B001908DED000A01980099C0F8AB
:100FE000DC1000F0D5F802B080BD00000000000069
:100FF00080B584B0039003980190FFF749FF0198F2
:1010000090ED450A90ED471A30EE010A8DED020A87
:10101000D0ED2D0AB1EE600A02A8F6F799FC01980E
:101020009DED020A90ED331A20EE010A80ED370A99
:1010300090ED2B4A90ED2E0AD0ED2F0A90ED301A4C
:10104000D0ED311A90ED452A90ED3A3AC3EE042ADC
:10105000F6F7FEFC019880ED410A00F099F801983E
:1010600090F8B00038B9FFE701990020C1F81C01E1
:10107000C1F81801FFE704B080BD000000000000C7
:1010800080B584B0039003990291D1F8D400D1F8CF
:10109000D810884219D1FFE702980021019180F809
:1010A000E010012180F808119FED0E0A8DED000A75
:1010B00001F0B6FE9DED000A0298503001F0B0FE3E
:1010C00002990198C1F8140104E00299012081F805
:1010D000E000FFE70299D1F8D400C1F8D80004B0CD
:1010E00080BD00BF0000000080B588B084460A982B
:1010F000CDF81CC006918DF817208DF816308DEDB7
:10110000040A8DF80F00CDED020A079801900698A9
:1011100000684AF20001C4F20001884208D1FFE7EA
:10112000019940F29C30C2F20040C1F8A00011E0E9
:10113000069800684AF20041C4F20001884208D1D2
:10114000FFE7019940F23C40C2F20040C1F8A00024
:10115000FFE7FFE701999DF8170081F8A4009DF8CB
:10116000160081F808019DF80F0081F8B00004987E
:10117000C1F8AC000298C1F8B40006989DF81710A9
:101180000022F6F789FE0199C1F8A80008B080BDD9
:1011900081B00090009991ED370ABDEEC00A10EEC3
:1011A000100A000AD1F8A820107091ED370ABDEEA0
:1011B000C00A10EE100AD1F8A810487001B07047AC
:1011C00080B582B001900198009001F0D9FF00989D
:1011D000503001F0D5FF00984AF27551C3F68C41AA
:1011E000C0F8B81042F29471C3F63501C0F8BC10D3
:1011F0004EF6D941C3F60261C0F8C0104AF2D601DA
:10120000C3F6CC71C0F8C4104FF40051A0F8C81058
:101210004CF6CD41C4F24C41C0F8CC100021C4F2D0
:10122000A011C0F8D0100021C0F8D410C0F8D81018
:10123000C0F8DC1080F8E010042280F80821C0F823
:101240000C11C0F81011C0F81411C0F81811C0F832
:101250001C114FF07E51C0F8201102B080BD00007B
:1012600081B00090009800F69C4090ED000A01B01B
:10127000704700000000000082B001908DED000A70
:1012800001990098C1F89C0C02B070470000000062
:1012900082B001908DED000A01990098C1F8280DE7
:1012A00002B070470000000081B00090009890F8F4
:1012B0001D0D01B07047000081B00090009800F54E
:1012C000526090ED000A01B070470000000000007D
:1012D00081B00090009800F6245090ED000A01B013
:1012E000704700000000000082B001908DED000A00
:1012F00001990098C1F8200D02B07047000000006D
:1013000082B001908DED000A01990098C1F8240D7A
:1013100002B070470000000082B001908DED000A1D
:1013200001990098C1F8EC0C02B070470000000071
:1013300081B00090009890F81C0D01B0704700003B
:1013400084B002908DF80710029800909DF8070075
:10135000042805DBFFE70020C4F2B410039008E086
:1013600000989DF8071000EB8100D0F8000D039065
:10137000FFE79DED030A04B0704700000000000085
:1013800082B001908DF8031001999DF8030081F857
:101390001C0D02B07047000080B588B007908DF832
:1013A0001B108DED050A079804909DF81B0004287A
:1013B00001DBFFE744E0049B059903F550609DF8CD
:1013C0001B2040F8221003F6B84102919DF81BC083
:1013D00001EB8C0292ED000A00EB8C0292ED001AF8
:1013E00030EE010A03F54F62019202EB8C0282EDAE
:1013F000000A9DF81B2000EB820003F6A84303932C
:1014000003EB820393ED000A01EB820191ED001AD8
:1014100070EE410A9FED0B0AF6F79AFA0198029BCB
:1014200003999DF81B2000EB820003EB820393EDF0
:10143000000A01EB8201D1ED000AF6F789FAFFE715
:1014400008B080BD0000000081B00090009890F8C6
:101450001E0D01B07047000082B001908DF803109E
:1014600001999DF8030081F81E0D02B0704700003D
:1014700080B58AB009908DF823100998079000F084
:101480000BFA079800F154010591D0F85801FCF7C8
:101490001BFA0146059800EE101AB8EE400AFCF758
:1014A00057FD0798FFF700FF01460598FCF764FD1C
:1014B0000598FCF7C1FD079901F19C00069001F524
:1014C000AE71FEF731FD0798D0F85801FCF7FCF932
:1014D0000146069800EE101AB8EE400AFEF79CFB93
:1014E0000798D0F85801FCF76BF9042838D1FFE7CA
:1014F00007985430FCF764FD9FED251AB4EE410ABD
:10150000F1EE10FA2BDCFFE7079800F19C01029145
:10151000D0F85801FCF7D8F90146029800EE101AED
:10152000B8EEC00AB0EE081A8DED031A80EE010A7B
:10153000FEF772FB079800F154010491D0F85801AE
:10154000FCF7C2F99DED031A0146049800EE101A4B
:10155000B8EEC00A80EE010AFCF7FAFCFFE7FFE7ED
:10156000079800F19C010191D0F85801FCF73CFA72
:101570000146019800EE101AB8EE400AFEF750FC42
:101580000799019801F5AE71FEF756FC0AB080BDCF
:10159000000048430000000080B5A0B01F908DED12
:1015A0001E0ACDED1D0A8DED1C1A1F981A9054309D
:1015B00045F20051C2F200419FEDAA0AFCF744FD3A
:1015C0001A981E99C0F8901C1D99C0F8941C1C997B
:1015D000C0F8981C9FEDA40A8DED180ADFEDA30A50
:1015E000CDED190AF9F72CFC9DED180ADDED190A6D
:1015F0001A981C30F9F724FC1A983830DFED9C0A51
:10160000B0EE600AF9F71CFC01201B90FFE71B9865
:10161000032862DCFFE71A9800F2946213921B9889
:101620004FF48E71149100FB012000F154011291CE
:10163000FEF7EEFD139A149900EE100AB8EE400A78
:101640008DED110A1B9800FB0120FEF7E1FD9DEDD9
:10165000112A0146129800EE101AF8EE402A9FED6A
:101660008C0ADFED854ACDED154A9FED845A8DED4C
:10167000165A00211791F0EE450AB0EE451AF0EE29
:10168000451AB0EE453AF0EE453AB0EE454A01F063
:1016900027FD139B149ADDED154A9DED165A1799F7
:1016A0001B9800FB02300430B1EE020ADFED742A11
:1016B000F0EE450AB0EE451AF0EE451AB0EE452AB6
:1016C000B0EE453AF0EE453AB0EE454A01F008FD7D
:1016D000FFE71B9801301B9099E71A9901F294607B
:1016E000069001F5DD610391FEF792FD0146069833
:1016F00000EE101AB8EE400A8DED020AFEF788FDE2
:101700009DED022A0146039800EE101AF8EE402AD9
:101710009FED580ADFED584ACDED044A9FED575A28
:101720008DED055A00211091F0EE450AB0EE451AF4
:10173000F0EE451AB0EE453AF0EE453AB0EE454AC5
:1017400001F0CEFCDDED044A9DED055A10991A9882
:1017500000F5D360B1EE040ADFED492AF0EE450A48
:10176000B0EE451AF0EE451AB0EE452AB0EE453A15
:10177000F0EE453AB0EE454A01F0B2FC069845F26B
:101780000051C2F200410B9101220A9203230793F8
:101790009FED3C0A8DED080ADFED3B0ACDED090A0D
:1017A000FEF726FE079B9DED080ADDED090A0B9961
:1017B0001A9800F5F66002220C92FEF719FE079BBC
:1017C0009DED080ADDED090A0B991A9800F6CC0088
:1017D0001A46FEF70DFE079B9DED080ADDED090A8E
:1017E0000B991A9800F6E81004220D92FEF700FEFD
:1017F0000A9A0B990D9BDDF840C01A9800F2CC5064
:10180000EE46CEF800C09FED210A8DED0E0AF2EEF5
:10181000040ACDED0F0AFFF717FA0B990C9A0D9BEE
:101820009DED0E0ADDED0F0ADDF840C01A9800F5B7
:10183000C660EE46CEF800C0FFF706FA109A1A9876
:1018400000F6043045F6F061C2F20041FCF790FD6D
:1018500010991A9880F81C1DC0F8800BC0F8FC0B7A
:1018600020B080BD0000C8420AD7A33B0AD7233C62
:10187000CDCC4C3D00C0A8446F12833A000000005C
:10188000D3537B4191ED5E4100008046798CA741A6
:10189000000096440000000080B58AB009900998C5
:1018A000059090F81C0D30BBFFE700200890FFE783
:1018B0000898032811DCFFE7059A08984FF48E7109
:1018C00000FB012000F294609FED3D0AFEF70CFE44
:1018D000FFE7089801300890EAE7059800F2CC503D
:1018E00000210491FEF700FF0598049900F5C660F9
:1018F000FEF7FAFE61E0059890F8840BC007E8B1A6
:10190000FFE700200790FFE70798032815DCFFE7B3
:101910000599079A4FF48E7002FB001000F2946054
:1019200001EB820101F54F6191ED000AFEF778FCB1
:10193000FFE7079801300790E6E705E0059800F615
:101940002C3000F095FCFFE700200690FFE706989A
:10195000032811DCFFE7059A06984FF48E7100FB0F
:10196000012101F29460D1F8941609688847FFE7D5
:10197000069801300690EAE7059800F2CC500090F6
:1019800001210191FEF7B0FE0098059901F6EC41A6
:10199000029191ED000AB1EE400AFEF78DFE059826
:1019A000019900F5C6600390FEF79EFE0299039828
:1019B00091ED000AFEF780FEFFE70AB080BD00BF90
:1019C000000000000000000080B58CB00A900A986A
:1019D00007900B90F9F750FA07981C30F9F74CFA7A
:1019E00007983830F9F748FA07985430FCF724FC88
:1019F00007989C30FEF7E0FA079901F5AE7001F206
:101A0000CC5108910990FFE709980690FEF77CFDFC
:101A10000698089A00F58E71084691420990F3D114
:101A2000FFE7079901F2CC5001F29461049105900F
:101A3000FFE705980390FFF74FF90398049A00F128
:101A40006401084691420590F3D1FFE7079901F23E
:101A5000946001F6043101910290FFE70298009032
:101A6000FEF752FD0098019A00F58E7108469142EA
:101A70000290F3D1FFE7079800F60430FCF70CFD65
:101A8000079800F62C3000F0DFFC079800F6A8302D
:101A9000FEF73EF807990020C4F21010C1F8800C40
:101AA000C1F8840C0020C4F29C10C1F8880CC1F865
:101AB0008C0C45F2F830C4F2FB10C1F8A00C0020E9
:101AC000C4F28C30C1F8A40C01F6A8430020C1F880
:101AD000A80C58609860D86001F6B84293ED000AEF
:101AE0009FED291A30EE410A82ED000A93ED010ABA
:101AF00030EE410A82ED010A93ED020A9FED231AAE
:101B000030EE410A82ED020A93ED030A30EE410AFB
:101B100082ED030A4FF08D42C1F8C82C0022C4F2B6
:101B2000E412C1F8002DC1F8042D43F23332C4F29F
:101B3000A912C1F8082DC1F80C2DC1F8100DC1F87B
:101B4000140DC1F8180D81F81C0D81F81D0D81F8D8
:101B50001E0DC1F8200DC1F8240D01F62853C1F85F
:101B6000280D01F62C5293ED000A9FED091A20EE84
:101B7000010A82ED000AC1F8400DC1F8440DC1F818
:101B8000480D0B980CB080BD0000E4413333A941EF
:101B9000643B9F3E0000000080B58CB00B900A9122
:101BA0000B9803900020099008900790FFE7079892
:101BB00003284BDCFFE703980A9A079901EB4103DE
:101BC00002EBC302B2F9183000EE103AB8EEC00AC8
:101BD000D2ED080AC9B200F08FFA0A98079901EB12
:101BE000410100EBC10080ED090A0A98079901EB59
:101BF000410100EBC10090ED091A9DED090A30EE9C
:101C0000010A8DED090A0A98079901EB410100EBE1
:101C1000C10090ED090AB5EE400AF1EE10FA0FDDB1
:101C2000FFE70A98079901EB410100EBC10090ED35
:101C3000091A9DED080A30EE010A8DED080A00E050
:101C4000FFE7FFE7079801300790B0E7039800210E
:101C50000173007B012856D1FFE70A9890ED001A26
:101C600090ED050A30EE410AB7EE001A30EE010A97
:101C7000B1EE041A20EE010A46F2BC00C2F20040A6
:101C800080ED000A46F2C401C2F2004191ED000A63
:101C900090ED001A30EE010AB6EE001A20EE010AAD
:101CA00080ED000A90ED000AB5EE400AF1EE10FA60
:101CB00007DAFFE746F2BC01C2F2004100200860EB
:101CC000FFE746F2BC00C2F2004090ED000A9FED33
:101CD000941AB4EE410AF1EE10FA09DDFFE746F27C
:101CE000BC01C2F200410020C4F270200860FFE78E
:101CF00046F2BC00C2F20040006846F2C401C2F2E3
:101D00000041086006E046F2BC01C2F2004100203A
:101D10000860FFE703989DED090A46F2BC02C2F293
:101D2000004292ED001A30EE010A46F2B801C2F20A
:101D30000041029181ED000A9DED080A92ED001A22
:101D400030EE010A46F2B402C2F2004282ED000A0D
:101D50000B68DDF828C0CCF8083012680A9BDA60FE
:101D60000A9A92ED000AD1ED000A46F2B001C2F2E1
:101D70000041019100F0D8F80199029891ED000A14
:101D800090ED001AB4EE410AF1EE10FA15DBFFE710
:101D900000200690FFE7069803280DDCFFE70A986D
:101DA000069901EB410100EBC101888DC885FFE771
:101DB000069801300690EEE773E046F2B000C2F2FA
:101DC000004090ED000A46F2B400C2F2004090EDEF
:101DD000001A80EE010A0A9880ED010A00200590A1
:101DE000FFE7059803285BDCFFE70A98059901EBFC
:101DF000410100EBC10090ED090AB5EE400AF1EE99
:101E000010FA09DAFFE70A98059901EB410100EBA6
:101E1000C101888DC8853FE003980A9A059901EBB6
:101E2000410102EBC1011831D2ED000A92ED011A15
:101E30009FED3C0A00F04CF903980A9A059901EBD2
:101E4000410302EBC302B2F9183000EE103AB8EECB
:101E5000C00A92ED081AD2ED0A0AC9B200F084F85D
:101E600010EE100A02F04AFF41EC100B51EC100B7F
:101E70009FED290B53EC102B02F042FE41EC100BAE
:101E800051EC100B02F00CFE0A99059A02EB42028B
:101E900001EBC201C885FFE7059801300590A0E776
:101EA000FFE700200490FFE70498032831DCFFE7F8
:101EB0000A98049901EB410100EBC100B0F92E0032
:101EC000B0F5804F0ADBFFE70A98049901EB410166
:101ED00000EBC1014FF48040C885FFE70A980499E0
:101EE00001EB410100EBC100B0F92E0010F5804F6D
:101EF0000ADCFFE70A98049901EB410100EBC101FC
:101F00004FF44040C885FFE7FFE704980130049094
:101F1000CAE70CB080BD00BF00000000B29AE940E3
:101F2000000070420000000086B005908DED040AAC
:101F3000CDED030A0291049801909DED030A9DEDF9
:101F4000011AB4EE410AF1EE10FA03DDFFE7019841
:101F5000009002E003980090FFE700980299086063
:101F600006B070470000000080B590B00F908DED76
:101F70000E0ACDED0D0A8DED0C1A8DF82F100F986D
:101F800004909DED0E0AF8F7E3FD04988DED0E0A1E
:101F900000210A919DED0E0A8DED050A90ED001AC3
:101FA0008DED061A01F014F904989DED051AB0EEB6
:101FB000404A9DED060A90ED012A90ED023AA0EE0E
:101FC000043A9DED0D0A30EE430AB1EE003A20EEE0
:101FD000030A20EE020AA1EE010A8DED090A9DED29
:101FE000090ADFED3A0AF7F73BFF70B1FFE7049803
:101FF0009DED0E0AB1EE400A90ED011A31EE011A84
:1020000080EE010A8DED0A0A5BE09DED090AB5EE4E
:10201000400AF1EE10FA45DDFFE79DED0E0A8DED69
:10202000020A9DED090A02F075FC9DED021A049862
:1020300030EE410A90ED011A31EE011A80EE010AEC
:102040008DED080A9DED0E0AB1EE400A8DED030AF2
:102050009DED090A02F05EFC0498B0EE401A9DED79
:10206000030A30EE410A90ED011A31EE011A80EEBA
:10207000010A8DED070A9DED0C0AB5EE400AF1EE5E
:1020800010FA05DDFFE79DED080A8DED010A04E079
:102090009DED070A8DED010AFFE79DED010A8DED2B
:1020A0000A0A0DE004989DED0E0AB1EE400A90ED8B
:1020B000011A31EE011A80EE010A8DED0A0AFFE7DE
:1020C000FFE79DED0A0A10B080BD00BF00000000D0
:1020D00085B0049003918DED020ACDED010A8DEDDE
:1020E000001A039890ED030A9DED001A20EE010AF4
:1020F00080ED040A05B0704780B588B007908DED7B
:10210000060ACDED050A8DF81310079800909DED95
:10211000060AF8F71DFD8DED020A9DED050A8DED0D
:10212000010A9DED060AF8F713FD01F051F8009839
:102130009DED014A9DED022A90ED005A90ED013A85
:1021400090ED021A20EE050AA2EE040A9DED052A82
:1021500022EE022AA2EE030A30EE010A8DED030AF6
:102160009DED030A08B080BD81B0009000984DF24B
:102170000A71C3F62341016048F20001C4F209412B
:1021800041600021C4F26001816001B0704700002D
:1021900081B0009000984FF40071018001B0704749
:1021A00080B588B0069005918DF813208DED030A57
:1021B00002930698019005980321FEF75DF80598B3
:1021C000B3EE0E0AFEF72CF80598FEF719F800F0AA
:1021D000FFFF9DED031AB4EE410AF1EE10FA35DB74
:1021E000FFE70598FEF740F89FED1E1AB4EE410A8E
:1021F000F1EE10FA2ADCFFE7029908880130088026
:1022000002980088322820DBFFE70299002008802E
:102210000598FDF7EDFF019800F15C019DF81300B2
:1022200001EB800080ED000A05989DF8132001EB7A
:10223000820191ED000A9FED0C1A30EE010AFDF7C4
:10224000EFFF01208DF81F0008E003E00299002055
:102250000880FFE700208DF81F00FFE79DF81F00B2
:1022600008B080BD0AD7233C9A9999BE00000000AF
:1022700080B58CB00B900B98059090F8511000EB46
:10228000C10251680131516090F851000146069138
:1022900028B1FFE70698012800F08F80C9E00120EF
:1022A0008DF82B0000200990FFE70998032874DCC3
:1022B000FFE70598426D09984FF48E7100FB0120ED
:1022C00000F29460FDF7C8FF01281FD1FFE70598D1
:1022D0000999084490F87000C007B8B9FFE705985D
:1022E000436D099A4FF48E7102FB013101F2946142
:1022F00090ED1B0A00EB42037433D2B2FFF750FF9C
:102300000599099A114481F87000FFE70598099929
:10231000084490F87000C00738B3FFE70598099AA1
:1023200000EB820191ED170A9FED431A30EE010A8E
:10233000416D01EB820101F6A84181ED000A406D7B
:10234000099B00EB830000F6A84191ED000A3BA138
:102350000A1D022BB8BF114691ED001A30EE410A5A
:1023600000F6B84080ED000AFFE79DF82B10002032
:10237000C907049039B1FFE705980999084490F816
:1023800070000490FFE7049800F001008DF82B0026
:10239000FFE709980130099087E79DF82B00C007F7
:1023A00050B1FFE705980121039100F0CDF80599A0
:1023B000039881F85800FFE73BE001208DF82300E7
:1023C00000200790FFE70798032822DCFFE79DF82D
:1023D00023100020C907029089B1FFE70598426DDC
:1023E00007984FF48E7100FB012000F29460FDF716
:1023F00033FF0138B0FA80F040090290FFE70298FD
:1024000000F001008DF82300FFE7079801300790E6
:10241000D9E79DF82300C00750B9FFE705980021D0
:10242000019100F091F80599019881F85800FFE7B3
:10243000FFE70CB080BD00BFCDCC4CBE3333A9410B
:102440000000E4410000000080B58AB008900898C0
:102450000590099000F094F80599002081F8580043
:10246000C86501F160006C3106910790FFE707999C
:10247000069A002041F8040B084691420790F6D1D5
:10248000FFE7059944F20000C4F21C60C866002012
:1024900081F8700001F17100743103910490FFE73D
:1024A0000499039A002001F8010B08469142049018
:1024B000F6D1FFE705990020A1F8740001F176003C
:1024C0007C3101910290FFE70299019A002021F8E6
:1024D000020B084691420290F6D1FFE709980AB034
:1024E00080BD00000000000081B00090009840F224
:1024F0000111018001B0704781B0009000984FF445
:102500008171018001B0704781B00090009840F265
:102510000311018001B0704781B0009000984FF422
:102520008271018001B0704781B0009000984FF433
:102530008071018001B0704781B0009000984FF425
:102540008871018001B0704782B001908DF803104E
:10255000019991F85120002001F8320091F85120A2
:1025600001EBC20250609DF80320012001F8320007
:102570009DF8030081F8510002B070470000000090
:1025800081B000900098002180F8511001B0704790
:1025900081B00090009890ED410A9FED051A80EE01
:1025A000010A9FED041A20EE010A01B0704700BF36
:1025B00000003443DB0F494084B0039002918DF852
:1025C0000720ADF80430BDF8040002990968C96A13
:1025D000884206D9FFE702980068C06AADF8040097
:1025E000FFE7BDF80400B0F1FF3F04DCFFE7002087
:1025F000ADF80400FFE79DF80700014600910C28A4
:1026000021D80099DFE801F0071F1F1F0D1F1F1FB2
:10261000131F1F1F1900BDF80400029909684863C1
:1026200011E0BDF804000299096888630BE0BDF869
:10263000040002990968C86305E0BDF80400029926
:1026400009680864FFE704B070470000000000005C
:1026500084B00390029101920093009890ED002ABB
:1026600090ED014A90ED026A90ED035AB6EE001A21
:10267000B0EE417AA6EE467AA5EE457A029822EEB1
:10268000050A94EE060AD0ED000AD0ED011A90ED8D
:10269000023A20EE210AA7EE200A22EE062AA4EE34
:1026A000052AA2EE030A30EE000A019880ED000A26
:1026B000009890ED002A90ED016A90ED024A90EDAD
:1026C000035A22EE057AA6EE047A0298B0EE410A89
:1026D000A6EE460AA5EE450AD0ED000AD0ED011A95
:1026E00090ED023A20EE210AA7EE200A22EE062AF9
:1026F00094EE052AA2EE030A30EE000A019880ED5E
:10270000010A009890ED000A90ED014A90ED023A1E
:1027100090ED032A20EE035A94EE025A029820EE1E
:10272000040AA3EE020A90ED006A90ED017A90EDA2
:10273000022A20EE070AA5EE060AA4EE441AA3EE2A
:10274000431AA1EE020A30EE000A019880ED020A57
:1027500004B070470000000084B003900291019221
:102760000093009890ED002A90ED014A90ED026AE6
:1027700090ED035AB6EE001AB0EE417AA6EE467A14
:10278000A5EE457A029822EE050AA4EE060AD0EDDF
:10279000000AD0ED011A90ED023A20EE210AA7EED0
:1027A000200A22EE062A94EE052AA2EE030A30EE53
:1027B000000A019880ED000A009890ED002A90ED43
:1027C000016A90ED024A90ED035A22EE057A96EEE8
:1027D000047A0298B0EE410AA6EE460AA5EE450A32
:1027E000D0ED000AD0ED011A90ED023A20EE210A58
:1027F000A7EE200A22EE062AA4EE052AA2EE030A7C
:1028000030EE000A019880ED010A009890ED000A70
:1028100090ED014A90ED023A90ED032A20EE035A22
:10282000A4EE025A029820EE040A93EE020A90EDFA
:10283000006A90ED017A90ED022A20EE070AA5EEDB
:10284000060AA4EE441AA3EE431AA1EE020A30EEE1
:10285000000A019880ED020A04B0704700000000F1
:1028600080B586B005900598029042F6D022C2F25B
:10287000004211780131117000F56F70F5F740F8E2
:10288000029981EDED0A91EDED1A91EDEE0A30EE2F
:10289000010A81EDEE0A01F1280001F53C71FBF718
:1028A00063FE0298D0F8F012C0F8A810D0F8F41225
:1028B000C0F8AC10D0F8F812C0F8B010D0F8FC1284
:1028C000C0F89C10D0F80013C0F8A010D0F8041382
:1028D000C0F8A41090ED270AD0ED280A90ED291A2F
:1028E000D0ED2A1A90ED2B2AD0ED2C2A90EDED3A5E
:1028F00000F58870F6F72CFD0298D0F86012D0F839
:102900006422D0F86832D0F86CC2C0F898C0C0F821
:102910009430C0F89020034643F88C1F039300F5D1
:10292000567100F1D002FFF793FE0298039B00F569
:10293000597100F1DC02FFF78BFE0298039B00F552
:102940005C7100F1E802FFF783FE0298039B00F53B
:10295000697146F2D002C2F20042FFF7FDFE00208C
:102960008DF81300FFE79DF8130002282CDCFFE729
:1029700002999DF8133001EB830046F2D002C2F2B7
:10298000004202EB830292ED002A90ED2A0A90EDBC
:102990002D1A30EE420A91ED333A91EDED2A20EEF8
:1029A000020A33EE022A80EE020A21EE031A81EEB9
:1029B000021A30EE010A80ED2D0AFFE79DF81300A0
:1029C00001308DF81300CEE7029800F18C0300F17E
:1029D000B40100F1C002FFF73BFE029800F028F9B5
:1029E00042F6D020C2F2004000784BF65001C0F20F
:1029F0001E5145F62942CCF28F2200FB02104FEA0D
:102A00007000884235D8FFE7029901F13800019043
:102A100091EDC30A00F0A8FB01989FED190A00F0A0
:102A2000F3F9019800F008FA019800F095FBB5EE73
:102A3000400AF1EE10FA0ADCFFE7029845F6BC31D5
:102A4000C2F200410C220023FFF7B6FD10E002980D
:102A5000383000F081FB0298BDEEC00A10EE103A4B
:102A600045F6BC31C2F200410C22FFF7A5FDFFE79D
:102A7000FFE70299012081F8C40306B080BD00BFC2
:102A8000000020420000000010B582B001900198C3
:102A9000009090F8C403002861D0FFE7009890ED03
:102AA000BC1A90EDC90AB4EE410AF1EE10FA1BD13E
:102AB000FFE7009890EDBD1A90EDCA0AB4EE410A06
:102AC000F1EE10FA10D1FFE7009890EDBE1A90EDEC
:102AD000CB0AB4EE410AF1EE10FA05D1FFE70099F6
:102AE000002081F8880004E00099012081F8880026
:102AF000FFE70099D1F8F002D1F8F422D1F8F832CA
:102B0000D1F8FCC2D1F800E3D1F80443C1F838434E
:102B1000C1F834E3C1F830C3C1F82C33C1F828231D
:102B2000C1F82403D1F80803D1F80C23D1F81033ED
:102B3000D1F814C3D1F818E3D1F81C43C1F85043BD
:102B4000C1F84CE3C1F848C3C1F84433C1F840238D
:102B5000C1F83C03D1F82003C1F85403FFE702B0E9
:102B600010BD00000000000080B584B00390039900
:102B7000009101F1280001F53C7245F63431C2F2B2
:102B80000041FCF7D5FA6420E4F71EF8009800F540
:102B90005F71FDF71DF8009800F58870B2EE040A29
:102BA000DFED1B0ACDED010A9FED1A1AF7EE001AB0
:102BB0009FED192A8DED022AF6F72AFA0098DDED2D
:102BC000014A9DED025A44F29631C3F60B41C0F81A
:102BD000CC1038309FED110ADFED110A9FED112A5C
:102BE000DFED112A0021B0EE451AF0EE451AB0EEE5
:102BF000453AF0EE453AB0EE454A00F071FA45F636
:102C0000BC30C2F200400C21EBF792FB04B080BD57
:102C10006F12833A8096184B000000000000484372
:102C20000000964300007A430000FA4300000000D1
:102C300080B586B005900598039044F6C832C2F27C
:102C4000004213685168013341F100011360516083
:102C5000D0F8B812C0F80411D0F8B412C0F80011BE
:102C6000D0F8B012C0F8FC10D0F8BC12C0F80811AF
:102C700090EDDF2A90EDE01A90EDE10A90EDE23A56
:102C800021EE000AA2EE030A30EE000A21EE011A3C
:102C9000A2EE021AB0EE002A8DED022AFFEE000A23
:102CA000CDED010AE1EE020A01F0DEFC039880EDB1
:102CB000E30A90EDDF0A90EDE01A90EDE13A90ED35
:102CC000E22A20EE030A91EE020AB8EE001A20EE84
:102CD000010A01F033FCDDED010A9DED022A0398A3
:102CE00080EDE40A90EDDF3A90EDE04A90EDE10AE4
:102CF00090EDE21A20EE010AA3EE040A30EE000A7B
:102D000021EE011AA3EE031AE1EE020A01F0ACFC77
:102D1000039880EDE50A00200490FFE7049802285C
:102D200015DCFFE70398049900EB810090EDE30ABE
:102D30009FED081A20EE010A9FED071A80EE010AA6
:102D400080EDE60AFFE7049801300490E6E706B05C
:102D500080BD00BF00003443DA0F4940000000008E
:102D600080B582B0019001980090FCF741FF009877
:102D70002830FCF7CDFA0098383000F001FA0098BE
:102D80004FF07E52C0F858230021C0F85C13C0F801
:102D90006013C0F86413C0F86823C0F86C13C0F85F
:102DA0007013C0F87413C0F87823C0F87C13C0F80F
:102DB0008013C0F88413C0F88813C0F88C13C0F8CF
:102DC0009013C0F89413C0F89813C0F89C13C0F87F
:102DD000A013C0F8A413C0F8A8134FF2C352C4F252
:102DE0001C12C0F8AC230022C4F22022C0F8B02389
:102DF00080F8C01380F8C11380F8C21380F8C313A1
:102E000080F8C41302B080BD82B001908DED000A3D
:102E100001990098486402B070470000000000006B
:102E200082B001908DED000A01990098C86402B04B
:102E3000704700000000000080B58AB00990099832
:102E400001900021089107910691059190ED110ADA
:102E500090ED121A30EE410A8DED040A9DED040A40
:102E6000F6F7A6FF01988DED030A9DED030A90ED9C
:102E7000011AB4EE410AF1EE10FA07DAFFE7019900
:102E8000886C4864002004900390FFE7019890ED5F
:102E9000080A9DED041A20EE010A8DED080A90ED56
:102EA0000E0AB5EE400AF1EE10FA0DD1FFE70198D7
:102EB00090ED0F0AB5EE400AF1EE10FA04D1FFE7EB
:102EC0004FF07E50029044E001989DED030A90ED92
:102ED0000E1AB4EE410AF1EE10FA04DCFFE74FF0EF
:102EE0007E50029026E0019890ED0E0A9DED031AA7
:102EF000B4EE410AF1EE10FA1BDAFFE701989DEDFE
:102F0000030A90ED0F1AB4EE410AF1EE10FA10DA4E
:102F1000FFE7019890ED0E2A90ED0F1A9DED030A40
:102F200031EE400A31EE421A80EE010A8DED020ABE
:102F3000FFE7FFE701989DED030A90ED0F1AB4EE4D
:102F4000410AF1EE10FA03DBFFE700200290FFE7F1
:102F5000FFE7019890ED0C0AB5EE400AF1EE10FA89
:102F600010D0FFE7019901F14C0091ED092A91ED94
:102F70000C1AB1EE410A80EE020AC1EE020AF4F721
:102F8000E7FCFFE7019890ED100AB5EE400AF1EE7C
:102F900010FA18D1FFE701989DED021A90ED002A72
:102FA00090ED130A21EE021A9DED042AA1EE020A09
:102FB00080ED130A90ED090A90ED131A20EE010A34
:102FC0008DED070A28E001989DED030A90ED101A97
:102FD000B4EE410AF1EE10FA18DAFFE701989DED20
:102FE000021A90ED002A90ED130A21EE021A9DEDCF
:102FF000042AA1EE020A80ED130A90ED090A90ED71
:10300000131A20EE010A8DED070A04E00199002051
:10301000C8640790FFE7FFE70198007A90B9FFE7DF
:10302000019890ED001A90ED063A90ED0A0A9DED98
:10303000042A32EE432A20EE020A80EE010A8DEDC8
:10304000060A11E0019890ED001A90ED053A90ED16
:10305000072A90ED0A0A32EE432A20EE020A80EE99
:10306000010A8DED060AFFE7019890ED042A90ED24
:103070000B1A90ED110A30EE420A20EE010A8DED96
:10308000050A9DED080A9DED071A30EE010A9DED37
:10309000061A30EE010A9DED051A30EE010A80EDA8
:1030A000070A90ED0D0AB5EE400AF1EE10FA0AD0CB
:1030B000FFE7019901F11C00D1ED0D0AB1EE600AA4
:1030C000F4F746FCFFE70199886CC860486C08611A
:1030D000C8694861049888610AB080BD000000009A
:1030E0008EB002AA0092024600980D9280ED0A0A64
:1030F000C0ED090A80ED081AC0ED071A80ED062A16
:10310000C0ED052A80ED043AC0ED033A80ED024A95
:10311000C0ED014A80ED005A8DF807100D990C980A
:1031200008620B9848620A9888620998C8620898F1
:1031300008630798486303980860029848600698F7
:1031400088630598C863049808649DF807000872AE
:103150000EB070470000000081B00090009890ED24
:10316000070A01B07047000082B001908DED000A9F
:1031700001990098886402B07047000000000000C8
:1031800081B0009000980021C160016141618161BE
:10319000C161016241628162C16201634163816315
:1031A000C163016441648164C16401B0704784B04B
:1031B000844601A80EC040F2E02001AAC2F20040FD
:1031C00061460092DDF765FDDDF771FD000000004E
:1031D00081B08DED000A9DED000AB0EEC00A01B08D
:1031E00070470000804701A000F014FD7465726D07
:1031F000696E6174655F68616E646C657220756E7E
:1032000065787065637465646C7920726574757235
:103210006E65640042F6D420C2F200400068704738
:1032200001A0FFF7C4FF00BF6261645F616C6C6F57
:103230006320776173207468726F776E20696E20E7
:103240002D666E6F2D657863657074696F6E73207F
:103250006D6F64650000000040F2C410C2F20040CF
:103260000068FFF7BFFFAFF30080DDF764B900002F
:1032700081B0ADF80200BDF9020000280ED4FFE7CE
:10328000BDF9021001F01F02012090404A094EF2E0
:103290000011CEF2000141F82200FFE701B07047B3
:1032A0004EF60C50CEF200000068C0F302207047CA
:1032B00082B0ADF806000091BDF9060000280AD4DE
:1032C000FFE700980001BDF906104EF20042CEF271
:1032D000000288540BE000980001BDF8061001F0D0
:1032E0000F014EF61452CEF200028854FFE702B0EE
:1032F000704700000000000083B00290029800F0C8
:10330000070000904EF60C51CEF2000108680190C3
:1033100001984FF6FF02104001900198009A40EA90
:1033200002200022C0F2FA52104301900198086076
:1033300003B070470000000080B542F6E020C2F202
:103340000040F8F7B9FB80BD4AF24000C4F200002B
:10335000006840F22851C2F2004108607047000046
:1033600089B00890079106920898406805900798E0
:103370004068049006984068039008990888498836
:103380004843029002980190FFE70198A8B1FFE737
:103390000598011D059190ED000A0498011D049106
:1033A00090ED001A30EE010A0398011D039180EDA3
:1033B000000A019801380190E7E700208DF803002A
:1033C0009DF9030009B0704783B00290ADF8061074
:1033D000ADF804200093BDF8060002990880BDF8FE
:1033E00004000299488000980299486003B0704731
:1033F000BBB0399038913998406837903898406818
:10340000369039980088349039984088339000205D
:10341000329031902B903698359034982C90FFE76D
:103420002C9858B3FFE734982C99401A2A90FFE75C
:103430002A9848B1FFE73599081D359000200860AB
:103440002A9801382A90F3E73599081D35904FF0F6
:103450007E5008602C9801382A90FFE72A9848B1DE
:10346000FFE73599081D3590002008602A9801383B
:103470002A90F3E72C9801382C90D1E7002029906E
:10348000FFE729983399884280F04B82FFE729981B
:103490002F90399948684988299A01FB022100EB4D
:1034A000810035903598006832902998309029989D
:1034B00001302D90FFE72D983499884225D2FFE7FF
:1034C0003999486849882D9A299B01FB023100EB04
:1034D000810035903598006831909DED310AB0EE4D
:1034E000C00A9DED321AB0EEC11AB4EE410AF1EEF7
:1034F00010FA05DDFFE72D98309031983290FFE704
:10350000FFE72D9801302D90D5E79DED320AB5EEFD
:10351000400AF1EE10FA76D0FFE7309829998842F8
:1035200071D0FFE739984068259039984068249019
:1035300039984088239023982999401A22902F98EF
:103540002399299A00FB0121259800EB8100259001
:1035500030982399299A00FB0121249800EB8100DF
:10356000249000202790FFE727982299884213DAB9
:10357000FFE72598006826902498006825990A1D81
:1035800025920860269824990A1D24920860FFE776
:10359000279801302790E7E7389840681F903898BF
:1035A00040681E90389840881D901D981C902F9858
:1035B0001D9941431F9800EB81001F9030981D9981
:1035C00041431E9800EB81001E9000202190FFE7F0
:1035D00021981C99884213DAFFE71F980068209011
:1035E0001E9800681F990A1D1F92086020981E9956
:1035F0000A1D1E920860FFE7219801302190E7E73D
:1036000001202B90FFE72B9801280CD0FFE79DEDC0
:10361000320AB5EE400AF1EE10FA04D1FFE7FB20C2
:103620008DF8EB00BCE19DED321AB7EE000A80EE9A
:10363000010A8DED320A399840681A90399840880D
:10364000199019982999401A18902F981999299A20
:1036500000FB01211A9800EB81001A9000201B90BA
:10366000FFE71B981899884210DAFFE79DED321AA0
:103670001A98011D1A9190ED000A20EE010A80EDC2
:10368000000AFFE71B9801301B90EAE73898406872
:103690001690389840881590159814902F98159981
:1036A0004143169800EB8100169000201790FFE729
:1036B00017981499884210DAFFE79DED321A169890
:1036C000011D169190ED000A20EE010A80ED000A1E
:1036D000FFE7179801301790EAE700202D90FFE7E9
:1036E0002D982F99884280F08780FFE739994868A4
:1036F00049882D9A299B01FB023100EB810035900E
:10370000359800683290399840681290399840682E
:10371000119039984088109010982999401A0F906C
:1037200012982D99109A514300EB8100299900EBD2
:103730008100129011982F99109A514300EB81004B
:10374000299900EB8100119000201390FFE7139856
:103750000F99884215DAFFE79DED321A1198011D85
:10376000119190ED002A1298011D129190ED000A1E
:10377000A1EE420A80ED000AFFE713980130139092
:10378000E5E7389840680D90389840680C90389874
:1037900040880B900B980A900D982D990B9A5143E5
:1037A00000EB81000D900C982F990B9A514300EB80
:1037B00081000C9000200E90FFE70E980A99884235
:1037C00015DAFFE79DED321A0C98011D0C9190ED72
:1037D000002A0D98011D0D9190ED000AA1EE420AFC
:1037E00080ED000AFFE70E9801300E90E5E7FFE755
:1037F0002D9801302D9073E72F9801302D90FFE721
:103800002D983499884280F08780FFE7399948687D
:1038100049882D9A299B01FB023100EB81003590EC
:103820003598006832903998406808903998406817
:10383000079039984088069006982999401A059073
:1038400008982D99069A514300EB8100299900EBC5
:103850008100089007982F99069A514300EB810048
:10386000299900EB8100079000200990FFE7099853
:103870000599884215DAFFE79DED321A0798011D78
:10388000079190ED002A0898011D089190ED000A1B
:10389000A1EE420A80ED000AFFE709980130099085
:1038A000E5E7389840680390389840680290389867
:1038B000408801900198009003982D99019A5143F6
:1038C00000EB8100039002982F99019A514300EB7D
:1038D0008100029000200490FFE70498009988423C
:1038E00015DAFFE79DED321A0298011D029190ED65
:1038F000002A0398011D039190ED000AA1EE420AEF
:1039000080ED000AFFE7049801300490E5E7FFE747
:103910002D9801302D9073E7FFE729980130299009
:10392000AFE500208DF8A3002B98012833D0FFE7E6
:103930009DED320AB5EE400AF1EE10FA2BD1FFE709
:1039400039984068379000202E90FFE72E983499E0
:10395000339A5143884212D2FFE737982E9900EBF1
:10396000810090ED000AB5EE400AF1EE10FA01D0A8
:10397000FFE704E0FFE72E9801302E90E6E72E984F
:103980003499339A5143884204D1FFE7FB208DF8E4
:10399000A300FFE7FFE79DF8A3008DF8EB00FFE72A
:1039A0009DF9EB003BB0704792B008AB00931190CB
:1039B00010910F92119840680E90109840680D90E9
:1039C000119840680C90109840680B900F984068D0
:1039D0000A9011980088ADF81E0010984088ADF844
:1039E0001C0011984088ADF81A0000200490BDF822
:1039F0001E000390FFE70A98049900EB81000990EC
:103A0000BDF81C000590109840680D90FFE700205D
:103A100008900C980E90BDF81A000290FFE70298EB
:103A2000C8B1FFE700980E990A1D0E9291ED001A99
:103A30000D9991ED002A90ED000AA1EE020A80EDA9
:103A4000000ABDF81C100D9800EB81000D90029843
:103A500001380290E3E7089809990A1D0992086065
:103A60000598013805900B98BDF81C10059A891A25
:103A700000EB81000D90FFE705980028C7D1FFE714
:103A80000498BDF81C10084404900C98BDF81A1056
:103A900000EB81000C90039801380390FFE7039836
:103AA0000028A8D1FFE700208DF807009DF9070046
:103AB00012B070470000000089B00890079106928C
:103AC00008984068059007984068049006984068F8
:103AD0000390089908884988484302900298019009
:103AE000FFE70198A8B1FFE70598011D059190ED4A
:103AF000000A0498011D049190ED001A30EE410A6D
:103B00000398011D039180ED000A0198013801908E
:103B1000E7E700208DF803009DF9030009B0704726
:103B20008AB0099008910998406807900898406801
:103B3000069009980088ADF8120009984088ADF801
:103B40001000BDF81200029000200190FFE70698D7
:103B5000019900EB81000590BDF810000390FFE78C
:103B6000039880B1FFE70798011D07910068059948
:103B70000860BDF81210059800EB810005900398CD
:103B800001380390ECE70198013001900298013868
:103B90000290FFE702980028D9D1FFE700208DF8B6
:103BA00003009DF903000AB0704700000000000008
:103BB00080B582B000200190E4F73AFDEDF7BCFD3E
:103BC000ECF74AFBECF7F0F9ECF786FAECF7C4FAFD
:103BD000ECF702FBECF7E8FBECF722FCECF768FDF6
:103BE000ECF78AFEECF73CFEECF71AFFECF710FD61
:103BF000ECF7CAFCECF784FCECF7A2FDECF7E8FD6F
:103C0000ECF7C2FEEEF7F8FCFFE7EEF76DFDFCE720
:103C1000FFF722FBDDF74BF85FEA400C08BF91F09D
:103C2000000F4FEA8C234FEAC12243EA51514FEA79
:103C30001C5018BF00F5F0404FEA300018BF41F0AB
:103C400000415FEA6C5C00F02980BCF1FF3F08BFD7
:103C500040F080407047130C06BF12044FF0100C68
:103C60004FF0000C130E04BF12020CF1080C130FDE
:103C700004BF12010CF1040C930F04BF92000CF16D
:103C8000020CD30F04BF52000CF1010C11464FF08F
:103C90000002A0F11F00A0EB0C00704711F0004FD4
:103CA00008BF704731F000413FF4D5AF0B0C06BFA1
:103CB00009044FF0100C4FF0000C0B0E04BF09026A
:103CC0000CF1080C0B0F04BF09010CF1040C8B0F55
:103CD00004BF89000CF1020CCB0F04BF49000CF1AA
:103CE000010CCCF1200322FA03F341EA030102FAAA
:103CF0000CF2A0EB0C0000F10100704723F07F47AD
:103D000020F07F4C80EA030000F00040ACEB07039A
:103D100003F57C5303F1FF032DE9804909B44FEA11
:103D2000144324EA03484FEA154B25EA0B4E0FF2E1
:103D3000042606EB13273E7803FB0667C7F500074A
:103D400007FB06F64FEAD64606F102064FEA54375D
:103D500007FB066CCCF1005C4FEA1C472CEA074CD1
:103D60000CFB06F507FB06F404EB15464FEA961626
:103D700049085FEA320234BF00204FF000404FEAAA
:103D8000D13706FB07FC4FEA1C4C0CFB0BF7D21B90
:103D900003FB0CF761EB07010CFB0EF7B0EB0740E0
:103DA00072EB17420CFB08F734BFA2EB0742B2EBF1
:103DB000074261EB17414FEA0C444FEA910706FBBB
:103DC00007FC4FEA1C4C0CFB0BF7B0EBC74072EB47
:103DD000573203FB0CF734BFA2EBC742B2EBC7422A
:103DE00061EB57310CFB0EF7B0EBC70072EB57726B
:103DF0000CFB08F734BFA2EBC702B2EBC70261EBC2
:103E000057714FEA816141EA92114FEA826242EAB8
:103E100090124FEA806004EBCC04039F4FEAD13745
:103E200006FB07FC4FEA1C4C0CFB0BF7D21B03FBF9
:103E30000CF761EB07010CFB0EF7B0EB074072EBE0
:103E400017420CFB08F734BFA2EB0742B2EB074264
:103E500061EB17414FEA8C5504EB9C244FEA910724
:103E600006FB07FC4FEA1C4C0CFB0BF7B0EBC74002
:103E700072EB573203FB0CF734BFA2EBC742B2EB35
:103E8000C74261EB57310CFB0EF7B0EBC70072EB8A
:103E900057720CFB08F734BFA2EBC702B2EBC702A4
:103EA00061EB57714FEA816141EA92114FEA8262F8
:103EB00042EA90124FEA806015EB4C2544F1000471
:103EC0004FEAD13706FB07FC4FEA1C4C0CFB0BF703
:103ED000D21B03FB0CF761EB07010CFB0EF7B0EBF9
:103EE000074072EB17420CFB08F734BFA2EB074206
:103EF000B2EB074261EB17414FEA813141EA92414F
:103F00004FEA823242EA90424FEA80304FEA0C7622
:103F100015EB1C1544F1000448EA03434EEA0B4834
:103F20004FF0000EB2EB080C71EB030724BF6246A2
:103F300039464EEB0E0E4FF0000B0018524149412E
:103F40004BEB0B0BB2EB080C71EB03077BF1000B97
:103F500024BF624639464EEB0E0E4FF0000B0018A0
:103F6000524149414BEB0B0BB2EB080C71EB0307D1
:103F70007BF1000B24BF624639464EEB0E0E51EA30
:103F8000020718BF46F0010616EB0E7655F1000247
:103F900054F1000103D5BDE88901BDE80088BDE802
:103FA0008901BDE80048B619524141EB0101A3F176
:103FB0000103704780807F7E7D7C7B7A797877767D
:103FC00076757473727171706F6E6E6D6C6C6B6AF6
:103FD0006A69686867666665646463636261616094
:103FE000605F5F5E5E5D5D5C5C5B5B5A5A59595811
:103FF000585757565655555554545353525252517B
:10400000515050504F4F4F4E4E4D4D4D4C4C4C4BD0
:104010004B4B4A4A4A494949484848474747474617
:104020004646454545444444444343434342424253
:10403000424141419C46002B30D477002BD04FEABF
:1040400037071CB503B44FF010004FF01001BAF160
:10405000000F06D0BCF1000FDCBF40F0080040F0BC
:1040600008014FF000000FBCBDE810400BF1010B40
:10407000BBF1010F08BF5FEA170722BF12F101026F
:1040800011F101014FF0004143F1000300F0004045
:1040900043EA00007047F9D35708D0E746EA0646DE
:1040A0004FEA164613F1400F1FDD13F1200FDFBF5B
:1040B00016430A46002120335B42BED0C3F12007DD
:1040C00046EA06464FEA164602FA07F746EA0706A8
:1040D00022FA03F2C3F1200701FA07F742EA0702C6
:1040E00021FA03F14FF00003A7E746EA020646EA89
:1040F00006464FEA164646EA0106BCBF46EA0646B1
:10410000360C4FF000034FF000024FF0000194E72F
:104110002DE9804C70B49A46934691E8380007C860
:1041200031EA400C48BF34EA430C03D5FFF7E6FD03
:10413000FFF780FFF0BCBDE8008C2DE9804C70B427
:104140009A46934691E8380007C810F0804F08BFA0
:1041500013F0804F03D100F005F8FFF76BFFF0BCC0
:10416000BDE8008C20F07F4723F07F4C80EA0300FD
:1041700000F0004007EB0C03A3F57C53A3F1FE0312
:1041800092F0000F00F0B38095F0000F00F0778000
:104190002DE901494FEA114021EA00484FEA14464F
:1041A00024EA064700FB06FC08FB06F607FB08F8B6
:1041B00018EB06484CEB164C00FB07F718EB0748CA
:1041C0004CEB17404FEA124B22EA0B4E4FEA1546D2
:1041D00025EA06470BFB06FC0EFB06F607FB0EFE68
:1041E0001EEB064E4CEB164C0BFB07F71EEB074E77
:1041F0004CEB174B18EB0B0840F1000018EB0E0BC3
:1042000058EB000840F100008F1A4FF000014FF00A
:1042100000063CBFC943661B14BFB5EB040C00216C
:104220003CBFC943F61B4FEA174427EA04454FEA4F
:104230001C472CEA074C04FB076205FB07F70CFB45
:1042400005F616EB074642EB174204FB0CFC16EB97
:104250000C4642EB1C421BEB060658EB02024141A6
:104260004EEA8E0E46EA9E0601D5BDE80189B619D2
:10427000524141EB0101A3F10103BDE801894FEA7D
:10428000144524EA05464FEA114721EA074C05FB8D
:1042900007F406FB07F70CFB06F111EB074144EBB3
:1042A000174405FB0CFC11EB0C4144EB1C444FEA9A
:1042B000124722EA074C05FB07F206FB07F70CFB47
:1042C00006F616EB074642EB174205FB0CFC16EB15
:1042D0000C4642EB1C456A1854F1000148BF704778
:1042E000B619524141EB0101A3F10103704795F06A
:1042F000000F37D04FEA114221EA02464FEA144735
:1043000024EA074C02FB07F106FB07F70CFB06F457
:1043100014EB074441EB174102FB0CFC14EB0C447B
:1043200041EB1C414FEA154725EA074C02FB07F514
:1043300006FB07F70CFB06F616EB074645EB1745A1
:1043400002FB0CFC16EB0C4645EB1C42121951F11A
:10435000000148BF7047B619524141EB0101A3F17A
:10436000010370474FEA144524EA05464FEA114716
:1043700021EA074C05FB07F106FB07F70CFB06F2E9
:1043800012EB074241EB174105FB0CFC12EB0C4210
:1043900051EB1C414FF0000648BF7047921841EBAB
:1043A0000101A3F10103704780B5F5F75DFE00B18F
:1043B00080BDFEF735FFFFF7F7BF80B5F5F740FF8B
:1043C00000B180BDFEF72CFFFFF7F7BF03B40198E3
:1043D0004100009850EAC12018BF04204A0D18BFC0
:1043E00040F0010040F2FF72B2EB515F08BF40F0B5
:1043F0000200012808BF052002B0704741000802F2
:1044000018BF04200A0E18BF40F001004FF07F4291
:1044100032EA010108BF40F00200012808BF052070
:104420007047000010B510EE104A4FF01A402DED05
:10443000028B00EB4400B0F1C85F4AD84FF0FC405B
:10444000B0EB440F22D2B0EEC00AF7EE000A30EE15
:10445000C00AF6EE000A20EE208A18EE100A00F0DC
:10446000A2FA00EE100A14F0004F1DBF9FED281AAB
:10447000DFED280AB1EE400A9FED271A08BFF0EEE3
:10448000410AF8EE001A20EE210A05E020EE008A2B
:104490009FED221ADFED220ADFED221A9FED222A7C
:1044A00070EEC00A20EE080A08EE212ADFED1F1A7E
:1044B00048EE021A9FED1E2A08EE212ADFED1D1A92
:1044C00048EE021ABDEC028B40EE610A30EE810A22
:1044D00010BD4FF0CC40B0EB440F82BF9FED160AE9
:1044E000BDEC028B10BD4FF07F40B0EB440F05D206
:1044F000BDEC028BBDE8104000F029BA0120DCF7CA
:1045000072FBBDEC028BBDE8104000F027BA000042
:104510000000494022AA7D3A000000000000C93F87
:1045200022AAFD3924FE1C3DC78AD83C1E67383DAF
:104530001B93993DAFAA2A3EDB0FC93F10B54FF040
:104540000E402DED028BB0EE408A18EE104A00EBC3
:104550004400B0F1506F4AD84FF0FC40B0EB440F2C
:1045600022D2B0EEC80AF7EE000A30EEC00AF6EE2C
:10457000000A60EE208A18EE900A00F014FA01EEAC
:10458000100A14F0004F1DBFDFED2D0A9FED2D0A1C
:10459000B1EE411ADFED2C0A08BF9FED2C0AF8EEB0
:1045A000001A21EE218A05E0DFED290A68EE088A6B
:1045B000B0EE600A9FED271ADFED271A30EE080AE9
:1045C00048EE811A9FED251A08EEA11ADFED241A94
:1045D00048EE811A9FED231A08EEA11A68EE281AF8
:1045E000BDEC028B01EE810A30EE200A10BD4FF0C7
:1045F000E440B0EB440F0CD918EE100AFFF7FEFEB2
:10460000042808BF00F0B2F9B0EE480ABDEC028BF6
:1046100010BD4FF07F40B0EB440F07D2B0EE480A18
:10462000BDEC028BBDE8104000F091B90120DCF731
:10463000DAFABDEC028BBDE8104000F08FB9000043
:104640000000C9BF22AAFDB90000C93F22AAFD3956
:104650000000000024FE1C3DC78AD83C1E67383D80
:104660001B93993DAFAA2A3E70B54FF068422DEDDD
:10467000048BF0EE408A18EE900AB0EE608A18EED5
:10468000101A02EB4003B3F1654F3CBF02EB41024D
:10469000B2F1654F7DD200BFC0F3C753C1F3C7521B
:1046A0009A1A1B2A09DD10F0004F14BF9FED830AF0
:1046B0009FED830ABDEC048B70BD12F11A0F36DA40
:1046C00011F0004F09D010F0004F0CBF9FED7D0A94
:1046D0009FED7D0ABDEC048B70BD88EE889A19EEC3
:1046E000100AFFF78BFE042808BF00F03FF918EE10
:1046F000900AFFF783FE054618EE100AFFF77EFECC
:10470000044619EE100AFFF779FE042D18BF052D97
:1047100008D1042C18BF052C04D1002804BF0220A6
:10472000DCF761FAB0EE490ABDEC048B70BD4200C3
:10473000B2EB410F3AD910F0004F19BFDFED630A19
:104740009FED630ADFED630A9FED630AB0EE481A3E
:104750000A46B1EE688A80F00041F0EE418A1046C8
:104760000A1A5200B2F1807F34D2484010F0004F54
:10477000DFED5A1A9FED5A2A1DBFBEEE001A70EEE9
:10478000E10A30EE420AB6EE001A08BF70EEA10A46
:1047900000E040E008BF30EE020AB0EE682A01EE09
:1047A000482A08EE818AC2EE081A15E011F0004F7F
:1047B00004BF9FED4C0AF0EE400AD1D010F0004F3C
:1047C00019BFDFED490A9FED490ADFED490A9FED68
:1047D000490AC5E7C8EE881A21EEA11A9FED462ABC
:1047E000DFED462A41EE022A9FED452A01EE222AFC
:1047F000DFED442A41EE022A9FED432ABDEC048BF3
:1048000001EE222A21EE811A01EE020A30EE210A7F
:1048100030EE200A70BD4FF07F42B2EB400F28BF50
:10482000B2EB410F09D2F0EE480AB0EE680ABDECD7
:10483000048BBDE8704000F08DB840EA01035B00D6
:1048400008BF41F0FF410BD0B2EB400F08BFB2EB05
:10485000410F08D120F0804008EE900A21F08041FD
:1048600008EE101A18E7B2EB400F12BF5FEA4103DF
:1048700040F0FF4001F000413FF40EAFB2EB410FBA
:1048800012BF5FEA400200F0004041F0FF413FF4F8
:1048900003AF4A0092EA40033FF5FEAE002AACBFE8
:1048A0009FED1A0A9FED1A0A68EE808A28EE008AA8
:1048B00018EE900A18EE101AEEE60000DB0FC9BFE2
:1048C000DB0FC93FDB0F4940DB0F49C00000C9BF08
:1048D00022AAFDB90000C93F22AAFD390060ED3EC1
:1048E000C30ACE3700000000000049C022AA7DBAEA
:1048F0000000494022AA7D3A2DAD65BD8FB8D53D57
:104900000FB511BE61C84C3EA8AAAABE0000804FD8
:104910000000802F10B52DED028BB1EEC08A18EE8D
:10492000100A20F00040C0F1FF40C00F0AD010EE86
:10493000100A20F00040C0F1FF40C00F04BF01206A
:10494000DCF751F9B0EE480ABDEC028B10BD30EE39
:10495000000A704730EE200A70470000DFED020ABF
:1049600080EEA00A70470000000000009FED020AE0
:1049700020EE000A704700000000001030380A28BE
:1049800001D201207047002070478A68002A02DCAB
:104990000022DDF79DBB521E8A604A68C0B2531CDC
:1049A0004B601070704710B500EE100A2DED028BB1
:1049B000B1EEC08A18EE100A20F00040C0F1FF40AE
:1049C000C00F0AD010EE100A20F00040C0F1FF40E6
:1049D000C00F04BF0120DCF706F918EE100ABDEC89
:1049E000028B10BD10B500290AD00878002807D026
:1049F00005487844DDF7B8FD002801D0002010BD3F
:104A00000248784410BD0000BE090000B60900004D
:104A100010B500290AD00878002807D00548784446
:104A2000DDF7A2FD002801D0002010BD0248784427
:104A300010BD0000AE090000A609000021F00042F0
:104A400001F00043A2F16052B2F5801F28BFD2F1FD
:104A50007F6C0BD95FEA001C43EAC20242EB507044
:104A600018BF704728BF20F001007047B2F5801FC3
:104A7000BCBF184670474FEA410C1CF5001F02D21C
:104A8000084600F0B9B970B500F0E4F800000089FC
:104A9000FFF7F6BF4FF00040A0F580007047000020
:104AA0004FEA41034FEA5353A3F58063D3F11E034A
:104AB000C8BFD3F1210C0CDD4FF0004242EAC12205
:104AC00042EA505232FA03FC8CEAE17CACEBE17032
:104AD0007047102BC4BF0020704703F5787CBCF1F1
:104AE000FF3F04D06FF0004282EA2100704770B5AA
:104AF00000F0B0F84992248000207047F2E70000EF
:104B000070B5DFF848C11CEA111E1EBF1CEA131560
:104B10009EEA0C0F95EA0C0F00F06F8081EA030407
:104B20004EEAD47EAE4421EA4C1123EA4C1341F400
:104B3000801143F48013AEF17F7EA1FB024CA0FBF9
:104B40000365361955EB0C05A1FB034C4CF1000332
:104B5000A0FB021C16EB0C06654153F10003094251
:104B600018BF46F0010613F4007F0BD14FEA033162
:104B70004FEA053041EA155140EA165034036FF010
:104B800003020AE04FEAC3214FEAC52041EA55512A
:104B900040EA5650F4026FF0020202EB2E4201EBA3
:104BA000025585EACE710AD05FEA440C18BF24F0A2
:104BB000004450F1000041F1000120EAD47040F2BD
:104BC000FE7C624500D270BDA84214BF4FF0804405
:104BD0004FF04044002E08BF0024BEF1806FA8BFF4
:104BE000A1F1C041BDE8704080F2828001F1C04176
:104BF00001F000414FF0000070470CEA13159EEAE7
:104C00000C0F18BF95EA0C0F06D081EA030E4FF087
:104C100000000EF0004170BD00F01CF88900013E5C
:104C200000F007B800F009B84FEA430C5FEA5C5C9B
:104C300008D081EA030100F05BB84FEA410C5FEA5B
:104C40005C5CF6D102494FF0000070470000FF079E
:104C50000000F87F0EF1020E2EF0030E5EF8046BDA
:104C6000364205D4012A43EB030515F5001F12D87F
:104C7000012841EB010C1CF5001F0CD80ED14FEAA6
:104C8000D17C0CEB4C0C0CF1020C15F5001F08BF8D
:104C90004CEBD37C04E04FF0080C01E04FEAD37CEE
:104CA0000CEB4C0526FA05F606F00706B6F1040CE7
:104CB00006D20EEB860CBDE870404CF0010C60474C
:104CC000DFE80CF0090B02024FF00041A1F50021D2
:104CD0004FF0000070BD19461046012851EB010449
:104CE00018BFD4F5001484BF002001F0004170BD4E
:104CF0000808A0F500114FEA3101704743004FEA60
:104D0000D30C4FEA3C0C43401FBF40070CF16051ED
:104D100013F0FE4F70471CF0006F03D10CF0004100
:104D2000002070470CF0004343EA507040EACC008A
:104D300010B500F00EF800BF000000924FEA00012D
:104D4000FFF7D6BF4FF00041A1F500214FF0000062
:104D500070470EF1020E2EF0030E5EF8044B244253
:104D600004D44FEA4102B2F17F4F11D84FEA400319
:104D7000B3F17F4F0CD80ED14FEAD07C0CEB4C0C2A
:104D80000CF1020CB2F17F4F08BF4CEBD17C04E078
:104D90004FF0080C01E04FEAD17C0CEB4C0324FAF5
:104DA00003F404F00704B4F1040C06D20EEB840CF7
:104DB000BDE810404CF0010C6047DFE80CF007083C
:104DC00002024FF00040A0F5800010BD08464200EE
:104DD00018BFD2F1807288BF00F0004010BDF1EE24
:104DE000100A4FF6FF71C0F2C03120EA010040F016
:104DF0004070E1EE100A7047FF2141EAD050C00533
:104E00007047DCF772BCDCF7A7BD000000000000B3
:104E10000000000030313233343536373839414202
:104E2000434445464030580030313233343536370C
:104E300038396162636465664030780004000008B8
:104E4000000000000000000200010000103A74742D
:104E5000003A7474003A74740030313233343536A9
:104E60003738396162636465667870003031323397
:104E700034353637383941424344454658500000AE
:104E800002400000000000A00000000005400000FB
:104E9000000000C8000000000C4000000000409C22
:104EA00000000000194000000020BCBE000000000F
:104EB00034400000BFC91B8E00000004B540000054
:104EC000504BCFD06607E2CF010000006C410000DC
:104ED0003E8251AADFEEA73401000000D942000053
:104EE000DCB5A0E23A301F97FFFFFFFFB44500009A
:104EF000FD25A0C8E9A3C14FFFFFFFFFFF3F000052
:104F00000000008000000000FF3F00000000008063
:104F10000000000000000000000000000000000091
:104F2000000000000000000001000000020000007E
:104F30000300000004000000000000000500000065
:104F4000000000000000000000000000060000005B
:104F5000000000000000000000000000070000004A
:104F6000000000000102030401020304060708090F
:104F70000001020304050607080C10141820304035
:104F800000061016000610160804020408010101AC
:104F900001010103070100000100020004000600F6
:104FA00008000A000C0010002000400080000001F2
:104FB0000000891112239B322446AD573665BF7419
:104FC000488CC19D5AAFD3BE6CCAE5DB7EE9F7F8C9
:104FD0008110080193331A22A5562C47B7753E64F9
:104FE000C99C408DDBBF52AEEDDA64CBFFF976E8A9
:104FF00002218B30100299132667AF763444BD55D9
:105000004AADC3BC588ED19F6EEBE7FA7CC8F5D988
:1050100083310A2091121803A7772E66B5543C45B8
:10502000CBBD42ACD99E508FEFFB66EAFDD874C968
:1050300004428D5316619F702004A9153227BB3698
:105040004CCEC5DF5EEDD7FC6888E1997AABF3BA48
:1050500085520C4397711E60A1142805B3373A2678
:10506000CDDE44CFDFFD56ECE9986089FBBB72AA28
:1050700006638F7214409D512225AB343006B91758
:105080004EEFC7FE5CCCD5DD6AA9E3B8788AF19B08
:1050900087730E6295501C41A3352A24B116380738
:1050A000CFFF46EEDDDC54CDEBB962A8F99A708BE8
:1050B000088481951AA793B62CC2A5D33EE1B7F018
:1050C0004008C919522BDB3A644EED5F766DFF7CC8
:1050D000899400859BB712A6ADD224C3BFF136E0F8
:1050E000C1184809D33B5A2AE55E6C4FF77D7E6CA8
:1050F0000AA583B4188691972EE3A7F23CC0B5D1D8
:105100004229CB38500AD91B666FEF7E744CFD5D87
:105110008BB502A499961087AFF326E2BDD034C1B7
:10512000C3394A28D11A580BE77F6E6EF55C7C4D67
:105130000CC685D71EE597F42880A1913AA3B3B297
:10514000444ACD5B5669DF78600CE91D722FFB3E47
:105150008DD604C79FF516E4A9902081BBB332A277
:10516000C55A4C4BD7795E68E11C680DF33F7A2E27
:105170000EE787F61CC495D52AA1A3B03882B19357
:10518000466BCF7A5448DD59622DEB3C700EF91F07
:105190008FF706E69DD414C5ABB122A0B992308337
:1051A000C77B4E6AD5585C49E33D6A2CF11E780FE7
:1051B0000000803F00000000000000000000000030
:1051C0000000000000000000000000000000803F20
:1051D00000000000000000000000000000000000CF
:1051E00000000000000000000000803F0000000000
:1051F00000000000000000000000000000000000AF
:10520000000000000000803F0000000000000000DF
:10521000000000000000000000000000000000008E
:105220000000803F000000000000000000000000BF
:105230000000000000000000000000000000803FAF
:10524000005EBCE2613FDD83C29C7E20A3FD1F4166
:105250009DC3217FFCA2401E5F01E3BD3E6082DC56
:10526000237D9FC1421CFEA0E1BF5D0380DE3C6246
:10527000BEE0025CDF81633D7C22C09E1D43A1FF36
:105280004618FAA427799BC584DA3866E5BB590726
:10529000DB856739BAE406581947A5FB7826C49A16
:1052A000653BD987045AB8E6A7F91B45C6987A2406
:1052B000F8A6441A99C7257B3A6486D85B05E7B9F6
:1052C0008CD2306EEDB3510F4E10F2AC2F7193CDE6
:1052D000114FADF3702ECC92D38D6F31B2EC0E50D6
:1052E000AFF1134DCE90722C6D33D18F0C52B0EEC6
:1052F000326C8ED0530DEFB1F0AE4C1291CF2D73B6
:10530000CA947628ABF517490856B4EA6937D58BA5
:105310005709EBB536688AD495CB2977F4AA481695
:10532000E9B7550B88D6346A2B7597C94A14F6A885
:10533000742AC896154BA9F7B6E80A54D7896B3575
:1053400000000000000000009102020843444320D6
:10535000496E746572666163650043444320436F20
:105360006E6669670053544D6963726F656C65635F
:1053700074726F6E6963730053544D3332205669F3
:10538000727475616C20436F6D506F727400000011
:10539000E854020800000024D8010000300300088F
:1053A000E8550208D8010024083F010090030008D6
:1053B0001C00000043000000F8FFFFFF0C0000008D
:1053C0000E0000000F0000002E0000001001000081
:1053D00043000000F8FFFFFF0040404040404040D5
:1053E00040404141414141404040404040404040B8
:1053F000404040404040404040050202020202025C
:1054000002020202020202020220202020202020AA
:1054100020202002020202020202909090909090BE
:10542000101010101010101010101010101010107C
:1054300010101010020202020202888888888888F0
:1054400008080808080808080808080808080808DC
:1054500008080808020202024000000000000000E4
:10546000000000000000000000000000000000003C
:10547000000000000000000000000000000000002C
:10548000000000000000000000000000000000001C
:10549000000000000000000000000000000000000C
:1054A00000000000000000000000000000000000FC
:1054B00000000000000000000000000000000000EC
:1054C00000000000000000000000000000000000DC
:1054D000000000000000000000000000ED23FFFFBE
:1054E000E123FFFF00000000C1480DE7416B3A587F
:1054F000A08B3A828101FF015AFC0812FD1E215047
:10550000010891041AB1041AD904180A2951010892
:10551000D14F0108410C5108081250C347CDCCCCE3
:105520003D0409531C110B1AC8421C112C90D003C6
:10553000041B8142B44E3F0108E145A81FA1400170
:1055400008493EB81914C11EA141010831041A11BD
:10555000301A19081409024313020125C032090444
:105560001B01020B1305241610010524011009016B
:1055700004240202052406170107058203081510FA
:1055800009040133020A2E0705010240072A810798
:1055900011130A0632023340011A12231302021EAB
:1055A0004083044057591B0203151341281B083937
:1055B0000413D9271B0879081AC90407180403091A
:1055C000041A03157D04017C160240AB0341200A36
:1055D00005530806580407701713AF0C2A086432E5
:0855E000104582A87BBA00000F
:04000005080002CD20
:00000001FF
