S31508000000C0400124E5030008D9F1000819E70008F3
S31508000010D1F10008610B00084160010800000000EA
S31508000020000000000000000000000000C9FD0008F4
S31508000030791A000800000000F1F5000861FE0008C2
S31508000040FF030008FF030008FF030008FF0300087A
S31508000050FF030008FF030008FF030008FF0300086A
S31508000060FF030008FF030008FF030008B90E000895
S31508000070C90E0008D90E0008E90E0008F90E000896
S31508000080090F0008190F0008FF030008A91A00083D
S31508000090B91A0008FF030008FF030008FF03000859
S315080000A0FF030008FF030008FF030008FF0300081A
S315080000B0FF030008FF03000881000108FF0300088A
S315080000C0FF030008FF030008FF030008FF030008FA
S315080000D099F90008B1250108FF030008FF03000885
S315080000E0811A0008FF03000800000000FF0300084B
S315080000F0FF030008FF030008FF030008290F000894
S31508000100FF030008FF03000891000108FF03000829
S31508000110FF030008D90D0108FF030008FF030008C4
S31508000120390F0008490F0008FF030008FF030008FD
S31508000130FF030008FF030008FF030008FF03000889
S3150800014000000000000000000000000000000000A1
S31508000150FF030008FF030008FF030008FF03000869
S31508000160FF030008FF030008FF030008FF03000859
S31508000170FF03000851F20008FF0300080000000012
S31508000180FF030008FF030008E90D0108F90D01083F
S31508000190FF030008FF030008FF030008FF03000829
S315080001A0FF030008FF030008FF0300080000000023
S315080001B0FF030008FF030008FF030008FF03000809
S315080001C0FF030008FF03000800000000000000000D
S315080001D00000000000000000FF0300080000000007
S315080001E00000000000000000000000000000000001
S315080001F00000000000000000FF030008FF030008DD
S31508000200FF030008FF03000800000000FF030008C2
S31508000210FF030008FF030008FF030008FF030008A8
S31508000220FF03000800000000FF03000800000000AC
S31508000230FF030008FF03000800000000FF03000892
S31508000240FF030008FF030008FF030008FF03000878
S31508000250FF030008FF030008FF030008FF03000868
S31508000260FF030008FF030008FF030008FF03000858
S31508000270FF030008FF030008FF0300080000000052
S31508000280FF030008FF030008FF030008FF03000838
S3150800029000000000FF030008FF030008000000003C
S315080002A000000000FF030008FF030008090E01080C
S315080002B0A1250108FF030008FF030008C91A000862
S315080002C0FF030008FF030008FF03000800F002F818
S315080002D000F078F814A696E8000CB244B344DA4560
S315080002E001D100F06FF8BAE80F000FA696E83000C3
S315080002F0A5EB040504EB0607AAEB0704A7F101071B
S315080003004FEA15154FEA3414A4F10104AC4201D39F
S3150800031000F058F813F0010F18BFFB1A43F0010359
S3150800032000F001F8DBE71847A46D0200C46D02006F
S315080003300A444FF0000C10F8013B13F0070408BFFD
S3150800034010F8014B1D1108BF10F8015B641E05D09B
S3150800035010F8016B641E01F8016BF9D113F0080F50
S315080003601EBF10F8014BAD1C0C1B09D16D1E58BFE2
S3150800037001F801CBFAD505E014F8016B01F8016B19
S315080003806D1EF9D59142D6D370470000704700001C
S315080003900023002400250026103A28BF78C1FBD880
S315080003A0520728BF30C148BF0B6070471FB526F0FB
S315080003B0A2F99DE8030000F0F9F900F0C5F91FBDA0
S315080003C010B510BD00F0F6FA1146FFF7EFFF25F05D
S315080003D0E7F900F014FB03B4FFF7F2FF03BC00F0E3
S315080003E09FFA00000948804709480047FEE7FEE7EC
S315080003F0FEE7FEE7FEE7FEE7FEE7FEE7FEE7FEE7C7
S3150800040004480549054A064B7047000041FF0008A5
S31508000410CD020008C0600024C0400124C0C00024EA
S31508000420C0C0002470B5064600F0A4F9056806F1B8
S315080004300B0020F00704B4429CBF002070BD2B4679
S315080004406A68BAB11068A04210D304F1080188425C
S315080004503CBF5068586007D351681019416011684D
S31508000460091B016058601460101D70BD1346526860
S31508000470002AE7D12146284600F084F90028DED173
S3150800048070BD70B50446051F00F074F90068002CAD
S3150800049014BF446870BD002C18BFAC423CBF204650
S315080004A06468F8D301680A18AA4218BF456003D1E0
S315080004B02A6805461144016028684119A1421CBFF3
S315080004C06C6070BD6168696021680844286070BD09
S315080004D053EA020C00F069802DE9F04B4FF0000654
S315080004E0002B1FBFB3FA83F503FA05F424FA05F6C1
S315080004F05E4012BF1643B2FA82F502FA05F4C5F158
S3150800050020051EBF22FA05FC44EA0C04203556EAEB
S31508000510044C4FEA144418BF641C4FF000084FF00F
S315080005200009904271EB030C39D3002919BFB1FABF
S3150800053081F701FA07F6B0FA80F700FA07F6C7F16D
S3150800054020071EBF20FA07FC46EA0C062037B6FB32
S31508000550F4FCA7EB0507103F07F01F0BCBF12006AD
S315080005602CFA06F60CFA0BFB44BFB3460026202FDE
S31508000570A4BF5E464FF0000B5BEA060C08BF4FF0BF
S31508000580010B19EB0B0948EB0608ABFB027C06FBD3
S3150800059002CC0BFB03CCC01B71EB0C01C1E70B466D
S315080005A0024641464846BDE8F08B13B5084318BFD6
S315080005B04FF0FF300146AFF30080BDE81C4070479E
S315080005C0032A40F2308010F0030C00F0158011F871
S315080005D0013BBCF1020F624498BF11F801CB00F849
S315080005E0013B38BF11F8013BA2F1040298BF00F89D
S315080005F001CB38BF00F8013B11F0030300F025805A
S31508000600083AC0F0088051F8043B083A51F804CB80
S31508000610A0E80810F5E7121D5CBF51F8043B40F846
S31508000620043BAFF30080D20724BF11F8013B11F851
S3150800063001CB48BF11F8012B24BF00F8013B00F895
S3150800064001CB48BF00F8012B704710B5203AC0F01F
S315080006500B80B1E81850A0E81850B1E81850A0E887
S315080006601850203ABFF4F5AF5FEA027C24BFB1E820
S315080006701850A0E8185044BF18C918C0BDE8104063
S315080006805FEA827C24BF51F8043B40F8043B08BF6C
S315080006907047D20728BF31F8023B48BF11F8012B33
S315080006A028BF20F8023B48BF00F8012B70474FF0DF
S315080006B000020429C0F0128010F0030C00F01B8021
S315080006C0CCF1040CBCF1020F18BF00F8012BA8BF2F
S315080006D020F8022BA1EB0C0100F00DB85FEAC17CF3
S315080006E024BF00F8012B00F8012B48BF00F8012BA6
S315080006F070474FF0000200B51346944696462039D7
S3150800070022BFA0E80C50A0E80C50B1F12001BFF4BC
S31508000710F7AF090728BFA0E80C5048BF0CC05DF822
S3150800072004EB890028BF40F8042B08BF704748BF70
S3150800073020F8022B11F0804F18BF00F8012B7047E4
S31508000740704770477047000008487CB578440090A9
S3150800075007487844009C0546019004E02046016855
S3150800076008448047241DAC42F8D17CBD9C69020030
S31508000770AA69020000487047E001002470477047E4
S315080007807047704738B504460A4600206946AFF3F5
S315080007900080002808BF38BD02460099204600F0B0
S315080007A0CDF8012038BD012000F0E9B8F8B5AFF35F
S315080007B00080054600200C460C2000BF0646A819F6
S315080007C0A0420DD9324669460020AFF300800700E3
S315080007D008BF00F0D4F80098A04218BF0546C4190F
S315080007E0FFF7C8FF05600746F01D20F00700461909
S315080007F0284600F00AF8B44208BFF8BDA21B3146E5
S315080008003868BDE8F84000F099B8002101604160F9
S3150800081070470C2070472DE9F04791460C468046F4
S31508000820FFF7A8FF0768604234EA000001D1042CEC
S3150800083002D20520BDE8F087601E40F0070609F1E0
S315080008400B0020F007054D4539D93B467A6882B337
S315080008501468101D404206EA000C644525D9A4EB2D
S315080008600C00854221D8BCF1000F0BD01046016858
S315080008706244A1EB0C01116041685160C0F800C0E8
S3150800088058600346116805F10800814205D35019DE
S31508000890491B016015605860034652F8040F5860FA
S315080008A00020C8F80020BDE8F08713465268002AE1
S315080008B0CED129463846FFF765FF0028C5D1062060
S315080008C0BDE8F08710B500F035F8006810BD10B522
S315080008D0044600F02FF8046010BD10B5002000F0A3
S315080008E047F8FFF76DFDBDE81040012000F018B885
S315080008F080E8FF1FC0F834D0C0F838E0C0F83CE004
S315080009004FF00000704700BF80EC200B704700BF17
S3150800091080EC200B704700BFC0EC200B704700002E
S3150800092001491820ABBEFEE72600020000487047C2
S31508000930D801002400487047D801002403464068BF
S315080009408C46002818BF88423CBF03464068F8D347
S3150800095018681844884207D00CF1030020F00700F5
S31508000960001D411A521A0146081D0A60FFF789BD83
S3150800097010B500F053F8BDE8104000F049B810B5BE
S3150800098000F064F8BDE8104000F042B886469EE8DC
S31508000990FF1FDEF834D0DEF83CE0704790EC200B01
S315080009A0704700BF90EC200B704700BFD0EC200BBF
S315080009B0704770477546FFF7B9FFAE4605006946AA
S315080009C0534620F00700854618B020B5FFF718FDF6
S315080009D0BDE820404FF000064FF000074FF0000832
S315080009E04FF0000BAC46ACE8C009ACE8C009ACE86F
S315080009F0C009ACE8C00921F007018D46704710B55B
S31508000A000446AFF300802046BDE81040FFF7E3BC7C
S31508000A10002801D0FFF784BF7047000010B50021F9
S31508000A2002A000F07BF8012010BD000053494741A1
S31508000A304252543A2041626E6F726D616C20746541
S31508000A40726D696E6174696F6E00000010B50128D9
S31508000A5005D0002103A000F061F8012010BD09A10E
S31508000A60F8E7000053494752544D454D3A204F7513
S31508000A7074206F662068656170206D656D6F727988
S31508000A80000000003A2048656170206D656D6F7240
S31508000A907920636F727275707465640000000000D7
S31508000AA030B44FF0013C50F8042BCCFA52F451F80C
S31508000AB0043BD51A20D1FCB950F8042BCCFA52F4D1
S31508000AC051F8043BD51A17D1B4B950F8042BCCFA0F
S31508000AD052F451F8043BD51A0ED16CB950F8042BD0
S31508000AE0CCFA52F451F8043BD51A05D1002CDAD0C9
S31508000AF030BC4FF00000704729BAB1FA81F111F005
S31508000B001801D1F120008440F2D1CA40CB4012F03E
S31508000B10FF0213F0FF0330BCD01A704770B50546C4
S31508000B200C460A2000E06D1C00F011F835B1287853
S31508000B300028F8D102E0641C00F009F814B1207806
S31508000B400028F8D1BDE870400A20AFF3008008B548
S31508000B5069468DF800000320ABBE08BD0000000002
S31508000B60FFE7FEE70000000080B594B013901291ED
S31508000B70139800684AF20001C4F20001884221D1A4
S31508000B80FFE7139840F2D821C2F200410860129894
S31508000B904863002008900A900B9002210C910121CD
S31508000BA007910D910E900F9045F2E840C2F2004071
S31508000BB009900AA904F018FC0799089A099804F0FC
S31508000BC0CFFA61E0139800684AF20041C4F20001C6
S31508000BD088421FD1FFE7139840F2A831C2F20041BC
S31508000BE0086012984863002005900A900B9002212D
S31508000BF00C910D910E900F9045F28850C2F200406C
S31508000C0006900AA904F0F0FB059A0698102104F04C
S31508000C10A7FA38E0139800684DF20041C4F20001C3
S31508000C2088422FD1FFE7139840F22041C2F20041D3
S31508000C30086012984863002003900A900B900221DE
S31508000C4001910C91012102910D910E900F9045F2A0
S31508000C502860C2F2004004900AA904F0C5FB019A74
S31508000C60029B049869460B60114604F049FC029AF7
S31508000C700498114604F064FB0299039A049804F058
S31508000C806FFAFFE7FFE7FFE7139805F0C1FC14B01A
S31508000C9080BD00000000000080B58EB00D90ADF854
S31508000CA032100B92ADF82A30BDF8320001900020C0
S31508000CB002900390BDF82A00082804DCFFE7BDF877
S31508000CC02A000490FFE7BDF82A000C2803D1FFE7A5
S31508000CD009200490FFE7BDF82A00102803D1FFE792
S31508000CE00A200490FFE7BDF82A00142803D1FFE77D
S31508000CF00B200490FFE7BDF82A00182803D1FFE768
S31508000D000C200490FFE7BDF82A00202803D1FFE74E
S31508000D100D200490FFE7BDF82A00302803D1FFE72D
S31508000D200E200490FFE7BDF82A00402803D1FFE70C
S31508000D300F200490FFE70020059006900790089082
S31508000D4009900D980B9A01A904F08AFA0EB080BD95
S31508000D5084B08DF80F000291ADF806209DF80F00BB
S31508000D600146009123281DD80099DFE801F01213E7
S31508000D701415161B1B1B1B1B1B1B1B1B1B1B1B1BC7
S31508000D801B1B1B1B1B1B1B1B1B1B1B1B1B1B1718AC
S31508000D90191A08E007E006E005E004E003E002E0CF
S31508000DA001E000E0FFE7002004B070470000000003
S31508000DB0002070470000000080B582B044F65C5001
S31508000DC0C2F20040009041F6D871C2F200410022FA
S31508000DD0019211F09DFF009841F2D871C2F20041CC
S31508000DE011F076FF019802B080BD000000000000F7
S31508000DF080B584B003900291039944F65C50C2F220
S31508000E000040009011F064FF009811F005FF039967
S31508000E100298026840F22050C2F200400190303039
S31508000E20FFF7CEFB019802990968A0F86010426E98
S31508000E300398029909689047002004B080BD000015
S31508000E4083B0029001918DF8032000208DF80200EE
S31508000E509DF9020003B0704780B586B00490ADF8DE
S31508000E600E1000208DF80D0044F65C50C2F20040CA
S31508000E70D0F8BC0202900298D0F8140220B1FFE71D
S31508000E8001208DF8170013E00499BDF80E2044F6EA
S31508000E905C50C2F20040019011F03AFF019812F03E
S31508000EA043F88DF80D009DF80D008DF81700FFE743
S31508000EB09DF8170006B080BD80B545F22810C2F22D
S31508000EC0004002F015F880BD80B545F2B000C2F2C8
S31508000ED0004002F00DF880BD80B545F23800C2F238
S31508000EE0004002F005F880BD80B545F2F830C2F240
S31508000EF0004001F0FDFF80BD80B545F27040C2F2AA
S31508000F00004001F0F5FF80BD80B545F2A010C2F2A1
S31508000F10004001F0EDFF80BD80B545F21820C2F211
S31508000F20004001F0E5FF80BD80B545F29020C2F291
S31508000F30004001F0DDFF80BD80B545F20830C2F201
S31508000F40004001F0D5FF80BD80B545F28030C2F281
S31508000F50004001F0CDFF80BD83B002900298016881
S31508000F6001201022C4F202029142009000F0A380F0
S31508000F70FFE70298016801202822C4F20202914282
S31508000F80009000F09880FFE702980168012040224F
S31508000F90C4F202029142009000F08D80FFE70298A9
S31508000FA0016801205822C4F202029142009000F022
S31508000FB08280FFE70298016801207022C4F20202CB
S31508000FC09142009077D0FFE70298016801208822B5
S31508000FD0C4F20202914200906DD0FFE702980168C0
S31508000FE00120A022C4F202029142009063D0FFE7DA
S31508000FF0029801680120B822C4F2020291420090C8
S3150800100059D0FFE702980168012040F21042C4F265
S315080010100202914200904ED0FFE702980168012033
S3150800102040F22842C4F202029142009043D0FFE700
S3150800103002980168012040F24042C4F2020291423D
S31508001040009038D0FFE702980168012040F2584224
S31508001050C4F20202914200902DD0FFE7029801687F
S31508001060012040F27042C4F202029142009022D05E
S31508001070FFE702980168012040F28842C4F20202A2
S315080010809142009017D0FFE702980168012040F2CC
S31508001090A042C4F20202914200900CD0FFE70298E7
S315080010A000684FF64831CBF6FD710844B0FA80F077
S315080010B040090090FFE70098C00740B3FFE7029891
S315080010C0007810384AF6AB21CAF6AA21A0FB01100F
S315080010D000090190019800F0070146F6B400C0F631
S315080010E00200405C0299C8650198042807D3FFE707
S315080010F002990868042262F30900886506E00299E5
S31508001100086840F2FF3290438865FFE705E00299D8
S31508001110086820F0FF008865FFE70298806D03B035
S31508001120704700000000000084B003900398006830
S31508001130019003980168012045F20842C5F60202AB
S31508001140914200904ED0FFE703980168012045F2CE
S315080011501C42C5F602029142009043D0FFE703986D
S315080011600168012045F23042C5F60202914200901C
S3150800117038D0FFE703980168012045F24442C5F6D6
S315080011800202914200902DD0FFE7039801680120E2
S3150800119045F25842C5F602029142009022D0FFE776
S315080011A003980168012045F26C42C5F60202914295
S315080011B0009017D0FFE703980168012045F28042A6
S315080011C0C5F60202914200900CD0FFE7039800682A
S315080011D04AF66C31CAF2FD710844B0FA80F040094B
S315080011E00090FFE70098C00710B3FFE70398007860
S315080011F008384CF6CD41CCF6CC41A0FB01100009CD
S315080012000290029945F60000C5F6020000EB81003F
S3150800121003990866039945F68000C5F602004866F4
S31508001220029800F01F01012088400399886635E07E
S315080012300398007810384AF6AB21CAF6AA21A0FB13
S31508001240011000090290019840F2B841C4F2020167
S3150800125088420CD8FFE7019840F21041C4F2020117
S31508001260884204D3FFE7029808300290FFE7029904
S3150800127040F60000C4F2020000EB810003990866FC
S31508001280039940F68000C4F202004866029800F00E
S315080012901F010120884003998866FFE704B070475C
S315080012A083B002900298007901900198002800F016
S315080012B08A80FFE70198082800F28580FFE70298F0
S315080012C00168012045F20842C5F6020291420090E3
S315080012D04ED0FFE702980168012045F21C42C5F688
S315080012E002029142009043D0FFE70298016801206C
S315080012F045F23042C5F602029142009038D0FFE727
S3150800130002980168012045F24442C5F6020291425C
S3150800131000902DD0FFE702980168012045F2584257
S31508001320C5F602029142009022D0FFE702980168B2
S31508001330012045F26C42C5F602029142009017D090
S31508001340FFE702980168012045F28042C5F60202CD
S31508001350914200900CD0FFE7029800684AF66C317B
S31508001360CAF2FD710844B0FA80F040090090FFE720
S315080013700098C00780B1FFE7019945F6FC00C5F65D
S31508001380020000EB81000299C866029945F64010F2
S31508001390C5F6020008670FE0019940F6FC00C4F2A2
S315080013A0020000EB81000299C866029940F64010D7
S315080013B0C4F202000867FFE70198411E0120884031
S315080013C002994867FFE703B0704700000000000075
S315080013D085B0049000208DF80F000498806918BB2A
S315080013E0FFE70498806A029003281BD80299DFE871
S315080013F001F0020D0218049890F82F00C00720B1DA
S31508001400FFE701208DF80F00FFE70CE00498C06A9B
S31508001410B0F1C07F04D1FFE701208DF80F00FFE788
S3150800142001E000E0FFE747E004988069B0F5005F57
S3150800143026D1FFE70498806A019003281ED80199EF
S31508001440DFE801F00206021101208DF80F0016E010
S31508001450049890F82F00C00720B1FFE701208DF807
S315080014600F00FFE70BE00498C06AB0F1C07F04D113
S31508001470FFE701208DF80F00FFE700E0FFE71AE01D
S315080014800498806A0090032804D3FFE7009803288D
S3150800149004D00EE001208DF80F000BE0049890F8B8
S315080014A02F00C00720B1FFE701208DF80F00FFE7E6
S315080014B000E0FFE7FFE7FFE79DF80F0005B070477C
S315080014C089B008900791069205930898806D049054
S315080014D00898806D03900898016801201022C4F2CC
S315080014E002029142029000F00381FFE70898016822
S315080014F001202822C4F202029142029000F0F880EC
S31508001500FFE70898016801204022C4F202029142CE
S31508001510029000F0ED80FFE7089801680120582244
S31508001520C4F202029142029000F0E280FFE70898B6
S31508001530016801207022C4F202029142029000F072
S31508001540D780FFE70898016801208822C4F20202C2
S315080015509142029000F0CC80FFE7089801680120CC
S31508001560A022C4F202029142029000F0C180FFE775
S31508001570089801680120B822C4F20202914202903A
S3150800158000F0B680FFE708980168012040F2104293
S31508001590C4F202029142029000F0AA80FFE708987E
S315080015A00168012040F22842C4F2020291420290E8
S315080015B000F09E80FFE708980168012040F240424B
S315080015C0C4F202029142029000F09280FFE7089866
S315080015D00168012040F25842C4F202029142029088
S315080015E000F08680FFE708980168012040F2704203
S315080015F0C4F20202914202907AD0FFE70898016885
S31508001600012040F28842C4F20202914202906FD051
S31508001610FFE708980168012040F2A042C4F20202DE
S315080016209142029064D0FFE708980168012040F2D1
S31508001630B842C4F202029142029059D0FFE70898D4
S315080016400168012045F20842C5F60202914202905D
S315080016504ED0FFE708980168012045F21C42C5F6FE
S3150800166002029142029043D0FFE7089801680120E0
S3150800167045F23042C5F602029142029038D0FFE7A1
S3150800168008980168012045F24442C5F602029142D3
S3150800169002902DD0FFE708980168012045F25842CC
S315080016A0C5F602029142029022D0FFE70898016827
S315080016B0012045F26C42C5F602029142029017D00B
S315080016C0FFE708980168012045F28042C5F6020244
S315080016D0914202900CD0FFE7089800684AF66C31F0
S315080016E0CAF2FD710844B0FA80F040090290FFE79B
S315080016F00298C00770B1FFE70898416E806E48608F
S315080017000898C06E28B1FFE70898016F406F4860D7
S31508001710FFE7FFE70898016801201022C4F20202D9
S315080017209142019000F0A380FFE708980168012024
S315080017302822C4F202029142019000F09880FFE745
S315080017400898016801204022C4F2020291420190E1
S3150800175000F08D80FFE70898016801205822C4F23E
S3150800176002029142019000F08280FFE70898016822
S3150800177001207022C4F202029142019077D0FFE75D
S315080017800898016801208822C4F202029142019059
S315080017906DD0FFE7089801680120A022C4F2020272
S315080017A09142019063D0FFE7089801680120B822AA
S315080017B0C4F202029142019059D0FFE708980168E5
S315080017C0012040F21042C4F20202914201904ED02A
S315080017D0FFE708980168012040F22842C4F2020295
S315080017E09142019043D0FFE708980168012040F232
S315080017F04042C4F202029142019038D0FFE70898AD
S315080018000168012040F25842C4F202029142019056
S315080018102DD0FFE708980168012040F27042C4F213
S3150800182002029142019022D0FFE708980168012040
S3150800183040F28842C4F202029142019017D0FFE7B3
S3150800184008980168012040F2A042C4F202029142BF
S3150800185001900CD0FFE7089800684FF64831CBF6A0
S31508001860FD710844B0FA80F040090190FFE701983D
S31508001870C00750B3FFE70898C06D00F01F013F206E
S3150800188088400499886008980168086820F48020D0
S31508001890086005980899096848600898806840288B
S315080018A009D1FFE706980899096888600798089992
S315080018B00968C86008E00798089909688860069862
S315080018C008990968C860FFE782E00898016801205E
S315080018D045F20842C5F60202914200904ED0FFE753
S315080018E008980168012045F21C42C5F60202914299
S315080018F0009043D0FFE708980168012045F230427E
S31508001900C5F602029142009038D0FFE708980168B0
S31508001910012045F24442C5F60202914200902DD0BC
S31508001920FFE708980168012045F25842C5F6020209
S315080019309142009022D0FFE708980168012045F2FD
S315080019406C42C5F602029142009017D0FFE708984C
S315080019500168012045F28042C5F6020291420090D4
S315080019600CD0FFE7089800684AF66C31CAF2FD7198
S315080019700844B0FA80F040090090FFE70098C007D5
S3150800198020B3FFE70898C06D00F01F0101208840CA
S315080019900399486005980899096848600898806816
S315080019A0402809D1FFE706980899096888600798CA
S315080019B008990968C86008E007980899096888605E
S315080019C0069808990968C860FFE700E0FFE7FFE79F
S315080019D009B070470000000081B000904EF6FC5137
S315080019E0CEF20001086840F08070086041F6B071D8
S315080019F0CEF2000108684CF65562CCF2AC521043A0
S31508001A00086041F20401CEF200010020086041F2AC
S31508001A100002CEF20002116841F00101116000993E
S31508001A2044F24022C0F20F024A4340F26441C2F235
S31508001A3000410A600A6844F6D353C1F26203A2FB66
S31508001A400332920940F26843C2F200431A600968F9
S31508001A504DF68362C4F21B32A1FB0221890C40F2C7
S31508001A606C42C2F20042116040F27C41C2F200416F
S31508001A70086001B0704700007047000000000000D1
S31508001A8080B54FF4806004F03BFE4FF4805004F0BC
S31508001A9037FE80BD0000000081B0EFF3108072B6FB
S31508001AA00090FFE7FEE7000080B545F2E840C2F285
S31508001AB0004003F0E1FE80BD80B545F28850C2F2D1
S31508001AC0004003F0D9FE80BD80B545F22860C2F219
S31508001AD0004003F0D1FE80BD84B002900298406BAE
S31508001AE0009002980068D0F884004FF6FC7188438D
S31508001AF0009940EA810002990968C1F884000298B1
S31508001B000068D0F8840020F47F00029A1168926B6E
S31508001B1040EA0240C1F884000298816B00980844A4
S31508001B20009002980068D0F888006FF38F0000993B
S31508001B3040EA810002990968C1F88800029800689D
S31508001B40D0F8880020F4FE00029A1168D26B40EAA9
S31508001B500240C1F888000298C16B009800EB41006A
S31508001B60009002980068D0F8A0006FF38F000099E3
S31508001B7040EA810002990968C1F8A0000298006845
S31508001B80D0F8A00020F4FE00029A1168126C40EA10
S31508001B900240C1F8A0000299086C496C009A00FB43
S31508001BA00120009002980068D0F8B0006FF38F000B
S31508001BB0009940EA810002990968C1F8B0000298C4
S31508001BC00068D0F8B00020F4FE00029A1168926C02
S31508001BD040EA0240C1F8B0000299886CC96C009AC4
S31508001BE000FB0120009002980068D0F8AC006FF363
S31508001BF08F00009940EA810002990968C1F8AC0093
S31508001C000299086D496D009A00FB01200090029820
S31508001C100068D0F8F0006FF38F00009940EA810061
S31508001C2002990968C1F8F00002980068D0F8F00037
S31508001C3020F47C10029A1168926D40EA0240C1F8BD
S31508001C40F0000298816D009800EB41000090029820
S31508001C500068D0F8C0006FF38F00009940EA810051
S31508001C6002990968C1F8C00002980068D0F8C00057
S31508001C7020F47C10029A1168D26D40EA0240C1F83D
S31508001C80C00002980068D0F8C00020F07C50029A84
S31508001C901168126E40EA0260C1F8C00002994A6BE8
S31508001CA04AF60040C4F2000000EB8200C8660299BA
S31508001CB08A6BC86E00EB820008670299CA6B086FC8
S31508001CC000EBC200486702990A6C4B6C486F5A438E
S31508001CD000EB8200886702998A6CCB6C886F5A433E
S31508001CE000EB8200C86702990A6D4B6DC86F5A43AC
S31508001CF000EB8200C1F8800002998A6DD1F8800055
S31508001D0000EBC200C1F884000299CA6D8B6ED1F847
S31508001D1084005A4300EB8200C1F8880002990A6ED3
S31508001D208B6ED1F888005A4300EB8200C1F8900008
S31508001D300298D0F890004DF2FD31C4F200018842B5
S31508001D400FD3FFE70299D1F89C0040F02000C1F8B4
S31508001D509C000299032081F8980001208DF80F0055
S31508001D6017E00298C06E0190FFE701980299D1F832
S31508001D709010884208D2FFE7019900200860FFE723
S31508001D80019804300190F0E7FFE700208DF80F0076
S31508001D90FFE79DF80F0004B0704700000000000040
S31508001DA088B007900691059204930698406848B94A
S31508001DB0FFE70698016882680069104340EA814097
S31508001DC0039009E006980168826800691043084391
S31508001DD040F080400390FFE70698D0F820C0C1681D
S31508001DE042698369C06940EA0C601843104340EAB7
S31508001DF0014002900798826ED0F8840004995143F6
S31508001E0000EB81000190039801990860019804305D
S31508001E100190029801990860019804300190002009
S31508001E200090FFE700980699CA6846F6A401C0F62E
S31508001E300201895C88420DD2FFE70598009940584F
S31508001E4001990860019804300190FFE70098043072
S31508001E500090E7E708B0704780B584B04EF60000FA
S31508001E60C1F6F170006803904EF60400C1F6F170F1
S31508001E70006802904EF60800C1F6F17000680190FD
S31508001E800199039808440390039888B1FFE70398DB
S31508001E9040F28411C2F200410091023108220CF08E
S31508001EA03FFC00990298123104220CF039FCFFE736
S31508001EB004B080BD0000000080B58AB0089004F028
S31508001EC03BFE0490089828B9FFE701208DF8270003
S31508001ED000F0AABC089890F8350002280ED0FFE753
S31508001EE0089980204865FFE70899002081F83400A2
S31508001EF0FFE701208DF8270000F096BC08980168D6
S31508001F0001201022C4F202029142039000F0A3803D
S31508001F10FFE70898016801202822C4F202029142CC
S31508001F20039000F09880FFE7089801680120402296
S31508001F30C4F202029142039000F08D80FFE70898F0
S31508001F40016801205822C4F202029142039000F06F
S31508001F508280FFE70898016801207022C4F2020215
S31508001F609142039077D0FFE70898016801208822FC
S31508001F70C4F20202914203906DD0FFE70898016807
S31508001F800120A022C4F202029142039063D0FFE727
S31508001F90089801680120B822C4F20202914203900F
S31508001FA059D0FFE708980168012040F21042C4F2B0
S31508001FB00202914203904ED0FFE70898016801207B
S31508001FC040F22842C4F202029142039043D0FFE74E
S31508001FD008980168012040F24042C4F20202914288
S31508001FE0039038D0FFE708980168012040F258426C
S31508001FF0C4F20202914203902DD0FFE708980168C7
S31508002000012040F27042C4F202029142039022D0AB
S31508002010FFE708980168012040F28842C4F20202EC
S315080020209142039017D0FFE708980168012040F213
S31508002030A042C4F20202914203900CD0FFE708982E
S3150800204000684FF64831CBF6FD710844B0FA80F0C7
S3150800205040090390FFE70398C00780B1FFE7089897
S315080020600168086820F01E00086008980168486939
S3150800207020F08000486108980068059009E00898F3
S315080020800168086820F00E00086008980068059046
S31508002090FFE70898016801201022C4F20202914263
S315080020A0029000F00381FFE70898016801202822C2
S315080020B0C4F202029142029000F0F880FFE7089805
S315080020C0016801204022C4F202029142029000F007
S315080020D0ED80FFE70898016801205822C4F2020241
S315080020E09142029000F0E280FFE70898016801201B
S315080020F07022C4F202029142029000F0D780FFE7F4
S315080021000898016801208822C4F2020291420290CE
S3150800211000F0CC80FFE7089801680120A022C4F2ED
S3150800212002029142029000F0C180FFE70898016818
S315080021300120B822C4F202029142029000F0B68051
S31508002140FFE708980168012040F21042C4F2020233
S315080021509142029000F0AA80FFE7089801680120E2
S3150800216040F22842C4F202029142029000F09E8098
S31508002170FFE708980168012040F24042C4F20202D3
S315080021809142029000F09280FFE7089801680120CA
S3150800219040F25842C4F202029142029000F0868050
S315080021A0FFE708980168012040F27042C4F2020273
S315080021B0914202907AD0FFE708980168012040F220
S315080021C08842C4F20202914202906FD0FFE7089853
S315080021D00168012040F2A042C4F202029142029034
S315080021E064D0FFE708980168012040F2B842C4F2BB
S315080021F002029142029059D0FFE70898016801202F
S3150800220045F20842C5F60202914202904ED0FFE717
S3150800221008980168012045F21C42C5F6020291425F
S31508002220029043D0FFE708980168012045F2304242
S31508002230C5F602029142029038D0FFE70898016875
S31508002240012045F24442C5F60202914202902DD081
S31508002250FFE708980168012045F25842C5F60202D0
S315080022609142029022D0FFE708980168012045F2C2
S315080022706C42C5F602029142029017D0FFE7089811
S315080022800168012045F28042C5F602029142029099
S315080022900CD0FFE7089800684AF66C31CAF2FD715F
S315080022A00844B0FA80F040090290FFE70298C00798
S315080022B038B1FFE70898016E086820F48070086056
S315080022C0FFE7089800681021C4F20201884200F06E
S315080022D08180FFE7089800682821C4F20201884235
S315080022E078D0FFE7089800684021C4F202018842C6
S315080022F070D0FFE7089800685821C4F202018842A6
S3150800230068D0FFE7089800687021C4F20201884285
S3150800231060D0FFE7089800688821C4F20201884265
S3150800232058D0FFE708980068A021C4F20201884245
S3150800233050D0FFE708980068B821C4F20201884225
S3150800234048D0FFE70898006840F21041C4F202013D
S3150800235088423FD0FFE70898006840F22841C4F257
S315080023600201884236D0FFE70898006840F24041EB
S31508002370C4F2020188422DD0FFE70898006840F2AF
S315080023805841C4F20201884224D0FFE70898006841
S3150800239040F27041C4F2020188421BD0FFE7089858
S315080023A0006840F28841C4F20201884212D0FFE771
S315080023B00898006840F2A041C4F20201884209D098
S315080023C0FFE70898006840F2B841C4F20201884263
S315080023D007D1FFE708980168086820F0010008603F
S315080023E006E008980168086820F001000860FFE721
S315080023F0FFE705980068C007C8B1FFE704F09CFB33
S315080024000499401A062811D3FFE708992020486541
S315080024100899032081F83500FFE70899002081F81C
S315080024203400FFE701208DF82700FDE1E1E7089871
S31508002430016801201022C4F202029142019000F0C4
S31508002440A380FFE70898016801202822C4F2020247
S315080024509142019000F09880FFE7089801680120F2
S315080024604022C4F202029142019000F08D80FFE7FB
S315080024700898016801205822C4F20202914201908C
S3150800248000F08280FFE70898016801207022C4F2F4
S3150800249002029142019077D0FFE70898016801206F
S315080024A08822C4F20202914201906DD0FFE7089893
S315080024B001680120A022C4F202029142019063D071
S315080024C0FFE7089801680120B822C4F20202914287
S315080024D0019059D0FFE708980168012040F21042A0
S315080024E0C4F20202914201904ED0FFE708980168B3
S315080024F0012040F22842C4F202029142019043D0E0
S31508002500FFE708980168012040F24042C4F202023F
S315080025109142019038D0FFE708980168012040F2FF
S315080025205842C4F20202914201902DD0FFE7089862
S315080025300168012040F27042C4F202029142019001
S3150800254022D0FFE708980168012040F28842C4F2C9
S3150800255002029142019017D0FFE70898016801200E
S3150800256040F2A042C4F20202914201900CD0FFE769
S31508002570089800684FF64831CBF6FD710844B0FA62
S3150800258080F040090190FFE70198C00760B1FFE7B6
S315080025900898806D07900898C06D00F01F013F20CD
S315080025A08840079988600BE00898806D069008981F
S315080025B0C06D00F01F010120884006994860FFE7BA
S315080025C00898016801201022C4F202029142009084
S315080025D000F00381FFE70898016801202822C4F269
S315080025E002029142009000F0F880FFE7089801681F
S315080025F001204022C4F202029142009000F0ED80D0
S31508002600FFE70898016801205822C4F202029142A5
S31508002610009000F0E280FFE7089801680120702228
S31508002620C4F202029142009000F0D780FFE70898B2
S31508002630016801208822C4F202029142009000F04B
S31508002640CC80FFE7089801680120A022C4F20202A4
S315080026509142009000F0C180FFE7089801680120C8
S31508002660B822C4F202029142009000F0B680FFE759
S3150800267008980168012040F21042C4F20202914211
S31508002680009000F0AA80FFE708980168012040F250
S315080026902842C4F202029142009000F09E80FFE7B1
S315080026A008980168012040F24042C4F202029142B1
S315080026B0009000F09280FFE708980168012040F238
S315080026C05842C4F202029142009000F08680FFE769
S315080026D008980168012040F27042C4F20202914251
S315080026E000907AD0FFE708980168012040F28842F6
S315080026F0C4F20202914200906FD0FFE70898016881
S31508002700012040F2A042C4F202029142009064D035
S31508002710FFE708980168012040F2B842C4F20202B5
S315080027209142009059D0FFE708980168012045F2C8
S315080027300842C5F60202914200904ED0FFE708987B
S315080027400168012045F21C42C5F60202914200903A
S3150800275043D0FFE708980168012045F23042C5F6E4
S3150800276002029142009038D0FFE7089801680120DC
S3150800277045F24442C5F60202914200902DD0FFE789
S3150800278008980168012045F25842C5F602029142AE
S31508002790009022D0FFE708980168012045F26C42B4
S315080027A0C5F602029142009017D0FFE70898016823
S315080027B0012045F28042C5F60202914200900CD0F3
S315080027C0FFE7089800684AF66C31CAF2FD710844BA
S315080027D0B0FA80F040090090FFE70098C007A0B162
S315080027E0FFE70898416E806E48600898C06E58B139
S315080027F0FFE70898C16E086820F48070086008989A
S31508002800016F406F4860FFE7FFE70899012081F8EC
S315080028103500FFE70899002081F83400FFE7FFE755
S3150800282000208DF82700FFE79DF827000AB080BD35
S3150800283080B586B00490049820B9FFE701208DF88A
S31508002840170046E3049890F83500022807D0FFE7FA
S3150800285004998020486501208DF8170039E304980B
S31508002860016801201022C4F202029142029000F08F
S31508002870A380FFE70498016801202822C4F2020217
S315080028809142029000F09880FFE7049801680120C1
S315080028904022C4F202029142029000F08D80FFE7C6
S315080028A00498016801205822C4F20202914202905B
S315080028B000F08280FFE70498016801207022C4F2C4
S315080028C002029142029077D0FFE70498016801203E
S315080028D08822C4F20202914202906DD0FFE7049862
S315080028E001680120A022C4F202029142029063D03C
S315080028F0FFE7049801680120B822C4F20202914257
S31508002900029059D0FFE704980168012040F210426E
S31508002910C4F20202914202904ED0FFE70498016881
S31508002920012040F22842C4F202029142029043D0AA
S31508002930FFE704980168012040F24042C4F202020F
S315080029409142029038D0FFE704980168012040F2CE
S315080029505842C4F20202914202902DD0FFE7049831
S315080029600168012040F27042C4F2020291420290CC
S3150800297022D0FFE704980168012040F28842C4F299
S3150800298002029142029017D0FFE7049801680120DD
S3150800299040F2A042C4F20202914202900CD0FFE734
S315080029A0049800684FF64831CBF6FD710844B0FA32
S315080029B080F040090290FFE70298C007002800F05F
S315080029C09D80FFE70499042081F835000498006883
S315080029D01021C4F20201884200F08180FFE70498C2
S315080029E000682821C4F20201884278D0FFE70498DB
S315080029F000684021C4F20201884270D0FFE70498BB
S31508002A0000685821C4F20201884268D0FFE704989A
S31508002A1000687021C4F20201884260D0FFE704987A
S31508002A2000688821C4F20201884258D0FFE704985A
S31508002A300068A021C4F20201884250D0FFE704983A
S31508002A400068B821C4F20201884248D0FFE704981A
S31508002A50006840F21041C4F2020188423FD0FFE705
S31508002A600498006840F22841C4F20201884236D030
S31508002A70FFE70498006840F24041C4F20201884228
S31508002A802DD0FFE70498006840F25841C4F20201CD
S31508002A90884224D0FFE70498006840F27041C4F2E7
S31508002AA0020188421BD0FFE70498006840F288417B
S31508002AB0C4F20201884212D0FFE70498006840F287
S31508002AC0A041C4F20201884209D0FFE704980068D1
S31508002AD040F2B841C4F20201884207D1FFE70498E0
S31508002AE00168086820F00100086006E0049801689B
S31508002AF0086820F001000860FFE7E5E1049801682E
S31508002B00086820F00E000860049800681021C4F2D6
S31508002B100201884200F08180FFE7049800682821B6
S31508002B20C4F20201884278D0FFE704980068402181
S31508002B30C4F20201884270D0FFE704980068582161
S31508002B40C4F20201884268D0FFE704980068702141
S31508002B50C4F20201884260D0FFE704980068882121
S31508002B60C4F20201884258D0FFE704980068A02101
S31508002B70C4F20201884250D0FFE704980068B821E1
S31508002B80C4F20201884248D0FFE70498006840F280
S31508002B901041C4F2020188423FD0FFE7049800685A
S31508002BA040F22841C4F20201884236D0FFE7049871
S31508002BB0006840F24041C4F2020188422DD0FFE786
S31508002BC00498006840F25841C4F20201884224D0B1
S31508002BD0FFE70498006840F27041C4F20201884297
S31508002BE01BD0FFE70498006840F28841C4F202014E
S31508002BF0884212D0FFE70498006840F2A041C4F268
S31508002C000201884209D0FFE70498006840F2B841FB
S31508002C10C4F20201884207D1FFE7049801680868F0
S31508002C2020F00100086006E004980168086820F0B2
S31508002C3001000860FFE70498016801201022C4F229
S31508002C4002029142019000F00381FFE704980168AF
S31508002C5001202822C4F202029142019000F0F88075
S31508002C60FFE70498016801204022C4F2020291425B
S31508002C70019000F0ED80FFE70498016801205822D2
S31508002C80C4F202029142019000F0E280FFE7049844
S31508002C90016801207022C4F202029142019000F0FC
S31508002CA0D780FFE70498016801208822C4F202024F
S31508002CB09142019000F0CC80FFE70498016801205A
S31508002CC0A022C4F202029142019000F0C180FFE7FF
S31508002CD0049801680120B822C4F2020291420190C8
S31508002CE000F0B680FFE704980168012040F2104220
S31508002CF0C4F202029142019000F0AA80FFE704980C
S31508002D000168012040F22842C4F202029142019071
S31508002D1000F09E80FFE704980168012040F24042D7
S31508002D20C4F202029142019000F09280FFE70498F3
S31508002D300168012040F25842C4F202029142019011
S31508002D4000F08680FFE704980168012040F270428F
S31508002D50C4F20202914201907AD0FFE70498016812
S31508002D60012040F28842C4F20202914201906FD0DB
S31508002D70FFE704980168012040F2A042C4F202026B
S31508002D809142019064D0FFE704980168012040F25F
S31508002D90B842C4F202029142019059D0FFE7049862
S31508002DA00168012045F20842C5F6020291420190E7
S31508002DB04ED0FFE704980168012045F21C42C5F68B
S31508002DC002029142019043D0FFE70498016801206E
S31508002DD045F23042C5F602029142019038D0FFE72B
S31508002DE004980168012045F24442C5F60202914260
S31508002DF001902DD0FFE704980168012045F258425A
S31508002E00C5F602029142019022D0FFE704980168B4
S31508002E10012045F26C42C5F602029142019017D094
S31508002E20FFE704980168012045F28042C5F60202D0
S31508002E30914201900CD0FFE7049800684AF66C317D
S31508002E40CAF2FD710844B0FA80F040090190FFE724
S31508002E500198C00728B3FFE70498016E086820F4B4
S31508002E60807008600498806D03900498C06D00F027
S31508002E701F0101208840039948600498416E806EBE
S31508002E8048600498C06E58B1FFE70498C16E086898
S31508002E9020F4807008600498016F406F4860FFE76F
S31508002EA0FFE70499012081F83500FFE7049900201F
S31508002EB081F83400FFE70498006D20B1FFE7049815
S31508002EC0016D8847FFE7FFE7FFE700208DF8170049
S31508002ED0FFE79DF8170006B080BD0000000000005F
S31508002EE081B000900098406D01B070470000000066
S31508002EF080B590B00F9000200B9040F2C800C2F247
S31508002F000040006848F2B511C1F64E31A0FB011029
S31508002F10800A0A900F98806D09900F98806D089026
S31508002F20099800680E90089800680D900F98016837
S31508002F3001201022C4F202029142079000F0A380F9
S31508002F40FFE70F98016801202822C4F20202914285
S31508002F50079000F09880FFE70F980168012040224B
S31508002F60C4F202029142079000F08D80FFE70F98A5
S31508002F70016801205822C4F202029142079000F02B
S31508002F808280FFE70F98016801207022C4F20202CE
S31508002F909142079077D0FFE70F98016801208822B1
S31508002FA0C4F20202914207906DD0FFE70F980168BC
S31508002FB00120A022C4F202029142079063D0FFE7E3
S31508002FC00F9801680120B822C4F2020291420790C4
S31508002FD059D0FFE70F980168012040F21042C4F269
S31508002FE00202914207904ED0FFE70F980168012030
S31508002FF040F22842C4F202029142079043D0FFE70A
S315080030000F980168012040F24042C4F20202914240
S31508003010079038D0FFE70F980168012040F2584220
S31508003020C4F20202914207902DD0FFE70F9801687B
S31508003030012040F27042C4F202029142079022D067
S31508003040FFE70F980168012040F28842C4F20202A5
S315080030509142079017D0FFE70F980168012040F2C8
S31508003060A042C4F20202914207900CD0FFE70F98E3
S3150800307000684FF64831CBF6FD710844B0FA80F087
S3150800308040090790FFE70798C007002800F0138556
S31508003090FFE70E980F99C96D01F01F01C840000798
S315080030A0002840F1B080FFE70F9800681021C4F2AD
S315080030B00201884200F08180FFE70F980068282106
S315080030C0C4F20201884278D0FFE70F9800684021D1
S315080030D0C4F20201884270D0FFE70F9800685821B1
S315080030E0C4F20201884268D0FFE70F980068702191
S315080030F0C4F20201884260D0FFE70F980068882171
S31508003100C4F20201884258D0FFE70F980068A02150
S31508003110C4F20201884250D0FFE70F980068B82130
S31508003120C4F20201884248D0FFE70F98006840F2CF
S315080031301041C4F2020188423FD0FFE70F980068A9
S3150800314040F22841C4F20201884236D0FFE70F98C0
S31508003150006840F24041C4F2020188422DD0FFE7E0
S315080031600F98006840F25841C4F20201884224D000
S31508003170FFE70F98006840F27041C4F202018842E6
S315080031801BD0FFE70F98006840F28841C4F202019D
S31508003190884212D0FFE70F98006840F2A041C4F2B7
S315080031A00201884209D0FFE70F98006840F2B8414B
S315080031B0C4F20201884207D1FFE70F980068006849
S315080031C000F00400069006E00F980068006800F01A
S315080031D008000690FFE70698A0B1FFE70F98016878
S315080031E0086820F0040008600F98C06D00F01F0101
S315080031F008208840099988600F99486D40F00100B9
S315080032004865FFE7FFE70E980F99C96D01F01F01A2
S31508003210C840C007002800F0A980FFE70F9800689B
S315080032201021C4F20201884200F08180FFE70F985E
S3150800323000682821C4F20201884278D0FFE70F9877
S3150800324000684021C4F20201884270D0FFE70F9857
S3150800325000685821C4F20201884268D0FFE70F9837
S3150800326000687021C4F20201884260D0FFE70F9817
S3150800327000688821C4F20201884258D0FFE70F98F7
S315080032800068A021C4F20201884250D0FFE70F98D7
S315080032900068B821C4F20201884248D0FFE70F98B7
S315080032A0006840F21041C4F2020188423FD0FFE7AD
S315080032B00F98006840F22841C4F20201884236D0CD
S315080032C0FFE70F98006840F24041C4F202018842C5
S315080032D02DD0FFE70F98006840F25841C4F202016A
S315080032E0884224D0FFE70F98006840F27041C4F284
S315080032F0020188421BD0FFE70F98006840F2884118
S31508003300C4F20201884212D0FFE70F98006840F223
S31508003310A041C4F20201884209D0FFE70F9800686D
S3150800332040F2B841C4F20201884207D1FFE70F987C
S315080033300068406900F08000059005E00F98006875
S31508003340006800200590FFE7059870B1FFE70F9821
S31508003350C06D00F01F0101208840099988600F9907
S31508003360486D40F002004865FFE7FFE70E980F99A1
S31508003370C96D01F01F01C8404007002840F1A98027
S31508003380FFE70F9800681021C4F20201884200F096
S315080033908180FFE70F9800682821C4F2020188425D
S315080033A078D0FFE70F9800684021C4F202018842EE
S315080033B070D0FFE70F9800685821C4F202018842CE
S315080033C068D0FFE70F9800687021C4F202018842AE
S315080033D060D0FFE70F9800688821C4F2020188428E
S315080033E058D0FFE70F980068A021C4F2020188426E
S315080033F050D0FFE70F980068B821C4F2020188424E
S3150800340048D0FFE70F98006840F21041C4F2020165
S3150800341088423FD0FFE70F98006840F22841C4F27F
S315080034200201884236D0FFE70F98006840F2404113
S31508003430C4F2020188422DD0FFE70F98006840F2D7
S315080034405841C4F20201884224D0FFE70F98006869
S3150800345040F27041C4F2020188421BD0FFE70F9880
S31508003460006840F28841C4F20201884212D0FFE7A0
S315080034700F98006840F2A041C4F20201884209D0C0
S31508003480FFE70F98006840F2B841C4F2020188428B
S3150800349007D1FFE70F980068006800F00200049063
S315080034A005E00F980068006800200490FFE704987C
S315080034B070B1FFE70F98C06D00F01F010420884027
S315080034C0099988600F99486D40F004004865FFE740
S315080034D0FFE70E980F99C96D01F01F01C840C00695
S315080034E0002840F1DE80FFE70F9800681021C4F23B
S315080034F00201884200F08180FFE70F9800682821C2
S31508003500C4F20201884278D0FFE70F98006840218C
S31508003510C4F20201884270D0FFE70F98006858216C
S31508003520C4F20201884268D0FFE70F98006870214C
S31508003530C4F20201884260D0FFE70F98006888212C
S31508003540C4F20201884258D0FFE70F980068A0210C
S31508003550C4F20201884250D0FFE70F980068B821EC
S31508003560C4F20201884248D0FFE70F98006840F28B
S315080035701041C4F2020188423FD0FFE70F98006865
S3150800358040F22841C4F20201884236D0FFE70F987C
S31508003590006840F24041C4F2020188422DD0FFE79C
S315080035A00F98006840F25841C4F20201884224D0BC
S315080035B0FFE70F98006840F27041C4F202018842A2
S315080035C01BD0FFE70F98006840F28841C4F2020159
S315080035D0884212D0FFE70F98006840F2A041C4F273
S315080035E00201884209D0FFE70F98006840F2B84107
S315080035F0C4F20201884207D1FFE70F980068006805
S3150800360000F00800039006E00F980068006800F0D4
S3150800361004000390FFE70398002841D0FFE70F98BE
S31508003620C06D00F01F0110208840099988600F9826
S3150800363000680068400300281AD5FFE70F9800685D
S3150800364000680003002809D4FFE70F98006C20B132
S31508003650FFE70F98016C8847FFE708E00F98806C32
S3150800366020B1FFE70F98816C8847FFE7FFE716E070
S315080036700F9800680068C005002807D4FFE70F9870
S315080036800168086820F008000860FFE70F98006CDA
S3150800369020B1FFE70F98016C8847FFE7FFE7FFE7D0
S315080036A0FFE70E980F99C96D01F01F01C840800603
S315080036B0002840F12681FFE70F9800681021C4F220
S315080036C00201884200F08180FFE70F9800682821F0
S315080036D0C4F20201884278D0FFE70F9800684021BB
S315080036E0C4F20201884270D0FFE70F98006858219B
S315080036F0C4F20201884268D0FFE70F98006870217B
S31508003700C4F20201884260D0FFE70F98006888215A
S31508003710C4F20201884258D0FFE70F980068A0213A
S31508003720C4F20201884250D0FFE70F980068B8211A
S31508003730C4F20201884248D0FFE70F98006840F2B9
S315080037401041C4F2020188423FD0FFE70F98006893
S3150800375040F22841C4F20201884236D0FFE70F98AA
S31508003760006840F24041C4F2020188422DD0FFE7CA
S315080037700F98006840F25841C4F20201884224D0EA
S31508003780FFE70F98006840F27041C4F202018842D0
S315080037901BD0FFE70F98006840F28841C4F2020187
S315080037A0884212D0FFE70F98006840F2A041C4F2A1
S315080037B00201884209D0FFE70F98006840F2B84135
S315080037C0C4F20201884207D1FFE70F980068006833
S315080037D000F01000029006E00F980068006800F0FC
S315080037E002000290FFE70298002800F08980FFE7B0
S315080037F00F98C06D00F01F01202088400999886045
S315080038000F9890F83500042837D1FFE70F9801681C
S31508003810086820F0160008600F980168486920F0CB
S31508003820800048610F98006C20B9FFE70F98806CFC
S3150800383038B1FFE70F980168086820F008000860AB
S31508003840FFE70F98C06D00F01F013F2088400999D7
S3150800385088600F99012081F83500FFE70F9900204D
S3150800386081F83400FFE70F98006D20B1FFE70F9845
S31508003870016D8847FFE700F019BC0F9800680068DB
S31508003880400300281AD5FFE70F9800680068000370
S31508003890002809D4FFE70F98406C20B1FFE70F987E
S315080038A0416C8847FFE708E00F98C06B20B1FFE737
S315080038B00F98C16B8847FFE7FFE720E00F9800687D
S315080038C00068C005002811D4FFE70F98016808684A
S315080038D020F0100008600F99012081F83500FFE7F5
S315080038E00F99002081F83400FFE7FFE70F98C06BB7
S315080038F020B1FFE70F98C16B8847FFE7FFE7FFE7AF
S31508003900FFE70F98406D002800F0D480FFE70F9876
S31508003910406DC007002800F0C480FFE70F99042017
S3150800392081F835000F9800681021C4F20201884218
S3150800393000F08180FFE70F9800682821C4F2020191
S31508003940884278D0FFE70F9800684021C4F2020148
S31508003950884270D0FFE70F9800685821C4F2020128
S31508003960884268D0FFE70F9800687021C4F2020108
S31508003970884260D0FFE70F9800688821C4F20201E8
S31508003980884258D0FFE70F980068A021C4F20201C8
S31508003990884250D0FFE70F980068B821C4F20201A8
S315080039A0884248D0FFE70F98006840F21041C4F2F9
S315080039B0020188423FD0FFE70F98006840F228418D
S315080039C0C4F20201884236D0FFE70F98006840F239
S315080039D04041C4F2020188422DD0FFE70F980068E3
S315080039E040F25841C4F20201884224D0FFE70F98FA
S315080039F0006840F27041C4F2020188421BD0FFE71A
S31508003A000F98006840F28841C4F20201884212D039
S31508003A10FFE70F98006840F2A041C4F2020188420D
S31508003A2009D0FFE70F98006840F2B841C4F20201D6
S31508003A30884207D1FFE70F980168086820F001005F
S31508003A40086006E00F980168086820F00100086021
S31508003A50FFE7FFE70B9801300B900A99884201D9D6
S31508003A60FFE707E0FFE70F9800680068C00700282F
S31508003A70F0D1FFE70F9800680068C00728B1FFE794
S31508003A800F99032081F8350004E00F99012081F889
S31508003A903500FFE7FFE70F99002081F83400FFE7BC
S31508003AA0FFE70F98C06C20B1FFE70F98C16C8847F5
S31508003AB0FFE7FFE7FAE20F980168012045F208429E
S31508003AC0C5F60202914201904ED0FFE70F980168B1
S31508003AD0012045F21C42C5F602029142019043D0EC
S31508003AE0FFE70F980168012045F23042C5F6020249
S31508003AF09142019038D0FFE70F980168012045F2FE
S31508003B004442C5F60202914201902DD0FFE70F9874
S31508003B100168012045F25842C5F602029142019019
S31508003B2022D0FFE70F980168012045F26C42C5F6DE
S31508003B3002029142019017D0FFE70F980168012011
S31508003B4045F28042C5F60202914201900CD0FFE789
S31508003B500F9800684AF66C31CAF2FD710844B0FA4B
S31508003B6080F040090190FFE70198C007002800F09F
S31508003B709B82FFE70F98006800680C900D980F99D4
S31508003B80C96D01F01F01C8404007002840F1D780E1
S31508003B90FFE79DF830004007002840F1D080FFE796
S31508003BA00F98C06D00F01F010420884008994860EE
S31508003BB09DF831000006002818D5FFE79DF8320069
S31508003BC0C00748B9FFE70F98806C20B1FFE70F9848
S31508003BD0816C8847FFE708E00F98006C20B1FFE783
S31508003BE00F98016C8847FFE7FFE7A7E09DF83000CC
S31508003BF08006002800F19980FFE70F9800681021D9
S31508003C00C4F20201884200F08180FFE70F9800683D
S31508003C102821C4F20201884278D0FFE70F9800688D
S31508003C204021C4F20201884270D0FFE70F9800686D
S31508003C305821C4F20201884268D0FFE70F9800684D
S31508003C407021C4F20201884260D0FFE70F9800682D
S31508003C508821C4F20201884258D0FFE70F9800680D
S31508003C60A021C4F20201884250D0FFE70F980068ED
S31508003C70B821C4F20201884248D0FFE70F980068CD
S31508003C8040F21041C4F2020188423FD0FFE70F9884
S31508003C90006840F22841C4F20201884236D0FFE7A4
S31508003CA00F98006840F24041C4F2020188422DD0C4
S31508003CB0FFE70F98006840F25841C4F202018842B3
S31508003CC024D0FFE70F98006840F27041C4F2020161
S31508003CD088421BD0FFE70F98006840F28841C4F27B
S31508003CE00201884212D0FFE70F98006840F2A0410F
S31508003CF0C4F20201884209D0FFE70F98006840F233
S31508003D00B841C4F20201884207D1FFE70F9801685B
S31508003D10086820F00800086006E00F98016808683F
S31508003D2020F004000860FFE7FFE70F98006C20B159
S31508003D30FFE70F98016C8847FFE7FFE7B3E10D98A7
S31508003D400F99C96D01F01F01C8408007002840F18E
S31508003D50E180FFE79DF830008007002840F1DA800F
S31508003D60FFE70F98C06D00F01F01022088400899F0
S31508003D7048609DF831000006002818D5FFE79DF831
S31508003D803200C00748B9FFE70F98406C20B1FFE73B
S31508003D900F98416C8847FFE708E00F98C06B20B181
S31508003DA0FFE70F98C16B8847FFE7FFE7B1E09DF88B
S31508003DB030008006002800F1A380FFE70F9800680E
S31508003DC01021C4F20201884200F08180FFE70F98B3
S31508003DD000682821C4F20201884278D0FFE70F98CC
S31508003DE000684021C4F20201884270D0FFE70F98AC
S31508003DF000685821C4F20201884268D0FFE70F988C
S31508003E0000687021C4F20201884260D0FFE70F986B
S31508003E1000688821C4F20201884258D0FFE70F984B
S31508003E200068A021C4F20201884250D0FFE70F982B
S31508003E300068B821C4F20201884248D0FFE70F980B
S31508003E40006840F21041C4F2020188423FD0FFE701
S31508003E500F98006840F22841C4F20201884236D021
S31508003E60FFE70F98006840F24041C4F20201884219
S31508003E702DD0FFE70F98006840F25841C4F20201BE
S31508003E80884224D0FFE70F98006840F27041C4F2D8
S31508003E90020188421BD0FFE70F98006840F288416C
S31508003EA0C4F20201884212D0FFE70F98006840F278
S31508003EB0A041C4F20201884209D0FFE70F980068C2
S31508003EC040F2B841C4F20201884207D1FFE70F98D1
S31508003ED00168086820F01400086006E00F98016879
S31508003EE0086820F00A000860FFE70F99012081F8AA
S31508003EF03500FFE70F99002081F83400FFE7FFE758
S31508003F000F98C06B20B1FFE70F98C16B8847FFE792
S31508003F10FFE7C7E00D980F99C96D01F01F01C8406A
S31508003F200007002840F1BC80FFE79DF83000000735
S31508003F30002840F1B580FFE70F9800681021C4F209
S31508003F400201884200F08180FFE70F980068282167
S31508003F50C4F20201884278D0FFE70F980068402132
S31508003F60C4F20201884270D0FFE70F980068582112
S31508003F70C4F20201884268D0FFE70F9800687021F2
S31508003F80C4F20201884260D0FFE70F9800688821D2
S31508003F90C4F20201884258D0FFE70F980068A021B2
S31508003FA0C4F20201884250D0FFE70F980068B82192
S31508003FB0C4F20201884248D0FFE70F98006840F231
S31508003FC01041C4F2020188423FD0FFE70F9800680B
S31508003FD040F22841C4F20201884236D0FFE70F9822
S31508003FE0006840F24041C4F2020188422DD0FFE742
S31508003FF00F98006840F25841C4F20201884224D062
S31508004000FFE70F98006840F27041C4F20201884247
S315080040101BD0FFE70F98006840F28841C4F20201FE
S31508004020884212D0FFE70F98006840F2A041C4F218
S315080040300201884209D0FFE70F98006840F2B841AC
S31508004040C4F20201884207D1FFE70F9801680868A1
S3150800405020F01C00086006E00F980168086820F048
S315080040600E000860FFE70F98C06D00F01F010120E1
S3150800407000FA01F1089A51600F9948650F9981F87D
S315080040803500FFE70F99002081F83400FFE70F9805
S31508004090C06C20B1FFE70F98C16C8847FFE700E0C6
S315080040A0FFE7FFE7FFE700E0FFE7FFE710B080BDA7
S315080040B010B58EB00C9002F03FFD0A900C9828B906
S315080040C0FFE701208DF8370000F09EBC0C980168C8
S315080040D001201022C4F202029142079000F0A38048
S315080040E0FFE70C98016801202822C4F202029142D7
S315080040F0079000F09880FFE70C980168012040229D
S31508004100C4F202029142079000F08D80FFE70C98F6
S31508004110016801205822C4F202029142079000F079
S315080041208280FFE70C98016801207022C4F202021F
S315080041309142079077D0FFE70C9801680120882202
S31508004140C4F20202914207906DD0FFE70C9801680D
S315080041500120A022C4F202029142079063D0FFE731
S315080041600C9801680120B822C4F202029142079015
S3150800417059D0FFE70C980168012040F21042C4F2BA
S315080041800202914207904ED0FFE70C980168012081
S3150800419040F22842C4F202029142079043D0FFE758
S315080041A00C980168012040F24042C4F20202914292
S315080041B0079038D0FFE70C980168012040F2584272
S315080041C0C4F20202914207902DD0FFE70C980168CD
S315080041D0012040F27042C4F202029142079022D0B6
S315080041E0FFE70C980168012040F28842C4F20202F7
S315080041F09142079017D0FFE70C980168012040F21A
S31508004200A042C4F20202914207900CD0FFE70C9834
S3150800421000684FF64831CBF6FD710844B0FA80F0D5
S3150800422040090790FFE70798C007002800F0788143
S31508004230FFE70C98406A08B1FFE7FFE70C990220F0
S3150800424081F83500FFE70C99002081F83400FFE774
S315080042500C9800681021C4F20201884200F081809F
S31508004260FFE70C9800682821C4F20201884278D03A
S31508004270FFE70C9800684021C4F20201884270D01A
S31508004280FFE70C9800685821C4F20201884268D0FA
S31508004290FFE70C9800687021C4F20201884260D0DA
S315080042A0FFE70C9800688821C4F20201884258D0BA
S315080042B0FFE70C980068A021C4F20201884250D09A
S315080042C0FFE70C980068B821C4F20201884248D07A
S315080042D0FFE70C98006840F21041C4F202018842D8
S315080042E03FD0FFE70C98006840F22841C4F202016B
S315080042F0884236D0FFE70C98006840F24041C4F285
S31508004300020188422DD0FFE70C98006840F2584118
S31508004310C4F20201884224D0FFE70C98006840F2F4
S315080043207041C4F2020188421BD0FFE70C9800686E
S3150800433040F28841C4F20201884212D0FFE70C9885
S31508004340006840F2A041C4F20201884209D0FFE7A2
S315080043500C98006840F2B841C4F20201884207D1BD
S31508004360FFE70C980168086820F00100086006E07D
S315080043700C980168086820F001000860FFE7FFE76D
S315080043800C9800680068C00798B1FFE702F0D4FBF4
S315080043900A99401A06280BD3FFE70C99202048658E
S315080043A00C99032081F8350001208DF837002BE39E
S315080043B0E6E70C98006800680B900B9848F23F01F6
S315080043C0CFF6106108400B900C998868D1F80CC09C
S315080043D00B694A6940EA0C00184310438A6910437E
S315080043E0CA691043096A01430B9808430B900C9855
S315080043F0406A042808D1FFE70C99C86A096B01438B
S315080044000B9808430B90FFE70C984068292807D3B8
S31508004410FFE70C98416801202F29069036D3FFE75D
S315080044200C9840683F2807D3FFE70C98416801209D
S31508004430432906902AD3FFE70C984068472807D3F4
S31508004440FFE70C9841680120492906901ED3FFE72B
S315080044500C9840684F2807D3FFE70C98416801205D
S315080044605329069012D3FFE70C9841680020742957
S31508004470059008D3FFE70C9841680020782938BFD3
S3150800448001200590FFE705980690FFE70698C00704
S3150800449028B1FFE70B9840F480100B90FFE70B98C4
S315080044A00C99096808600C98006840690B900B988D
S315080044B020F007000B900C98416A0B9808430B9064
S315080044C00C98406A04281AD1FFE70C98816A0B9861
S315080044D008430B900C98C06A80B1FFE70C98FCF76C
S315080044E077FF50B1FFE70C99402048650C990120E9
S315080044F081F835008DF8370086E2FFE7FFE70B986D
S315080045000C99096848610C98FCF726FD09900C98E7
S31508004510C06D00F01F013F2088400999886026E198
S315080045200C980168012045F20842C5F6020291423C
S3150800453004904ED0FFE70C980168012045F21C4212
S31508004540C5F602029142049043D0FFE70C98016831
S31508004550012045F23042C5F602029142049038D055
S31508004560FFE70C980168012045F24442C5F60202AD
S31508004570914204902DD0FFE70C980168012045F27E
S315080045805842C5F602029142049022D0FFE70C98E1
S315080045900168012045F26C42C5F602029142049078
S315080045A017D0FFE70C980168012045F28042C5F64E
S315080045B00202914204900CD0FFE70C9800684AF674
S315080045C06C31CAF2FD710844B0FA80F040090490D3
S315080045D0FFE70498C007002800F0BD80FFE70C98A5
S315080045E00168012045F20842C5F60202914203908D
S315080045F04ED0FFE70C980168012045F21C42C5F62B
S3150800460002029142039043D0FFE70C98016801200B
S3150800461045F23042C5F602029142039038D0FFE7D0
S315080046200C980168012045F24442C5F602029142FF
S3150800463003902DD0FFE70C980168012045F25842F7
S31508004640C5F602029142039022D0FFE70C98016852
S31508004650012045F26C42C5F602029142039017D03A
S31508004660FFE70C980168012045F28042C5F6020270
S31508004670914203900CD0FFE70C9800684AF66C311B
S31508004680CAF2FD710844B0FA80F040090390FFE7CA
S315080046900398C00708B1FFE7FFE70C99022081F8E5
S315080046A03500FFE70C99002081F83400FFE70C98E5
S315080046B0006800680B900B986FF310100B900C981D
S315080046C08068402803D1FFE71020029008E00C9884
S315080046D080688038B0FA80F0400980030290FFE7CE
S315080046E002980C99CA680B69D1F814C0D1F818E079
S315080046F0CC694EEA040E4CEA0E0C43EA0C031A4344
S3150800470040EAD200096A40EA11110B9808430B9057
S315080047100B980C99096808600C9908684AF6F832EB
S31508004720CAF2FD7210444CF6CD42CCF6CC42A0FB40
S3150800473002026FF0030000EA9200C8650C98FCF7C5
S315080047400BFC08900C98C06D00F01F0101208840F2
S31508004750089948600AE00C99402048650C9903209E
S3150800476081F8350001208DF837004DE1FFE70C98F8
S31508004770016801201022C4F202029142019000F061
S315080047800381FFE70C98016801202822C4F202027F
S315080047909142019000F0F880FFE70C98016801202B
S315080047A04022C4F202029142019000F0ED80FFE738
S315080047B00C98016801205822C4F202029142019025
S315080047C000F0E280FFE70C98016801207022C4F22D
S315080047D002029142019000F0D780FFE70C98016829
S315080047E001208822C4F202029142019000F0CC8096
S315080047F0FFE70C9801680120A022C4F20202914248
S31508004800019000F0C180FFE70C9801680120B822EA
S31508004810C4F202029142019000F0B680FFE70C98BC
S315080048200168012040F21042C4F20202914201904E
S3150800483000F0AA80FFE70C980168012040F22842A0
S31508004840C4F202029142019000F09E80FFE70C98A4
S315080048500168012040F24042C4F2020291420190EE
S3150800486000F09280FFE70C980168012040F2584258
S31508004870C4F202029142019000F08680FFE70C988C
S315080048800168012040F27042C4F20202914201908E
S315080048907AD0FFE70C980168012040F28842C4F2FA
S315080048A00202914201906FD0FFE70C98016801203F
S315080048B040F2A042C4F202029142019064D0FFE79E
S315080048C00C980168012040F2B842C4F202029142F3
S315080048D0019059D0FFE70C980168012045F208427B
S315080048E0C5F60202914201904ED0FFE70C98016886
S315080048F0012045F21C42C5F602029142019043D0BE
S31508004900FFE70C980168012045F23042C5F602021D
S315080049109142019038D0FFE70C980168012045F2D2
S315080049204442C5F60202914201902DD0FFE70C9849
S315080049300168012045F25842C5F6020291420190EB
S3150800494022D0FFE70C980168012045F26C42C5F6B3
S3150800495002029142019017D0FFE70C9801680120E6
S3150800496045F28042C5F60202914201900CD0FFE75B
S315080049700C9800684AF66C31CAF2FD710844B0FA20
S3150800498080F040090190FFE70198C00790B3FFE760
S315080049900C98FCF7C9FB0C988068802804D1FFE7BF
S315080049A00C9900204860FFE70C990879096E0860A1
S315080049B00C98416E806E48600C98406888B1FFE795
S315080049C00C98406808280CD8FFE70C98FCF768FC98
S315080049D00C98C16E002008600C98016F406F486003
S315080049E007E00C990020C8660C9908670C99486777
S315080049F0FFE7FFE70C99002048650C9A012182F829
S31508004A0035108DF83700FFE79DF837000EB010BD5A
S31508004A1080B588B0069005910492039300208DF81E
S31508004A200B00069820B9FFE701208DF81F006CE3FC
S31508004A30FFE7069890F83400012804D1FFE7022022
S31508004A408DF81F0061E30699012081F83400FFE71D
S31508004A50FFE7069890F83500012840F04383FFE702
S31508004A600699022081F835000699002048650698BF
S31508004A7000681021C4F20201884200F08180FFE735
S31508004A80069800682821C4F20201884278D0FFE718
S31508004A90069800684021C4F20201884270D0FFE7F8
S31508004AA0069800685821C4F20201884268D0FFE7D8
S31508004AB0069800687021C4F20201884260D0FFE7B8
S31508004AC0069800688821C4F20201884258D0FFE798
S31508004AD006980068A021C4F20201884250D0FFE778
S31508004AE006980068B821C4F20201884248D0FFE758
S31508004AF00698006840F21041C4F2020188423FD08D
S31508004B00FFE70698006840F22841C4F2020188428D
S31508004B1036D0FFE70698006840F24041C4F2020129
S31508004B2088422DD0FFE70698006840F25841C4F243
S31508004B300201884224D0FFE70698006840F27041D7
S31508004B40C4F2020188421BD0FFE70698006840F2CB
S31508004B508841C4F20201884212D0FFE7069800682D
S31508004B6040F2A041C4F20201884209D0FFE7069844
S31508004B70006840F2B841C4F20201884207D1FFE753
S31508004B8006980168086820F00100086006E00698A3
S31508004B900168086820F001000860FFE70698059993
S31508004BA0049A039BFCF78CFC0698016801201022E6
S31508004BB0C4F202029142019000F0A380FFE7069832
S31508004BC0016801202822C4F202029142019000F0F5
S31508004BD09880FFE70698016801204022C4F2020285
S31508004BE09142019000F08D80FFE706980168012048
S31508004BF05822C4F202029142019000F08280FFE737
S31508004C000698016801207022C4F2020291420190BE
S31508004C1077D0FFE70698016801208822C4F20202CD
S31508004C20914201906DD0FFE7069801680120A02205
S31508004C30C4F202029142019063D0FFE70698016828
S31508004C400120B822C4F202029142019059D0FFE72E
S31508004C5006980168012040F21042C4F2020291420D
S31508004C6001904ED0FFE706980168012040F22842DD
S31508004C70C4F202029142019043D0FFE70698016808
S31508004C80012040F24042C4F202029142019038D01B
S31508004C90FFE706980168012040F25842C4F2020272
S31508004CA0914201902DD0FFE706980168012040F255
S31508004CB07042C4F202029142019022D0FFE70698A0
S31508004CC00168012040F28842C4F202029142019032
S31508004CD017D0FFE706980168012040F2A042C4F207
S31508004CE00202914201900CD0FFE7069800684FF641
S31508004CF04831CBF6FD710844B0FA80F040090190BE
S31508004D00FFE70198C007A8B1FFE7069800680068A2
S31508004D100B2161F344000699096808600698006C3F
S31508004D2038B1FFE706980168086840F0080008608F
S31508004D30FFE714E0069800680068052161F3430060
S31508004D400699096808600698006C38B1FFE7069866
S31508004D500168086840F004000860FFE7FFE7069866
S31508004D60016801201022C4F202029142009000F06C
S31508004D700381FFE70698016801202822C4F202028F
S31508004D809142009000F0F880FFE70698016801203C
S31508004D904022C4F202029142009000F0ED80FFE743
S31508004DA00698016801205822C4F202029142009036
S31508004DB000F0E280FFE70698016801207022C4F23D
S31508004DC002029142009000F0D780FFE7069801683A
S31508004DD001208822C4F202029142009000F0CC80A1
S31508004DE0FFE7069801680120A022C4F20202914258
S31508004DF0009000F0C180FFE7069801680120B822FC
S31508004E00C4F202029142009000F0B680FFE70698CD
S31508004E100168012040F21042C4F202029142009059
S31508004E2000F0AA80FFE706980168012040F22842B0
S31508004E30C4F202029142009000F09E80FFE70698B5
S31508004E400168012040F24042C4F2020291420090F9
S31508004E5000F09280FFE706980168012040F2584268
S31508004E60C4F202029142009000F08680FFE706989D
S31508004E700168012040F27042C4F202029142009099
S31508004E807AD0FFE706980168012040F28842C4F20A
S31508004E900202914200906FD0FFE706980168012050
S31508004EA040F2A042C4F202029142009064D0FFE7A9
S31508004EB006980168012040F2B842C4F20202914203
S31508004EC0009059D0FFE706980168012045F208428C
S31508004ED0C5F60202914200904ED0FFE70698016897
S31508004EE0012045F21C42C5F602029142009043D0C9
S31508004EF0FFE706980168012045F23042C5F602022E
S31508004F009142009038D0FFE706980168012045F2E3
S31508004F104442C5F60202914200902DD0FFE706985A
S31508004F200168012045F25842C5F6020291420090F6
S31508004F3022D0FFE706980168012045F26C42C5F6C3
S31508004F4002029142009017D0FFE7069801680120F7
S31508004F5045F28042C5F60202914200900CD0FFE766
S31508004F60069800684AF66C31CAF2FD710844B0FA30
S31508004F7080F040090090FFE70098C007D0B1FFE72E
S31508004F800698006E0068C003002807D5FFE7069854
S31508004F90016E086840F480700860FFE70698C06EE6
S31508004FA038B1FFE70698C16E086840F4807008605B
S31508004FB0FFE7FFE7069800681021C4F2020188425D
S31508004FC000F08180FFE7069800682821C4F20201F4
S31508004FD0884278D0FFE7069800684021C4F20201AB
S31508004FE0884270D0FFE7069800685821C4F202018B
S31508004FF0884268D0FFE7069800687021C4F202016B
S31508005000884260D0FFE7069800688821C4F202014A
S31508005010884258D0FFE706980068A021C4F202012A
S31508005020884250D0FFE706980068B821C4F202010A
S31508005030884248D0FFE70698006840F21041C4F25B
S31508005040020188423FD0FFE70698006840F22841EF
S31508005050C4F20201884236D0FFE70698006840F29B
S315080050604041C4F2020188422DD0FFE70698006845
S3150800507040F25841C4F20201884224D0FFE706985C
S31508005080006840F27041C4F2020188421BD0FFE773
S315080050900698006840F28841C4F20201884212D09C
S315080050A0FFE70698006840F2A041C4F20201884270
S315080050B009D0FFE70698006840F2B841C4F2020139
S315080050C0884207D1FFE706980168086840F00100A2
S315080050D0086006E006980168086840F00100086064
S315080050E0FFE70DE006994FF400604865FFE706996B
S315080050F0002081F83400FFE701208DF80B00FFE758
S315080051009DF80B008DF81F00FFE79DF81F0008B0FB
S3150800511080BD00000000000080B584B0039001F057
S315080051200BFD0290039801900198013048B1FFE702
S3150800513040F2CC10C2F20040017801980844019070
S31508005140FFE7FFE701F0F8FC0299401A0199884247
S3150800515001D2FFE7F6E704B080BD000000000000BA
S3150800516085B0039002910192039890F898008DF803
S3150800517003009DF80300012805D0FFE79DF803000A
S3150800518002285DD1FFE7029803990968896D0842EC
S3150800519007D1FFE703980168C86D40F00100C865AC
S315080051A015E0029803990968896D084002998842B2
S315080051B007D1FFE703980168C86D40F00200C8658B
S315080051C004E0039801680320C865FFE7FFE79DF838
S315080051D009008007002809D5FFE7019A03980168A6
S315080051E0D1F8E0001043C1F8E000FFE79DF8090098
S315080051F04007002809D5FFE7019A03980168D1F806
S31508005200E4001043C1F8E400FFE7FFE702984FF611
S31508005210FF71C3F6CF7100EA010203980168486D71
S3150800522010434865029A4AF61401C4F20001086858
S3150800523040EA92700860FFE700208DF813000AE044
S315080052400399D1F89C0040F00200C1F89C000120A7
S315080052508DF81300FFE79DF8130005B070470000AE
S3150800526080B586B00490039102920398406808B905
S31508005270FFE700E0FFE7049890F89800022845D178
S31508005280FFE704980068D0F8C00010F07C5F0BD1E7
S31508005290FFE70499D1F89C0040F02000C1F89C0073
S315080052A001208DF817003CE004980068D0F8C40087
S315080052B0800200280BD5FFE70499D1F89C0040F43A
S315080052C00070C1F89C0001208DF8170029E00498A9
S315080052D00068D0F8C400C0F304400190049803990C
S315080052E0029A019BFCF75CFD0199012000FA01F185
S315080052F0049A1268C2F8D010019988400499C1F836
S315080053009400FFE700208DF817000AE00499D1F809
S315080053109C0040F00800C1F89C0001208DF8170099
S31508005320FFE79DF8170006B080BD000000000000EA
S3150800533082B00190009102B07047000000000000A2
S3150800534084B0029001910092019808B9FFE700E045
S31508005350FFE7029890F89800012836D1FFE70198F0
S3150800536070B9FFE702980068D0F8F00020F07C508A
S31508005370009940EA016002990968C1F8F00020E046
S31508005380019801280ED1FFE702980068D0F8A0001E
S3150800539020F0FE40009940EA016002990968C1F8C8
S315080053A0A0000DE002980068D0F8B00020F0FE409A
S315080053B0009940EA016002990968C1F8B000FFE760
S315080053C0FFE700208DF80F000AE00299D1F89C004B
S315080053D040F00400C1F89C0001208DF80F00FFE79B
S315080053E09DF80F0004B0704787B0059004910598A2
S315080053F090F898008DF803009DF80300012805D061
S31508005400FFE79DF8030002286AD1FFE70498C06801
S31508005410072801D1FFE7FFE70498006878BBFFE794
S315080054200498C068072801D0FFE7FFE70498C0681A
S3150800543007280CD1FFE7049A10699169D26900041C
S3150800544040EA0220084340F0605003900CE00499BB
S315080054508868CB680A694969800740EAC36040EAF8
S31508005460024008430390FFE70598C06E049949680F
S3150800547000EB810001900398019908602CE00498DC
S31508005480C068072801D0FFE7FFE70498C1680069EC
S3150800549040EA417003900498C068072804D1FFE7E2
S315080054A004988069029006E004988168406940EA99
S315080054B081700290FFE70598006F0499496800EB30
S315080054C0C100019003980199086001980430019081
S315080054D0029801990860FFE700208DF81B000AE092
S315080054E00599D1F89C0040F00200C1F89C00012003
S315080054F08DF81B00FFE79DF81B0007B070470000FA
S3150800550085B0DDF814C003900291019200930398C8
S3150800551090F89800012812D1FFE702980001019936
S3150800552040EA8100009940EA410005990843039939
S315080055300968C1F8800000208DF813000AE0039975
S31508005540D1F89C0040F00400C1F89C0001208DF8B9
S315080055501300FFE79DF8130005B070470000000030
S3150800556081B0009001B0704782B00190009102B0FE
S3150800557070470000000000008AB008900791069264
S31508005580059300200190089890F898008DF803007C
S315080055909DF80300022840F05C81FFE70798402841
S315080055A051D1FFE708980068D0F8A00010F4FE0F64
S315080055B00BD1FFE70899D1F89C0040F02000C1F80C
S315080055C09C0001208DF827004EE108980068D0F865
S315080055D0A400400658B9FFE70899D1F89C0040F4A2
S315080055E08070C1F89C0001208DF827003CE10898DE
S315080055F00068D0F8A40000F080710120B0EB116FAC
S315080056000DD1FFE708980068D0F8A0100120B0EB8C
S31508005610D17F03D1FFE701200190FFE7FFE7089854
S315080056200068D0F8A40000F47C51019800EB112022
S3150800563001900898426C406F0199514300EB810034
S315080056400490FFE770E00798412851D1FFE70898D2
S315080056500068D0F8B00010F4FE0F0BD1FFE70899E8
S31508005660D1F89C0040F02000C1F89C0001208DF87C
S315080056702700F9E008980068D0F8B400400658B941
S31508005680FFE70899D1F89C0040F48070C1F89C00A7
S3150800569001208DF82700E7E008980068D0F8B400E4
S315080056A000F080710120B0EB116F0DD1FFE708986B
S315080056B00068D0F8B0100120B0EBD17F03D1FFE726
S315080056C001200190FFE7FFE708980068D0F8B400CA
S315080056D000F47C51019800EB112001900898C26CE7
S315080056E0806F0199514300EB81000490FFE71AE0AF
S315080056F007980899096D88420BD3FFE70899D1F8EE
S315080057009C0040F02000C1F89C0001208DF827007D
S31508005710AAE00898426DC06F0799514300EB8100D3
S315080057200490FFE7FFE7FFE70498006800F0804071
S31508005730069948600698406838B9FFE704980068F3
S31508005740C0F38A400699086006E00498006820F0CD
S31508005750604006990860FFE70498006800F000506A
S31508005760069988600498006800F000400699086168
S31508005770049804300490049800880699C86104982F
S315080057800068C0F303400699C8600498006800F4EE
S315080057908010069948610498006800F4001006997C
S315080057A0886104980068C0F3066006990862049840
S315080057B00068C00F0699486204980430049004985B
S315080057C0039000200290FFE702980699CA6846F6F9
S315080057D0A401C0F60201895C88420AD2FFE7039851
S315080057E0029A805C05998854FFE702980130029076
S315080057F0EAE70798402806D1FFE70198089909685B
S31508005800C1F8A80021E00798412806D1FFE70198CA
S3150800581008990968C1F8B80016E007981F2808D83B
S31508005820FFE707990120884008990968C1F8980098
S3150800583009E0079800F01F010120884008990968C7
S31508005840C1F89C00FFE7FFE7FFE700208DF8270077
S315080058500AE00899D1F89C0040F00800C1F89C00BD
S3150800586001208DF82700FFE79DF827000AB070474A
S3150800587081B0009001B0704780B594B013904AF695
S315080058801000C4F200000068800712904AF614005F
S31508005890C4F200000168129800EA81701290139809
S315080058A00068006D00F47040119013980068416D0F
S315080058B011980840119013980068006D00F00F00C9
S315080058C0109013980068416D10980840109013982E
S315080058D00068006D00F0F0000F9013980068416DA5
S315080058E00F9808400F9013980068006D00F07150EB
S315080058F00E9013980068416D0E9808400E90139804
S315080059000068006D00F060700D9013980068416D96
S315080059100D9808400D9013980068406D03901398F1
S315080059200068006D01909DF80D00C007B8B1FFE74B
S315080059309DF80500C00788B1FFE7FFE713980168DF
S315080059404FF4807008654AF61001C4F20001002081
S315080059500860FFE71398FFF78BFFFFE7FFE79DF85F
S315080059600D0000F004010020B0EB910F28D0FFE7EE
S315080059709DF8050000F004010020B0EB910F1ED041
S31508005980FFE713980068D0F8DC000B9013980068BE
S31508005990D0F8E4100B9808400B90FFE713980168BD
S315080059A04FF4806008654AF61001C4F20001002031
S315080059B00860FFE713980B9900F07AFEFFE7FFE708
S315080059C01298B8B1FFE7FFE712984FF6FF71C3F6D2
S315080059D0CF7108401399096808651298800F4AF62E
S315080059E01001C4F200010860FFE713981299FFF747
S315080059F09FFCFFE71198B8B1FFE7FFE711984FF64C
S31508005A00FF71C3F6CF7108401399096808651198A4
S31508005A10800F4AF61001C4F200010860FFE71398E8
S31508005A20119900F059FEFFE71098B8B1FFE7FFE7B4
S31508005A3010984FF6FF71C3F6CF710840139909689D
S31508005A4008651098800F4AF61001C4F20001086034
S31508005A50FFE71398109900F023FDFFE70F98B8B1F8
S31508005A60FFE7FFE70F984FF6FF71C3F6CF710840BF
S31508005A701399096808650F98800F4AF61001C4F251
S31508005A8000010860FFE713980F9900F065FDFFE72E
S31508005A909DF80D0000F008010020B0EBD10F1BD0D7
S31508005AA0FFE79DF8050000F008010020B0EBD10FD4
S31508005AB011D0FFE7FFE7139801684FF40060086507
S31508005AC04AF61001C4F2000100200860FFE71398A7
S31508005AD000F00AFEFFE7FFE79DF80D0000F002015F
S31508005AE00020B0EB510F28D0FFE79DF8050000F025
S31508005AF002010020B0EB510F1ED0FFE71398006893
S31508005B00D0F8D8000C9013980068D0F8E0100C98DC
S31508005B1008400C90FFE7139801684FF40070086579
S31508005B204AF61001C4F2000100200860FFE7139846
S31508005B300C9900F0C5FDFFE7FFE79DF80E0000F0A1
S31508005B4008010020B0EBD10F1BD0FFE79DF8060037
S31508005B5000F008010020B0EBD10F11D0FFE7FFE7F6
S31508005B60139801684FF4002008654AF61001C4F23C
S31508005B70000100200860FFE7139800F08DFCFFE79E
S31508005B80FFE79DF80E00C007B8B1FFE79DF80600CD
S31508005B90C00788B1FFE7FFE7139801684FF4803024
S31508005BA008654AF61001C4F2000100200860FFE704
S31508005BB0139800F079FDFFE7FFE79DF80E0000F067
S31508005BC004010020B0EB910F1BD0FFE79DF80600FB
S31508005BD000F004010020B0EB910F11D0FFE7FFE7BA
S31508005BE0139801684FF4802008654AF61001C4F23C
S31508005BF0000100200860FFE7139800F051FDFFE759
S31508005C00FFE79DF80E0000F002010020B0EB510FEF
S31508005C101FD0FFE79DF8060000F002010020B0EB58
S31508005C20510F15D0FFE7FFE7139801684FF40030CE
S31508005C3008654AF61001C4F2000100200860FFE773
S31508005C401399D1F89C0040F08000C1F89C00FFE74A
S31508005C50FFE70D98B8B1FFE7FFE70D984FF6FF711C
S31508005C60C3F6CF7108401399096808650D98800F27
S31508005C704AF61001C4F200010860FFE713980D996F
S31508005C80FFF772FCFFE70E98D0B1FFE7FFE70E9823
S31508005C904FF6FF71C3F6CF71084013990968086576
S31508005CA00E98800F4AF61001C4F200010860FFE75B
S31508005CB00E9A1399D1F89C001043C1F89C00FFE78F
S31508005CC0139800684AF20001C4F20001884240F0C5
S31508005CD0B980FFE71398406880688007002800F0BD
S31508005CE0B080FFE713984068006A00F00F000A903A
S31508005CF013984068416A0A9808400A9013984068C1
S31508005D00006A00F03000099013984068416A0998C3
S31508005D100840099013984068006A00F4C07008901B
S31508005D2013984068416A0898084008901398406894
S31508005D30006A00F4FC40079013984068416A079887
S31508005D400840079013984068006A00F4F02006900F
S31508005D5013984068416A0698084006901398406868
S31508005D60406A029013984068006A00900A9848B101
S31508005D70FFE70A9813994968086213980A9900F088
S31508005D8077FCFFE7099848B1FFE70998139949682E
S31508005D9008621398099900F07BFCFFE79DF8080054
S31508005DA000F040010020B0EB911F1FD0FFE79DF8DF
S31508005DB0000000F040010020B0EB911F15D0FFE76E
S31508005DC013984068C06B000C059013984068C06B28
S31508005DD000F03F0004901398416840200862139829
S31508005DE00599049A00F04CFCFFE7FFE7089848B1CC
S31508005DF0FFE708981399496808621398089900F00C
S31508005E002FFCFFE7079860B1FFE7079813994968E1
S31508005E100862079A1399D1F89C001043C1F89C00B0
S31508005E20FFE7069860B1FFE7069813994968086284
S31508005E30069A1399D1F89C001043C1F89C00FFE715
S31508005E40FFE7FFE71398D0F89C0020B1FFE7139807
S31508005E50FFF786FBFFE714B080BD000000000000D6
S31508005E6080B598B0169046F64801C0F6020101A81A
S31508005E704C22FAF7EAFB169820B9FFE701208DF8BD
S31508005E805F00D9E1169800684AF20001C4F20001E1
S31508005E90884206D1FFE71699086800F580704860C1
S31508005EA0FFE716988068B0F5407F01D1FFE7FFE766
S31508005EB01698006C08B1FFE7FFE71698806C08B1E2
S31508005EC0FFE7FFE71698006D08B1FFE7FFE71698AA
S31508005ED0006E08B1FFE7FFE71699C86D096E08441A
S31508005EE008B1FFE7FFE7169890F8980040B9FFE772
S31508005EF01699002081F89900169800F0A1F9FFE795
S31508005F0016980168886920F01000886100F014FE70
S31508005F101590FFE71698006880690007002817D5CE
S31508005F20FFE700F009FE1599401A0B280FD3FFE783
S31508005F301699D1F89C0040F00100C1F89C0016990A
S31508005F40032081F8980001208DF85F0074E1E1E7ED
S31508005F5016980168886940F00100886100F0ECFD38
S31508005F601590FFE7169800688069C007B8B9FFE77B
S31508005F7000F0E2FD1599401A0B280FD3FFE7169992
S31508005F80D1F89C0040F00100C1F89C001699032046
S31508005F9081F8980001208DF85F004DE1E2E7169838
S31508005FA00168886940F0020088611698007C01281B
S31508005FB007D1FFE716980168886920F040008861D4
S31508005FC006E016980168886940F040008861FFE796
S31508005FD01698407C012807D1FFE71698016888695A
S31508005FE040F48040886106E016980168886920F4C4
S31508005FF080408861FFE71698807C012807D1FFE773
S3150800600016980168886920F48050886106E0169819
S315080060100168886940F480508861FFE7169800682F
S31508006020806920F44070169A116892681043886156
S3150800603016980168886920F0A40088611698016896
S31508006040086920F0100008611698C068012807D171
S31508006050FFE716980168886940F0040088612BE01C
S315080060601698C06830B3FFE71698C068022819D09A
S31508006070FFE716980168886940F0800088611698DD
S315080060800168086940F0100008611698C06803287E
S3150800609007D1FFE716980168886940F020008861F3
S315080060A0FFE706E016980168886940F020008861D5
S315080060B0FFE700E0FFE7FFE7169A11685369906962
S315080060C0D2F81CE0A0F1010C6FF0FF0000EB0E20E7
S315080060D040EA4C60126A013A10430022CFF6FF727A
S315080060E002EB03421043C86116988068B0F5407FFA
S315080060F01CD1FFE7169A1168536A906AD2F82CE009
S3150800610001386FF0FF0C0CEB0E2C40EA0C00D2F8AD
S3150800611030C06FF00F0202EB0C1210430022CFF6CC
S31508006120FF7202EB03421043C860FFE71698006E41
S3150800613048B1FFE716980168426ED1F8C0001043CF
S31508006140C1F8C000FFE71699C86D096E084480B10A
S31508006150FFE716980068D0F8C80020F00700169ADE
S315080061601168936E01AA52F823201043C1F8C8009B
S31508006170FFE71698006C80B1FFE716980068D0F81C
S31508006180BC0020F00700169A1168536C01AA52F851
S3150800619023201043C1F8BC00FFE71698806C88B12D
S315080061A0FFE716980068D0F8BC0020F07000169A31
S315080061B01168D36C01AA52F8232040EA0210C1F8EC
S315080061C0BC00FFE71698006D88B1FFE716980068CF
S315080061D0D0F8BC0020F4E060169A1168536D01AA45
S315080061E052F8232040EA0220C1F8BC00FFE71698BF
S315080061F000684AF20001C4F20001884207D1FFE7AD
S3150800620016984168886820F003008860FFE71699A9
S315080062100020C1F894001699C1F89C00169901202F
S3150800622081F898001698FBF757FC8DF853009DF8EF
S3150800623053008DF85F00FFE79DF85F0018B080BD3A
S3150800624080B5C0B03F9000203E903D903C903B907A
S315080062503A900CA8B821FAF74CFA3F9800684AF227
S315080062600001C4F20001884255D1FFE700200D90D5
S315080062704FF400400C904FF0805027900CA802F085
S3150800628023FA18B1FFE7FBF707FCFFE740F288405F
S31508006290C2F200400168013101600068012810D18E
S315080062A0FFE7FFE744F2EC40C5F60200016841F457
S315080062B080710160006800F480700B900B98FFE70E
S315080062C0FFE7FFE744F2E040C5F60200016841F047
S315080062D008010160006800F008000A900A98FFE7C4
S315080062E003203A9002203B90002004903C903D9079
S315080062F009203E9040F60040C5F602003AA900F093
S315080063001BFA049A13200590012100F0E1FC059878
S3150800631000F0D2FCBEE03F9800684AF20041C4F2A1
S315080063200001884255D1FFE700200D904FF4004048
S315080063300C904FF0805027900CA802F0C5F918B1C0
S31508006340FFE7FBF7A9FBFFE740F28840C2F20040EF
S315080063500168013101600068012810D1FFE7FFE7F5
S3150800636044F2EC40C5F60200016841F48071016010
S31508006370006800F4807009900998FFE7FFE7FFE7D7
S3150800638044F2E040C5F60200016841F002010160EE
S31508006390006800F0020008900898FFE760203A902D
S315080063A002203B90002002903C903D9009203E90B0
S315080063B040F20040C5F602003AA900F0BDF9029A7B
S315080063C014200390012100F083FC039800F074FC6C
S315080063D05FE03F9800684DF20041C4F20001884230
S315080063E056D1FFE700200D904FF400400C904FF077
S315080063F0805027900CA802F067F918B1FFE7FBF761
S315080064004BFBFFE740F28840C2F2004001680131C9
S3150800641001600068012810D1FFE7FFE744F2EC406D
S31508006420C5F60200016841F480710160006800F455
S31508006430807007900798FFE7FFE7FFE744F2E04020
S31508006440C5F60200016841F008010160006800F025
S31508006450080006900698FFE74FF440503A9002204D
S315080064603B90002000903C903D9005203E9040F6E1
S315080064700040C5F602003AA900F05EF9009A9F208E
S315080064800190114600F024FC019800F015FCFFE786
S31508006490FFE7FFE740B080BD81B0009001B07047CC
S315080064A080B588B007900691079800684AF20001FF
S315080064B0C4F20001884212D1FFE7079840F2D821BA
S315080064C0C2F2004104910A1D059201F12C034021F4
S315080064D0FFF752F804990598496B884737E00798FB
S315080064E000684AF20041C4F20001884212D1FFE76F
S315080064F0079840F2A831C2F2004102910A1D0392A0
S3150800650001F12C034021FFF737F802990398496BEC
S3150800651088471BE0079800684DF20041C4F2000165
S31508006520884212D1FFE7079840F22041C2F20041A3
S3150800653000910A1D019201F12C034021FFF71CF876
S3150800654000990198496B8847FFE7FFE7FFE708B01E
S3150800655080BD00000000000080B588B00790069155
S31508006560079800684AF20001C4F20001884212D175
S31508006570FFE7079840F2D821C2F2004104910A1DAC
S31508006580059201F12C034121FEF7F6FF04990598BF
S31508006590496B884737E0079800684AF20041C4F219
S315080065A00001884212D1FFE7079840F2A831C2F2EB
S315080065B0004102910A1D039201F12C034121FEF7C5
S315080065C0DBFF02990398496B88471BE00798006828
S315080065D04DF20041C4F20001884212D1FFE7079844
S315080065E040F22041C2F2004100910A1D019201F1D8
S315080065F02C034121FEF7C0FF00990198496B884793
S31508006600FFE7FFE7FFE708B080BD000000000000D5
S3150800661082B00090009890F89800012811D1FFE701
S315080066200099022081F8980000980168886920F08E
S315080066300100886100990020C1F89C008DF80700C8
S315080066400AE00099D1F89C0040F00400C1F89C00CB
S3150800665001208DF80700FFE79DF8070002B0704794
S3150800666082B00190009102B070470000000000005F
S3150800667082B00190009102B070470000000000004F
S3150800668083B002900191009203B0704700000000A9
S3150800669082B00190009102B070470000000000002F
S315080066A081B0009001B0704781B0009001B070478A
S315080066B082B00190009102B070470000000000000F
S315080066C082B00190009146F2AC01C2F2004108681E
S315080066D00130086002B0704782B00190009102B0A4
S315080066E0704700000000000081B0009001B07047BC
S315080066F081B0ADF8020001B070470000000000004C
S3150800670080B582B0ADF806008820C5F6000000689E
S31508006710BDF8061008420BD0FFE7BDF80600882131
S31508006720C5F600010860BDF80600FFF7E1FFFFE7C0
S3150800673002B080BD000000008FB00E900D910020C1
S315080067400C908020C5F600000990FFE70D980068B8
S315080067500C99C840002800F0C181FFE70D98006831
S315080067600C9A0121914008400B900B98002800F0E4
S31508006770B181FFE70D98406800F00300012807D0B3
S31508006780FFE70D98406800F0030002282FD1FFE7C5
S315080067900E9880680A900C984100032000FA01F1CF
S315080067A00A9888430A900D98C0680C99490000FA1F
S315080067B001F10A9808430A900A980E9988600E987B
S315080067C040680A900C99012000FA01F10A9888435A
S315080067D00A900D984068C0F300100C9900FA01F170
S315080067E00A9808430A900A980E994860FFE70D9898
S315080067F0406800F00300032818D0FFE70E98C06829
S315080068000A900C984100032000FA01F10A9888437F
S315080068100A900D9880680C99490000FA01F10A98C7
S3150800682008430A900A980E99C860FFE70D984068D1
S3150800683000F00300022826D1FFE70E980C996FF0A6
S31508006840030202EA51010844006A0A900C9800F013
S31508006850070081000F2000FA01F10A9888430A9080
S315080068600D9800690C9901F00701890000FA01F1F9
S315080068700A9808430A900A980E990C9B02EA530252
S3150800688011440862FFE70E9800680A900C984100C8
S31508006890032000FA01F10A9888430A900D98406887
S315080068A000F003000C99490000FA01F10A98084320
S315080068B00A900A980E9908600D9880798007002832
S315080068C000F00781FFE7FFE744F2F440C5F602004F
S315080068D0016841F002010160006800F002000890BA
S315080068E00898FFE70C9820F0030040F20841C5F627
S315080068F0000140580A900C9800F0030081000F2010
S3150800690000FA01F10A9888430A900E980021C5F604
S315080069100201884203D1FFE7002007906CE00E9839
S3150800692040F20041C5F60201884203D1FFE7012083
S3150800693006905EE00E9840F60001C5F60201884210
S3150800694003D1FFE70220059050E00E9840F600417B
S31508006950C5F60201884203D1FFE70320049042E00E
S315080069600E9841F20001C5F60201884203D1FFE7FD
S315080069700420039034E00E9841F20041C5F6020166
S31508006980884203D1FFE70520029026E00E9841F6DB
S315080069900001C5F60201884203D1FFE706200190EF
S315080069A018E00E9841F60041C5F60201884203D167
S315080069B0FFE7072000900AE00E9942F20042C5F66A
S315080069C002020A20914208BF09200090FFE70098BA
S315080069D00190FFE701980290FFE702980390FFE70E
S315080069E003980490FFE704980590FFE7059806903A
S315080069F0FFE706980790FFE707980C9901F003014F
S31508006A00890000FA01F10A9808430A900A980C9935
S31508006A1021F0030140F20842C5F6000288504FF003
S31508006A20B04000680A900B990A9888430A900D9816
S31508006A308079C006002805D5FFE70B990A98084310
S31508006A400A90FFE70A984FF0B04108600420C5F69F
S31508006A50000000680A900B990A9888430A900D98D6
S31508006A6080798006002805D5FFE70B990A98084320
S31508006A700A90FFE70A980421C5F6000108600998FC
S31508006A8040680A900B990A9888430A900D9880796D
S31508006A908007002805D5FFE70B990A9808430A904E
S31508006AA0FFE70A9809994860099800680A900B99BF
S31508006AB00A9888430A900D988079C00728B1FFE79D
S31508006AC00B990A9808430A90FFE70A9809990860FB
S31508006AD0FFE7FFE70C9801300C9037E60FB07047D8
S31508006AE083B00290ADF80610029840690090009AAB
S31508006AF0BDF8060002EA0001904340EA0140029907
S31508006B00886103B07047000082B00190ADF80210AA
S31508006B108DF801209DF8010028B1FFE7BDF80200B5
S31508006B200199886105E0BDF80200000401998861B1
S31508006B30FFE702B07047000046F2BC00C2F2004010
S31508006B40006870470000000081B000900098016856
S31508006B504AF6AA200860002001B07047000000002D
S31508006B6040F2CC10C2F20040027846F2BC01C2F2F2
S31508006B7000410868104408607047000000000000E3
S31508006B8080B582B0032000F0BBF803F035F844F274
S31508006B901842C5F602021168C1F3032346F69401AA
S31508006BA0C0F60201CB5C03F01F03D84000900098A2
S31508006BB0126802F00F02895C01F01F01C84040F21A
S31508006BC0CC01C2F200410860009840F2C801C2F246
S31508006BD000410860072000F013F820B1FFE7012004
S31508006BE08DF8070005E000F04FF800208DF8070043
S31508006BF0FFE79DF8070002B080BD00000000000016
S31508006C0080B582B0009040F2CC10C2F20040007805
S31508006C1020B9FFE701208DF8070030E040F2C800F0
S31508006C20C2F20040006840F2CC11C2F200410A7874
S31508006C304FF47A71B1FBF2F1B0FBF1F005F038F8D8
S31508006C4020B1FFE701208DF8070018E000980F280B
S31508006C500DD8FFE700994FF0FF30002200F038F812
S31508006C60009840F2D011C2F20041086003E001200A
S31508006C708DF8070003E000208DF80700FFE79DF870
S31508006C80070002B080BD000080B582B0FFE744F27D
S31508006C90F440C5F60200016841F00201016000688F
S31508006CA000F0020001900198FFE7042000F028F8A0
S31508006CB002B080BD0000000080B582B0ADF80600C5
S31508006CC0BDF906001DF0C0FC02B080BD0000000042
S31508006CD080B586B0ADF81600049103921DF0CCFC81
S31508006CE00290BDF91600019002980499039A08F0DB
S31508006CF077FA014601981DF0C7FC06B080BD000072
S31508006D0080B582B0019001981DF0E2FC02B080BD0A
S31508006D1082B0019001980068009001990120C1F89D
S31508006D20D8040199002081F8CC04009A916941F0B1
S31508006D3000619161009A516D0323C1F20003194362
S31508006D40516502B07047000082B001908DF80310BB
S31508006D5002B070470000000082B00190ADF8021042
S31508006D60BDF80200019909684862002002B0704720
S31508006D7084B003908DF80B10ADF8082003980068CE
S31508006D80406A00909DF80B0048B9FFE7BDF8081067
S31508006D90009840EA014003990968886233E003983D
S31508006DA00068816A009800EB1140009000208DF879
S31508006DB00700FFE79DF807009DF80B100139884288
S31508006DC013D2FFE7039800689DF8071000EB8100CF
S31508006DD0D0F80411009800EB11400090FFE79DF8E9
S31508006DE0070001308DF80700E4E7BDF808100098A1
S31508006DF040EA0140039909689DF80B2001EB8201DE
S31508006E00C1F80001FFE7002004B070470000000049
S31508006E1080B582B001900198D0F8E0040CF06CFFC0
S31508006E2002B080BD0000000080B582B001908DF8E8
S31508006E300310019AD2F8E0049DF8031001EBC10390
S31508006E4002EB8302126A0CF0B3FD02B080BD0000AB
S31508006E5080B582B001908DF80310019AD2F8E0044B
S31508006E609DF8031001EBC10302EB8302D2F86022FE
S31508006E700CF066FE02B080BD80B582B00190019824
S31508006E80D0F8E0040CF040FF02B080BD000000001E
S31508006E9080B584B003908DF80B109DF80B000006A2
S31508006EA000280CD5FFE703989DF80B1001F00F0199
S31508006EB001EBC10100EB8100143001900CE003984E
S31508006EC09DF80B1001F00F0101EBC10100EB8100E9
S31508006ED000F515700190FFE70398006801990EF018
S31508006EE0C7FC8DF80A009DF80A0004B080BD0000B2
S31508006EF080B584B002908DF807109DF8070000064B
S31508006F0000280FD5FFE702989DF8071001F00F013A
S31508006F1001EBC10100EB81001430009000990120BB
S31508006F2048700FE002989DF8071001F00F0101EB79
S31508006F30C10100EB810000F5157000900099002052
S31508006F404870FFE79DF8070000F00F0000990870E9
S31508006F50FFE7029890F89404012804D1FFE702207D
S31508006F608DF80F0014E00299012081F89404FFE7D8
S31508006F70FFE70298006800990DF06AFFFFE702999B
S31508006F80002081F89404FFE700208DF80F00FFE742
S31508006F909DF80F0004B080BD80B584B002908DF8CE
S31508006FA007109DF8070000F00F000299097988423A
S31508006FB004D9FFE701208DF80F004DE09DF8070082
S31508006FC0000600280FD5FFE702989DF8071001F084
S31508006FD00F0101EBC10100EB81001430009000990C
S31508006FE0012048700FE002989DF8071001F00F0184
S31508006FF001EBC10100EB810000F5157000900099C6
S3150800700000204870FFE70099002088709DF8070067
S3150800701000F00F0000990870FFE7029890F89404B2
S31508007020012804D1FFE702208DF80F0014E0029929
S31508007030012081F89404FFE7FFE7029800680099A9
S315080070400EF076F9FFE70299002081F89404FFE72D
S3150800705000208DF80F00FFE79DF80F0004B080BDF3
S3150800706082B001908DF8031001989DF8031001F085
S315080070700F0101EBC10100EB8100D0F8680202B0F4
S31508007080704700000000000080B586B004908DF8B7
S315080070900F10ADF80C208DF80B3000208DF80A0083
S315080070A09DF80F00000600280FD5FFE704989DF805
S315080070B00F1001F00F0101EBC10100EB8100143044
S315080070C001900199012048700FE004989DF80F106F
S315080070D001F00F0101EBC10100EB810000F515700D
S315080070E00190019900204870FFE79DF80F0000F015
S315080070F00F0001990870BDF80C006FF3DF200199A5
S3150800710088609DF80B00019908710198407820B1B4
S31508007110FFE7019908784883FFE79DF80B000228E6
S3150800712004D1FFE7019900204871FFE7FFE70498BB
S3150800713090F89404012804D1FFE702208DF817007F
S3150800714015E00499012081F89404FFE7FFE7049805
S31508007150006801990DF040FDFFE70499002081F8C9
S315080071609404FFE79DF80A008DF81700FFE79DF8DD
S31508007170170006B080BD000080B586B005908DF872
S3150800718013100392029305989DF8131001F00F014E
S3150800719001EBC10100EB810000F515700190039821
S315080071A00199C8600298019908610199002048610F
S315080071B0019948709DF8130000F00F0001990870B6
S315080071C005988079012804D1FFE703980199C861D9
S315080071D0FFE7059A1068019992790EF04DF900209B
S315080071E006B080BD0000000080B584B002908DF81E
S315080071F007109DF8070000F00F00029909798842E8
S3150800720004D9FFE701208DF80F0058E09DF8070024
S31508007210000600280FD5FFE702989DF8071001F031
S315080072200F0101EBC10100EB8100143000900099B9
S31508007230012048700DE002989DF8071001EBC10186
S3150800724000EB810000F51570009000990020487049
S31508007250FFE70099012088709DF8070000F00F00ED
S3150800726000990870FFE7029890F89404012804D161
S31508007270FFE702208DF80F0021E00299012081F82E
S315080072809404FFE7FFE70298006800990EF0A0F85B
S315080072909DF80700000740B9FFE7029A1068917940
S315080072A002F29C420DF0F4FFFFE7FFE70299002087
S315080072B081F89404FFE700208DF80F00FFE79DF89A
S315080072C00F0004B080BD000080B586B005908DF82B
S315080072D013100392029305989DF8131001F00F01FD
S315080072E001EBC10100EB810014300190039801996C
S315080072F0C8600298019908610199002048610199BE
S31508007300012048709DF8130000F00F0001990870DD
S3150800731005988079012804D1FFE703980199C86187
S31508007320FFE7059A1068019992790EF0A5F80020F2
S3150800733006B080BD0000000080B58CB00B900B989D
S3150800734000680A900A9809900B9800680EF0D0FB1E
S31508007350002840F03484FFE70B9800680EF040FCE4
S3150800736010B9FFE700F02BBC0998D0F80808C0F35D
S315080073700D200B99C1F8D4040B9800680EF030FC68
S315080073808007002807D5FFE70B980168486900F0D1
S3150800739002004861FFE70B9800680EF021FCC00662
S315080073A0002862D5FFE70B980168886920F010006D
S315080073B088610A98006A02900B98029901F00F01F9
S315080073C001EBC10100EB810000F5157008900298E9
S315080073D000F4F0110220B0EB514F23D1FFE7BDF8BE
S315080073E0080047F6F07108421BD0FFE70A9808998B
S315080073F0C968029AC2F30A120EF002FC029847F60E
S31508007400F07100EA0103089AD06800EB1310D06007
S31508007410029800EA01020899486900EB12104861CF
S31508007420FFE71BE0029800F4F0110620B0EB514F7D
S3150800743012D1FFE70A980B9901F29C4108220EF037
S31508007440DFFB029847F6F07100EA010208994869DD
S3150800745000EB1210486100E0FFE7FFE70B980168B0
S31508007460886940F010008861FFE70B9800680EF005
S31508007470B7FB0003002840F1A680FFE70020049030
S315080074800B9800680EF058FB0690FFE70698002850
S3150800749000F09880FFE79DF81800C007002800F064
S315080074A08A80FFE70B9800689DF810100EF080FBA5
S315080074B005909DF81400C00760B1FFE70998049984
S315080074C000EB41110120C1F8080B0B98049907F04D
S315080074D00FFFFFE79DF81400000700280CD5FFE70B
S315080074E00998049900EB41110820C1F8080B0B987C
S315080074F0049907F0B5FEFFE79DF81400C0060028BA
S3150800750008D5FFE70998049900EB41111020C1F846
S31508007510080BFFE79DF81400800700282DD5FFE724
S315080075200A9840690006002808D5FFE70999D1F8A6
S31508007530040840F48060C1F80408FFE70B98049932
S3150800754001EBC10100EB810000F515700890089861
S31508007550C078012809D1FFE708990020C8700B9860
S315080075609DF8101000F040FBFFE70998049900EB1E
S3150800757041110220C1F8080BFFE79DF814008006A8
S31508007580002808D5FFE70998049900EB4111202047
S31508007590C1F8080BFFE79DF815008006002809D5F5
S315080075A0FFE70998049900EB41114FF40050C1F820
S315080075B0080BFFE7FFE70498013004900698400897
S315080075C0069063E7FFE70B9800680EF009FB400397
S315080075D0002840F1C680FFE70B9800680EF098FA7D
S315080075E0069000200490FFE70698002800F0B8806F
S315080075F0FFE79DF81800C007002800F0AA80FFE7FB
S315080076000B9800689DF810100EF0AAFA05909DF8E0
S315080076101400C00700283ED0FFE7049800F00F01C9
S31508007620012000FA01F10391039B099AD2F8341854
S315080076309943C2F834180999049A01EB4211C1F822
S3150800764008090B98807901281FD1FFE70B98049940
S3150800765001EBC10100EB8101CA69086A104408629E
S31508007660049888B9FFE70B98049901EBC10100EB70
S315080076708100406A40B9FFE70B99086801F29C420D
S3150800768001210DF005FEFFE7FFE70B989DF81010A6
S31508007690FFF7CAFBFFE79DF814000007002808D586
S315080076A0FFE70998049900EB41110820C1F8080979
S315080076B0FFE79DF81400C006002808D5FFE70998DB
S315080076C0049900EB41111020C1F80809FFE79DF85D
S315080076D014004006002808D5FFE70998049900EB2E
S315080076E041114020C1F80809FFE79DF814008007FA
S315080076F0002822D5FFE70A9804990EF091F90B980D
S31508007700049901EBC10100EB810014300890089838
S31508007710C078012809D1FFE708990020C8700B989E
S315080077209DF8101000F050FAFFE70998049900EB4D
S3150800773041110220C1F80809FFE79DF81400000668
S31508007740002805D5FFE70B98049907F0B5FEFFE773
S31508007750FFE704980130049006984008069043E72E
S31508007760FFE70B9800680EF03BFAC00F00B3FFE77F
S315080077700999D1F8040820F00100C1F804080B980B
S3150800778090F8CC04012808D1FFE70B98002180F86F
S31508007790CC140B98FFF7D8FA03E00B9800F0BCFB63
S315080077A0FFE70B980168486900F000404861FFE769
S315080077B00B9800680EF014FA0005002811D5FFE7AB
S315080077C00998D0F80808C00720B1FFE70B9800F021
S315080077D037FCFFE70B980168486900F400604861C8
S315080077E0FFE70B9800680EF0FBF90001002820D58A
S315080077F0FFE70B980168486900F0006048610B983C
S3150800780090F8CC0480B9FFE70B98012180F8CC14D6
S315080078100B980068406DC0F383000B9AC2F8D00439
S315080078200B98FFF791FA03E00B9800F009FCFFE7C5
S31508007830FFE70B9800680EF0D3F9C004002840F162
S315080078408680FFE70999D1F8040820F00100C1F8FD
S3150800785004080B98006810210EF0E2F80020079043
S31508007860FFE707980B990979884231D2FFE709980B
S31508007870079900EB41114FF67F30C1F808090999BD
S31508007880079A01EB4212D2F8001921F40011C2F846
S3150800789000190999079A01EB4211C1F8080B0998D2
S315080078A0079900EB4111D1F8000B20F40010C1F83C
S315080078B0000B0998079900EB4111D1F8000B40F02D
S315080078C00060C1F8000BFFE7079801300790C8E78A
S315080078D00999D1F81C0840F00110C1F81C080B984A
S315080078E0C07B78B1FFE70999D1F8840840F00B000E
S315080078F0C1F884080999D1F8440840F00B00C1F88A
S3150800790044080FE00999D1F8140842F22B021043F3
S31508007910C1F814080999D1F8100840F00B00C1F80D
S315080079201008FFE70999D1F8000820F4FE60C1F8AD
S3150800793000080B9A1068917902F29C420DF0A8FC97
S315080079400B980168486900F480504861FFE70B9876
S3150800795000680EF045F9800400281FD5FFE70B984C
S3150800796000680DF0A9F90B9800680EF099F80B99C4
S31508007970C8710B980068019002F0EAF80146019870
S315080079800B9AD2790EF038FA0B9800F099FA0B9800
S315080079900168486900F400504861FFE70B980068E1
S315080079A00EF01EF9000700280AD5FFE70B9800F02D
S315080079B0BFFA0B980168486900F008004861FFE7BC
S315080079C00B9800680EF00CF90006002825D5FFE78D
S315080079D00A99886920F08000886101200490FFE7F1
S315080079E004980B990979884216D2FFE70B980499EF
S315080079F001EBC10100EB810090F85702012806D17E
S31508007A00FFE70B989DF81010FFF742FAFFE7FFE72C
S31508007A10049801300490E3E7FFE70B9800680EF03E
S31508007A20DFF8C00200283CD5FFE701200490FFE7F5
S31508007A3004980B99097988422CD2FFE7099804998A
S31508007A4000EB4110D0F8000902900B98049901EB5D
S31508007A50C10100EB8100007E012816D1FFE79DF8E1
S31508007A600B000006002810D5FFE70B98049901EBD8
S31508007A70C10100EB81010120C8750B989DF8101013
S31508007A8041F08001FFF704FAFFE7FFE704980130A9
S31508007A900490CDE70B980168486900F480104861A6
S31508007AA0FFE70B9800680EF09BF88002002856D571
S31508007AB0FFE701200490FFE704980B9909798842AB
S31508007AC046D2FFE70998049900EB4110D0F8000B5D
S31508007AD002900B98049901EBC10100EB810090F824
S31508007AE0580201282FD1FFE79DF80B000006002851
S31508007AF029D5FFE7029800F480310B98D0F8D40412
S31508007B0000F00100B0EB114F1DD1FFE70B98049967
S31508007B1001EBC10100EB8101012081F857020A99A6
S31508007B20886940F0800088610A9840690006002844
S31508007B3008D4FFE70999D1F8040840F40070C1F8A1
S31508007B40040805E0FFE7FFE7049801300490B3E76F
S31508007B500B980168486900F400104861FFE70B9824
S31508007B6000680EF03DF8400000280AD5FFE70B989C
S31508007B70FFF74EF90B980168486900F080404861A4
S31508007B80FFE70B9800680EF02BF84007002815D57C
S31508007B90FFE70B980068406802909DF808004007C8
S31508007BA0002804D5FFE70B98FFF766F9FFE7029A66
S31508007BB00B980168486810434860FFE7FFE70CB078
S31508007BC080BD00000000000080B582B001908DF8ED
S31508007BD003100198D0F8E0049DF803100CF038F96A
S31508007BE002B080BD0000000080B582B001908DF81B
S31508007BF003100198D0F8E0049DF803100CF060F922
S31508007C0002B080BD0000000080B58CB00A900A98CA
S31508007C1020B9FFE701208DF82F000EE10A9890F8A9
S31508007C20950440B9FFE70A99002081F894040A9858
S31508007C3000F00AF9FFE70A99032081F895040A98E3
S31508007C4000680DF019FB0A9B1868197C8DF820103E
S31508007C5059689A68DB680793069205910599069A0A
S31508007C60079BDDF820C0EE46CEF800C00DF03CF8C4
S31508007C7040B1FFE70A99022081F8950401208DF8A2
S31508007C802F00DAE00A98006800210EF015F840B1D6
S31508007C90FFE70A99022081F8950401208DF82F0044
S31508007CA0CBE000208DF82700FFE79DF827000A990A
S31508007CB00979884241DAFFE70A989DF8271001EB0F
S31508007CC0C10100EB8101012048759DF827000A993A
S31508007CD000EBC00201EB820108759DF827000A999E
S31508007CE000EBC00201EB8201C8850A989DF82710AF
S31508007CF001EBC10100EB8101002008760A999DF885
S31508007D00272002EBC20201EB8201C8610A999DF89D
S31508007D10272002EBC20201EB820108620A999DF84C
S31508007D20272002EBC20201EB82014862FFE79DF8B9
S31508007D30270001308DF82700B7E700208DF82700C7
S31508007D40FFE79DF827000A99097988423EDAFFE796
S31508007D500A989DF8271001EBC10100EB810100206C
S31508007D6081F855029DF827100A9A01EBC10302EB28
S31508007D70830282F854120A999DF8272002EBC20260
S31508007D8001EB820181F858020A999DF8272002EB37
S31508007D90C20201EB8201C1F85C020A999DF827200C
S31508007DA002EBC20201EB8201C1F860020A999DF852
S31508007DB0272002EBC20201EB8201C1F86402FFE749
S31508007DC09DF8270001308DF82700BAE70A9B186846
S31508007DD0197C8DF8101059689A68DB68039302922B
S31508007DE001910199029A039BDDF810C0EE46CEF880
S31508007DF000C00DF0F9F840B1FFE70A99022081F8B2
S31508007E00950401208DF82F0017E00A990020487480
S31508007E100A99012081F895040A98007B012804D163
S31508007E20FFE70A98FEF774FFFFE70A9800680DF067
S31508007E30C3F800208DF82F00FFE79DF82F000CB03F
S31508007E4080BD00000000000080B5B2B0319002A8E5
S31508007E50B821F8F74EFC319800680021C4F20401F5
S31508007E6088422BD1FFE7002003904FF48020029030
S31508007E704FF44010239002A800F026FC18B1FFE743
S31508007E80F9F70AFEFFE700F04FF9FFE744F2D8409A
S31508007E90C5F60200016841F000710160006800F053
S31508007EA0007001900198FFE74D20009000221146CE
S31508007EB0FEF70EFF0098FEF7FFFEFFE732B080BD23
S31508007EC080B582B0019001208DF803000198C07931
S31508007ED020B9FFE700208DF803000CE00198C0796F
S31508007EE0022804D1FFE701208DF8030002E0F9F724
S31508007EF0D3FDFFE7FFE70198D0F8E0049DF80310EB
S31508007F000CF0E6F80198D0F8E0040CF05DF802B041
S31508007F1080BD00000000000080B582B00190019885
S31508007F20D0F8E0040CF0A0F802B080BD0000000014
S31508007F3080B582B001900198D0F8E0040CF0A8F85A
S31508007F4002B080BD0000000080B584B002908DF8B4
S31508007F500710FFE7029890F89404012804D1FFE778
S31508007F6002208DF80F0019E00299012081F8940487
S31508007F70FFE7FFE79DF80700029948740298006832
S31508007F809DF807100DF008FFFFE70299002081F819
S31508007F909404FFE700208DF80F00FFE79DF80F0017
S31508007FA004B080BD0000000080B582B00190019940
S31508007FB0D1F8E00401F29C410CF0B6F802B080BD9D
S31508007FC080B584B00290029800680190FFE7029895
S31508007FD090F89404012804D1FFE702208DF80F00D9
S31508007FE028E00299012081F89404FFE7FFE7019849
S31508007FF0C068400600280BD5FFE70298407B012899
S3150800800006D1FFE70199886B40F480308863FFE763
S31508008010029800680DF0BCFC029800680CF0B4FFEA
S31508008020FFE70299002081F89404FFE700208DF805
S315080080300F00FFE79DF80F0004B080BD00000000A8
S3150800804080B582B001900198D0F8E0040CF0F4F8FD
S3150800805001980168D1F8000E40F00100C1F8000E41
S315080080600198C07A48B1FFE74EF61051CEF20001EA
S31508008070086840F006000860FFE702B080BD00000F
S3150800808080B584B0029044F60C00C5F6020000687C
S3150800809000F004010020B0EB910F13D1FFE744F67E
S315080080A00C00C5F60200006800F007000299884235
S315080080B004D0FFE701208DF80F002EE000208DF890
S315080080C00F002AE044F60C01C5F60201086820F004
S315080080D00700029A10430860FEF72EFD0190FFE79D
S315080080E044F60400C5F60200006800F400510020BA
S315080080F0B0EB513F0DD1FFE7FEF71EFD0199401A7F
S31508008100B0F57A7F04D9FFE701208DF80F0004E067
S31508008110E6E700208DF80F00FFE79DF80F0004B092
S3150800812080BD00000000000044F60C01C5F60201FF
S31508008130086840F080700860704700000000000082
S3150800814080B501F005FD44F22041C5F60201096833
S31508008150C1F3021246F69401C0F60201895C01F0E9
S315080081601F01C84080BD000088B0079044F228402F
S31508008170C5F60200016801F0030106910068C0F324
S315080081800530059044F22C40C5F602000068C0F39D
S3150800819000100490049844F23C41C5F602010968AF
S315080081A089B2C908484300EE100AB8EE400A8DEDB8
S315080081B0020A0598002800F01B81FFE70698009040
S315080081C048B1FFE70098012869D0FFE70098022820
S315080081D000F08980ABE044F20040C5F60200006872
S315080081E000F020010020B0EB511F33D0FFE744F226
S315080081F00040C5F602000068C0F3C10149F200005C
S31508008200C0F2D030C84003909DED030AB8EE400A8C
S315080082109DED051AB8EE411A80EE010A44F238407F
S31508008220C5F6020000686FF35F2001EE100AB8EE8B
S31508008230411A9DED022A9FED743A82EE032A31EE29
S31508008240021AB7EE002A31EE021A20EE010A8DED67
S31508008250010A23E09DED050AB8EE401A9FED6C0A67
S3150800826080EE010A44F23840C5F6020000686FF352
S315080082705F2001EE100AB8EE411A9DED022A9FED25
S31508008280623A82EE032A31EE021AB7EE002A31EE7E
S31508008290021A20EE010A8DED010AFFE76BE09DED5B
S315080082A0050AB8EE401A9FED590A80EE010A44F213
S315080082B03840C5F6020000686FF35F2001EE100A29
S315080082C0B8EE411A9DED022A9FED4F3A82EE032A37
S315080082D031EE021AB7EE002A31EE021A20EE010A32
S315080082E08DED010A47E09DED050AB8EE401A9FEDAF
S315080082F0450A80EE010A44F23840C5F602000068D5
S315080083006FF35F2001EE100AB8EE411A9DED022ABE
S315080083109FED3D3A82EE032A31EE021AB7EE002AA5
S3150800832031EE021A20EE010A8DED010A23E09DEDD9
S31508008330050AB8EE401A9FED350A80EE010A44F2A6
S315080083403840C5F6020000686FF35F2001EE100A98
S31508008350B8EE411A9DED022A9FED2B3A82EE032ACA
S3150800836031EE021AB7EE002A31EE021A20EE010AA1
S315080083708DED010AFFE79DED010A44F23840C5F686
S315080083800200016889B2490A01EE101AB8EE411ACC
S31508008390B7EE002A31EE021A80EE010A0799BCEE02
S315080083A0C00A81ED000A9DED010A0168C1F3064184
S315080083B001EE101AB8EE411A31EE021A80EE010AE1
S315080083C00799BCEEC00A81ED010A9DED010A006815
S315080083D0C0F3066001EE100AB8EE411A31EE021A31
S315080083E080EE010A0798BCEEC00A80ED020A07E093
S315080083F00799002008600799486007998860FFE791
S3150800840008B07047001BB74B000000460024744AAA
S315080084100024744C0000000088B0079044F22840FD
S31508008420C5F60200016801F0030106910068C0F371
S315080084300550059044F22C40C5F602000068C0F3CA
S3150800844000200490049844F24441C5F602010968E4
S3150800845089B2C908484300EE100AB8EE400A8DED05
S31508008460020A0598002800F01B81FFE7069800908D
S3150800847048B1FFE70098012869D0FFE7009802286D
S3150800848000F08980ABE044F20040C5F602000068BF
S3150800849000F020010020B0EB511F33D0FFE744F273
S315080084A00040C5F602000068C0F3C10149F20000A9
S315080084B0C0F2D030C84003909DED030AB8EE400ADA
S315080084C09DED051AB8EE411A80EE010A44F24040C5
S315080084D0C5F6020000686FF35F2001EE100AB8EED9
S315080084E0411A9DED022A9FED743A82EE032A31EE77
S315080084F0021AB7EE002A31EE021A20EE010A8DEDB5
S31508008500010A23E09DED050AB8EE401A9FED6C0AB4
S3150800851080EE010A44F24040C5F6020000686FF397
S315080085205F2001EE100AB8EE411A9DED022A9FED72
S31508008530623A82EE032A31EE021AB7EE002A31EECB
S31508008540021A20EE010A8DED010AFFE76BE09DEDA8
S31508008550050AB8EE401A9FED590A80EE010A44F260
S315080085604040C5F6020000686FF35F2001EE100A6E
S31508008570B8EE411A9DED022A9FED4F3A82EE032A84
S3150800858031EE021AB7EE002A31EE021A20EE010A7F
S315080085908DED010A47E09DED050AB8EE401A9FEDFC
S315080085A0450A80EE010A44F24040C5F6020000681A
S315080085B06FF35F2001EE100AB8EE411A9DED022A0C
S315080085C09FED3D3A82EE032A31EE021AB7EE002AF3
S315080085D031EE021A20EE010A8DED010A23E09DED27
S315080085E0050AB8EE401A9FED350A80EE010A44F2F4
S315080085F04040C5F6020000686FF35F2001EE100ADE
S31508008600B8EE411A9DED022A9FED2B3A82EE032A17
S3150800861031EE021AB7EE002A31EE021A20EE010AEE
S315080086208DED010AFFE79DED010A44F24040C5F6CB
S315080086300200016889B2490A01EE101AB8EE411A19
S31508008640B7EE002A31EE021A80EE010A0799BCEE4F
S31508008650C00A81ED000A9DED010A0168C1F30641D1
S3150800866001EE101AB8EE411A31EE021A80EE010A2E
S315080086700799BCEEC00A81ED010A9DED010A006862
S31508008680C0F3066001EE100AB8EE411A31EE021A7E
S3150800869080EE010A0798BCEEC00A80ED020A07E0E0
S315080086A00799002008600799486007998860FFE7DE
S315080086B008B07047001BB74B000000460024744AF8
S315080086C00024744C0000000080B59AB01890002071
S315080086D08DF857008DF856001898C07800070028BE
S315080086E048D5FFE71898406E149078B1FFE71498BC
S315080086F0B0F5801F13D0FFE71498B0F5001F16D009
S31508008700FFE71498B0F5401F19D019E044F22C4140
S31508008710C5F60201086840F40030086014E01898AD
S315080087200830022106F068FF8DF857000CE018980B
S315080087302830022107F048F88DF8570004E003E0D6
S3150800874001208DF85700FFE79DF8570060B9FFE74D
S3150800875044F25041C5F60201086820F44010189A00
S31508008760526E1043086004E09DF857008DF85600D5
S31508008770FFE7FFE718984078C007002840D0FFE7D2
S315080087801898806D1390042820D81399DFE801F013
S31508008790030C141C1D0044F22C41C5F6020108689E
S315080087A040F40030086015E018980830002106F0FB
S315080087B023FF8DF857000DE018982830002107F0A0
S315080087C003F88DF8570005E004E003E001208DF872
S315080087D05700FFE79DF8570060B9FFE744F250419C
S315080087E0C5F60201086820F00700189A926D104332
S315080087F0086004E09DF857008DF85600FFE7FFE78C
S31508008800189840784007002856D5FFE71898D0F8FA
S31508008810A4001290C8B1FFE71298B0F5001F1DD04A
S31508008820FFE71298B0F5800F20D0FFE71298B0F551
S31508008830C00F23D0FFE71298B0F5000F1FD0FFE74F
S315080088401298B0F5200F1BD01BE044F22C41C5F658
S315080088500201086840F40030086016E018980830ED
S31508008860002106F0C9FE8DF857000EE0189828304A
S31508008870002106F0A9FF8DF8570006E005E004E0A0
S3150800888003E001208DF85700FFE79DF8570068B907
S31508008890FFE744F25841C5F60201086820F4600073
S315080088A0189AD2F8A4201043086004E09DF85700EF
S315080088B08DF85600FFE7FFE718984078000700286C
S315080088C056D5FFE71898D0F8A8001190C8B1FFE769
S315080088D01198B0F1807F1DD0FFE71198B0F1007FA5
S315080088E020D0FFE71198B0F1407F23D0FFE7119819
S315080088F0B0F1806F1FD0FFE71198B0F1A06F1BD0C1
S315080089001BE044F22C41C5F60201086840F4003029
S31508008910086016E018980830002106F06DFE8DF8FC
S3150800892057000EE018982830002106F04DFF8DF804
S31508008930570006E005E004E003E001208DF8570043
S31508008940FFE79DF8570068B9FFE744F25841C5F6B6
S315080089500201086820F0E060189AD2F8A8201043AF
S31508008960086004E09DF857008DF85600FFE7FFE71A
S315080089701898C078800700283ED5FFE71898C06C7D
S315080089801090F0B1FFE71098102808D0FFE710986C
S3150800899020280DD0FFE71098302811D012E044F2B5
S315080089A02C41C5F60201086840F4003008600DE065
S315080089B018980830022106F01FFE8DF8570005E0CA
S315080089C004E003E001208DF85700FFE79DF8570003
S315080089D060B9FFE744F24C41C5F60201086820F089
S315080089E03000189AD26C1043086004E09DF85700CE
S315080089F08DF85600FFE7FFE718984078C00600286C
S31508008A004ED5FFE71898C06D0F90A0B1FFE70F98F5
S31508008A10B0F5805F18D0FFE70F98B0F5005F1BD060
S31508008A20FFE70F98B0F5405F1ED0FFE70F98B0F547
S31508008A30804F1AD01AE044F22C41C5F602010868A4
S31508008A4040F40030086015E018980830002106F058
S31508008A50D3FD8DF857000DE018982830002106F050
S31508008A60B3FE8DF8570005E004E003E001208DF819
S31508008A705700FFE79DF8570060B9FFE744F25041F9
S31508008A80C5F60201086820F4E040189AD26D104332
S31508008A90086004E09DF857008DF85600FFE7FFE7E9
S31508008AA018984078800600284CD5FFE71898006E7D
S31508008AB00E90C8B1FFE70E98B0F5803F15D0FFE7D6
S31508008AC00E98B0F5003F18D0FFE70E98B0F5403F76
S31508008AD01BD0FFE70E98B0F5802F17D0FFE70E984A
S31508008AE0B0F5A02F13D013E016E01898083001212E
S31508008AF006F082FD8DF857000EE0189828300121FF
S31508008B0006F062FE8DF8570006E005E004E003E093
S31508008B1001208DF85700FFE79DF8570060B9FFE779
S31508008B2044F25041C5F60201086820F4E020189A7C
S31508008B30126E1043086004E09DF857008DF8560041
S31508008B40FFE7FFE718984078400600284ED5FFE76C
S31508008B501898D0F8AC000D90C8B1FFE70D98B0F1A1
S31508008B60805F15D0FFE70D98B0F1005F18D0FFE7DA
S31508008B700D98B0F1405F1BD0FFE70D98B0F1804F1C
S31508008B8017D0FFE70D98B0F1A04F13D013E016E009
S31508008B9018980830012106F02FFD8DF857000EE0D1
S31508008BA018982830012106F00FFE8DF8570006E0C8
S31508008BB005E004E003E001208DF85700FFE79DF883
S31508008BC0570068B9FFE744F25841C5F6020108683C
S31508008BD020F0E040189AD2F8AC201043086004E070
S31508008BE09DF857008DF85600FFE7FFE7189840787C
S31508008BF0000600283BD5FFE71898C06E0C90D8B140
S31508008C00FFE70C98B0F1805F05D0FFE70C98B0F14C
S31508008C10005F09D011E044F22C41C5F6020108684C
S31508008C2040F4003008600CE018980830012106F07E
S31508008C30E3FC8DF8570004E003E001208DF85700A7
S31508008C40FFE79DF8570060B9FFE744F25041C5F6C3
S31508008C500201086820F04050189AD26E1043086046
S31508008C6004E09DF857008DF85600FFE7FFE71898CF
S31508008C70C078C007002837D0FFE71898806C0B909B
S31508008C80032817D80B99DFE801F014020B1344F2F6
S31508008C902C41C5F60201086840F4003008600DE072
S31508008CA018980830022106F0A7FC8DF8570005E051
S31508008CB004E003E001208DF85700FFE79DF8570010
S31508008CC060B9FFE744F24C41C5F60201086820F096
S31508008CD00300189A926C1043086004E09DF8570048
S31508008CE08DF85600FFE7FFE71898807840060028B9
S31508008CF040F1B480FFE744F60001C5F602010868B2
S31508008D0040F480700860FDF717FF1690FFE744F6F9
S31508008D100000C5F602000068C00500280CD4FFE76D
S31508008D20FDF70AFF1699401A652804D3FFE70320C2
S31508008D308DF8570000E0EAE79DF85700002840F054
S31508008D408780FFE744F27040C5F60200006800F429
S31508008D5040701899D1F8B01001F44071884213D0C8
S31508008D60FFE744F27041C5F60201086820F4407036
S31508008D701790086840F480300860086820F480304E
S31508008D80086017980860FFE71898D0F8B000B0F5A3
S31508008D90807F1FD1FFE7FDF7CFFE1690FFE744F26D
S31508008DA07040C5F60200006800F002010020B0EB32
S31508008DB0510F0ED1FFE7FDF7BFFE1699401A41F293
S31508008DC08931884204D3FFE703208DF8570000E075
S31508008DD0E5E7FFE79DF85700A0BBFFE7FFE7189810
S31508008DE0D0F8B00000F44070B0F5407F13D1FFE72B
S31508008DF044F21041C5F60201086820F47C50189A1E
S31508008E00D2F8B0204FF6F043C0F6FF731A4040EA96
S31508008E101210086008E044F21041C5F6020108681D
S31508008E2020F47C500860FFE71898D0F8B0206FF35C
S31508008E301F3244F27041C5F6020108681043086003
S31508008E40FFE704E09DF857008DF85600FFE704E0B9
S31508008E509DF857008DF85600FFE7FFE71898006859
S31508008E60C007002800F04C80FFE71898806F0A902A
S31508008E7028282BD80A99DFE801F015292929292954
S31508008E80292916292929292929291E292929292962
S31508008E902929262929292929292927292929292939
S31508008EA02929280016E018980830012106F0A4FBA5
S31508008EB08DF857000EE018982830012106F084FC3A
S31508008EC08DF8570006E005E004E003E001208DF880
S31508008ED05700FFE79DF8570060B9FFE744F2544191
S31508008EE0C5F60201086820F03800189A926F1043F8
S31508008EF0086004E09DF857008DF85600FFE7FFE785
S31508008F00189800788007002839D5FFE71898406F29
S31508008F100990052819D80999DFE801F003040C140B
S31508008F20151616E018980830012106F065FB8DF82D
S31508008F3057000EE018982830012106F045FC8DF8F8
S31508008F40570006E005E004E003E001208DF857002D
S31508008F50FFE79DF8570060B9FFE744F25441C5F6AC
S31508008F600201086820F00700189A526F104308603B
S31508008F7004E09DF857008DF85600FFE7FFE71898BC
S31508008F800078400700283BD5FFE71898D0F89000EE
S31508008F900890052819D80899DFE801F003040C148D
S31508008FA0151616E018980830012106F025FB8DF8ED
S31508008FB057000EE018982830012106F005FC8DF8B8
S31508008FC0570006E005E004E003E001208DF85700AD
S31508008FD0FFE79DF8570068B9FFE744F25841C5F620
S31508008FE00201086820F00700189AD2F8902010436A
S31508008FF0086004E09DF857008DF85600FFE7FFE784
S3150800900018980078800600284ED5FFE71898D0F8FB
S315080090108C000790C8B1FFE70798B0F1805F15D0BC
S31508009020FFE70798B0F1005F18D0FFE70798B0F19F
S31508009030405F1BD0FFE70798B0F1804F17D0FFE7D6
S315080090400798B0F1A04F13D013E016E0189808302F
S31508009050002106F0D1FA8DF857000EE0189828304E
S31508009060022106F0B1FB8DF8570006E005E004E0A2
S3150800907003E001208DF85700FFE79DF8570068B90F
S31508009080FFE744F25441C5F60201086820F0E040C3
S31508009090189AD2F88C201043086004E09DF857000F
S315080090A08DF85600FFE7FFE7189800784006002875
S315080090B04ED5FFE71898D0F898000690C8B1FFE794
S315080090C00698B0F5806F15D0FFE70698B0F5006FE3
S315080090D018D0FFE70698B0F5406F1BD0FFE7069853
S315080090E0B0F5805F17D0FFE70698B0F5A05F13D0FC
S315080090F013E016E018980830002106F07DFA8DF87E
S3150800910057000EE018982830022106F05DFB8DF80E
S31508009110570006E005E004E003E001208DF857005B
S31508009120FFE79DF8570068B9FFE744F25841C5F6CE
S315080091300201086820F4E050189AD2F898201043E3
S31508009140086004E09DF857008DF85600FFE7FFE732
S3150800915018980078000600284ED5FFE71898D0F82A
S315080091609C000590C8B1FFE70598B0F5005F15D0DB
S31508009170FFE70598B0F5804F18D0FFE70598B0F5DA
S31508009180C04F1BD0FFE70598B0F5004F17D0FFE793
S315080091900598B0F5204F13D013E016E0189808305C
S315080091A0002106F029FA8DF857000EE018982830A5
S315080091B0022106F009FB8DF8570006E005E004E0F9
S315080091C003E001208DF85700FFE79DF8570068B9BE
S315080091D0FFE744F25841C5F60201086820F46040EA
S315080091E0189AD2F89C201043086004E09DF85700AE
S315080091F08DF85600FFE7FFE7189800780007002863
S3150800920020D5FFE71898D0F88000B0F5805F0CD11C
S31508009210FFE718982830022106F0D6FA20B1FFE7B2
S3150800922001208DF85600FFE7FFE744F25441C5F6E2
S315080092300201086820F44050189AD2F8802010439A
S315080092400860FFE718980078C006002820D5FFE7D1
S315080092501898D0F89400B0F5807F0CD1FFE71898DD
S315080092602830022106F0B0FA20B1FFE701208DF878
S315080092705600FFE7FFE744F25841C5F602010868C1
S3150800928020F44070189AD2F8942010430860FFE73B
S3150800929018988078000700283CD5FFE71898D0F87A
S315080092A0A000049050B1FFE70498B0F5803F0DD0B8
S315080092B0FFE70498B0F5003F10D010E01898083082
S315080092C0002106F099F98DF857000CE01898283017
S315080092D0022106F079FA8DF8570004E003E0012030
S315080092E08DF85700FFE79DF8570068B9FFE744F285
S315080092F05841C5F60201086820F44030189AD2F899
S31508009300A0201043086004E09DF857008DF8560029
S31508009310FFE7FFE718988078400700283FD5FFE762
S315080093201898D0F884000390B0F5801F0AD0FFE79C
S315080093300398B0F5001F0ED0FFE70398B0F5401F5D
S3150800934011D011E044F22C41C5F60201086840F438
S31508009350003008600CE018982830012106F034FA2D
S315080093608DF8570004E003E001208DF85700FFE769
S315080093709DF8570068B9FFE744F25441C5F6020163
S31508009380086820F44010189AD2F884201043086020
S3150800939004E09DF857008DF85600FFE7FFE7189898
S315080093A08078C007A8B3FFE71898006D029028B127
S315080093B0FFE70298B0F5803F09D010E044F22C414F
S315080093C0C5F60201086840F4003008600BE01898FA
S315080093D00830022106F010F98DF8570003E0012045
S315080093E08DF85700FFE79DF8570060B9FFE744F28C
S315080093F04C41C5F60201086820F48030189A126DAF
S315080094001043086004E09DF857008DF85600FFE702
S31508009410FFE71898C078800600280CD5FFE718984B
S315080094202830022106F0D0F920B1FFE701208DF897
S315080094305600FFE7FFE718988078800700283AD596
S31508009440FFE71898C06F0190D0B1FFE70198B0F513
S31508009450807F0AD0FFE70198B0F5007F0ED0FFE7BE
S315080094600198B0F5407F0AD00BE044F22C41C5F6CE
S315080094700201086840F40030086006E005E004E0F0
S3150800948003E001208DF85700FFE79DF8570060B903
S31508009490FFE744F25441C5F60201086820F440701B
S315080094A0189AD26F1043086004E09DF857008DF8AB
S315080094B05600FFE7FFE718988078C00600280CD505
S315080094C0FFE744F25041C5F60201086820F0004063
S315080094D0189A126F10430860FFE71898807880067C
S315080094E000280CD5FFE744F25041C5F6020108688A
S315080094F020F08070189A926E10430860FFE718985B
S31508009500C0784006002811D5FFE7FFE744F210416E
S31508009510C5F60201086820F4004008601898D0F8DB
S31508009520B420086810430860FFE7FFE71898C0787A
S31508009530000600280CD5FFE744F24C41C5F60201A7
S31508009540086820F04050189A526D10430860FFE7EB
S3150800955018988078000600280DD5FFE744F2544194
S31508009560C5F60201086820F44000189AD2F8882047
S3150800957010430860FFE718980079C00790B1FFE725
S3150800958018980830002106F037F88DF857009DF82E
S31508009590570008B9FFE704E09DF857008DF8560014
S315080095A0FFE7FFE7189800798007002812D5FFE73C
S315080095B018980830012106F01FF88DF857009DF815
S315080095C0570008B9FFE704E09DF857008DF85600E4
S315080095D0FFE7FFE7189800794007002812D5FFE74C
S315080095E018980830022106F007F88DF857009DF8FC
S315080095F0570008B9FFE704E09DF857008DF85600B4
S31508009600FFE7FFE7189800790007002812D5FFE75B
S3150800961018982830002106F0D7F88DF857009DF8DD
S31508009620570008B9FFE704E09DF857008DF8560083
S31508009630FFE7FFE718980079C006002812D5FFE76C
S3150800964018982830012106F0BFF88DF857009DF8C4
S31508009650570008B9FFE704E09DF857008DF8560053
S31508009660FFE7FFE7189800798006002812D5FFE77C
S3150800967018982830022106F0A7F88DF857009DF8AB
S31508009680570008B9FFE704E09DF857008DF8560023
S31508009690FFE7FFE79DF8560020B9FFE700208DF8A1
S315080096A0670003E001208DF86700FFE79DF8670073
S315080096B01AB080BD0000000080B586B00490039102
S315080096C0049820B9FFE701208DF817003CE20398BB
S315080096D042F20001C5F20021096801F00F01884233
S315080096E016D9FFE742F20000C5F20020016821F012
S315080096F00F01039A11430160006800F00F000399F7
S31508009700884204D0FFE701208DF817001CE2FFE726
S31508009710049800784007002819D5FFE704980069DF
S3150800972044F21841C5F60201096801F07001884241
S315080097300CD9FFE744F21841C5F60201086820F083
S315080097407000049A126910430860FFE7FFE704985F
S3150800975000780007002819D5FFE70498406944F205
S315080097601C41C5F60201096801F0700188420CD94E
S31508009770FFE744F21C41C5F60201086820F07000B4
S31508009780049A526910430860FFE7FFE704980078D7
S31508009790C006002819D5FFE70498806944F21C41E1
S315080097A0C5F60201096801F4E06188420CD9FFE7B1
S315080097B044F21C41C5F60201086820F4E060049AE8
S315080097C0926910430860FFE7FFE70498007880066F
S315080097D0002819D5FFE70498C06944F22041C5F668
S315080097E00201096801F0700188420CD9FFE744F2CA
S315080097F02041C5F60201086820F07000049AD26973
S3150800980010430860FFE7FFE7049800788007002800
S3150800981019D5FFE70498C06844F21841C5F6020155
S31508009820096801F00F0188420CD9FFE744F2184194
S31508009830C5F60201086820F00F00049AD2681043A2
S315080098400860FFE7FFE704980078C007002800F0E3
S315080098508C80FFE744F21841C5F60201086820F437
S315080098607060049A92681043086004984068022859
S3150800987011D1FFE744F20040C5F60200006800F483
S3150800988000310020B0EB514F04D1FFE701208DF8DD
S31508009890170059E13EE004984068032811D1FFE714
S315080098A044F20040C5F60200006800F0007100208E
S315080098B0B0EB516F04D1FFE701208DF8170043E1A3
S315080098C027E004984068012811D1FFE744F20040D8
S315080098D0C5F60200006800F480710020B0EB112F75
S315080098E004D1FFE701208DF817002DE110E044F2BE
S315080098F00040C5F60200006800F004010020B0EB45
S31508009900910F04D1FFE701208DF817001CE1FFE74E
S31508009910FFE7FFE744F21041C5F60201086820F0A8
S315080099200700049A526810430860FDF705F901908C
S31508009930FFE744F21040C5F60200006800F0380060
S3150800994004994968B0EBC10F0ED0FFE7FDF7F4F8AC
S315080099500199401A41F28931884204D3FFE703206E
S315080099608DF81700F0E0E4E7FFE704980078800731
S31508009970002819D5FFE70498C06844F21841C5F6CF
S315080099800201096801F00F0188420CD2FFE744F290
S315080099901841C5F60201086820F00F00049AD2683B
S315080099A010430860FFE7FFE7039842F20001C5F29B
S315080099B00021096801F00F01884216D2FFE742F23A
S315080099C00000C5F20020016821F00F01039A114337
S315080099D00160006800F00F000399884204D0FFE791
S315080099E001208DF81700AFE0FFE7049800784007DC
S315080099F0002819D5FFE70498006944F21841C5F60E
S31508009A000201096801F0700188420CD2FFE744F2AE
S31508009A101841C5F60201086820F07000049A126918
S31508009A2010430860FFE7FFE704980078000700285E
S31508009A3019D5FFE70498406944F21C41C5F60201AE
S31508009A40096801F0700188420CD2FFE744F21C4114
S31508009A50C5F60201086820F07000049A526910439E
S31508009A600860FFE7FFE704980078C006002819D5C4
S31508009A70FFE70498806944F21C41C5F602010968AB
S31508009A8001F4E06188420CD2FFE744F21C41C5F6B6
S31508009A900201086820F4E060049A9269104308609D
S31508009AA0FFE7FFE7049800788006002819D5FFE746
S31508009AB00498C06944F22041C5F60201096801F01C
S31508009AC0700188420CD2FFE744F22041C5F6020134
S31508009AD0086820F07000049AD26910430860FFE70E
S31508009AE0FFE700F089F844F21842C5F60202116849
S31508009AF0C1F3032346F69401C0F60201CB5C03F0DA
S31508009B001F03D84000900098126802F00F02895C83
S31508009B1001F01F01C84040F2CC01C2F200410860C2
S31508009B20009840F2C801C2F20041086040F2D01025
S31508009B30C2F200400068FDF763F88DF80B009DF847
S31508009B400B008DF81700FFE79DF8170006B080BDDB
S31508009B5080B582B000F050F844F21842C5F6020209
S31508009B601168C1F3032346F69401C0F60201CB5CE3
S31508009B7003F01F03D84001900198126802F00F0203
S31508009B80895C01F01F0120FA01F140F2CC00C2F213
S31508009B9000400160019940F2C802C2F20042116019
S31508009BA0006802B080BD000080B5FFF7D1FF44F21F
S31508009BB01C41C5F602010968C1F3021246F6940172
S31508009BC0C0F60201895C01F01F01C84080BD000093
S31508009BD080B5FFF7BDFF44F21C41C5F602010968CE
S31508009BE0C1F3022246F69401C0F60201895C01F02F
S31508009BF01F01C84080BD00008AB044F21040C5F677
S31508009C000200006800F0380001460191182800F2A9
S31508009C1069810199DFE811F019006601660166019C
S31508009C2066016601660166013A006601660166011B
S31508009C306601660166016601400066016601660105
S31508009C406601660166016601460044F20040C5F6F3
S31508009C500200006800F020010020B0EB511F0ED072
S31508009C60FFE744F20040C5F602000068C0F3C101F0
S31508009C7049F20000C0F2D030C840029005E049F22F
S31508009C800000C0F2D0300290FFE731E140F6001044
S31508009C90C0F23D0002902BE143F20060C0F26E1064
S31508009CA0029025E144F22840C5F60200016801F059
S31508009CB0030108910068C0F30510079044F22C4090
S31508009CC0C5F60200006800F001000690069844F206
S31508009CD03441C5F60201096889B2C908484300EE4D
S31508009CE0100AB8EE400A8DED040A0798002800F01D
S31508009CF0F580FFE70898009048B1FFE7009801282B
S31508009D0069D0FFE70098022800F08980ABE044F2AA
S31508009D100040C5F60200006800F020010020B0EB04
S31508009D20511F33D0FFE744F20040C5F60200006831
S31508009D30C0F3C10149F20000C0F2D030C840059016
S31508009D409DED050AB8EE400A9DED071AB8EE411AD0
S31508009D5080EE010A44F23040C5F6020000686FF34F
S31508009D605F2001EE100AB8EE411A9DED042A9FED18
S31508009D70633A82EE032A31EE021AB7EE002A31EE72
S31508009D80021A20EE010A8DED030A23E09DED070A6B
S31508009D90B8EE401A9FED5B0A80EE010A44F23040A5
S31508009DA0C5F6020000686FF35F2001EE100AB8EEF0
S31508009DB0411A9DED042A9FED513A82EE032A31EEAF
S31508009DC0021AB7EE002A31EE021A20EE010A8DEDCC
S31508009DD0030AFFE76BE09DED070AB8EE401A9FED10
S31508009DE0480A80EE010A44F23040C5F602000068CF
S31508009DF06FF35F2001EE100AB8EE411A9DED042AB2
S31508009E009FED3E3A82EE032A31EE021AB7EE002A99
S31508009E1031EE021A20EE010A8DED030A47E09DEDA8
S31508009E20070AB8EE401A9FED340A80EE010A44F29A
S31508009E303040C5F6020000686FF35F2001EE100A95
S31508009E40B8EE411A9DED042A9FED2C3A82EE032ABC
S31508009E5031EE021AB7EE002A31EE021A20EE010A96
S31508009E608DED030A23E09DED070AB8EE401A9FED33
S31508009E70240A80EE010A44F23040C5F60200006862
S31508009E806FF35F2001EE100AB8EE411A9DED042A21
S31508009E909FED1A3A82EE032A31EE021AB7EE002A2D
S31508009EA031EE021A20EE010A8DED030AFFE744F2AD
S31508009EB03040C5F60200006881B2012000EB51204F
S31508009EC009909DED030A9DED091AB8EE411A80EE38
S31508009ED0010ABCEEC00A8DED020A02E000200290DB
S31508009EE0FFE705E040F60010C0F23D000290FFE7EC
S31508009EF002980AB0704700BF001BB74B0000004627
S31508009F000024744A0024744C80B58CB00A900A98D0
S31508009F1028B9FFE701208DF82F0000F001BD0A9847
S31508009F200078C007002800F0B980FFE744F2104027
S31508009F30C5F60200006800F03800069044F2284092
S31508009F40C5F6020000680590069810280AD0FFE7B3
S31508009F50069818281CD1FFE7059800F00300022888
S31508009F6016D1FFE744F20040C5F60200006800F487
S31508009F7000310020B0EB514F09D0FFE70A9840683E
S31508009F8028B9FFE701208DF82F0000F0C9BC84E04E
S31508009F90FFE70A984068B0F5803F09D1FFE744F229
S31508009FA00041C5F60201086840F48030086032E0D6
S31508009FB00A98406868B9FFE744F20041C5F602010D
S31508009FC0086820F480300860086820F4802008605B
S31508009FD020E00A984068B0F5A02F0DD1FFE744F2BB
S31508009FE00041C5F60201086840F480200860086848
S31508009FF040F4803008600CE044F20041C5F60201E6
S3150800A000086820F480300860086820F4802008601A
S3150800A010FFE7FFE7FFE7FFE70A984068F0B1FFE7C9
S3150800A020FCF78AFD0990FFE744F20040C5F60200F6
S3150800A030006800F400310020B0EB514F0DD1FFE766
S3150800A040FCF77AFD0999401A652805D3FFE703202E
S3150800A0508DF82F0000F064BCE6E71DE0FCF76CFD08
S3150800A0600990FFE744F20040C5F60200006800F4D4
S3150800A07000310020B0EB514F0DD0FFE7FCF75CFD37
S3150800A0800999401A652805D3FFE703208DF82F00A4
S3150800A09000F046BCE6E7FFE7FFE7FFE70A98007827
S3150800A0A08007002840F1C580FFE744F21040C5F656
S3150800A0B00200006800F03800049044F22840C5F613
S3150800A0C0020000680390049850B1FFE70498182826
S3150800A0D050D1FFE79DF80C00800700284AD1FFE71A
S3150800A0E044F20040C5F60200006800F004010020B2
S3150800A0F0B0EB910F09D0FFE70A98C06828B9FFE7C7
S3150800A10001208DF82F0000F00BBC44F20041C5F683
S3150800A1100201086820F019000A9AD26810430860FC
S3150800A120FCF70AFD0990FFE744F20040C5F6020075
S3150800A130006800F004010020B0EB910F0CD1FFE796
S3150800A140FCF7FAFC0999401A032804D3FFE7032011
S3150800A1508DF82F00E4E3E7E744F20441C5F602016F
S3150800A160086820F0FE400A9A126940EA0260086010
S3150800A170FFE75DE00A98C068A0B3FFE744F2004134
S3150800A180C5F60201086820F019000A9AD268104339
S3150800A1900860FCF7D1FC0990FFE744F20040C5F6D9
S3150800A1A00200006800F004010020B0EB910F0CD10A
S3150800A1B0FFE7FCF7C1FC0999401A032804D3FFE717
S3150800A1C003208DF82F00ABE3E7E744F20441C5F618
S3150800A1D00201086820F0FE400A9A126940EA026005
S3150800A1E0086024E044F20041C5F60201086820F040
S3150800A1F001000860FCF7A0FC0990FFE744F2004064
S3150800A200C5F60200006800F004010020B0EB910FCB
S3150800A2100CD0FFE7FCF790FC0999401A032804D3F1
S3150800A220FFE703208DF82F007AE3E7E7FFE7FFE76C
S3150800A230FFE70A980078C006002840F1A080FFE7EB
S3150800A24044F21040C5F60200006800F0380002909B
S3150800A25044F22840C5F602000068019002980828D2
S3150800A2600AD0FFE7029818282BD1FFE7019800F0DB
S3150800A2700300012825D1FFE744F20040C5F6020095
S3150800A280006800F480710020B0EB112F09D0FFE7B9
S3150800A2900A98C069802804D0FFE701208DF82F00AE
S3150800A2A03EE3FFE744F20C41C5F60201086820F0D8
S3150800A2B07C500A9A126A40EA02600860FFE7FFE7E4
S3150800A2C05CE00A98C06998B3FFE744F20041C5F616
S3150800A2D00201086840F080000860FCF72DFC099030
S3150800A2E0FFE744F20040C5F60200006800F48071FA
S3150800A2F00020B0EB112F0CD1FFE7FCF71DFC0999E4
S3150800A300401A032804D3FFE703208DF82F0007E33C
S3150800A310E7E7FFE744F20C41C5F60201086820F0BA
S3150800A3207C500A9A126A40EA02600860FFE724E055
S3150800A33044F20041C5F60201086820F08000086072
S3150800A340FCF7FAFB0990FFE744F20040C5F6020065
S3150800A350006800F480710020B0EB112F0CD0FFE7E5
S3150800A360FCF7EAFB0999401A032804D3FFE7032000
S3150800A3708DF82F00D4E2E7E7FFE7FFE7FFE70A9843
S3150800A3800078000700284FD5FFE70A98406928B3E8
S3150800A390FFE744F27441C5F60201086840F001007F
S3150800A3A00860FCF7C9FB0990FFE744F27440C5F65C
S3150800A3B00200006800F002010020B0EB510F0CD13A
S3150800A3C0FFE7FCF7B9FB0999401A032804D3FFE70E
S3150800A3D003208DF82F00A3E2E7E724E044F2744156
S3150800A3E0C5F60201086820F001000860FCF7A4FB26
S3150800A3F00990FFE744F27440C5F60200006800F0D1
S3150800A40002010020B0EB510F0CD0FFE7FCF794FBDC
S3150800A4100999401A032804D3FFE703208DF82F0073
S3150800A4207EE2E7E7FFE7FFE70A980078800600285C
S3150800A4304FD5FFE70A98806928B3FFE744F2004141
S3150800A440C5F60201086840F480500860FCF774FB02
S3150800A4500990FFE744F20040C5F60200006800F4E0
S3150800A46000510020B0EB513F0CD1FFE7FCF764FB2D
S3150800A4700999401A032804D3FFE703208DF82F0013
S3150800A4804EE2E7E724E044F20041C5F60201086817
S3150800A49020F480500860FCF74FFB0990FFE744F270
S3150800A4A00040C5F60200006800F400510020B0EB39
S3150800A4B0513F0CD0FFE7FCF73FFB0999401A0328E8
S3150800A4C004D3FFE703208DF82F0029E2E7E7FFE72B
S3150800A4D0FFE70A9800784007002840F1A780FFE7C1
S3150800A4E044F60001C5F60201086840F48070086069
S3150800A4F0FCF722FB0990FFE744F60000C5F60200C8
S3150800A5000068C00500280CD4FFE7FCF715FB09997D
S3150800A510401A652804D3FFE703208DF82F00FFE1D2
S3150800A520EAE7FFE70A988068012809D1FFE744F2BD
S3150800A5307041C5F60201086840F00100086031E084
S3150800A5400A98806868B9FFE744F27041C5F60201C7
S3150800A550086820F001000860086820F00400086018
S3150800A5601FE00A98806805280DD1FFE744F270417C
S3150800A570C5F60201086840F004000860086840F063
S3150800A580010008600CE044F27041C5F60201086853
S3150800A59020F001000860086820F004000860FFE762
S3150800A5A0FFE7FFE7FFE70A988068F8B1FFE7FCF7DF
S3150800A5B0C3FA0990FFE744F27040C5F60200006846
S3150800A5C000F002010020B0EB510F0ED1FFE7FCF7B7
S3150800A5D0B3FA0999401A41F28931884204D3FFE750
S3150800A5E003208DF82F009BE1E5E71EE0FCF7A4FAAF
S3150800A5F00990FFE744F27040C5F60200006800F0D3
S3150800A60002010020B0EB510F0ED0FFE7FCF794FAD9
S3150800A6100999401A41F28931884204D3FFE7032099
S3150800A6208DF82F007CE1E5E7FFE7FFE70A98406A27
S3150800A630002800F07181FFE744F21040C5F60200D9
S3150800A640006800F03800182800F0E080FFE70A9854
S3150800A650406A022840F0B480FFE744F20041C5F69C
S3150800A6600201086820F080700860FCF765FA099016
S3150800A670FFE744F20040C5F60200006800F00071EA
S3150800A6800020B0EB516F0CD0FFE7FCF755FA09999B
S3150800A690401A032804D3FFE703208DF82F003FE173
S3150800A6A0E7E7FFE744F22841C5F60201086840F2E9
S3150800A6B0F33290430A9B9A6ADB6A42EA0312104312
S3150800A6C008600A99086BD1F834C08B6BCA6B0138DD
S3150800A6D06FF35F204FF60061CFF6FF7101EB4C2157
S3150800A6E089B208440021CFF6FF7101EB034101F45A
S3150800A6F0FE0108444FF07F4101EB026101F0FE4183
S3150800A700084444F23041C5F602010860FFE744F206
S3150800A7102C41C5F602010091086820F00100086086
S3150800A72044F23442C5F6020210684FF6F8739843AD
S3150800A7300A9B9B6C40EAC3001060086820F00C0076
S3150800A7400A9A126C10430860086820F002000A9AF8
S3150800A750526C10430860086840F480300860086846
S3150800A76040F400300860086840F4802008600868F3
S3150800A77040F00100086044F20041C5F6020108688D
S3150800A78040F080700860FCF7D7F90990FFE744F2BB
S3150800A7900040C5F60200006800F000710020B0EB2A
S3150800A7A0516F0CD1FFE7FCF7C7F90999401A03283E
S3150800A7B004D3FFE703208DF82F00B1E0E7E724E094
S3150800A7C044F20041C5F60201086820F0807008606E
S3150800A7D0FCF7B2F90990FFE744F20040C5F602001B
S3150800A7E0006800F000710020B0EB516F0CD0FFE755
S3150800A7F0FCF7A2F90999401A032804D3FFE70320B6
S3150800A8008DF82F008CE0E7E7FFE784E044F2284064
S3150800A810C5F602000068089044F23040C5F602000A
S3150800A820006807900A98406A012837D0FFE7089819
S3150800A83000F003000A99896A88422FD1FFE7089831
S3150800A84000F47C710A98C06AB0EB111F26D1FFE7A5
S3150800A85007986FF35F200A99096B013988421DD161
S3150800A860FFE7BDF81C100A98406B0138B0EB512F72
S3150800A87014D1FFE7079800F4FE010A98806B0138A7
S3150800A880B0EB114F0AD1FFE7079800F0FE410A988E
S3150800A890C06B0138B0EB116F04D0FFE701208DF8CB
S3150800A8A02F003DE044F23440C5F60200006880B24D
S3150800A8B0C00808900A98806C0899884229D0FFE752
S3150800A8C044F22C41C5F60201086820F00100086030
S3150800A8D0FCF732F90990FFE7FCF72EF90999401AB7
S3150800A8E008B9FFE7F8E744F23441C5F602010868FB
S3150800A8F04FF6F87290430A9A926C40EAC2000860D2
S3150800A90044F22C41C5F60201086840F001000860CF
S3150800A910FFE7FFE7FFE7FFE700208DF82F00FFE7D7
S3150800A9209DF82F000CB080BD81B0009001B0704733
S3150800A93080B588B007900798006800690690079860
S3150800A940006840690590069805990840049007989C
S3150800A95000688068039000200290079890F88100AC
S3150800A9608DF8070007980068303000909DF81500AC
S3150800A9700007002810D5FFE79DF8180000070028F3
S3150800A9800AD5FFE707980168886940F4006088617E
S3150800A990079800F0C1FB91E19DF8100040060028D9
S3150800A9A015D4FFE79DF81000800600280FD4FFE7AE
S3150800A9B09DF810004007002809D5FFE70798416F62
S3150800A9C088470798016F884701200290FFE79DF89E
S3150800A9D010004006002811D4FFE79DF81000C007B4
S3150800A9E060B1FFE79DF810004007002806D4FFE78E
S3150800A9F00798016F884701200290FFE79DF810002D
S3150800AA008006002812D4FFE79DF81000800700286A
S3150800AA100CD5FFE79DF810004007002806D4FFE78D
S3150800AA200798416F884701200290FFE7029808B10E
S3150800AA30FFE743E19DF810000007002840F18980F0
S3150800AA40FFE707980168886940F008008861079859
S3150800AA500168886940F0100088610798016888696C
S3150800AA6040F40060886107980168086920F00800CA
S3150800AA70086107980068806810F4404F3AD1FFE7EC
S3150800AA80FFE70798B0F86A0098B3FFE70798C06829
S3150800AA9010280BD3FFE707980068006B0799496EE3
S3150800AAA008600799486E043048661BE00798C06836
S3150800AAB008280AD3FFE7009800880799496E088096
S3150800AAC00799486E023048660BE00798006890F8C8
S3150800AAD030000799496E08700799486E0130486634
S3150800AAE0FFE7FFE70799B1F86A000138A1F86A009D
S3150800AAF0C7E7FFE7079804F057FF0799012081F891
S3150800AB0081000798D0F8840020B1FFE70798FFF77F
S3150800AB100BFFD3E09DF80700052804D1FFE7079847
S3150800AB2001F056F814E09DF80700042804D1FFE761
S3150800AB30079800F0EDFA0AE09DF80700032804D10B
S3150800AB40FFE7079801F040F800E0FFE7FFE7FFE7B7
S3150800AB50B4E0BDF8100010F4587F00F0AF80FFE7AE
S3150800AB609DF81000400600280ED5FFE70799D1F892
S3150800AB70840040F00400C1F88400079801688869D9
S3150800AB8040F040008861FFE79DF811008007002823
S3150800AB900ED5FFE70799D1F8840040F00100C1F807
S3150800ABA0840007980168886940F400708861FFE7A7
S3150800ABB09DF81100C00770B1FFE70799D1F8840026
S3150800ABC040F00800C1F8840007980168886940F4D5
S3150800ABD080708861FFE79DF81000800600280ED572
S3150800ABE0FFE70799D1F8840040F08000C1F8840097
S3150800ABF007980168886940F020008861FFE7079890
S3150800AC00D0F88400002858D0FFE70798016808683C
S3150800AC1020F00100086007980168086940F26B3265
S3150800AC2090430861039800F44040B0F5404F3BD18B
S3150800AC30FFE707980168886820F44040886007980D
S3150800AC40C06FB0B1FFE70798C16F4FF6C120C0F6D5
S3150800AC50000008650798C06FF7F7EAFD40B1FFE7FF
S3150800AC600799D1F8840040F04000C1F88400FFE756
S3150800AC70FFE70798806FB0B1FFE70798816F4FF637
S3150800AC80C120C0F6000008650798806FF7F7D0FD69
S3150800AC9040B1FFE70799D1F8840040F04000C1F8B9
S3150800ACA08400FFE7FFE707E00799012081F88100A4
S3150800ACB00798FFF739FEFFE7FFE7FFE708B080BD13
S3150800ACC080B586B00490049820B9FFE701208DF876
S3150800ACD017003AE10498406A08B9FFE7FFE70499C4
S3150800ACE0002088620498006843F20001C4F201015A
S3150800ACF088421BD0FFE70498006843F60001C4F2B7
S3150800AD000001884212D0FFE70498006843F6004124
S3150800AD10C4F20001884209D0FFE70498C0681028E9
S3150800AD2004D3FFE701208DF817000EE1049804F01C
S3150800AD302FFF02900498006843F20001C4F2010153
S3150800AD40884216D0FFE70498006843F60001C4F26B
S3150800AD50000188420DD0FFE70498006843F60041D9
S3150800AD60C4F20001884204D0FFE7029808281FD8D9
S3150800AD70FFE70498006843F20001C4F20101884223
S3150800AD8012D0FFE70498006843F60001C4F20001F8
S3150800AD90884209D0FFE70498006843F60041C4F2E8
S3150800ADA00001884208D1FFE70298112804D3FFE77B
S3150800ADB001208DF81700C8E0049890F8810040B982
S3150800ADC0FFE70499002081F88000049800F0C4F891
S3150800ADD0FFE70499022081F8810004980168086851
S3150800ADE020F00100086004980068806800F4F810F4
S3150800ADF0039004988069B0F1806F1BD1FFE704982F
S3150800AE004068B0F5800F04D1FFE70498806B50B115
S3150800AE10FFE70498406868B9FFE70498806BB0F1CB
S3150800AE20805F07D1FFE704980168086840F48050FE
S3150800AE300860FFE7049880794006002810D5FFE7E8
S3150800AE400498C06807280BD3FFE7049800680068D1
S3150800AE5020F48070049A1168126D1043086006E0A9
S3150800AE6004980168086820F480700860FFE7049B6E
S3150800AE701968DA68D869D3F828C040EA0C00DDF802
S3150800AE800CC040EA0C00DB6B184310438860049A38
S3150800AE900192506B516A0843916B084391690843C4
S3150800AEA01168D2F804C09368D2F810E040EA0E00A0
S3150800AEB0D2F814E040EA0E00D2F820E040EA0E008C
S3150800AEC040EA0C00D2F84CC040EA0C001843936CD8
S3150800AED01843926D1043C8600498406898B9FFE714
S3150800AEE0049800688068012161F3CC2004990968F8
S3150800AEF08860049800688068022161F34A200499F2
S3150800AF0009688860FFE704980168086D20F0010069
S3150800AF10086504988079400600280BD5FFE7049851
S3150800AF200068C06820F00040049A1168526D10430A
S3150800AF30C860FFE704990020C1F88400049A01213B
S3150800AF4082F881108DF81700FFE79DF8170006B004
S3150800AF5080BD00000000000080B5C0B03F90002012
S3150800AF603E903D903C903B903A900CA8B821F5F75E
S3150800AF70C0FB3F98006843F60001C4F2000188420E
S3150800AF8040F0C480FFE700200D904FF480510C91EB
S3150800AF9023900CA8FDF798FB18B1FFE7F6F77CFDA0
S3150800AFA0FFE7FFE744F2E840C5F60200016841F40E
S3150800AFB080410160006800F480400B900B98FFE721
S3150800AFC0FFE744F2E040C5F60200016841F00401DB
S3150800AFD00160006800F004000A900A98FFE7FFE79E
S3150800AFE044F2E040C5F60200016841F00201016042
S3150800AFF0006800F0020009900998FFE706203A90D9
S3150800B000022003903B90002007903C900320049078
S3150800B0103D90052005903E9040F60000C5F60200DA
S3150800B0203AA90691FBF788FBDDF80CC0049A059847
S3150800B0300699079B4FF4005ECDF8E8E0CDF8ECC022
S3150800B0403C933D923E9040F20040C5F60200FBF765
S3150800B05073FB079945F23800C2F200400890402277
S3150800B060C4F202020260272242608160C1604FF486
S3150800B0708062026141618161C1614FF440320262BE
S3150800B0804162F9F715F818B1FFE7F6F705FDFFE78E
S3150800B090FFE73F9845F23801C2F20041C1673F9881
S3150800B0A08863FFE745F2B000C2F20040029028210B
S3150800B0B0C4F202010160282141604021816000211B
S3150800B0C0C1604FF48062026141618161C1614FF4E0
S3150800B0D0003202624162F8F7EBFF18B1FFE7F6F7B4
S3150800B0E0DBFCFFE7FFE73F9845F2B001C2F20041FB
S3150800B0F081673F988863FFE7242001900022114664
S3150800B100FBF7E6FD0198FBF7D7FDFFE740B080BDEA
S3150800B11081B0009001B0704781B0009001B07047CF
S3150800B12080B590B0DDF848C00E900D910C92ADF840
S3150800B1302E300E98006820300A900E98006830303D
S3150800B14009900E98C16B012000EB5110ADF8120062
S3150800B150FBF7F2FC0890BDF82E00ADF81600BDF816
S3150800B1602E00ADF814000E9890F88100012804D03E
S3150800B170FFE702208DF83F0050E30D9838B1FFE74E
S3150800B1800C9820B1FFE7BDF82E0020B9FFE7012093
S3150800B1908DF83F0042E3FFE70E9890F880000128FB
S3150800B1A004D1FFE702208DF83F0037E30E9901200E
S3150800B1B081F88000FFE7FFE70E99052081F88100F6
S3150800B1C00E990020C1F884000C990E9A5166BDF8B4
S3150800B1D02E100E9AA2F86A10BDF82E100E9AA2F832
S3150800B1E068100D990E9AD165BDF82E100E9AA2F820
S3150800B1F06210BDF82E100E9AA2F860100E99086714
S3150800B2000E9948670E980068C06820F4C0200E9909
S3150800B2100968C8600E98006843F20001C4F201018B
S3150800B220884212D0FFE70E98006843F60001C4F280
S3150800B2300001884209D0FFE70E98006843F60041EE
S3150800B240C4F20001884203D1FFE71020079002E00C
S3150800B25008200790FFE70E98006840684FF6FF71D0
S3150800B2608843BDF82E1008440E99096848600E9860
S3150800B2700168086840F0010008600E984068B0F55B
S3150800B280800F07D1FFE70E980168086840F4007040
S3150800B2900860FFE70E98C0681028C0F0B580FFE781
S3150800B2A0079880080790FFE7BDF81610012003905D
S3150800B2B039B9FFE7BDF81400002818BF012003902C
S3150800B2C0FFE70398C007002800F09D80FFE70E9867
S3150800B2D0006840698007002822D5FFE7BDF81600F8
S3150800B2E0F0B1FFE7BDF81400BDF81610079A11442F
S3150800B2F0884215D2FFE70E980168C06D006808629B
S3150800B3000E99C86D0430C8650E99B1F86200013807
S3150800B310A1F862000E98B0F86200ADF81600FFE7D3
S3150800B3200E98006840690690BDF81400002869D098
S3150800B330FFE70E9800684069C007B0B1FFE70E98AE
S3150800B3400068006B0E99496E08600E99486E0430C5
S3150800B35048660E99B1F86A000138A1F86A000E9895
S3150800B360B0F86A00ADF814004BE0BDF81400BDF85B
S3150800B370121088421CDAFFE79DF81900000600281B
S3150800B38016D5FFE70E980068006B0E99496E08609F
S3150800B3900E99486E043048660E99B1F86A0001386D
S3150800B3A0A1F86A000E98B0F86A00ADF8140027E014
S3150800B3B0FBF7C2FB0899401A1299884204D3FFE7A3
S3150800B3C01298013018B9FFE71298C0B9FFE70E982E
S3150800B3D004F0EAFA0E99D1F8840040F48070C1F8B6
S3150800B3E084000E99012081F88100FFE70E9900205C
S3150800B3F081F88000FFE703208DF83F000EE2FFE7A3
S3150800B400FFE7FFE750E7DCE10E98C0680828C0F0C0
S3150800B410DE80FFE7079840080790FFE7BDF816109B
S3150800B4200120029039B9FFE7BDF81400002818BFBB
S3150800B43001200290FFE70298C007002800F0C680A6
S3150800B440FFE70E98006840698007002822D5FFE7C5
S3150800B450BDF81600F0B1FFE7BDF81400BDF81610E8
S3150800B460079A1144884215D2FFE70E98C06D0088E6
S3150800B4700A9908800E99C86D0230C8650E99B1F808
S3150800B48062000138A1F862000E98B0F86200ADF8C3
S3150800B4901600FFE70E98006840690690BDF814008C
S3150800B4A0002800F09280FFE70E9800684069C00700
S3150800B4B0A8B1FFE7099800880E99496E08800E9989
S3150800B4C0486E023048660E99B1F86A000138A1F84C
S3150800B4D06A000E98B0F86A00ADF8140074E0BDF87A
S3150800B4E01400BDF81210884224DAFFE79DF8190007
S3150800B4F0000600281ED5FFE7099800880E99496EB0
S3150800B50008800E99486E02304866099800880E9998
S3150800B510496E08800E99486E023048660E99B1F851
S3150800B5206A000238A1F86A000E98B0F86A00ADF809
S3150800B530140048E0BDF8140001281BD1FFE79DF868
S3150800B54019008006002815D5FFE7099800880E9986
S3150800B550496E08800E99486E023048660E99B1F811
S3150800B5606A000138A1F86A000E98B0F86A00ADF8CA
S3150800B570140027E0FBF7E0FA0899401A1299884266
S3150800B58004D3FFE71298013018B9FFE71298C0B93B
S3150800B590FFE70E9804F008FA0E99D1F8840040F4F3
S3150800B5A08070C1F884000E99012081F88100FFE7B8
S3150800B5B00E99002081F88000FFE703208DF83F00F0
S3150800B5C02CE1FFE7FFE7FFE7FFE727E7F8E0FFE7FC
S3150800B5D0BDF816100120019039B9FFE7BDF814002F
S3150800B5E0002818BF01200190FFE70198C00700282E
S3150800B5F000F0E580FFE70E9800684069800700289C
S3150800B60023D5FFE7BDF81600F8B1FFE7BDF814002B
S3150800B610BDF81610079A1144884216D2FFE70E980D
S3150800B6200168C06D007881F820000E99C86D013058
S3150800B630C8650E99B1F862000138A1F862000E9843
S3150800B640B0F86200ADF81600FFE70E98006840698A
S3150800B6500690BDF81400002800F0B080FFE70E98A9
S3150800B66000684069C007B8B1FFE70E98006890F80F
S3150800B67030000E99496E08700E99486E013048667A
S3150800B6800E99B1F86A000138A1F86A000E98B0F868
S3150800B6906A00ADF8140090E0BDF81400BDF8121069
S3150800B6A088423EDAFFE79DF819000006002838D5DB
S3150800B6B0FFE70E98006890F830000E99496E0870FA
S3150800B6C00E99486E013048660E98006890F830006A
S3150800B6D00E99496E08700E99486E013048660E98A4
S3150800B6E0006890F830000E99496E08700E99486EF9
S3150800B6F0013048660E98006890F830000E99496E39
S3150800B70008700E99486E013048660E99B1F86A00BD
S3150800B7100438A1F86A000E98B0F86A00ADF814006B
S3150800B7204AE0BDF8140003281DD8FFE79DF8190064
S3150800B73010F0600F17D0FFE70E98006890F83000F9
S3150800B7400E99496E08700E99486E013048660E9932
S3150800B750B1F86A000138A1F86A000E98B0F86A00D4
S3150800B760ADF8140027E0FBF7E7F90899401A129993
S3150800B770884204D3FFE71298013018B9FFE71298F8
S3150800B780C0B9FFE70E9804F00FF90E99D1F88400B6
S3150800B79040F48070C1F884000E99012081F8810078
S3150800B7A0FFE70E99002081F88000FFE703208DF857
S3150800B7B03F0033E0FFE7FFE7FFE7FFE708E7FFE7BC
S3150800B7C0FFE70E98129B08996A4611600821002225
S3150800B7D004F0C6FA40B1FFE70E99D1F8840040F0AC
S3150800B7E02000C1F88400FFE70E9804F0DDF80E99F2
S3150800B7F0012081F88100FFE70E99002081F880007A
S3150800B800FFE70E98D0F8840020B1FFE701208DF8F5
S3150800B8103F0003E000208DF83F00FFE79DF83F005A
S3150800B82010B080BD0000000080B586B0049003917A
S3150800B8300292ADF80630049890F88100012804D0E9
S3150800B840FFE702208DF81700B9E1039838B1FFE742
S3150800B850029820B1FFE7BDF8060020B9FFE70120EE
S3150800B8608DF81700ABE1FFE7049890F880000128EF
S3150800B87004D1FFE702208DF81700A0E10499012002
S3150800B88081F88000FFE7FFE70499052081F8810029
S3150800B89004990020C1F884000399049AD165BDF87B
S3150800B8A00610049AA2F86010BDF80610049AA2F8C9
S3150800B8B062100299049A5166BDF80610049AA2F815
S3150800B8C06810BDF80610049AA2F86A100499086769
S3150800B8D00499486704980068C06820F4C020049951
S3150800B8E00968C86004980168886820F44040886040
S3150800B8F00498C06810280ED3FFE70498C06F8069C3
S3150800B900B0F5804F28D1FFE70498806F8069B0F5BD
S3150800B910804F21D1FFE70498C068082826D3FFE79F
S3150800B9200498C06F8069B0F5005F07D0FFE70498F8
S3150800B930C06F8069B0F5804F0ED1FFE70498806F1D
S3150800B9408069B0F5005F11D0FFE70498806F8069C1
S3150800B950B0F5804F0AD0FFE7FFE70499002081F889
S3150800B9608000FFE701208DF8170028E10498C068D9
S3150800B970072841D8FFE70498806F8069B0F5005F13
S3150800B98009D1FFE70498B0F862000130400804992D
S3150800B990A1F86200FFE70498806F8069B0F5804FD0
S3150800B9A009D1FFE70498B0F86200033080080499CB
S3150800B9B0A1F86200FFE70498C06F8069B0F5005FE0
S3150800B9C009D1FFE70498B0F86A00013040080499E5
S3150800B9D0A1F86A00FFE70498C06F8069B0F5804F48
S3150800B9E009D1FFE70498B0F86A0003308008049983
S3150800B9F0A1F86A00FFE727E00498C0680F2821D855
S3150800BA00FFE70498806F8069B0F5804F09D1FFE79A
S3150800BA100498B0F86200013040080499A1F8620061
S3150800BA20FFE70498C06F8069B0F5804F09D1FFE73A
S3150800BA300498B0F86A00013040080499A1F86A0031
S3150800BA40FFE700E0FFE7FFE70498C16F4FF63130E4
S3150800BA50C0F6000008640498C16F4FF64930C0F676
S3150800BA600000C8630498C16F4FF6F120C0F60000C5
S3150800BA70C8640498C16F00200865049B19685A6E4B
S3150800BA80D86F3031B3F86A30F8F7C2FFA8B1FFE7CC
S3150800BA900499D1F8840040F01000C1F88400049994
S3150800BAA0012081F88100FFE70499002081F88000D1
S3150800BAB0FFE701208DF8170081E00498016888687F
S3150800BAC040F4804088600498816F002008640499D7
S3150800BAD0896FC8630499896F08650498816F4FF662
S3150800BAE0F120C0F60000C864049B1A68D96D986FE7
S3150800BAF02032B3F86230F8F78BFFC8B1FFE7049835
S3150800BB00C06FF6F7D9F90499D1F8840040F010000F
S3150800BB10C1F884000499012081F88100FFE704999F
S3150800BB20002081F88000FFE701208DF8170046E025
S3150800BB300498806FC069B0F5807F0AD1FFE7049842
S3150800BB40006840684FF6FF718843049909684860A1
S3150800BB500CE00498006840684FF6FF718843BDF80A
S3150800BB6006100844049909684860FFE704980168C4
S3150800BB70886840F40040886004980168086940F4C1
S3150800BB805870086104980168086840F00100086068
S3150800BB9004984068B0F5800F07D1FFE7049801685C
S3150800BBA0086840F400700860FFE7FFE70499002082
S3150800BBB081F88000FFE700208DF81700FFE79DF861
S3150800BBC0170006B080BD000081B0009001B0704734
S3150800BBD080B584B003900398006843F20001C4F26C
S3150800BBE00101884213D1FFE740F28851C2F20041B1
S3150800BBF0029148680989FAF773FF0299D1F810315A
S3150800BC00B1F80A2101F10A008A31984739E0039808
S3150800BC10006843F60001C4F20001884213D1FFE729
S3150800BC2040F29C61C2F20041019148680989FAF71D
S3150800BC3057FF0199D1F81031B1F80A2101F10A002C
S3150800BC408A3198471CE00398006843F60041C4F21D
S3150800BC500001884213D1FFE740F2B071C2F20041F9
S3150800BC60009148680989FAF73BFF0099D1F8103125
S3150800BC70B1F80A2101F10A008A319847FFE7FFE780
S3150800BC80FFE704B080BD000081B0009001B07047A6
S3150800BC9082B00190009140F20441C5F6000108689F
S3150800BCA0019A9043009A1043086002B0704700005A
S3150800BCB080B582B00190019804F0A6F802B080BD64
S3150800BCC081B0009001B0704781B0009001B0704714
S3150800BCD081B0009001B0704785B003900291FFE7EC
S3150800BCE0039890F83C00012804D1FFE702208DF85C
S3150800BCF01300ABE00399012081F83C00FFE7FFE75A
S3150800BD000399022081F83D00039800684068019075
S3150800BD100398006880680090039800680021C4F2C0
S3150800BD200101884209D0FFE70398006840F2004104
S3150800BD30C4F2010188420AD1FFE7019820F4700095
S3150800BD40019002984168019808430190FFE701981D
S3150800BD5020F070000190029801680198084301904C
S3150800BD600198039909684860039800680021C4F29D
S3150800BD70010188424ED0FFE703980068B0F1804F72
S3150800BD8048D0FFE70398006840F20041C4F200017A
S3150800BD9088423FD0FFE70398006840F60001C4F2E6
S3150800BDA00001884236D0FFE70398006840F6004154
S3150800BDB0C4F2000188422DD0FFE70398006840F2DC
S3150800BDC00041C4F20101884224D0FFE703980068C5
S3150800BDD041F60001C4F2000188421BD0FFE7039830
S3150800BDE0006844F20001C4F20101884212D0FFE75C
S3150800BDF0039800684EF20001C4F20001884209D097
S3150800BE00FFE7039800684EF20041C4F20001884239
S3150800BE100ED1FFE7009820F0800000900298816814
S3150800BE200098084300900098039909688860FFE71E
S3150800BE300399012081F83D00FFE70399002081F866
S3150800BE403C00FFE700208DF81300FFE79DF813007C
S3150800BE5005B070470000000080B582B000900098D9
S3150800BE6020B9FFE701208DF8070045E0009890F813
S3150800BE703D0040B9FFE70099002081F83C00009892
S3150800BE8000F03EF8FFE70099022081F83D0000998E
S3150800BE9051F8040B04F004F90099012081F84800D0
S3150800BEA0FFE70099012081F83E00009981F83F00DC
S3150800BEB0009981F84000009981F84100009981F8BD
S3150800BEC04200009981F84300FFE7FFE70099012047
S3150800BED081F84400009981F84500009981F84600E8
S3150800BEE0009981F84700FFE70099012081F83D0095
S3150800BEF000208DF80700FFE79DF8070002B080BD17
S3150800BF0080B586B005900598006840F20041C4F2F5
S3150800BF100001884210D1FFE7FFE744F2E840C5F682
S3150800BF200200016841F002010160006800F00200A9
S3150800BF3004900498FFE745E00598006840F600017C
S3150800BF40C4F20001884219D1FFE7FFE744F2E8404E
S3150800BF50C5F60200016841F004010160006800F0BE
S3150800BF60040003900398FFE71E2001900221002297
S3150800BF70FAF7AEFE0198FAF79FFE22E005980068E8
S3150800BF8040F60041C4F20001884219D1FFE7FFE7F5
S3150800BF9044F2E840C5F60200016841F00801016074
S3150800BFA0006800F0080002900298FFE7322000902F
S3150800BFB001210022FAF78CFE0098FAF77DFEFFE7CA
S3150800BFC0FFE7FFE706B080BD83B00190019890F8BF
S3150800BFD03D00012804D0FFE701208DF80B0083E01F
S3150800BFE00199022081F83D0001980168C86840F06F
S3150800BFF00100C860019800680021C4F20101884266
S3150800C0004ED0FFE701980068B0F1804F48D0FFE7AF
S3150800C0100198006840F20041C4F2000188423FD00E
S3150800C020FFE70198006840F60001C4F20001884263
S3150800C03036D0FFE70198006840F60041C4F20001D7
S3150800C04088422DD0FFE70198006840F20041C4F20B
S3150800C0500101884224D0FFE70198006841F60001F3
S3150800C060C4F2000188421BD0FFE70198006844F239
S3150800C0700001C4F20101884212D0FFE70198006866
S3150800C0804EF20001C4F20001884209D0FFE7019888
S3150800C09000684EF20041C4F20001884219D1FFE758
S3150800C0A00198006880680721C0F2010108400090E5
S3150800C0B0009806280CD0FFE70098B0F5803F07D017
S3150800C0C0FFE701980168086840F001000860FFE78B
S3150800C0D006E001980168086840F001000860FFE77B
S3150800C0E000208DF80B00FFE79DF80B0003B07047A2
S3150800C0F080B586B00490039100208DF80B00FFE709
S3150800C100049890F83C00012804D1FFE702208DF836
S3150800C1101700D1E00499012081F83C00FFE7FFE70A
S3150800C1200499022081F83D0004980068806801900F
S3150800C13001984FF68871CFF6CE71084001900198A4
S3150800C14020F47F4001900198049909688860039853
S3150800C15000680090002800F09580FFE700981028F6
S3150800C16000F09080FFE70098202800F08B80FFE71A
S3150800C1700098302800F08680FFE70098402874D0A1
S3150800C180FFE70098502856D0FFE7009860285FD050
S3150800C190FFE7009870282AD0FFE70098B0F5805F7F
S3150800C1A024D0FFE70098B0F5005F35D0FFE7009888
S3150800C1B0B0F5801F66D0FFE70098B0F1101F61D078
S3150800C1C0FFE700982021C0F2100188425AD0FFE705
S3150800C1D000983021C0F21001884253D0FFE700983A
S3150800C1E04021C0F2100188424CD052E055E0049834
S3150800C1F00068039B5A689968DB6804F0D1F80498CC
S3150800C200006880680190019840F0770001900198D5
S3150800C21004990968886040E004980068039B5A6896
S3150800C2209968DB6804F0BCF804980168886840F4EB
S3150800C2308040886031E004980068039A5168D268A3
S3150800C24004F0D6FC04980068502104F0C5F824E0F0
S3150800C25004980068039A5168D26804F0F1FC0498BF
S3150800C2600068602104F0B8F817E004980068039A9B
S3150800C2705168D26804F0BCFC04980068402104F0B8
S3150800C280ABF80AE0049800680399096804F0A4F872
S3150800C29003E001208DF80B00FFE70499012081F8DF
S3150800C2A03D00FFE70499002081F83C00FFE79DF870
S3150800C2B00B008DF81700FFE79DF8170006B080BD44
S3150800C2C081B0009001B0704780B584B003900398A0
S3150800C2D00068C068029003980068006901909DF89C
S3150800C2E004008007002824D5FFE79DF8080080078A
S3150800C2F000281DD5FFE7039801686FF00200086162
S3150800C300039901200877039800688069800720B19F
S3150800C310FFE70398FFF7D4FF06E0039800F030F92B
S3150800C320039800F061FAFFE7039900200877FFE712
S3150800C330FFE79DF804004007002825D5FFE79DF88C
S3150800C3400800400700281ED5FFE7039801686FF02C
S3150800C3500400086103990220087703980068806939
S3150800C36010F4407F04D0FFE70398FFF7A9FF06E023
S3150800C370039800F005F9039800F036FAFFE70399E9
S3150800C38000200877FFE7FFE79DF80400000700286C
S3150800C39024D5FFE79DF80800000700281DD5FFE70C
S3150800C3A0039801686FF0080008610399042008776C
S3150800C3B003980068C069800720B1FFE70398FFF774
S3150800C3C07FFF06E0039800F0DBF8039800F00CFA0C
S3150800C3D0FFE7039900200877FFE7FFE79DF80400C9
S3150800C3E0C006002825D5FFE79DF80800C0060028E6
S3150800C3F01ED5FFE7039801686FF0100008610399DE
S3150800C4000820087703980068C06910F4407F04D0B4
S3150800C410FFE70398FFF754FF06E0039800F0B0F82B
S3150800C420039800F0E1F9FFE7039900200877FFE792
S3150800C430FFE79DF80400C00778B1FFE79DF80800FC
S3150800C440C00748B1FFE7039801686FF0010008616B
S3150800C450039800F021FBFFE7FFE7019800F0800052
S3150800C460802806D0FFE79DF805008006002810D52D
S3150800C470FFE79DF808000006002809D5FFE703989E
S3150800C48001686FF4025008610398FFF71DFCFFE787
S3150800C490FFE79DF80500C00780B1FFE79DF8080093
S3150800C4A00006002809D5FFE7039801686FF4807035
S3150800C4B008610398FFF704FCFFE7FFE79DF804000F
S3150800C4C04006002810D5FFE79DF80800400600281A
S3150800C4D009D5FFE7039801686FF0400008610398E3
S3150800C4E000F062FBFFE7FFE79DF8040080060028DE
S3150800C4F010D5FFE79DF808008006002809D5FFE754
S3150800C500039801686FF0200008610398FFF7E0FBC5
S3150800C510FFE7FFE704B080BD80B588B0079000202C
S3150800C520069005900490039002900798006840F2E0
S3150800C5300041C4F2000188421ED1FFE7FFE744F23A
S3150800C540E040C5F60200016841F00201016000689A
S3150800C55000F0020001900198FFE702200290039084
S3150800C560002104910591069040F20040C5F60200AC
S3150800C57002A9FAF7E1F8FFE708B080BD000000005D
S3150800C58081B0009001B0704780B586B004900391E1
S3150800C590029200208DF80700FFE7049890F83C0007
S3150800C5A0012804D1FFE702208DF81700C0E004999E
S3150800C5B0012081F83C00FFE7FFE702980090142865
S3150800C5C000F2A7800099DFE801F00BA4A4A424A434
S3150800C5D0A4A43EA4A4A457A4A4A471A4A4A48A00B1
S3150800C5E004980068039903F0A7FF0498016888690E
S3150800C5F040F00800886104980168886920F0040002
S3150800C60088610398026904980168886910438861FB
S3150800C61083E004980068039904F036F804980168E2
S3150800C620886940F40060886104980168886920F484
S3150800C630806088610398026904980168886940EAFD
S3150800C6400220886169E004980068039904F0D4F828
S3150800C65004980168C86940F00800C8610498016830
S3150800C660C86920F00400C861039802690498016843
S3150800C670C8691043C86150E004980068039904F03B
S3150800C68073F904980168C86940F40060C8610498A1
S3150800C6900168C86920F48060C86103980269049833
S3150800C6A00168C86940EA0220C86136E00498006853
S3150800C6B0039904F0C9F904980168486D40F0080028
S3150800C6C0486504980168486D20F004004865039899
S3150800C6D0026904980168486D104348651DE004988E
S3150800C6E00068039904F018FA04980168486D40F444
S3150800C6F00060486504980168486D20F480604865C4
S3150800C7000398026904980168486D40EA0220486562
S3150800C71003E001208DF80700FFE7FFE704990020F2
S3150800C72081F83C00FFE79DF807008DF81700FFE742
S3150800C7309DF8170006B080BD80B582B000900098BD
S3150800C74020B9FFE701208DF8070045E0009890F82A
S3150800C7503D0040B9FFE70099002081F83C000098A9
S3150800C76000F03EF8FFE70099022081F83D000099A5
S3150800C77051F8040B03F094FC0099012081F8480055
S3150800C780FFE70099012081F83E00009981F83F00F3
S3150800C790009981F84000009981F84100009981F8D4
S3150800C7A04200009981F84300FFE7FFE7009901205E
S3150800C7B081F84400009981F84500009981F84600FF
S3150800C7C0009981F84700FFE70099012081F83D00AC
S3150800C7D000208DF80700FFE79DF8070002B080BD2E
S3150800C7E081B0009001B0704781B0009001B07047E9
S3150800C7F080B590B00E900D910D9828B9FFE70E9868
S3150800C80090F83E000B9034E00D98042805D1FFE718
S3150800C8100E9890F83F000A9028E00D98082805D150
S3150800C820FFE70E9890F8400009901CE00D980C2838
S3150800C83005D1FFE70E9890F84100089010E00D9892
S3150800C840102805D1FFE70E9890F84200079004E0FB
S3150800C8500E9890F843000790FFE707980890FFE7BF
S3150800C86008980990FFE709980A90FFE70A980B903D
S3150800C870FFE70B98012804D0FFE701208DF83F0059
S3150800C88003E10D9828B9FFE70E99022081F83E00CA
S3150800C89038E00D98042806D1FFE70E99022081F8A2
S3150800C8A03F0006902CE00D98082806D1FFE70E9960
S3150800C8B0022081F8400005901FE00D980C2806D14B
S3150800C8C0FFE70E99022081F84100049012E00D98C6
S3150800C8D0102806D1FFE70E99022081F8420003903E
S3150800C8E005E00E99022081F843000390FFE70398BC
S3150800C8F00490FFE704980590FFE705980690FFE780
S3150800C9000698FFE70E9800680D990122019203F038
S3150800C9102BFD01980E9909680022C4F20102914282
S3150800C92002902DD0FFE70E980168012040F20042E0
S3150800C930C4F201029142029022D0FFE70E980168E4
S3150800C940012044F20002C4F201029142029017D07B
S3150800C950FFE70E980168012044F20042C4F2010282
S3150800C960914202900CD0FFE70E9800684BF6000142
S3150800C970CBF6FE710844B0FA80F040090290FFE752
S3150800C9800298C00738B1FFE70E980168486C40F472
S3150800C99000404864FFE70E9800680021C4F20101D0
S3150800C9A088424ED0FFE70E980068B0F1804F48D015
S3150800C9B0FFE70E98006840F20041C4F20001884281
S3150800C9C03FD0FFE70E98006840F60001C4F2000168
S3150800C9D0884236D0FFE70E98006840F60041C4F258
S3150800C9E0000188422DD0FFE70E98006840F200410A
S3150800C9F0C4F20101884224D0FFE70E98006841F688
S3150800CA000001C4F2000188421BD0FFE70E980068B7
S3150800CA1044F20001C4F20101884212D0FFE70E98E1
S3150800CA2000684EF20001C4F20001884209D0FFE70F
S3150800CA300E9800684EF20041C4F20001884219D1EE
S3150800CA40FFE70E98006880680721C0F201010840D8
S3150800CA500C900C9806280CD0FFE70C98B0F5803F90
S3150800CA6007D0FFE70E980168086840F001000860E3
S3150800CA70FFE706E00E980168086840F001000860C4
S3150800CA80FFE700208DF83F00FFE79DF83F0010B054
S3150800CA9080BD00000000000080B582B001900198BA
S3150800CAA000680021C4F20101884207D1FFE740F679
S3150800CAB0D400C2F200404068804773E001980068DD
S3150800CAC0B0F1804F07D1FFE740F6DC00C2F2004024
S3150800CAD04068804765E00198006840F20041C4F26A
S3150800CAE00001884207D1FFE740F6E400C2F20040A1
S3150800CAF04068804754E00198006840F60001C4F297
S3150800CB000001884207D1FFE740F6EC00C2F2004078
S3150800CB104068804743E00198006840F60041C4F247
S3150800CB200001884207D1FFE740F6F400C2F2004050
S3150800CB304068804732E00198006841F20001C4F27B
S3150800CB400001884207D1FFE740F6FC00C2F2004028
S3150800CB504068804721E00198006841F20041C4F22C
S3150800CB600001884207D1FFE740F60410C2F20040F0
S3150800CB704068804710E00198006840F20041C4F21E
S3150800CB800101884207D1FFE740F60C10C2F20040C7
S3150800CB9040688047FFE7FFE7FFE7FFE7FFE7FFE7B4
S3150800CBA0FFE7FFE702B080BD81B0009001B0704793
S3150800CBB083B00190FFE7019890F88400012804D11A
S3150800CBC0FFE702208DF80B002CE00199012081F87F
S3150800CBD08400FFE7FFE701992420C1F8880001983F
S3150800CBE000680068009001980168086820F0010054
S3150800CBF00860009820F000500090019900204866CF
S3150800CC00009801990968086001992020C1F88800F0
S3150800CC10FFE70199002081F88400FFE700208DF8DE
S3150800CC200B00FFE79DF80B0003B0704700000000FB
S3150800CC3080B586B004900391ADF80A200498D0F820
S3150800CC408C00202844D1FFE7039820B1FFE7BDF800
S3150800CC500A0020B9FFE701208DF817003CE0049987
S3150800CC600120C86604990020086704980399BDF84E
S3150800CC700A2005F075FB8DF809009DF8090010BB20
S3150800CC80FFE70498C06E012818D1FFE704980168E9
S3150800CC9010200862FFE7FFE70498006850E8000FD5
S3150800CCA040F010000190FFE701990498026842E8F5
S3150800CCB000100028F0D1FFE7FFE703E001208DF818
S3150800CCC00900FFE7FFE79DF809008DF8170003E064
S3150800CCD002208DF81700FFE79DF8170006B080BD03
S3150800CCE080B588B00790ADF81A100798006841F229
S3150800CCF00001C4F20101884211D1FFE7BDF81A000C
S3150800CD0040F62421C2F20041A1F808010798B1F8BB
S3150800CD1004215200843192B2FFF78AFF7DE2079818
S3150800CD20006845F20001C4F20001884240F0F9802B
S3150800CD30FFE7BDF81A0040F66461C2F20041A1F8A7
S3150800CD400801B1F80801B1F8041188420BDCFFE7C5
S3150800CD5040F66460C2F20040D0F80C21BDF81A1003
S3150800CD6084309047FFE7079840F66461C2F20041B5
S3150800CD70B1F804215200843192B2FFF759FF45F207
S3150800CD802810C2F2004000681021C4F2020188424D
S3150800CD9000F0B280FFE745F22810C2F200400068B2
S3150800CDA02821C4F20201884200F0A680FFE745F276
S3150800CDB02810C2F2004000684021C4F202018842ED
S3150800CDC000F09A80FFE745F22810C2F2004000689A
S3150800CDD05821C4F20201884200F08E80FFE745F22E
S3150800CDE02810C2F2004000687021C4F2020188428D
S3150800CDF000F08280FFE745F22810C2F20040006882
S3150800CE008821C4F20201884276D0FFE745F228104D
S3150800CE10C2F200400068A021C4F2020188426BD029
S3150800CE20FFE745F22810C2F200400068B821C4F2B4
S3150800CE300201884260D0FFE745F22810C2F200409E
S3150800CE40006840F21041C4F20201884254D0FFE75C
S3150800CE5045F22810C2F20040006840F22841C4F2A8
S3150800CE600201884248D0FFE745F22810C2F2004086
S3150800CE70006840F24041C4F2020188423CD0FFE714
S3150800CE8045F22810C2F20040006840F25841C4F248
S3150800CE900201884230D0FFE745F22810C2F200406E
S3150800CEA0006840F27041C4F20201884224D0FFE7CC
S3150800CEB045F22810C2F20040006840F28841C4F2E8
S3150800CEC00201884218D0FFE745F22810C2F2004056
S3150800CED0006840F2A041C4F2020188420CD0FFE784
S3150800CEE045F22810C2F20040006840F2B841C4F288
S3150800CEF0020188420AD1FFE745F22810C2F2004033
S3150800CF000168086820F00800086009E045F2281062
S3150800CF10C2F200400168086820F004000860FFE7D4
S3150800CF207AE10798006847F60001C4F200018842D2
S3150800CF3040F0EA80FFE7BDF81A1041F28400C2F219
S3150800CF4000400490A0F80811D0F80C21BDF81A107A
S3150800CF50843005909047049A05990798B2F80421F9
S3150800CF60FFF766FE45F2A010C2F2004000681021E5
S3150800CF70C4F20201884200F0B280FFE745F2A01031
S3150800CF80C2F2004000682821C4F20201884200F07B
S3150800CF90A680FFE745F2A010C2F2004000684021D3
S3150800CFA0C4F20201884200F09A80FFE745F2A01019
S3150800CFB0C2F2004000685821C4F20201884200F01B
S3150800CFC08E80FFE745F2A010C2F20040006870218B
S3150800CFD0C4F20201884200F08280FFE745F2A01001
S3150800CFE0C2F2004000688821C4F20201884276D065
S3150800CFF0FFE745F2A010C2F200400068A021C4F283
S3150800D000020188426BD0FFE745F2A010C2F2004049
S3150800D0100068B821C4F20201884260D0FFE745F2F1
S3150800D020A010C2F20040006840F21041C4F20201AA
S3150800D030884254D0FFE745F2A010C2F200400068CB
S3150800D04040F22841C4F20201884248D0FFE745F27F
S3150800D050A010C2F20040006840F24041C4F202014A
S3150800D06088423CD0FFE745F2A010C2F200400068B3
S3150800D07040F25841C4F20201884230D0FFE745F237
S3150800D080A010C2F20040006840F27041C4F20201EA
S3150800D090884224D0FFE745F2A010C2F2004000689B
S3150800D0A040F28841C4F20201884218D0FFE745F2EF
S3150800D0B0A010C2F20040006840F2A041C4F202018A
S3150800D0C088420CD0FFE745F2A010C2F20040006883
S3150800D0D040F2B841C4F2020188420AD1FFE745F29C
S3150800D0E0A010C2F200400168086820F00800086035
S3150800D0F009E045F2A010C2F200400168086820F075
S3150800D10004000860FFE786E00798006847F60041D4
S3150800D110C4F20001884223D1FFE7BDF81A0041F2A4
S3150800D1209411C2F200410391A1F808010798B1F8D9
S3150800D13004218431FFF77CFD0399B1F80801B1F8A1
S3150800D140041188420BDCFFE741F29410C2F200405A
S3150800D150D0F80C21BDF81A1084309047FFE759E043
S3150800D1600798006841F60001C4F20101884223D1FC
S3150800D170FFE7BDF81A0041F2A421C2F2004102916C
S3150800D180A1F808010798B1F804218431FFF750FD8A
S3150800D1900299B1F80801B1F8041188420BDCFFE7DF
S3150800D1A041F2A420C2F20040D0F80C21BDF81A10B2
S3150800D1B084309047FFE72CE00798006841F6004165
S3150800D1C0C4F20101884223D1FFE7BDF81A0040F6F0
S3150800D1D01411C2F200410191A1F808010798B1F8AB
S3150800D1E004218431FFF724FD0199B1F80801B1F84B
S3150800D1F0041188420BDCFFE740F61410C2F2004027
S3150800D200D0F80C21BDF81A1084309047FFE7FFE7E5
S3150800D210FFE7FFE7FFE7FFE7FFE708B080BD00008D
S3150800D22081B0009001B0704780B584B0029001913A
S3150800D230FFE7029890F88400012804D1FFE702204E
S3150800D2408DF80F0032E00299012081F88400FFE78B
S3150800D250FFE702992420C1F8880002980068006850
S3150800D260009002980168086820F00100086002989A
S3150800D2700068806820F0606001990843029909688F
S3150800D2808860029803F0C8FD00980299096808604A
S3150800D29002992020C1F88800FFE70299002081F84A
S3150800D2A08400FFE700208DF80F00FFE79DF80F00C8
S3150800D2B004B080BD0000000080B584B002900191E2
S3150800D2C0FFE7029890F88400012804D1FFE70220BE
S3150800D2D08DF80F0032E00299012081F88400FFE7FB
S3150800D2E0FFE702992420C1F88800029800680068C0
S3150800D2F0009002980168086820F00100086002980A
S3150800D3000068806820F0604001990843029909681E
S3150800D3108860029803F080FD009802990968086001
S3150800D32002992020C1F88800FFE70299002081F8B9
S3150800D3308400FFE700208DF80F00FFE79DF80F0037
S3150800D34004B080BD0000000081B0009001B07047B5
S3150800D35081B0009001B0704780B586B004900498FB
S3150800D360D0F8880003900498D0F88C0002900498AE
S3150800D370006880680006002836D5FFE7039821284C
S3150800D38032D1FFE7FFE7FFE70498006850E8020F8D
S3150800D39020F080000190FFE701990498026842E8AE
S3150800D3A002100028F0D1FFE7FFE70498C06FB8B174
S3150800D3B0FFE70498C06FF4F77FFD80B1FFE7049894
S3150800D3C0C06FF5F78DFD202808D1FFE704991020D6
S3150800D3D0C1F8900003208DF8170049E0FFE7FFE742
S3150800D3E0049804F001F8FFE704980068806840068E
S3150800D3F0002839D5FFE70298222835D1FFE7FFE74D
S3150800D400FFE70498006850E8020F20F040000090FB
S3150800D410FFE700990498026842E802100028F0D154
S3150800D420FFE7FFE70498D0F88000C8B1FFE7049843
S3150800D430D0F88000F4F740FD88B1FFE70498D0F8EB
S3150800D4408000F5F74DFD202808D1FFE70499102044
S3150800D450C1F8900003208DF8170009E0FFE7FFE701
S3150800D460049803F04DFFFFE700208DF81700FFE74B
S3150800D4709DF8170006B080BD80B584B00390039868
S3150800D480006847F60001C4F20001884240F0EE80C9
S3150800D490FFE703990020C1F8900041F28400C2F228
S3150800D4A000400190B0F80411A0F80811D0F80C213A
S3150800D4B0B0F80411843002909047019A02990398B3
S3150800D4C0B2F80421FFF7B4FB45F2A010C2F20040FF
S3150800D4D000681021C4F20201884200F0B280FFE71A
S3150800D4E045F2A010C2F2004000682821C4F20201E9
S3150800D4F0884200F0A680FFE745F2A010C2F200407D
S3150800D50000684021C4F20201884200F09A80FFE7D1
S3150800D51045F2A010C2F2004000685821C4F2020188
S3150800D520884200F08E80FFE745F2A010C2F2004064
S3150800D53000687021C4F20201884200F08280FFE789
S3150800D54045F2A010C2F2004000688821C4F2020128
S3150800D550884276D0FFE745F2A010C2F20040006884
S3150800D560A021C4F2020188426BD0FFE745F2A01061
S3150800D570C2F200400068B821C4F20201884260D0B5
S3150800D580FFE745F2A010C2F20040006840F21041E1
S3150800D590C4F20201884254D0FFE745F2A010C2F255
S3150800D5A00040006840F22841C4F20201884248D08F
S3150800D5B0FFE745F2A010C2F20040006840F2404181
S3150800D5C0C4F2020188423CD0FFE745F2A010C2F23D
S3150800D5D00040006840F25841C4F20201884230D047
S3150800D5E0FFE745F2A010C2F20040006840F2704121
S3150800D5F0C4F20201884224D0FFE745F2A010C2F225
S3150800D6000040006840F28841C4F20201884218D0FE
S3150800D610FFE745F2A010C2F20040006840F2A041C0
S3150800D620C4F2020188420CD0FFE745F2A010C2F20C
S3150800D6300040006840F2B841C4F2020188420AD1AB
S3150800D640FFE745F2A010C2F200400168086820F022
S3150800D6500800086009E045F2A010C2F2004001681F
S3150800D660086820F004000860FFE7FFE704B080BD03
S3150800D67080B592B0119011980068C0691090119801
S3150800D680006800680F901198006880680E901098DE
S3150800D69040F60F0108400D900D98E0B9FFE79DF898
S3150800D6A040008006002815D5FFE79DF83C00800657
S3150800D6B0002806D4FFE79DF83B00C006002809D5D8
S3150800D6C0FFE71198406F20B1FFE71198416F88472F
S3150800D6D0FFE74AE3FFE70D98002800F00C81FFE713
S3150800D6E00E980121C1F20001084209D1FFE70F98FF
S3150800D6F040F22011C0F20041084200F0FC80FFE72A
S3150800D7009DF84000C00788B1FFE79DF83D00C007B7
S3150800D71060B1FFE711980168012008621199D1F8F4
S3150800D720900040F00100C1F89000FFE79DF8400026
S3150800D7308007002811D5FFE79DF83800C00760B1BB
S3150800D740FFE711980168022008621199D1F8900044
S3150800D75040F00400C1F89000FFE79DF8400040073C
S3150800D760002811D5FFE79DF83800C00760B1FFE72C
S3150800D77011980168042008621199D1F8900040F0C8
S3150800D7800200C1F89000FFE79DF840000007002856
S3150800D79019D5FFE79DF83C008006002807D4FFE767
S3150800D7A00E980121C1F2000108420CD0FFE711983A
S3150800D7B00168082008621199D1F8900040F0080025
S3150800D7C0C1F89000FFE79DF841000007002813D52F
S3150800D7D0FFE79DF83F00400700280DD5FFE71198A1
S3150800D7E001684FF4006008621199D1F8900040F082
S3150800D7F02000C1F89000FFE71198D0F890000028A3
S3150800D80078D0FFE79DF840008006002815D5FFE789
S3150800D8109DF83C008006002806D4FFE79DF83B00EB
S3150800D820C006002809D5FFE71198406F20B1FFE729
S3150800D8301198416F8847FFE7FFE71198D0F89000E5
S3150800D8400C9011980068806800F04000402806D0C7
S3150800D850FFE79DF8300010F0280F42D0FFE7119837
S3150800D86003F04EFD1198006880684006002833D5FD
S3150800D870FFE7FFE7FFE71198006850E8020F20F07E
S3150800D88040000B90FFE70B991198026842E80210D6
S3150800D8900028F0D1FFE7FFE71198D0F88000B0B173
S3150800D8A0FFE71198D0F8801041F23110C0F6010058
S3150800D8B008651198D0F88000F4F7BAFF30B1FFE791
S3150800D8C01198D0F88000016D8847FFE703E01198AA
S3150800D8D0FFF7D2FDFFE703E01198FFF7CDFDFFE75D
S3150800D8E007E01198FFF7C8FD11990020C1F89000CC
S3150800D8F0FFE7FFE739E21198C06E012840F0D681AC
S3150800D900FFE79DF84000C006002840F1CF81FFE7F9
S3150800D9109DF83C00C006002840F1C881FFE7119831
S3150800D920016810200862119800688068400600287F
S3150800D93040F15A81FFE71198D0F88000006810215D
S3150800D940C4F20201884200F0A280FFE71198D0F8DD
S3150800D950800000682821C4F20201884200F09780FE
S3150800D960FFE71198D0F8800000684021C4F2020150
S3150800D970884200F08C80FFE71198D0F88000006894
S3150800D9805821C4F20201884200F08180FFE711980D
S3150800D990D0F8800000687021C4F20201884276D06F
S3150800D9A0FFE71198D0F8800000688821C4F20201C8
S3150800D9B088426CD0FFE71198D0F880000068A02153
S3150800D9C0C4F20201884262D0FFE71198D0F88000BD
S3150800D9D00068B821C4F20201884258D0FFE71198BE
S3150800D9E0D0F88000006840F21041C4F20201884273
S3150800D9F04DD0FFE71198D0F88000006840F2284122
S3150800DA00C4F20201884242D0FFE71198D0F880009C
S3150800DA10006840F24041C4F20201884237D0FFE76D
S3150800DA201198D0F88000006840F25841C4F202010B
S3150800DA3088422CD0FFE71198D0F88000006840F2A1
S3150800DA407041C4F20201884221D0FFE71198D0F84C
S3150800DA508000006840F28841C4F20201884216D06C
S3150800DA60FFE71198D0F88000006840F2A041C4F2A0
S3150800DA70020188420BD0FFE71198D0F880000068B1
S3150800DA8040F2B841C4F20201884207D1FFE7119873
S3150800DA90D0F8800000684068019006E01198D0F838
S3150800DAA08000006840680190FFE70198ADF82A00F9
S3150800DAB0BDF82A0000287BD0FFE7BDF82A00119997
S3150800DAC0B1F85C10884273DAFFE7BDF82A001199AD
S3150800DAD0A1F85E001198D0F88000C069B0F5807F83
S3150800DAE059D0FFE7FFE7FFE71198006850E8000FF5
S3150800DAF020F480700990FFE709991198026842E8B6
S3150800DB0000100028F0D1FFE7FFE7FFE7FFE71198CD
S3150800DB10006850E8020F20F001000890FFE7089916
S3150800DB201198026842E802100028F0D1FFE7FFE7E3
S3150800DB30FFE7FFE71198006850E8020F20F0400061
S3150800DB400790FFE707991198026842E80210002833
S3150800DB50F0D1FFE7FFE711992020C1F88C00119951
S3150800DB600020C866FFE7FFE71198006850E8000F35
S3150800DB7020F010000690FFE706991198026842E81F
S3150800DB8000100028F0D1FFE7FFE71198D0F88000D1
S3150800DB90F4F792F9FFE71199022008671198B0F88F
S3150800DBA05C10B0F85E20891A89B2FFF799F81AE076
S3150800DBB0BDF82A001199B1F85C10884212D1FFE726
S3150800DBC01198D0F88000C069B0F5807F09D1FFE7C9
S3150800DBD01199022008671198B0F85C10FFF780F8D1
S3150800DBE0FFE7FFE7FFE7C0E01199B1F85C00B1F87D
S3150800DBF05E10401AADF816001198B0F85E000028BD
S3150800DC0053D0FFE7BDF8160000284ED0FFE7FFE720
S3150800DC10FFE71198006850E8000F20F49070049010
S3150800DC20FFE704991198026842E800100028F0D12D
S3150800DC30FFE7FFE7FFE7FFE71198006850E8020FE4
S3150800DC404FF6FE71CEF6FF7108400390FFE7039981
S3150800DC501198026842E802100028EDD1FFE7FFE7B5
S3150800DC6011992020C1F88C0011990020C8661199D5
S3150800DC704867FFE7FFE71198006850E8000F20F0B3
S3150800DC8010000290FFE702991198026842E8001016
S3150800DC900028F0D1FFE7FFE71199022008671198DD
S3150800DCA0BDF81610FFF71CF8FFE75EE09DF8420086
S3150800DCB0C00600280FD5FFE79DF83A004006002861
S3150800DCC009D5FFE7119801684FF48010086211988A
S3150800DCD0FFF73EFB49E09DF840000006002815D5F1
S3150800DCE0FFE79DF83C000006002806D4FFE79DF8EC
S3150800DCF03A000006002809D5FFE71198806F20B181
S3150800DD00FFE71198816F8847FFE72EE09DF84000EE
S3150800DD10400600280AD5FFE79DF83C004006002883
S3150800DD2004D5FFE7119803F03BFB1EE09DF842007F
S3150800DD30000600280AD5FFE79DF83F0040060028A0
S3150800DD4004D5FFE71198FFF7FFFA0EE09DF84300A8
S3150800DD50C00750B1FFE79DF83F000006002804D52C
S3150800DD60FFE71198FFF75CFAFFE712B080BD0000E5
S3150800DD7080B582B00090009820B9FFE701208DF8A1
S3150800DD80070046E00098806908B1FFE700E0FFE772
S3150800DD900098D0F8880040B9FFE70099002081F87C
S3150800DDA08400009800F03CF8FFE700992420C1F8A9
S3150800DDB0880000980168086820F00100086000984B
S3150800DDC0806A20B1FFE7009803F06AF8FFE7009839
S3150800DDD003F09EFD012804D1FFE701208DF8070016
S3150800DDE017E000980168486820F490404860009859
S3150800DDF00168886820F02A00886000980168086829
S3150800DE0040F001000860009803F0EEF88DF807006E
S3150800DE10FFE79DF8070002B080BD00000000000083
S3150800DE2080B5DCB05B9000205A9059905890579076
S3150800DE30569028A8B821F2F75CFC5B98006845F272
S3150800DE400001C4F20001884240F09680FFE70020F6
S3150800DE50299002212891459028A8FAF735FC18B18F
S3150800DE60FFE7F3F719FEFFE7FFE744F2E840C5F6D8
S3150800DE700200016841F480110160006800F4801016
S3150800DE8027902798FFE7FFE744F2E040C5F602002F
S3150800DE90016841F004010160006800F00400269062
S3150800DEA02698FFE7FFE744F2E040C5F6020001685E
S3150800DEB041F008010160006800F0080025902598E7
S3150800DEC0FFE74FF480505690022016905790002096
S3150800DED0199058905990082017905A9040F60000CB
S3150800DEE0C5F6020056A91891F8F726FC169B17984E
S3150800DEF01899199A4FF0040CCDF858C157935892AF
S3150800DF0059925A9040F60040C5F60200F8F714FCFC
S3150800DF10199945F22810C2F200401A901022C4F24C
S3150800DF2002020260412242608160C1604FF4806251
S3150800DF30026141618161C1614FF44032026241620E
S3150800DF40F6F7B6F818B1FFE7F3F7A6FDFFE7FFE720
S3150800DF505B9845F22811C2F20041C0F880105B9820
S3150800DF608863FFE73520159000221146F8F7B0FEC2
S3150800DF701598F8F7A1FECDE25B98006847F6000110
S3150800DF80C4F2000188426FD1FFE7002029900221E0
S3150800DF902891459028A8FAF797FB18B1FFE7F3F7F9
S3150800DFA07BFDFFE7FFE744F2E840C5F6020001689B
S3150800DFB041F080410160006800F080402490249878
S3150800DFC0FFE7FFE744F2E040C5F60200016841F0CA
S3150800DFD010010160006800F0100023902398FFE705
S3150800DFE04FF4C07056900220579000201390589016
S3150800DFF0599007205A9041F20000C5F6020056A92A
S3150800E000F8F79AFB139945F2A010C2F20040149053
S3150800E0108822C4F2020202604F2242608160C16017
S3150800E0204FF48062026141618161C16101624162AE
S3150800E030F6F73EF818B1FFE7F3F72EFDFFE7FFE71F
S3150800E0405B9845F2A011C2F20041C0F880105B98B7
S3150800E0508863FFE75220129001221146F8F738FE2E
S3150800E0601298F8F729FE54E25B98006847F60041D3
S3150800E070C4F20001884240F09980FFE70020299009
S3150800E08002212891459028A8FAF71EFB18B1FFE748
S3150800E090F3F702FDFFE7FFE744F2E840C5F60200A2
S3150800E0A0016841F000410160006800F000402290DC
S3150800E0B02298FFE7FFE744F2E040C5F60200016850
S3150800E0C041F010010160006800F0100021902198CD
S3150800E0D0FFE7032056900220579000201090589092
S3150800E0E0599008205A9041F20000C5F6020056A938
S3150800E0F0F8F722FB109945F21820C2F20040119059
S3150800E100A022C4F202020260512242608160C1600C
S3150800E1104FF480620261416181614FF48072C2618D
S3150800E12001624162F5F7C4FF18B1FFE7F3F7B4FCE3
S3150800E130FFE7FFE75B9845F21821C2F20041C0F8F5
S3150800E14080105B988863FFE745F29020C2F2004092
S3150800E1500F90B821C4F202010160522141604021AA
S3150800E16081600021C1604FF4806202614161816172
S3150800E170C16101624162F5F79BFF18B1FFE7F3F74A
S3150800E1808BFCFFE7FFE75B9845F29021C2F200415E
S3150800E190C1675B988863FFE753200E9000221146FB
S3150800E1A0F8F796FD0E98F8F787FDB1E15B980068D9
S3150800E1B041F60001C4F20101884240F09C80FFE765
S3150800E1C00020299001212891469028A8FAF77CFA80
S3150800E1D018B1FFE7F3F760FCFFE7FFE744F2F0400A
S3150800E1E0C5F60200016841F040010160006800F0D0
S3150800E1F0400020902098FFE7FFE744F2E040C5F68C
S3150800E2000200016841F008010160006800F008009A
S3150800E2101F901F98FFE74FF44040569002205790F2
S3150800E22000200C90589059900B205A9040F60040C8
S3150800E230C5F6020056A9F8F77FFA0C9945F2083098
S3150800E240C2F200400D9040F21042C4F2020202608F
S3150800E250742242608160C1604FF48062026141614C
S3150800E26081614FF48072C26101624162F5F720FF55
S3150800E27018B1FFE7F3F710FCFFE7FFE75B9845F2F5
S3150800E2800831C2F20041C0F880105B988863FFE746
S3150800E29045F28030C2F200400B9040F22841C4F2A9
S3150800E2A00201016075214160402181600021C16041
S3150800E2B04FF48062026141618161C161016241621C
S3150800E2C0F5F7F6FE18B1FFE7F3F7E6FBFFE7FFE71A
S3150800E2D05B9845F28031C2F20041C1675B9888635A
S3150800E2E0FFE79B200A9000221146F8F7F1FC0A98EE
S3150800E2F0F8F7E2FC0BE15B98006841F20001C4F212
S3150800E3000101884270D1FFE7002029900121289158
S3150800E310469028A8FAF7D8F918B1FFE7F3F7BCFB37
S3150800E320FFE7FFE744F2F040C5F60200016841F056
S3150800E33010010160006800F010001E901E98FFE7AB
S3150800E340FFE744F2E040C5F60200016841F001012A
S3150800E3500160006800F001001D901D98FFE74FF46A
S3150800E360C060569002205790002008905890599007
S3150800E37007205A900020C5F6020056A9F8F7DCF9DE
S3150800E380089945F27040C2F2004009907022C4F222
S3150800E39002020260292242608160C1604FF48062F5
S3150800E3A00261416181614FF48072C261016241621A
S3150800E3B0F5F77EFE18B1FFE7F3F76EFBFFE7FFE719
S3150800E3C05B9845F27041C2F20041C0F880105B9834
S3150800E3D08863FFE72520079001221146F8F778FCA5
S3150800E3E00798F8F769FC91E05B98006841F60041E8
S3150800E3F0C4F20101884240F08880FFE70020299096
S3150800E40001212891469028A8FAF75EF918B1FFE786
S3150800E410F3F742FBFFE7FFE744F2F040C5F60200D8
S3150800E420016841F080010160006800F080001C90DE
S3150800E4301C98FFE7FFE744F2E040C5F602000168D2
S3150800E44041F010010160006800F010001B901B9855
S3150800E450FFE704200490569002210191579100216C
S3150800E4600591589159915A9041F20000C5F602005B
S3150800E470029056A90391F8F75FF9019B0298039950
S3150800E480059A4FF0080CCDF858C1579358925992EF
S3150800E4900B225A92F8F750F9049A059945F2F83082
S3150800E4A0C2F2004006905823C4F2020303607623A2
S3150800E4B043608160C1604FF480630361416181619B
S3150800E4C04FF48073C3610162426203228262C162B1
S3150800E4D00163F5F7EDFD18B1FFE7F3F7DDFAFFE79E
S3150800E4E0FFE75B9845F2F831C2F20041C0F88010A8
S3150800E4F05B988863FFE79C20009000221146F8F796
S3150800E500E7FB0098F8F7D8FBFFE7FFE7FFE7FFE729
S3150800E510FFE7FFE75CB080BD80B584B00390039841
S3150800E520006847F60001C4F20001884240F0EA801C
S3150800E530FFE741F28400C2F200400190B0F80411EE
S3150800E540A0F80811D0F80C21B0F804118430029014
S3150800E5509047019A02990398B2F80421FEF768FBDE
S3150800E56045F2A010C2F2004000681021C4F2020170
S3150800E570884200F0B280FFE745F2A010C2F20040E0
S3150800E58000682821C4F20201884200F0A680FFE74D
S3150800E59045F2A010C2F2004000684021C4F2020110
S3150800E5A0884200F09A80FFE745F2A010C2F20040C8
S3150800E5B000685821C4F20201884200F08E80FFE705
S3150800E5C045F2A010C2F2004000687021C4F20201B0
S3150800E5D0884200F08280FFE745F2A010C2F20040B0
S3150800E5E000688821C4F20201884276D0FFE745F226
S3150800E5F0A010C2F200400068A021C4F202018842BD
S3150800E6006BD0FFE745F2A010C2F200400068B821BF
S3150800E610C4F20201884260D0FFE745F2A010C2F2B8
S3150800E6200040006840F21041C4F20201884254D00A
S3150800E630FFE745F2A010C2F20040006840F2284108
S3150800E640C4F20201884248D0FFE745F2A010C2F2A0
S3150800E6500040006840F24041C4F2020188423CD0C2
S3150800E660FFE745F2A010C2F20040006840F25841A8
S3150800E670C4F20201884230D0FFE745F2A010C2F288
S3150800E6800040006840F27041C4F20201884224D07A
S3150800E690FFE745F2A010C2F20040006840F2884148
S3150800E6A0C4F20201884218D0FFE745F2A010C2F270
S3150800E6B00040006840F2A041C4F2020188420CD032
S3150800E6C0FFE745F2A010C2F20040006840F2B841E8
S3150800E6D0C4F2020188420AD1FFE745F2A010C2F24D
S3150800E6E000400168086820F00800086009E045F263
S3150800E6F0A010C2F200400168086820F00400086013
S3150800E700FFE7FFE704B080BD81B0009001B0704715
S3150800E71081B0009001B07047FFE7FEE700000000F7
S3150800E72083B0029001918DF8032000208DF8020035
S3150800E7308DF80200FFE79DF802009DF80310884255
S3150800E74029DAFFE70298000F092809D8FFE7029897
S3150800E750000F303001999DF8022001F8120009E0F7
S3150800E7600299372000EB117001999DF8022001F8F3
S3150800E7701200FFE702980001029001989DF8021026
S3150800E78000EB410100204870FFE79DF802000130C8
S3150800E7908DF80200CFE703B07047000000000000C4
S3150800E7A080B58EB0FFE744F2D840C5F6020001688E
S3150800E7B041F001010160006800F001000D900D981C
S3150800E7C0FFE7FFE744F2D840C5F60200016841F0CA
S3150800E7D002010160006800F002000C900C98FFE747
S3150800E7E00B20019000220A921146F8F771FA019857
S3150800E7F0F8F762FA0A9A0C2002901146F8F768FAB6
S3150800E8000298F8F759FA0A9A0D2003901146F8F774
S3150800E8105FFA0398F8F750FA0A9A0E200490114600
S3150800E820F8F756FA0498F8F747FA0A9A0F20059067
S3150800E8300121F8F74DFA0598F8F73EFA0A9A1020DA
S3150800E84006901146F8F744FA0698F8F735FA0A9A40
S3150800E850112007901146F8F73BFA0798F8F72CFAB3
S3150800E8600A9A2F2008901146F8F732FA0898F8F70E
S3150800E87023FA0A9A382009901146F8F729FA0998CE
S3150800E880F8F71AFA0A9A39200B901146F8F720FA7F
S3150800E8900B98F8F711FA0EB080BD000000000000D2
S3150800E8A080B582B045F2E840C2F2004000904AF2D4
S3150800E8B00001C4F200010160002201928260C26078
S3150800E8C002744274012181744FF0030EC0F814E0FB
S3150800E8D00A2383614FF01D0CC0F81CC00362C0F800
S3150800E8E024E08362C0F82CC0036342638163C26379
S3150800E8F00C230364042141648264C1640265416592
S3150800E9008265C265036642668166F7F7A9FA18B199
S3150800E910FFE7F3F7C1F8FFE702B080BD000000008B
S3150800E92080B582B045F28850C2F2004000904AF2A3
S3150800E9300041C4F200010160002201928260C260B7
S3150800E94002744274012181744FF0030EC0F814E07A
S3150800E9500A2383614FF01D0CC0F81CC00362C0F87F
S3150800E96024E08362C0F82CC0036340F25633436345
S3150800E9708163C2630264042141640C238364C16415
S3150800E980026541658265C265036642668166F7F778
S3150800E99067FA18B1FFE7F3F77FF8FFE702B080BD23
S3150800E9A080B582B045F22860C2F2004000904DF270
S3150800E9B00041C4F200010160002201928260C26037
S3150800E9C002744274012181744FF0030EC0F814E0FA
S3150800E9D00A2383614FF01D0CC0F81CC00362C0F8FF
S3150800E9E024E08362C0F82CC0036340F2AB63436340
S3150800E9F08163C2630C230364042141648264C16495
S3150800EA00026541658265C265036642668166F7F7F7
S3150800EA1027FA18B1FFE7F3F73FF8FFE702B080BD22
S3150800EA2080B590B000200F900E900D900C900B9032
S3150800EA30FFE744F2E040C5F60200016841F0100124
S3150800EA400160006800F010000A900A98FFE7FFE7E7
S3150800EA5044F2E040C5F60200016841F00401016095
S3150800EA60006800F0040009900998FFE7FFE744F200
S3150800EA70E040C5F60200016841F0800101600068C7
S3150800EA8000F0800008900898FFE7FFE744F2E040AE
S3150800EA90C5F60200016841F002010160006800F055
S3150800EAA0020007900798FFE7FFE744F2E040C5F643
S3150800EAB00200016841F008010160006800F00800E2
S3150800EAC006900698FFE7FFE744F2E040C5F6020025
S3150800EAD0016841F001010160006800F0010005903D
S3150800EAE00598FFE740F60000C5F60200009048F2D8
S3150800EAF0090101220192F8F707F8009801994FF4E5
S3150800EB0000420B920C91002103910D910E910BA9D5
S3150800EB100291F7F711FE0098019A029909230B93BF
S3150800EB200C920D9202220E92F7F706FE01980299B0
S3150800EB304FF4A0520B924FF404120C920D9041F22E
S3150800EB400000C5F60200F7F7F7FD03994FF00060DD
S3150800EB50FDF79EF8039A282004901146F8F7B8F8AE
S3150800EB600498F8F7A9F810B080BD0000000000006E
S3150800EB7080B582B045F6BC30C2F20040009043F63C
S3150800EB800001C4F2000101604FF4800141600021D8
S3150800EB90019181600722C2604FF0007202614FF056
S3150800EBA0807242614FF0806282614FF04052C261CA
S3150800EBB0016241628162C1624FF0804242638163B1
S3150800EBC0C163016441648164C1640165416581650D
S3150800EBD0FCF776F818B1FFE7F2F75EFFFFE702B039
S3150800EBE080BD00000000000080B590B000210191B2
S3150800EBF00F910E910D910C910B910A910991089123
S3150800EC0007910691059104910391029145F64440B6
S3150800EC10C2F2004040F20042C4F20002026017222B
S3150800EC204260816042F20F72C26001618021816197
S3150800EC30FDF712F918B1FFE7F2F72EFFFFE74FF4D9
S3150800EC4080500C9045F64440C2F200400CA9FDF7EE
S3150800EC504FFA18B1FFE7F2F71FFFFFE745F6444002
S3150800EC60C2F20040FDF768FD18B1FFE7F2F714FF9E
S3150800EC70FFE7002009900B9045F64440C2F2004099
S3150800EC8009A9FDF729F818B1FFE7F2F705FFFFE72D
S3150800EC9060200290002003900490069045F64440B8
S3150800ECA0C2F2004002A90C22FDF76EFC18B1FFE77C
S3150800ECB0F2F7F2FEFFE745F64440C2F20040FDF7E0
S3150800ECC02BFC10B080BD000080B588B000210091F3
S3150800ECD0079106910591049103910291019145F6D8
S3150800ECE09040C2F2004040F60002C4F20002026000
S3150800ECF0EF224260816040F2E732C26001618161C1
S3150800ED00FDF7AAF818B1FFE7F2F7C6FEFFE74FF4DA
S3150800ED108050049045F69040C2F2004004A9FDF7E1
S3150800ED20E7F918B1FFE7F2F7B7FEFFE70020019011
S3150800ED30039045F69040C2F2004001A9FCF7CCFFCB
S3150800ED4018B1FFE7F2F7A8FEFFE708B080BD00009C
S3150800ED5080B588B00021009107910691059104912C
S3150800ED6003910291019145F6DC40C2F2004040F65B
S3150800ED700042C4F200020260EF224260816040F263
S3150800ED80E732C26001618161FDF766F818B1FFE7F5
S3150800ED90F2F782FEFFE74FF48050049045F6DC4018
S3150800EDA0C2F2004004A9FDF7A3F918B1FFE7F2F78C
S3150800EDB073FEFFE700200190039045F6DC40C2F29F
S3150800EDC0004001A9FCF788FF18B1FFE7F2F764FED7
S3150800EDD0FFE708B080BD000080B582B045F65060F8
S3150800EDE0C2F20040019045F20001C4F20001016040
S3150800EDF048F2A061C0F2010141604FF48051816080
S3150800EE004FF40051C1604FF4806101610C214161EA
S3150800EE1000218161C161016241628162FEF7A8FF3A
S3150800EE2018B1FFE7F2F738FEFFE745F65060C2F281
S3150800EE3000400021FEF740FA18B1FFE7F2F72CFE72
S3150800EE40FFE745F65060C2F200400021FEF7ECF9F4
S3150800EE5018B1FFE7F2F720FEFFE745F65060C2F269
S3150800EE600040FDF7A5FE18B1FFE7F2F715FEFFE72C
S3150800EE7002B080BD0000000080B582B045F6E460AF
S3150800EE80C2F20040009047F60001C4F2000101609A
S3150800EE904FF4E1314160002101918160C160016157
S3150800EEA00C2242618161C161016241628162FEF7A1
S3150800EEB05FFF18B1FFE7F2F7EFFDFFE745F6E460FD
S3150800EEC0C2F200400021FEF7F7F918B1FFE7F2F7A2
S3150800EED0E3FDFFE745F6E460C2F200400021FEF7D5
S3150800EEE0A3F918B1FFE7F2F7D7FDFFE745F6E460A7
S3150800EEF0C2F20040FDF75CFE18B1FFE7F2F7CCFD61
S3150800EF00FFE702B080BD000080B582B045F6787094
S3150800EF10C2F20040009047F60041C4F200010160C9
S3150800EF204FF4E1314160002101918160C1600161C6
S3150800EF300C2242618161C161016241628162FEF710
S3150800EF4017FF18B1FFE7F2F7A7FDFFE745F6787058
S3150800EF50C2F200400021FEF7AFF918B1FFE7F2F759
S3150800EF609BFDFFE745F67870C2F200400021FEF7E8
S3150800EF705BF918B1FFE7F2F78FFDFFE745F6787002
S3150800EF80C2F20040FDF714FE18B1FFE7F2F784FD60
S3150800EF90FFE702B080BD000080B582B046F20C00E3
S3150800EFA0C2F20040009041F60001C4F2010101607E
S3150800EFB04FF4E1314160002101918160C160016136
S3150800EFC00C2242618161C161016241628162FEF780
S3150800EFD0CFFE18B1FFE7F2F75FFDFFE746F20C0038
S3150800EFE0C2F200400021FEF767F918B1FFE7F2F711
S3150800EFF053FDFFE746F20C00C2F200400021FEF77F
S3150800F00013F918B1FFE7F2F747FDFFE746F20C00E0
S3150800F010C2F20040FDF7CCFD18B1FFE7F2F73CFD60
S3150800F020FFE702B080BD000080B582B045F6BC504F
S3150800F030C2F20040019041F60041C4F201010160AC
S3150800F0404FF4E131416000218160C16001610C2209
S3150800F05042618161C16101624162102181624FF49E
S3150800F0608051C163FEF784FE18B1FFE7F2F714FD7D
S3150800F070FFE745F6BC50C2F200400021FEF71CF936
S3150800F08018B1FFE7F2F708FDFFE745F6BC50C2F2F4
S3150800F09000400021FEF7C8F818B1FFE7F2F7FCFCBC
S3150800F0A0FFE745F6BC50C2F20040FDF781FD18B1F6
S3150800F0B0FFE7F2F7F1FCFFE702B080BD00000000B1
S3150800F0C080B582B045F62850C2F20040009041F261
S3150800F0D00001C4F2010101604FF4E13141600021F1
S3150800F0E001918160C16001610C2242618161C16147
S3150800F0F0016241628162FEF73BFE18B1FFE7F2F753
S3150800F100CBFCFFE745F62850C2F200400021FEF787
S3150800F110D3F818B1FFE7F2F7BFFCFFE745F628502A
S3150800F120C2F200400021FEF77FF818B1FFE7F2F7B8
S3150800F130B3FCFFE745F62850C2F20040FDF738FD5C
S3150800F14018B1FFE7F2F7A8FCFFE702B080BD0000A0
S3150800F15080B544F65C50C2F2004040F21401C2F297
S3150800F1600041012204F0ACFB18B1FFE7F2F794FC6A
S3150800F170FFE744F65C50C2F2004040F2D001C2F20A
S3150800F180004105F0C9F818B1FFE7F2F785FCFFE77B
S3150800F19044F65C50C2F2004040F26C11C2F20041E3
S3150800F1A003F07AFD18B1FFE7F2F776FCFFE744F6BD
S3150800F1B05C50C2F2004005F03FFA18B1FFE7F2F7DB
S3150800F1C06BFCFFE7F8F7B0FF80BD00000000000009
S3150800F1D0FFE7FEE700000000FFE7FEE7000000008B
S3150800F1E088B0079006910592079800F007000490EA
S3150800F1F00498C0F10700052803D3FFE7042001900F
S3150800F20004E00498C0F107000190FFE70198039015
S3150800F21004980430062803D8FFE70020009003E08E
S3150800F220049803380090FFE700980290069803991F
S3150800F230012202FA01F101390840029B984005991A
S3150800F2409A40013A1140084308B070470000000090
S3150800F25080B545F2D860C2F20040F8F76DF880BD77
S3150800F26080B586B0059004910598006803900398C8
S3150800F27002900398006C01900298049900EB4110E3
S3150800F280D0F8080B0090019843F20B01C4F65471AC
S3150800F29088420FD3FFE79DF801000006002809D52C
S3150800F2A0FFE70298049900EB41114FF40040C1F8BA
S3150800F2B0080BFFE70598F8F777FE019843F20B016C
S3150800F2C0C4F6547188420DD3FFE705988079012862
S3150800F2D008D1FFE70599086801F29C42012105F06B
S3150800F2E0D7FFFFE7002006B080BD00000000000041
S3150800F2F080B588B00790069107980068049004982E
S3150800F30003900498006C02900398069900EB41104C
S3150800F310D0F8080B019007988079012840F0818081
S3150800F320FFE79DF804000007002818D5FFE70298B4
S3150800F33043F20B01C4F6547188420FD3FFE79DF8D8
S3150800F34005000006002809D5FFE70398069900EB93
S3150800F35041114FF40040C1F8080BFFE760E09DF843
S3150800F36004008006002808D5FFE70398069900EBF5
S3150800F37041112020C1F8080B51E09DF8040010F057
S3150800F380280F4AD1FFE7029843F20B01C4F65471DD
S3150800F39088420FD3FFE79DF805000006002809D527
S3150800F3A0FFE70398069900EB41114FF40040C1F8B6
S3150800F3B0080B31E00798069901EBC10100EB8100C3
S3150800F3C000F5157005900598006A0399069A01EBF1
S3150800F3D04211D1F8101B6FF3DF41401A05994861B5
S3150800F3E0069898B9FFE70598006940B9FFE70799B5
S3150800F3F0086801F29C42012105F04AFF05E00599DB
S3150800F400C8684A691044C860FFE7FFE707989DF88F
S3150800F4101810F7F71DFDFFE700E0FFE7FFE7FFE736
S3150800F42047E0029843F20A11C4F65471884224D17F
S3150800F430FFE79DF805000006002809D5FFE70398B1
S3150800F440069900EB41114FF40040C1F8080B13E090
S3150800F4509DF804008006002808D5FFE7039806995A
S3150800F46000EB41112020C1F8080BFFE707989DF82B
S3150800F4701810F7F7EDFCFFE71AE0069890B9FFE7D2
S3150800F4800798069901EBC10100EB8100D0F86402E8
S3150800F49040B9FFE70799086801F29C42002105F088
S3150800F4A0F7FEFFE707989DF81810F7F7D1FCFFE776
S3150800F4B0FFE7002008B080BD80B58CB00A9009919E
S3150800F4C00A9800680890089807900A98099901EB25
S3150800F4D0C10100EB81001430069006980169406965
S3150800F4E0884204D9FFE701208DF82F0079E00699B4
S3150800F4F008694969401A05900598069989688842F5
S3150800F50004D9FFE7069880680590FFE70598033059
S3150800F51080080490FFE70798099900EB4110D0F896
S3150800F520180981B2049A0020914202900FD3FFE78E
S3150800F53006980269416900209142029007D2FFE7C6
S3150800F54006980069002818BF01200290FFE7029874
S3150800F550C00770B3FFE7069908694969401A05901C
S3150800F560059806998968884204D9FFE7069880684D
S3150800F5700590FFE7059803308008049008980699D7
S3150800F580C9689DF82420BDF81430DDF828C09CF819
S3150800F59006C0EE46CEF800C006F00EFD059A06999E
S3150800F5A0C8681044C860059A0699486910444861B5
S3150800F5B0B1E706990869496988420ED8FFE70998AC
S3150800F5C000F00F01012088400390039A0799D1F8AB
S3150800F5D034089043C1F83408FFE700208DF82F005F
S3150800F5E0FFE79DF82F000CB080BD0000000000006A
S3150800F5F0704700000000000080B586B004900391B3
S3150800F60000208DF8070044F22840C5F6020000687D
S3150800F61000F00300032804D1FFE701208DF8170046
S3150800F620CBE044F20041C5F60201086820F080608C
S3150800F6300860F7F781FA0290FFE744F20040C5F642
S3150800F6400200006800F000610020B0EBD16F0CD01A
S3150800F650FFE7F7F771FA0299401A032804D3FFE780
S3150800F66003208DF81700A8E0E7E7FFE744F22841F2
S3150800F670C5F60201086820F47C30049A126840EA4C
S3150800F6800230086004994868D1F808C0CB680A694E
S3150800F69001386FF35F204FF60061CFF6FF7101EB7B
S3150800F6A04C2189B208440021CFF6FF7101EB0341D2
S3150800F6B001F4FE0108444FF07F4101EB026101F0BD
S3150800F6C0FE41084444F23841C5F602010860FFE7E6
S3150800F6D044F22C41C5F602010091086820F0C000EA
S3150800F6E0049A526910430860086820F02000049ABA
S3150800F6F0926910430860086820F01000086044F218
S3150800F7003C42C5F6020210684FF6F8739843049B0C
S3150800F710DB6940EAC3001060086840F01000086022
S3150800F720039848B9FFE744F22C41C5F60201086878
S3150800F73040F40020086016E00398012809D1FFE785
S3150800F74044F22C41C5F60201086840F480100860AE
S3150800F75008E044F22C41C5F60201086840F400109E
S3150800F7600860FFE7FFE744F20041C5F602010868B2
S3150800F77040F080600860F7F7DFF90290FFE744F28F
S3150800F7800040C5F60200006800F000610020B0EBFA
S3150800F790D16F0CD1FFE7F7F7CFF90299401A032882
S3150800F7A004D3FFE703208DF8170006E0E7E7FFE735
S3150800F7B09DF807008DF81700FFE79DF8170006B0BB
S3150800F7C080BD00000000000080B586B0049003915B
S3150800F7D000208DF8070044F22840C5F602000068AC
S3150800F7E000F00300032804D1FFE701208DF8170075
S3150800F7F0CBE044F20041C5F60201086820F08050CB
S3150800F8000860F7F799F90290FFE744F20040C5F659
S3150800F8100200006800F000510020B0EB517F0CD0C8
S3150800F820FFE7F7F789F90299401A032804D3FFE797
S3150800F83003208DF81700A8E0E7E7FFE744F2284120
S3150800F840C5F60201086820F07C70049A126840EA3E
S3150800F8500250086004994868D1F808C0CB680A695C
S3150800F86001386FF35F204FF60061CFF6FF7101EBA9
S3150800F8704C2189B208440021CFF6FF7101EB034100
S3150800F88001F4FE0108444FF07F4101EB026101F0EB
S3150800F890FE41084444F24041C5F602010860FFE70C
S3150800F8A044F22C41C5F602010091086820F4406034
S3150800F8B0049A526910430860086820F40070049A94
S3150800F8C0926910430860086820F48070086044F262
S3150800F8D04442C5F6020210684FF6F8739843049B33
S3150800F8E0DB6940EAC3001060086840F4807008606D
S3150800F8F0039848B9FFE744F22C41C5F602010868A7
S3150800F90040F48000086016E00398012809D1FFE753
S3150800F91044F22C41C5F60201086840F4000008606C
S3150800F92008E044F22C41C5F60201086840F08070F0
S3150800F9300860FFE7FFE744F20041C5F602010868E0
S3150800F94040F080500860F7F7F7F80290FFE744F2B6
S3150800F9500040C5F60200006800F000510020B0EB38
S3150800F960517F0CD1FFE7F7F7E7F80299401A032809
S3150800F97004D3FFE703208DF8170006E0E7E7FFE763
S3150800F9809DF807008DF81700FFE79DF8170006B0E9
S3150800F99080BD00000000000080B545F6BC30C2F20C
S3150800F9A00040FAF7C5FF80BD82B001900198006853
S3150800F9B04069009001980168886940F008008861EC
S3150800F9C001980168886940F010008861019801680B
S3150800F9D0086820F00100086001980168086940F28B
S3150800F9E06F329043086101980168886820F44040A6
S3150800F9F08860019890F88100042815D0FFE79DF8E3
S3150800FA000000800600280ED5FFE70199D1F884008A
S3150800FA1040F08000C1F8840001980168886940F0C8
S3150800FA2020008861FFE7FFE7019890F88100032826
S3150800FA3015D0FFE79DF80000400600280ED5FFE721
S3150800FA400199D1F8840040F00400C1F884000198B7
S3150800FA500168886940F040008861FFE7FFE79DF884
S3150800FA600100800700280ED5FFE70199D1F8840028
S3150800FA7040F00100C1F8840001980168886940F4E3
S3150800FA8000708861FFE79DF80100C00770B1FFE7C5
S3150800FA900199D1F8840040F00800C1F88400019863
S3150800FAA00168886940F480708861FFE70199002041
S3150800FAB0A1F862000199A1F86A0002B07047000037
S3150800FAC080B582B001900198806B00900099002063
S3150800FAD0A1F86A000099A1F862000099012081F84E
S3150800FAE081000098FAF720FF02B080BD00000000F0
S3150800FAF080B582B001900198806B00900198F3F769
S3150800FB00EFF9022812D0FFE70098FFF74DFF00999A
S3150800FB10D1F8840040F01000C1F884000099012053
S3150800FB2081F881000098FAF7FFFEFFE702B080BD72
S3150800FB3080B582B001900198806B00900098FCF720
S3150800FB40A3F802B080BD000080B582B0019001988C
S3150800FB50806B0090009890F88100072813D0FFE783
S3150800FB600098806FC069B0F5807F04D1FFE70098E0
S3150800FB70FCF72EF806E000980168086940F00800CE
S3150800FB800861FFE7FFE702B080BD00000000000043
S3150800FB9083B002900298C16B012000EB51100190CE
S3150800FBA00298C0680130009000980730C00800909D
S3150800FBB000980199484303B0704700000000000010
S3150800FBC082B0019000910198006843F20001C4F2E6
S3150800FBD0010188420AD1FFE7019840F28851C2F232
S3150800FBE0004108600098C1F8100127E001980068F4
S3150800FBF043F60001C4F2000188420AD1FFE70198E2
S3150800FC0040F29C61C2F2004108600098C1F81001F8
S3150800FC1013E00198006843F60041C4F200018842E7
S3150800FC200AD1FFE7019840F2B071C2F200410860BC
S3150800FC300098C1F81001FFE7FFE7FFE702B0704739
S3150800FC4080B586B084460898CDF810C00391ADF803
S3150800FC500A20ADF80830ADF806000498006843F2AB
S3150800FC600001C4F2010188421FD1FFE7039840F260
S3150800FC708852C2F200425060BDF80A001081BDF8F1
S3150800FC800800A2F80A01BDF80600A2F80C010498BB
S3150800FC906B464FF47A71196002F10A018A32012320
S3150800FCA0FBF73EFA8DF8170054E00498006843F60F
S3150800FCB00001C4F2000188421FD1FFE7039840F211
S3150800FCC09C62C2F200425060BDF80A001081BDF87D
S3150800FCD00800A2F80A01BDF80600A2F80C0104986B
S3150800FCE06B464FF47A71196002F10A018A320123D0
S3150800FCF0FBF716FA8DF817002CE00498006843F60F
S3150800FD000041C4F20001884220D1FFE7039840F27F
S3150800FD10B072C2F200425060BDF80A001081BDF808
S3150800FD200800A2F80A01BDF80600A2F80C0104981A
S3150800FD30BDF80810BDF8063019448BB202F10A0165
S3150800FD408A32FBF771FD8DF8170003E000208DF865
S3150800FD501700FFE79DF8170006B080BD00000000F9
S3150800FD6080B586B0DDF820C0049003918DF80B208D
S3150800FD700193FFE704980068406903990840401A10
S3150800FD80B0FA80F040099DF80B10884214D1FFE7BD
S3150800FD90F6F7D2FE0899401A0199884204D3FFE77C
S3150800FDA00198013018B9FFE7019820B9FFE7032049
S3150800FDB08DF8170004E0DDE700208DF81700FFE74F
S3150800FDC09DF8170006B080BD7047000000000000CF
S3150800FDD084B003900398009000980078ADF8080066
S3150800FDE000980130009000980078ADF80600BDF83C
S3150800FDF00610BDF8080040EA0120ADF80A00BDF873
S3150800FE000A0004B07047000080B582B000900098E0
S3150800FE100138B0F1807F03D3FFE70120019019E094
S3150800FE20009801384EF21401CEF2000108604FF036
S3150800FE30FF300F2114F028FC4EF21801CEF2000113
S3150800FE40002008604EF21002CEF20002072111606F
S3150800FE500190FFE7019802B080BD00000000000095
S3150800FE6080B5F6F77DFE80BD80B59EB00BA84C2107
S3150800FE70F0F73FFC002001900A900990089007903F
S3150800FE8006900590049003900220F8F7F9F8FFE72A
S3150800FE900020029044F61800C5F60200016821F415
S3150800FEA040410160006800F4404002900298FFE774
S3150800FEB0FFE744F61800C5F60200006800F4005093
S3150800FEC0B0F5005F01D0FFE7F3E729200B904FF468
S3150800FED080300C90012110911191022014901590F8
S3150800FEE01690282217921891042119911A900C201D
S3150800FEF01B9000201C901D900BA8FAF705F818B166
S3150800FF00FFE7F1F7C9FDFFE73F20039003210491BE
S3150800FF1000200590082006904020079008904FF48E
S3150800FF20806209920A9003A8F9F7C6FB18B1FFE7A1
S3150800FF30F1F7B2FDFFE71EB080BD0000000000002B
S3150800FF404EF68851CEF20001086840F47000086049
S3150800FF5042F20000C5F20020006800F00F000628F3
S3150800FF600AD8FFE742F20001C5F200210868072215
S3150800FF7062F303000860FFE744F20041C5F6020198
S3150800FF80086840F00100086044F21042C5F6020213
S3150800FF900020106008684EF67F52CEF6F622104012
S3150800FFA0086042F20000C5F20020006800F00F0069
S3150800FFB008280AD3FFE742F20001C5F200210868C3
S3150800FFC0072262F303000860FFE744F21841C5F60A
S3150800FFD002010020086044F21C41C5F602010860CF
S3150800FFE044F22041C5F60201086044F22842C5F6EB
S3150800FFF0020240F20021C0F20221116044F22C42B2
S31508010000C5F602020021C0F2FF11116044F2304226
S31508010010C5F6020240F28021C0F20111116044F2D4
S315080100203442C5F60202106044F23842C5F60202AD
S31508010030116044F23C42C5F60202106044F24042A5
S31508010040C5F60202116044F24441C5F60201086090
S3150801005044F20042C5F60202116821F480211160BA
S3150801006044F26041C5F60201086044F20001C5F296
S31508010070002143F2D200086070470000000000002A
S3150801008080B545F69040C2F20040FCF71DF980BDE7
S3150801009080B545F6DC40C2F20040FCF715F980BD93
S315080100A083B002900191029800680090029800219D
S315080100B0C4F20101884225D0FFE70298B0F1804FCA
S315080100C020D0FFE7029840F20041C4F200018842BD
S315080100D018D0FFE7029840F60001C4F200018842F1
S315080100E010D0FFE7029840F60041C4F200018842A9
S315080100F008D0FFE7029840F20041C4F201018842A4
S315080101000AD1FFE7009820F0700000900198416835
S31508010110009808430090FFE702980021C4F2010104
S3150801012088424DD0FFE70298B0F1804F48D0FFE7EB
S31508010130029840F20041C4F20001884240D0FFE72C
S31508010140029840F60001C4F20001884238D0FFE760
S31508010150029840F60041C4F20001884230D0FFE718
S31508010160029840F20041C4F20101884228D0FFE713
S31508010170029844F20001C4F20101884220D0FFE747
S31508010180029844F20041C4F20101884218D0FFE7FF
S31508010190029844F60001C4F20101884210D0FFE733
S315080101A002984EF20001C4F20001884208D0FFE726
S315080101B002984EF20041C4F2000188420AD1FFE7D3
S315080101C0009820F4407000900198C168009808438F
S315080101D00090FFE7009820F08000019949690843DB
S315080101E00090019880680299C8620198006802998E
S315080101F0886202980021C4F20101884220D0FFE7F3
S31508010200029840F20041C4F20101884218D0FFE782
S31508010210029844F20001C4F20101884210D0FFE7B6
S31508010220029844F20041C4F20101884208D0FFE76E
S31508010230029844F60001C4F20101884205D1FFE79C
S315080102400198006902990863FFE70299086840F076
S315080102500400086002990120486100980299086023
S3150801026003B070470000000080B584B045F2E8404D
S31508010270C2F20040009040F27822C2F200424FF4E6
S31508010280FF7108230293F0F707FD029B009840F2DD
S315080102908822C2F200424FF400710191F0F7FCFC8A
S315080102A00199029B45F28850C2F20040039040F240
S315080102B05832C2F20042F0F7EFFC029B039840F273
S315080102C01032C2F2004240F24111F0F7E5FC42F663
S315080102D09420C2F2004001780131017042F695225C
S315080102E0C2F2004211780131117042F69622C2F229
S315080102F000421178013111700078052813D1FFE702
S3150801030042F69421C2F200410020087045F2885055
S31508010310C2F2004040F21842C2F200427721082395
S31508010320F0F7BAFCFFE742F69520C2F200400078E2
S315080103300A2807D1FFE742F69521C2F200410020BB
S315080103400870FFE742F69620C2F2004000781428AA
S3150801035007D1FFE742F69621C2F200410020087054
S31508010360FFE704B080BD000084B0039002910192BA
S31508010370029800F01F01012088400090009A039915
S31508010380086A904308620198029901F01F0100FA70
S3150801039001F20399086A1043086204B07047000025
S315080103A085B00490039102920193049880680090A5
S315080103B0009820F47F40009003980299019A41EA37
S315080103C00221014300980843009000980499886027
S315080103D005B070470000000083B0029001910298B1
S315080103E08068009000984FF68F71CFF6CF7108405C
S315080103F0009001980099084340F007000090009882
S315080104000299886003B0704782B001900091019803
S3150801041000680021C4F20101884209D1FFE7019869
S3150801042040F6D401C2F2004108600098486081E0B4
S3150801043001980068B0F1804F09D1FFE7019840F6AD
S31508010440DC01C2F2004108600098486071E0019839
S31508010450006840F20041C4F20001884209D1FFE771
S31508010460019840F6E401C2F200410860009848602C
S315080104705EE00198006840F60001C4F20001884276
S3150801048009D1FFE7019840F6EC01C2F20041086084
S31508010490009848604BE00198006840F60041C4F2B4
S315080104A00001884209D1FFE7019840F6F401C2F23A
S315080104B0004108600098486038E00198006841F2F8
S315080104C00001C4F20001884209D1FFE7019840F60C
S315080104D0FC01C2F2004108600098486025E00198D5
S315080104E0006841F20041C4F20001884209D1FFE7E0
S315080104F0019840F60411C2F200410860009848606C
S3150801050012E00198006840F20041C4F201018842F4
S3150801051009D1FFE7019840F60C11C2F200410860C3
S3150801052000984860FFE7FFE7FFE7FFE7FFE7FFE718
S31508010530FFE7FFE702B0704785B00490039104987E
S31508010540006A01900499086A20F00100086204987B
S315080105504068009004988069029002984FF68F715E
S31508010560CFF6FE7108400290029820F0030002902F
S3150801057003980168029808430290019820F0020046
S315080105800190039881680198084301900498002115
S31508010590C4F20101884220D0FFE7049840F20041E5
S315080105A0C4F20101884218D0FFE7049844F2000119
S315080105B0C4F20101884210D0FFE7049844F20041D1
S315080105C0C4F20101884208D0FFE7049844F6000105
S315080105D0C4F2010188420ED1FFE7019820F0080014
S315080105E001900398C168019808430190019820F089
S315080105F004000190FFE704980021C4F20101884232
S3150801060020D0FFE7049840F20041C4F20101884274
S3150801061018D0FFE7049844F20001C4F201018842A8
S3150801062010D0FFE7049844F20041C4F20101884260
S3150801063008D0FFE7049844F60001C4F20101884294
S3150801064013D1FFE7009820F480700090009820F4F9
S315080106500070009003984169009808430090039838
S315080106608169009808430090FFE70098049948605B
S315080106700298049988610398406804994863019827
S315080106800499086205B0704785B0049003910498EF
S31508010690006A01900499086A20F01000086204981B
S315080106A040680090049880690290029848F6FF71A4
S315080106B0CFF6FF6108400290029820F4407002903C
S315080106C003980168029840EA01200290019820F0F7
S315080106D02000019003988168019840EA0110019071
S315080106E004980021C4F20101884229D0FFE7049841
S315080106F040F20041C4F20101884221D0FFE7049883
S3150801070044F20001C4F20101884203D1FFE7002047
S31508010710B0B9FFE7049844F20041C4F201018842E6
S3150801072003D1FFE7002058B9FFE7049844F6000112
S31508010730C4F20101884212D1FFE7012078B9FFE727
S31508010740019820F0800001900398C168019840EA59
S3150801075001100190019820F040000190FFE70498EC
S315080107600021C4F20101884220D0FFE7049840F233
S315080107700041C4F20101884218D0FFE7049844F207
S315080107800001C4F20101884210D0FFE7049844F23F
S315080107900041C4F20101884208D0FFE7049844F6F3
S315080107A00001C4F20101884215D1FFE7009820F43F
S315080107B080600090009820F40060009003984169D9
S315080107C0009840EA8100009003988169009840EA00
S315080107D081000090FFE700980499486002980499FF
S315080107E088610398406804998863019804990862A6
S315080107F005B070470000000085B004900391049885
S31508010800006A01900499086A20F4807008620498C5
S31508010810406800900498C069029002984FF68F715B
S31508010820CFF6FE7108400290029820F0030002906C
S3150801083003980168029808430290019820F4007011
S31508010840019003988168019840EA01200190049873
S315080108500021C4F20101884229D0FFE7049840F239
S315080108600041C4F20101884221D0FFE7049844F20D
S315080108700001C4F20101884203D1FFE70020B0B9A3
S31508010880FFE7049844F20041C4F20101884203D10A
S31508010890FFE7002058B9FFE7049844F60001C4F2BF
S315080108A00101884212D1FFE7012078B9FFE70198D3
S315080108B020F4006001900398C168019840EA01207C
S315080108C00190019820F480600190FFE704980021C7
S315080108D0C4F20101884220D0FFE7049840F20041A2
S315080108E0C4F20101884218D0FFE7049844F20001D6
S315080108F0C4F20101884210D0FFE7049844F200418E
S31508010900C4F20101884208D0FFE7049844F60001C1
S31508010910C4F20101884215D1FFE7009820F48050FE
S315080109200090009820F400500090039841690098BF
S3150801093040EA0110009003988169009840EA011085
S315080109400090FFE700980499486002980499C861E5
S31508010950039840680499C86301980499086205B028
S31508010960704700000000000085B0049003910498C8
S31508010970006A01900499086A20F480500862049874
S31508010980406800900498C0690290029848F6FF7181
S31508010990CFF6FF6108400290029820F44070029059
S315080109A003980168029840EA01200290019820F410
S315080109B00050019003988168019840EA013001903E
S315080109C004980021C4F20101884220D0FFE7049867
S315080109D040F20041C4F20101884218D0FFE70498A9
S315080109E044F20001C4F20101884210D0FFE70498DD
S315080109F044F20041C4F20101884208D0FFE7049895
S31508010A0044F60001C4F2010188420BD1FFE70098C0
S31508010A1020F48040009003984169009840EA8110CB
S31508010A200090FFE700980499486002980499C86104
S31508010A30039840680499086401980499086205B006
S31508010A40704700000000000085B0049003910498E7
S31508010A50006A01900499086A20F4803008620498B3
S31508010A60406800900498406D029002984FF68F7185
S31508010A70CFF6FE7108400290039801680298084370
S31508010A800290019820F4003001900398816801983A
S31508010A9040EA0140019004980021C4F2010188420C
S31508010AA020D0FFE7049840F20041C4F201018842D0
S31508010AB018D0FFE7049844F20001C4F20101884204
S31508010AC010D0FFE7049844F20041C4F201018842BC
S31508010AD008D0FFE7049844F60001C4F201018842F0
S31508010AE00BD1FFE7009820F4803000900398416904
S31508010AF0009840EA01200090FFE7009804994860B1
S31508010B00029804994865039840680499886501988C
S31508010B100499086205B0704785B00490039104985A
S31508010B20006A01900499086A20F480100862049802
S31508010B30406800900498406D0290029848F6FF714B
S31508010B40CFF6FF610840029003980168029840EACF
S31508010B5001200290019820F4001001900398816801
S31508010B60019840EA0150019004980021C4F201015C
S31508010B70884220D0FFE7049840F20041C4F20101FF
S31508010B80884218D0FFE7049844F20001C4F2010133
S31508010B90884210D0FFE7049844F20041C4F20101EB
S31508010BA0884208D0FFE7049844F60001C4F201011F
S31508010BB088420BD1FFE7009820F480200090039823
S31508010BC04169009840EA81200090FFE7009804995E
S31508010BD04860029804994865039840680499C8656D
S31508010BE001980499086205B07047000000000000EA
S31508010BF085B00490039102920498006A00900499C2
S31508010C00086A20F001000862049880690190019839
S31508010C1020F0F00001900299019840EA0110019034
S31508010C20009820F00A000090039900980843009064
S31508010C3001980499886100980499086205B070477B
S31508010C4085B00490039102920498006A0090049971
S31508010C50086A20F0100008620498806901900198DA
S31508010C6020F4704001900299019840EA0130019000
S31508010C70009820F0A00000900399009840EA01101E
S31508010C80009001980499886100980499086205B052
S31508010C9070470000000000007047000000000000D7
S31508010CA080B582B001900198B0F86210023189B21C
S31508010CB0F0F7D2F802B080BD80B582B04FF4F0707B
S31508010CC0F0F78AFE45F2E840C2F2004048F259516F
S31508010CD0C0F60101EFF748FF45F28850C2F200401D
S31508010CE048F22961C0F60101EFF73EFF45F2286097
S31508010CF0C2F2004048F2D961C0F60101EFF734FFAC
S31508010D0045F6BC30C2F2004047F2A951C0F60101CE
S31508010D10FEF756FF45F65060C2F2004047F2015110
S31508010D20C0F60101122200F08FFB40F22050C2F2F8
S31508010D30004047F28951C0F6010104F0E1FE45F68B
S31508010D407870C2F2004047F28171C0F6010138227B
S31508010D5000F07AFB45F6BC50C2F2004047F6F13185
S31508010D60C0F60101802200F06FFB45F6E460C2F28D
S31508010D70004047F2B951C0F601011C2200F064FB9C
S31508010D8045F69040C2F20040009047F61141C0F680
S31508010D900101FFF739FB45F6DC40C2F2004001903C
S31508010DA047F60901C0F60101FFF72EFB42F6483066
S31508010DB0C2F200409FED050A0CF0A2FC0098FBF771
S31508010DC003F90198FBF700F902B080BDCDCC4C3D83
S31508010DD0704700000000000080B545F65060C2F279
S31508010DE00040FCF745FC80BD80B545F6E460C2F2DB
S31508010DF00040FCF73DFC80BD80B545F67870C2F22F
S31508010E000040FCF735FC80BD80B546F20C00C2F205
S31508010E100040FCF72DFC80BD82B001900198406E20
S31508010E2040B9FFE701990120A1F86A000199A1F8E3
S31508010E30680032E010208DF803008DF80200019851
S31508010E4000688068C0F342608DF801000198006867
S31508010E508068400F8DF800009DF802009DF800207B
S31508010E6046F6C403C0F60203995C484346F6BC013C
S31508010E70C0F602018A5CB0FBF2F0019AA2F86A0098
S31508010E809DF803009DF801209B5C5843895CB0FBE3
S31508010E90F1F00199A1F86800FFE702B07047000078
S31508010EA081B00090009890F82800000700280BD51B
S31508010EB0FFE700980068406820F40040009A11682E
S31508010EC0926B10434860FFE7009890F82800C00726
S31508010ED058B1FFE700980068406820F40030009A8E
S31508010EE01168D26A10434860FFE7009890F8280015
S31508010EF0800700280BD5FFE700980068406820F4B2
S31508010F008030009A1168126B10434860FFE7009819
S31508010F1090F82800400700280BD5FFE700980068DD
S31508010F20406820F48020009A1168526B104348608B
S31508010F30FFE7009890F82800C00600280BD5FFE7C0
S31508010F4000980068806820F48050009A1168D26B76
S31508010F5010438860FFE7009890F82800800600286B
S31508010F600BD5FFE700980068806820F40050009AC6
S31508010F701168126C10438860FFE7009890F8280002
S31508010F80400600281CD5FFE700980068406820F451
S31508010F908010009A1168526C104348600098406CA2
S31508010FA0B0F5801F0BD1FFE700980068406820F470
S31508010FB0C000009A1168926C10434860FFE7FFE78A
S31508010FC0009890F82800000600280BD5FFE700983E
S31508010FD00068406820F40020009A1168D26C10431A
S31508010FE04860FFE701B0704780B588B0069006995A
S31508010FF00020C1F89000F5F79FFD05900698006856
S315080110000068000700282FD5FFE70698059B6A4662
S315080110106FF07E4111604FF40011002201F038FA99
S3150801102008B3FFE7FFE7FFE70698006850E8000FF7
S3150801103020F080000490FFE704990698026842E8C8
S3150801104000100028F0D1FFE7FFE706992020C1F834
S315080110508800FFE70699002081F88400FFE703204E
S315080110608DF81F005FE0FFE70698006800684007F3
S31508011070002842D5FFE70698059B6A466FF07E4130
S3150801108011604FF48001002201F002FAA0B3FFE7D4
S31508011090FFE7FFE70698006850E8000F20F4907014
S315080110A00390FFE703990698026842E800100028B2
S315080110B0F0D1FFE7FFE7FFE7FFE70698006850E88A
S315080110C0020F20F001000290FFE7029906980268D4
S315080110D042E802100028F0D1FFE7FFE70699202031
S315080110E0C1F88C00FFE70699002081F88400FFE724
S315080110F003208DF81F0016E0FFE706992020C1F8A6
S3150801110088000699C1F88C0006990020C8660699D8
S315080111100867FFE70699002081F88400FFE70020A9
S315080111208DF81F00FFE79DF81F0008B080BD00007D
S3150801113080B582B001900198806B009000990020DB
S31508011140A1F85E000098FCF797F902B080BD00008F
S3150801115080B584B003900398806B02900298D0F80A
S31508011160880001900298D0F88C00009002980068D7
S315080111708068000600280CD5FFE70198212808D1C8
S31508011180FFE702990020A1F85600029800F02CF911
S31508011190FFE7029800688068400600280CD5FFE73B
S315080111A00098222808D1FFE702990020A1F85E00DD
S315080111B0029800F0A5F8FFE70299D1F8900040F0EF
S315080111C01000C1F890000298FCF756F904B080BDEA
S315080111D080B586B005900598806B04900598C0691E
S315080111E0B0F5807F5BD0FFE704990020A1F85E0087
S315080111F0FFE7FFE70498006850E8000F20F48070C5
S315080112000390FFE703990498026842E80010002852
S31508011210F0D1FFE7FFE7FFE7FFE70498006850E82A
S31508011220020F20F001000290FFE702990498026874
S3150801123042E802100028F0D1FFE7FFE7FFE7FFE7E2
S315080112400498006850E8020F20F040000190FFE77B
S3150801125001990498026842E802100028F0D1FFE7D4
S31508011260FFE704992020C1F88C000498C06E012874
S3150801127014D1FFE7FFE7FFE70498006850E8000F7D
S3150801128020F010000090FFE700990498026842E8F0
S3150801129000100028F0D1FFE7FFE7FFE7FFE7049911
S315080112A0002008670498C06E012806D1FFE7049854
S315080112B0B0F85C10FBF714FD03E00498FDF72CF970
S315080112C0FFE706B080BD000080B582B001900198A5
S315080112D0806B00900099012008670098C06E01286C
S315080112E007D1FFE70098B0F85C104908FBF7F8FC4E
S315080112F003E00098FDF708FAFFE702B080BD000099
S3150801130084B00390FFE7FFE70398006850E8000FF1
S3150801131020F490700290FFE702990398026842E868
S3150801132000100028F0D1FFE7FFE7FFE7FFE7039882
S31508011330006850E8020F4FF6FE71CEF6FF710840BD
S315080113400190FFE701990398026842E80210002814
S31508011350EDD1FFE7FFE70398C06E012814D1FFE737
S31508011360FFE7FFE70398006850E8000F20F0100038
S315080113700090FFE700990398026842E800100028E8
S31508011380F0D1FFE7FFE7FFE703992020C1F88C00BA
S3150801139003990020C8660399486704B0704700009E
S315080113A080B582B00190FFE7FFE70198006850E831
S315080113B0000F20F040000090FFE7009901980268AD
S315080113C042E800100028F0D1FFE7FFE70199202045
S315080113D0C1F888000199002088670198FDF798F9F6
S315080113E002B080BD0000000083B00290FFE7FFE76E
S315080113F00298006850E8000F20F0C0000190FFE74E
S3150801140001990298026842E800100028F0D1FFE726
S31508011410FFE7FFE7FFE70298006850E8020F20F4AC
S3150801142000000090FFE700990298026842E802105E
S315080114300028F0D1FFE7FFE702992020C1F88800CC
S3150801144003B070470000000080B584B00390029194
S31508011450ADF806200398006841F20001C4F20101C3
S31508011460884214D1FFE7039840F62421C2F20041CD
S3150801147008600298C1F80C01BDF80600A1F804013C
S315080114800398B1F804218431FBF7D2FB3BE20398B8
S31508011490006845F20001C4F20001884240F0E88084
S315080114A0FFE7039840F66461C2F2004108600298BA
S315080114B0C1F80C01BDF80600A1F804010398B1F8BA
S315080114C004215200843192B2FBF7B2FB45F228108F
S315080114D0C2F2004000681021C4F20201884200F0FD
S315080114E0B280FFE745F22810C2F2004000682821C1
S315080114F0C4F20201884200F0A680FFE745F22810EF
S31508011500C2F2004000684021C4F20201884200F09C
S315080115109A80FFE745F22810C2F200400068582178
S31508011520C4F20201884200F08E80FFE745F22810D6
S31508011530C2F2004000687021C4F20201884200F03C
S315080115408280FFE745F22810C2F200400068882130
S31508011550C4F20201884276D0FFE745F22810C2F2AA
S3150801156000400068A021C4F2020188426BD0FFE75F
S3150801157045F22810C2F200400068B821C4F20201FF
S31508011580884260D0FFE745F22810C2F200400068A1
S3150801159040F21041C4F20201884254D0FFE745F2F5
S315080115A02810C2F20040006840F22841C4F2020144
S315080115B0884248D0FFE745F22810C2F20040006889
S315080115C040F24041C4F2020188423CD0FFE745F2AD
S315080115D02810C2F20040006840F25841C4F20201E4
S315080115E0884230D0FFE745F22810C2F20040006871
S315080115F040F27041C4F20201884224D0FFE745F265
S315080116002810C2F20040006840F28841C4F2020183
S31508011610884218D0FFE745F22810C2F20040006858
S3150801162040F2A041C4F2020188420CD0FFE745F21C
S315080116302810C2F20040006840F2B841C4F2020123
S3150801164088420AD1FFE745F22810C2F20040016834
S31508011650086820F00800086009E045F22810C2F27F
S3150801166000400168086820F004000860FFE749E1C6
S315080116700398006847F60001C4F20001884240F069
S31508011680E680FFE7039841F28401C2F2004108604F
S315080116900298C1F80C01BDF80600A1F804010398E7
S315080116A0B1F804218431FBF7C3FA45F2A010C2F25E
S315080116B0004000681021C4F20201884200F0B2809D
S315080116C0FFE745F2A010C2F2004000682821C4F2E3
S315080116D00201884200F0A680FFE745F2A010C2F297
S315080116E0004000684021C4F20201884200F09A8055
S315080116F0FFE745F2A010C2F2004000685821C4F283
S315080117000201884200F08E80FFE745F2A010C2F27E
S31508011710004000687021C4F20201884200F082800C
S31508011720FFE745F2A010C2F2004000688821C4F222
S315080117300201884276D0FFE745F2A010C2F20040C6
S315080117400068A021C4F2020188426BD0FFE745F286
S31508011750A010C2F200400068B821C4F20201884212
S3150801176060D0FFE745F2A010C2F20040006840F2DF
S315080117701041C4F20201884254D0FFE745F2A01095
S31508011780C2F20040006840F22841C4F202018842D0
S3150801179048D0FFE745F2A010C2F20040006840F2C7
S315080117A04041C4F2020188423CD0FFE745F2A0104D
S315080117B0C2F20040006840F25841C4F20201884270
S315080117C030D0FFE745F2A010C2F20040006840F2AF
S315080117D07041C4F20201884224D0FFE745F2A01005
S315080117E0C2F20040006840F28841C4F20201884210
S315080117F018D0FFE745F2A010C2F20040006840F297
S31508011800A041C4F2020188420CD0FFE745F2A010BC
S31508011810C2F20040006840F2B841C4F202018842AF
S315080118200AD1FFE745F2A010C2F200400168086834
S3150801183020F00800086009E045F2A010C2F2004055
S315080118400168086820F004000860FFE759E003987A
S31508011850006847F60041C4F20001884214D1FFE747
S31508011860039841F29411C2F2004108600298C1F846
S315080118700C01BDF80600A1F804010398B1F804218A
S315080118808431FBF7D5F93BE00398006841F600017E
S31508011890C4F20101884214D1FFE7039841F2A42159
S315080118A0C2F2004108600298C1F80C01BDF80600B1
S315080118B0A1F804010398B1F804218431FBF7B8F9BA
S315080118C01DE00398006841F60041C4F2010188420F
S315080118D014D1FFE7039840F61411C2F200410860DB
S315080118E00298C1F80C01BDF80600A1F80401039895
S315080118F0B1F804218431FBF79BF9FFE7FFE7FFE71E
S31508011900FFE7FFE7FFE704B080BD00000000000025
S3150801191080B59EB01D9000208DF867001D9800685F
S3150801192040F60041C5F60001884201D1FFE700E013
S31508011930FFE71D9988680B694A69C9691843104305
S3150801194008431C901D980068006846F6F311CCF60A
S31508011950FF7108401C9908431D99096808601D987C
S315080119600068406820F440501D9A1168D2681043F7
S3150801197048601D9880691C901D98006840F60041D2
S31508011980C5F60001884206D0FFE71D98016A1C9832
S3150801199008431C90FFE71D98006880684FF2FF41D5
S315080119A0C1F2FF1108401C9908431D99096888600E
S315080119B01D980068C06A20F00F001D9A1168526AC6
S315080119C01043C862FFE71D98006841F20001C4F29E
S315080119D00101884240F04180FFE744F25440C5F6D0
S315080119E00200006800F038000146109128282FD817
S315080119F01099DFE801F0152D2D2D2D2D2D2D192DE1
S31508011A002D2D2D2D2D2D1D2D2D2D2D2D2D2D212D13
S31508011A102D2D2D2D2D2D252D2D2D2D2D2D2D290020
S31508011A2001208DF86D0017E004208DF86D0013E094
S31508011A3008208DF86D000FE010208DF86D000BE081
S31508011A4020208DF86D0007E040208DF86D0003E039
S31508011A5080208DF86D00FFE76CE21D98006844F25E
S31508011A600041C4F2000188422ED1FFE744F25440F6
S31508011A70C5F60200006800F0070001460F91052827
S31508011A801DD80F99DFE801F003070B0F1317002084
S31508011A908DF86D0017E004208DF86D0013E008201D
S31508011AA08DF86D000FE010208DF86D000BE02020F9
S31508011AB08DF86D0007E040208DF86D0003E0802069
S31508011AC08DF86D00FFE734E21D98006844F60001C1
S31508011AD0C4F2000188422ED1FFE744F25440C5F60C
S31508011AE00200006800F0070001460E9105281DD87E
S31508011AF00E99DFE801F003070B0F131700208DF885
S31508011B006D0017E004208DF86D0013E008208DF8AC
S31508011B106D000FE010208DF86D000BE020208DF888
S31508011B206D0007E040208DF86D0003E080208DF8F8
S31508011B306D00FFE7FCE11D98006844F60041C4F218
S31508011B40000188422ED1FFE744F25440C5F602004F
S31508011B50006800F0070001460D9105281DD80D996A
S31508011B60DFE801F003070B0F131700208DF86D004E
S31508011B7017E004208DF86D0013E008208DF86D003C
S31508011B800FE010208DF86D000BE020208DF86D0018
S31508011B9007E040208DF86D0003E080208DF86D0088
S31508011BA0FFE7C4E11D98006845F20001C4F200018F
S31508011BB088422ED1FFE744F25440C5F60200006878
S31508011BC000F0070001460C9105281DD80C99DFE89D
S31508011BD001F003070B0F131700208DF86D0017E0AE
S31508011BE004208DF86D0013E008208DF86D000FE0D4
S31508011BF010208DF86D000BE020208DF86D0007E0B0
S31508011C0040208DF86D0003E080208DF86D00FFE718
S31508011C108CE11D98006841F20041C4F20101884235
S31508011C2040F04180FFE744F25440C5F602000068DF
S31508011C3000F0380001460B9128282FD80B99DFE8C8
S31508011C4001F0152D2D2D2D2D2D2D192D2D2D2D2D4A
S31508011C502D2D1D2D2D2D2D2D2D2D212D2D2D2D2DC1
S31508011C602D2D252D2D2D2D2D2D2D290001208DF8DC
S31508011C706D0017E004208DF86D0013E008208DF83B
S31508011C806D000FE010208DF86D000BE020208DF817
S31508011C906D0007E040208DF86D0003E080208DF887
S31508011CA06D00FFE741E11D98006847F60001C4F29F
S31508011CB0000188422ED1FFE744F25440C5F60200DE
S31508011CC0006800F0070001460A9105281DD80A99FF
S31508011CD0DFE801F003070B0F131700208DF86D00DD
S31508011CE017E004208DF86D0013E008208DF86D00CB
S31508011CF00FE010208DF86D000BE020208DF86D00A7
S31508011D0007E040208DF86D0003E080208DF86D0016
S31508011D10FFE709E11D98006847F60041C4F2000192
S31508011D2088422ED1FFE744F25440C5F60200006806
S31508011D3000F007000146099105281DD80999DFE831
S31508011D4001F003070B0F131700208DF86D0017E03C
S31508011D5004208DF86D0013E008208DF86D000FE062
S31508011D6010208DF86D000BE020208DF86D0007E03E
S31508011D7040208DF86D0003E080208DF86D00FFE7A7
S31508011D80D1E01D98006841F60001C4F201018842BC
S31508011D9040F04180FFE744F25440C5F6020000686E
S31508011DA000F038000146089128282FD80899DFE85D
S31508011DB001F0152D2D2D2D2D2D2D192D2D2D2D2DD9
S31508011DC02D2D1D2D2D2D2D2D2D2D212D2D2D2D2D50
S31508011DD02D2D252D2D2D2D2D2D2D290001208DF86B
S31508011DE06D0017E004208DF86D0013E008208DF8CA
S31508011DF06D000FE010208DF86D000BE020208DF8A6
S31508011E006D0007E040208DF86D0003E080208DF815
S31508011E106D00FFE786E01D98006841F60041C4F2AF
S31508011E200101884240F04180FFE744F25440C5F67B
S31508011E300200006800F038000146079128282FD8CB
S31508011E400799DFE801F0152D2D2D2D2D2D2D192D95
S31508011E502D2D2D2D2D2D1D2D2D2D2D2D2D2D212DBF
S31508011E602D2D2D2D2D2D252D2D2D2D2D2D2D2900CC
S31508011E7001208DF86D0017E004208DF86D0013E040
S31508011E8008208DF86D000FE010208DF86D000BE02D
S31508011E9020208DF86D0007E040208DF86D0003E0E5
S31508011EA080208DF86D00FFE73BE01D98006840F63D
S31508011EB00041C5F6000188422ED1FFE744F2584099
S31508011EC0C5F60200006800F00700014606910528DC
S31508011ED01DD80699DFE801F003070B0F1317022037
S31508011EE08DF86D0017E004208DF86D0013E00820C9
S31508011EF08DF86D000FE010208DF86D000BE02020A5
S31508011F008DF86D0007E040208DF86D0003E0802014
S31508011F108DF86D00FFE703E080208DF86D00FFE77F
S31508011F20FFE7FFE7FFE7FFE7FFE7FFE7FFE7FFE772
S31508011F30FFE7FFE7FFE71D98006840F60041C5F691
S31508011F400001884240F0B480FFE79DF86D00014624
S31508011F500591022814D0FFE70598042814D0FFE755
S31508011F600598082816D0FFE70598102818D0FFE726
S31508011F700598202835D0FFE70598402837D03AE05C
S31508011F80F6F7DEF811903CE015A8F6F7EDF8169885
S31508011F90119036E012A8F6F73FFA1398119030E03F
S31508011FA044F20040C5F60200006800F02001002056
S31508011FB0B0EB511F0ED0FFE744F20040C5F6020010
S31508011FC00068C0F3C10149F20000C0F2D030C84030
S31508011FD0119005E049F20000C0F2D0301190FFE7F8
S31508011FE00FE040F60010C0F23D00119009E04FF4F1
S31508011FF00040119005E00020119001208DF867003E
S31508012000FFE71198002852D0FFE711981D994A6AEF
S3150801201046F6CC01C0F6020131F81210B0FBF1F018
S31508012020189018981D99496801EB4101884207D310
S31508012030FFE718981D994968B0EB013F04D9FFE7F6
S3150801204001208DF8670031E011981D994A680392BD
S315080120504A6A46F6CC01C0F6020131F8122000237D
S3150801206004931946EEF734FA039A049B090241EAE6
S315080120701061000210EB520041F10001EEF728FA57
S315080120801A901A98B0F5407F0BD3FFE71A990020EA
S31508012090B0EB115F05D1FFE71A981D990968C86069
S315080120A003E001208DF86700FFE7FFE7FFE746E158
S315080120B01D98C069B0F5004F40F0A880FFE79DF86C
S315080120C06D0001460291402800F263800299DFE81B
S315080120D001F021256060296060602F6060606060A2
S315080120E0606035606060606060606060606060600C
S315080120F060605660606060606060606060606060DB
S3150801210060606060606060606060606060606060C0
S3150801211060605C00F7F748FD119040E0F7F758FD5D
S3150801212011903CE015A8F6F71FF81698119036E0BD
S3150801213012A8F6F771F91398119030E044F20040AD
S31508012140C5F60200006800F020010020B0EB511F1F
S315080121500ED0FFE744F20040C5F602000068C0F35E
S31508012160C10149F20000C0F2D030C840119005E023
S3150801217049F20000C0F2D0301190FFE70FE040F6B7
S315080121800010C0F23D00119009E04FF40040119093
S3150801219005E00020119001208DF86700FFE71198EE
S315080121A098B3FFE711981D9A5168536A46F6CC020F
S315080121B0C0F6020232F81320B0FBF2F0400000EB41
S315080121C05100B0FBF1F01A901A98102818D3FFE7BE
S315080121D0BDF86A00A0B9FFE71A9820F00F00ADF81C
S315080121E06E001A9800F00E01BDF86E0040EA510023
S315080121F0ADF86E00BDF86E001D990968C86003E068
S3150801220001208DF86700FFE7FFE797E09DF86D006D
S3150801221001460191402800F263800199DFE801F047
S3150801222021256060296060602F6060606060606081
S3150801223035606060606060606060606060606060BA
S315080122405660606060606060606060606060606089
S31508012250606060606060606060606060606060606F
S315080122605C00F7F7A1FC119040E0F7F7B1FC11907B
S315080122703CE015A8F5F778FF1698119036E012A8F4
S31508012280F6F7CAF81398119030E044F20040C5F603
S315080122900200006800F020010020B0EB511F0ED0AB
S315080122A0FFE744F20040C5F602000068C0F3C10129
S315080122B049F20000C0F2D030C840119005E049F259
S315080122C00000C0F2D0301190FFE70FE040F6001091
S315080122D0C0F23D00119009E04FF40040119005E06D
S315080122E00020119001208DF86700FFE7119820B3AF
S315080122F0FFE711981D9A5168536A46F6CC02C0F653
S31508012300020232F81320B0FBF2F000EB5100B0FBE9
S31508012310F1F01A901A9810280AD3FFE7BDF86A0057
S3150801232030B9FFE7BDF868001D990968C86003E080
S3150801233001208DF86700FFE7FFE7FFE7FFE71D9933
S315080123400120A1F86A001D99A1F868001D990020CD
S3150801235048671D9988679DF867001EB080BD000013
S3150801236080B588B006900591ADF8122005980699B2
S315080123708865BDF812000699A1F85C000699002047
S31508012380C1F8900006992220C1F88C000698D0F869
S315080123908000B0B3FFE70698D0F8801041F2D1105B
S315080123A0C0F60100C8630698D0F8801041F2C9202A
S315080123B0C0F6010008640698D0F8801041F2511061
S315080123C0C0F60100C8640698D0F880100020086598
S315080123D006980168826DD0F880002431BDF8123064
S315080123E0F2F716FB60B1FFE706991020C1F89000D5
S315080123F006992020C1F88C0001208DF81F0042E0C3
S31508012400FFE706980069A0B1FFE7FFE7FFE706982F
S31508012410006850E8000F40F480700390FFE70399C5
S315080124200698026842E800100028F0D1FFE7FFE7A6
S31508012430FFE7FFE7FFE70698006850E8020F40F05C
S3150801244001000290FFE702990698026842E8021025
S315080124500028F0D1FFE7FFE7FFE7FFE706980068E6
S3150801246050E8020F40F040000190FFE701990698F5
S31508012470026842E802100028F0D1FFE7FFE70020D2
S315080124808DF81F00FFE79DF81F0008B080BD00000A
S3150801249080B586B0DDF820C0049003918DF80B2035
S315080124A00193FFE704980068C06903990840401A38
S315080124B0B0FA80F040099DF80B10884266D1FFE713
S315080124C008980130002860D0FFE7F4F735FB019939
S315080124D0401A0899884203D8FFE7089820B9FFE708
S315080124E003208DF8170055E0049800680068400736
S315080124F0002849D5FFE70398802845D0FFE70398C8
S31508012500402841D0FFE704980068C06900F0080137
S315080125100120B0EBD10F16D1FFE704980168082016
S31508012520009008620498FEF7EBFE00980499C1F83A
S315080125309000FFE70499002081F88400FFE7012055
S315080125408DF8170026E004980068C06900F4006158
S315080125500120B0EBD12F16D1FFE7049801684FF49B
S31508012560006008620498FEF7CBFE04992020C1F8A2
S315080125709000FFE70499002081F88400FFE7032013
S315080125808DF8170006E0FFE7FFE78BE700208DF8D7
S315080125901700FFE79DF8170006B080BD0000000090
S315080125A080B545F6BC50C2F20040FBF761F880BD24
S315080125B080B545F62850C2F20040FBF759F880BDB0
S315080125C080B586B004908DF80F100498D0F8C8022B
S315080125D001900498D0F8D41200EB8100D0F8C0021B
S315080125E020B9FFE703208DF817005FE00498D0F8BB
S315080125F0D41200EB8100D0F8C002029004989DF82D
S315080126000F1001F00F0101EB810100EB81008069D8
S3150801261040B3FFE704989DF80F1001F00F0101EB95
S31508012620810200EB82008269019801EBC10100EB8E
S315080126308100C169B2FBF1F000FB112090B9FFE7F7
S3150801264004989DF80F1001F00F0101EB810100EBD1
S3150801265081000023836104989DF80F101A4601F042
S3150801266003FE1FE002990020C1F814020498D0F86D
S31508012670D41200EB8100D0F8C402006988B1FFE7E3
S315080126800498D0F8D41200EB8100D0F8C40203698B
S315080126900299D1F8080201F504719DF80F209847AF
S315080126A0FFE7FFE700208DF81700FFE79DF8170001
S315080126B006B080BD0000000080B584B002908DF898
S315080126C007100298D0F8D41200EB8100D0F8C002A6
S315080126D000900298D0F8D41200EB8100D0F8C0021D
S315080126E020B9FFE703208DF80F0019E002989DF83D
S315080126F0071001F029FB0099C1F80C020298D0F8DD
S31508012700D41200EB8100D0F8C402C2680099D1F84E
S31508012710040201F50371904700208DF80F00FFE7C9
S315080127209DF80F0004B080BD80B586B005908DF880
S315080127301310059840F20901C2F200410091097887
S3150801274001F016F900990598097801F00F0101EBD6
S31508012750810100EB8101002003908884059840F2ED
S315080127600A01C2F200410191097801F001F9019AC1
S3150801277003980599127802F00F0202EB820201EB27
S315080127808201A1F86401059840F20801C2F20041EC
S315080127900291097801F0ECF8029A039805991378E1
S315080127A003F00F0303EB830301EB83018884059987
S315080127B0127802F00F0202EB820201EB8201C88451
S315080127C00598D0F8D41200EB8100D0F8C002F0B118
S315080127D0FFE70598D0F8D41200EB8100D0F8C402BF
S315080127E0406880470598D0F8D41200EB8100D0F8EC
S315080127F0C00202F0E5F90598D0F8D41200EB810180
S315080128000020C1F8C0020599C1F8BC02FFE7002003
S3150801281006B080BD0000000080B584B00290029821
S31508012820D0F8D41200EB8100D0F8C00201900198CB
S3150801283020B9FFE703208DF80F0025E00298D0F8AC
S31508012840D41200EB8100D0F8C402C8B1FFE70198A1
S3150801285090F80002FF2813D0FFE70298D0F8D412A7
S3150801286000EB8100D0F8C4028368019991F800024F
S3150801287091F8012298470199FF2081F80002FFE7A4
S3150801288000208DF80F00FFE79DF80F0004B080BD0A
S3150801289081B0009000990A20088040F24C10C2F2DB
S315080128A0004001B07047000080B586B0059040F23F
S315080128B00810C2F200400190822100F019FE01467B
S315080128C001980491012100F013FE01460198039134
S315080128D0812100F00DFE0290049820B1FFE70499CA
S315080128E010208871FFE7039820B1FFE7039940207C
S315080128F08880FFE7029820B1FFE702994020888087
S31508012900FFE705994320088040F20810C2F200400B
S3150801291006B080BD0000000080B586B0059040F283
S315080129200810C2F200400190822100F0E1FD014643
S3150801293001980491012100F0DBFD014601980391FC
S31508012940812100F0D5FD0290049820B1FFE7049992
S3150801295010208871FFE7039828B1FFE703994FF420
S3150801296000708880FFE7029828B1FFE702994FF4C3
S3150801297000708880FFE705994320088040F2081017
S31508012980C2F2004006B080BD80B586B0059040F21F
S315080129900810C2F200400190822100F0A9FD01460B
S315080129A001980491012100F0A3FD014601980391C4
S315080129B0812100F09DFD0290049820B1FFE704995A
S315080129C010208871FFE7039820B1FFE7039940209B
S315080129D08880FFE7029820B1FFE7029940208880A6
S315080129E0FFE705994320088040F20810C2F200402B
S315080129F006B080BD0000000080B590B00E908DF83D
S31508012A0037104FF4077002F0DFF80C900C9860B994
S31508012A10FFE70E98D0F8D41200EB81010020C1F827
S31508012A20C00202208DF83F00F0E00C984FF40771C0
S31508012A30EDF75FFE0C980E99D1F8D42201EB8201CD
S31508012A40C1F8C0020E99D1F8D40201EB8000D0F882
S31508012A50C002C1F8BC020E98007C002840D1FFE7ED
S31508012A600E9840F20901C2F2004107910978022243
S31508012A7008924FF40073099301F05AFA0799089AD4
S31508012A80099B0E98097801F00F0101EB810100EB12
S31508012A90810101200B9088840E9840F20A01C2F246
S31508012AA000410A91097801F043FA0A9A0B980E999E
S31508012AB0127802F00F0202EB820201EB8201A1F801
S31508012AC064010E9840F20801C2F20041097801F04A
S31508012AD00F0101EB810100EB81011020C8843EE062
S31508012AE00E9840F20901C2F20041029109780222C8
S31508012AF003924023049301F01BFA0299039A049B5B
S31508012B000E98097801F00F0101EB810100EB8101B3
S31508012B100120069088840E9840F20A01C2F200410B
S31508012B200591097801F004FA059A06980E99127822
S31508012B3002F00F0202EB820201EB8201A1F86401A5
S31508012B400E9840F20801C2F20041097801F00F011E
S31508012B5001EB810100EB81011020C884FFE70E9883
S31508012B6040F20801C2F200410091097803220823C4
S31508012B7001F0DEF900990E98097801F00F0101EBD1
S31508012B80810100EB8101012088840C9900200190C4
S31508012B90C1F804020E98D0F8D41200EB8100D0F8DF
S31508012BA0C4020068804701980C99C1F814020C996F
S31508012BB0C1F818020C98D0F8040220B9FFE70220E0
S31508012BC08DF83F0022E00E98007C70B9FFE70E9859
S31508012BD040F20A01C2F2004109780C9AD2F804229D
S31508012BE04FF4007301F0CCF90CE00E9840F20A019B
S31508012BF0C2F2004109780C9AD2F80422402301F066
S31508012C00BFF9FFE700208DF83F00FFE79DF83F0079
S31508012C1010B080BD0000000080B584B00290029813
S31508012C20D0F8D41200EB8100D0F8C00201900298C6
S31508012C30D0F8D41200EB8100D0F8C00220B9FFE722
S31508012C4003208DF80F0022E00298007C70B9FFE797
S31508012C50029840F20A01C2F200410978019AD2F8B3
S31508012C6004224FF4007301F08BF90CE0029840F24C
S31508012C700A01C2F200410978019AD2F804224023D6
S31508012C8001F07EF9FFE700208DF80F00FFE79DF8B8
S31508012C900F0004B080BD000083B001900091009838
S31508012CA020B9FFE703208DF80B000BE00098019986
S31508012CB0D1F8D42201EB8201C1F8C40200208DF8B3
S31508012CC00B00FFE79DF80B0003B0704700000000FA
S31508012CD084B0029001910298D0F8D41200EB8100D9
S31508012CE0D0F8C0020090009820B9FFE703208DF8BC
S31508012CF00F0007E001980099C1F8040200208DF839
S31508012D000F00FFE79DF80F0004B0704700000000B0
S31508012D1085B00390029101920398D0F8D41200EB82
S31508012D208100D0F8C0020090009820B9FFE703207F
S31508012D308DF813000BE002980099C1F80802019872
S31508012D400099C1F8100200208DF81300FFE79DF8DD
S31508012D50130005B07047000080B58AB00890079146
S31508012D600898D0F8D41200EB8100D0F8C00206907A
S31508012D7000208DF81500ADF812008DF8110006989F
S31508012D8020B9FFE703208DF82700C7E007980078E8
S31508012D9000F060000146039100285ED0FFE7039822
S31508012DA0202840F0AE80FFE70798C088002846D063
S31508012DB0FFE7079800780006002823D5FFE708985B
S31508012DC0D0F8D41200EB8100D0F8C4028368079AC0
S31508012DD050780699D28898470798C088082803D357
S31508012DE0FFE70720029003E00798C0880290FFE7F3
S31508012DF00298ADF8160008980699BDF8162000F055
S31508012E0083F91BE007984078069981F8000207982C
S31508012E10C0883F2804D8FFE70798C088019002E0D8
S31508012E2040200190FFE70198069981F80102089868
S31508012E30069991F8012200F037F9FFE70CE00898A6
S31508012E40D0F8D41200EB8100D0F8C4028368079940
S31508012E50487800229847FFE75BE0079840780146E3
S31508012E6000910B2844D80099DFE801F00641424257
S31508012E704242424242421C32089890F89C02032878
S31508012E8007D1FFE708980DF11201022200F03CF97B
S31508012E9007E00898079900F0F7F803208DF8110064
S31508012EA0FFE72DE0089890F89C02032807D1FFE771
S31508012EB008980DF11501012200F026F907E0089896
S31508012EC0079900F0E1F803208DF81100FFE717E0F4
S31508012ED0089890F89C02032808D0FFE708980799F4
S31508012EE000F0D2F803208DF81100FFE708E007E0AB
S31508012EF00898079900F0C8F803208DF81100FFE734
S31508012F0007E00898079900F0BFF803208DF811002B
S31508012F10FFE79DF811008DF82700FFE79DF82700C8
S31508012F200AB080BD0000000080B584B00290029806
S31508012F30D0F8D41200EB8100D0F8C002019001202C
S31508012F408DF80300019820B9FFE703208DF80F00DB
S31508012F502AE00198D0F8140208BBFFE7019901207D
S31508012F60C1F814020198D0F81002029A40F2090138
S31508012F70C2F200410B7803F00F0303EB830302EB64
S31508012F808302906102980978019BD3F80822D3F845
S31508012F90103201F069F900208DF80300FFE79DF86A
S31508012FA003008DF80F00FFE79DF80F0004B080BD00
S31508012FB080B582B001908DF8031000208DF80200CB
S31508012FC00198D0F8B8124A689DF80310904720B1C5
S31508012FD0FFE703208DF80200FFE79DF8020002B023
S31508012FE080BD00000000000080B582B0019000910C
S31508012FF0019890F89C02013802280ED8FFE700983C
S315080130004088012808D1FFE701990020C1F8A402E8
S31508013010019800F095F8FFE704E00198009900F09F
S3150801302033F8FFE702B080BD82B001908DF8031036
S31508013030002002B07047000082B001908DF803109D
S31508013040002002B07047000080B584B00390029159
S3150801305001920398029A019B0021009100F090FFCA
S31508013060009804B080BD000080B584B00390029139
S3150801307001920398029A019B0021009101F0F4F84C
S31508013080009804B080BD000080B582B0019000911F
S315080130900198802101F094F80198002101F090F837
S315080130A002B080BD0000000080B584B00390029193
S315080130B0019203990320C1F8940201980399C1F872
S315080130C0580101980399C1F85C010398029A019B7A
S315080130D00021009100F054FF009804B080BD000063
S315080130E080B582B0019001990520C1F89402019832
S315080130F00023009319461A4600F042FF009802B0D1
S3150801310080BD00000000000080B584B003900291E4
S31508013110019203990220C1F89402019803998861E2
S3150801312001980399C8610398029A019B00210091AD
S3150801313001F09AF8009804B080BD00000000000074
S3150801314080B582B0019001990420C1F894020198D2
S315080131500023009319461A4601F086F8009802B032
S3150801316080BD00000000000080B584B00390029184
S315080131700298C088012805D0FFE703980299FFF74E
S3150801318083FF21E0039890F89C12481E01910228BA
S3150801319004D3FFE7019803280AD00FE0039900201A
S315080131A08860039800F108010122FFF7ADFF0AE0E4
S315080131B00398011D0122FFF7A7FF04E0039802996E
S315080131C0FFF762FFFFE7FFE704B080BD00000000DC
S315080131D080B588B0079006910020ADF816000490D6
S315080131E08DF80F000698C0780138014602910E281D
S315080131F000F241810299DFE811F02A0034005100FA
S315080132003E013E010B0123013E013E013E013E0105
S315080132103E013E013E010F000798D0F8B402C0698D
S3150801322050B1FFE70798D0F8B412CA69007C0DF1CE
S3150801323016019047049009E007980699FFF724FFBD
S315080132409DF80F0001308DF80F00FFE71DE1079883
S31508013250D0F8B4120A68007C0DF116019047049063
S3150801326013E10798007C60B9FFE70798D0F8B80220
S31508013270816A0DF116008847049004990220487066
S315080132800BE00798D0F8B802C16A0DF11600884715
S315080132900490049902204870FFE7F6E006988078C2
S315080132A001460191052800F2A8800199DFE801F09D
S315080132B0031E39546F8A0798D0F8B402406850B192
S315080132C0FFE70798D0F8B4124A68007C0DF1160199
S315080132D09047049009E007980699FFF7D5FE9DF8EF
S315080132E00F0001308DF80F00FFE790E00798D0F83E
S315080132F0B402806850B1FFE70798D0F8B4128A681B
S31508013300007C0DF116019047049009E0079806998B
S31508013310FFF7BAFE9DF80F0001308DF80F00FFE7A1
S3150801332075E00798D0F8B402C06850B1FFE707986E
S31508013330D0F8B412CA68007C0DF1160190470490C2
S3150801334009E007980699FFF79FFE9DF80F000130DF
S315080133508DF80F00FFE75AE00798D0F8B402006924
S3150801336050B1FFE70798D0F8B4120A69007C0DF14D
S3150801337016019047049009E007980699FFF784FE1D
S315080133809DF80F0001308DF80F00FFE73FE0079821
S31508013390D0F8B402406950B1FFE70798D0F8B412E3
S315080133A04A69007C0DF116019047049009E00798D7
S315080133B00699FFF769FE9DF80F0001308DF80F0099
S315080133C0FFE724E00798D0F8B402806950B1FFE717
S315080133D00798D0F8B4128A69007C0DF11601904756
S315080133E0049009E007980699FFF74EFE9DF80F002D
S315080133F001308DF80F00FFE709E007980699FFF7F6
S3150801340043FE9DF80F0001308DF80F00FFE73CE001
S315080134100798007C48B9FFE70798D0F8B802416BCE
S315080134200DF116008847049009E007980699FFF7F9
S315080134302BFE9DF80F0001308DF80F00FFE724E001
S315080134400798007C60B9FFE70798D0F8B802016BC6
S315080134500DF116008847049004990720487009E081
S3150801346007980699FFF710FE9DF80F0001308DF8B1
S315080134700F00FFE709E007980699FFF705FE9DF893
S315080134800F0001308DF80F00FFE79DF80F0008B116
S31508013490FFE72AE00698C08818B3FFE7BDF81600CB
S315080134A0C8B1FFE7BDF816000699C988884204DA4B
S315080134B0FFE7BDF81600009003E00698C088009063
S315080134C0FFE70098ADF8160007980499BDF816208D
S315080134D0FFF71AFE04E007980699FFF7D5FDFFE7FF
S315080134E003E00798FFF72CFEFFE708B080BD000050
S315080134F080B586B005908DF8131005980390059848
S31508013500029000200190029948880978884227DDAF
S31508013510FFE702980078ADF80200FFE7BDF8020060
S315080135200299498888421ADAFFE703980DF10201E0
S3150801353000F036F803900398407805280ED1FFE786
S3150801354003980190019880789DF81310884201D15B
S31508013550FFE704E000200190FFE7FFE7DEE7FFE76A
S31508013560019806B080BD000083B0029000208DF856
S31508013570070002980090FFE70098007848B1FFE736
S315080135809DF8070001308DF807000098013000907A
S31508013590F2E79DF8070003B070470000000000003D
S315080135A083B00290019102980090009802780199DF
S315080135B00888104408800298009909780844009000
S315080135C0009803B07047000080B582B00190009161
S315080135D0019890F89C02013802281FD8FFE7009845
S315080135E0C088022805D0FFE701980099FFF74CFD2E
S315080135F019E001990120C8600198D0F8A40230B1F8
S31508013600FFE70199C86840F00200C860FFE7019822
S3150801361000F10C010222FFF777FD04E001980099F9
S31508013620FFF732FDFFE702B080BD00000000000091
S3150801363080B586B005900491039200208DF80B00A1
S31508013640059808B9FFE74FE0059801900198FFF73B
S315080136508BFF0146022000EB4100B0F5007F04D93B
S31508013660FFE74FF40070009008E00198FFF77CFF30
S315080136700146022000EB41000090FFE700980399FC
S3150801368008800398007804999DF80B2088549DF8C2
S315080136900B0001308DF80B0004999DF80B200320CF
S315080136A088549DF80B0001308DF80B00FFE701984F
S315080136B00078C8B1FFE70198007804999DF80B20B6
S315080136C088540198013001909DF80B0001308DF85E
S315080136D00B0004999DF80B20002088549DF80B00D7
S315080136E001308DF80B00E2E706B080BD000000004E
S315080136F082B08DF8070000208DF806009DF80700B6
S3150801370001460091032814D80099DFE801F0020662
S315080137100A0E00208DF806000FE003208DF806003A
S315080137200BE001208DF8060007E003208DF806005E
S3150801373003E003208DF80600FFE79DF8060002B0B6
S31508013740704700000000000080B582B08DF80700C0
S3150801375000919DF8070060B9FFE7009A47F29400C7
S31508013760C0F6020041F2B831C2F20041FFF760FF2C
S315080137700BE0009A47F29400C0F6020041F2B83114
S31508013780C2F20041FFF754FFFFE741F2B830C2F237
S31508013790004002B080BD000082B08DF8070000919C
S315080137A000991220088040F25810C2F2004002B077
S315080137B0704700000000000080B582B08DF8070050
S315080137C000919DF8070060B9FFE7009A47F2860065
S315080137D0C0F6020041F2B831C2F20041FFF728FFF4
S315080137E00BE0009A47F28600C0F6020041F2B831B2
S315080137F0C2F20041FFF71CFFFFE741F2B830C2F2FF
S31508013800004002B080BD000082B08DF8070000912B
S3150801381000990420088040F28010C2F2004002B0EC
S31508013820704700000000000080B584B08DF80F00D5
S315080138300291029A47F29F00C0F6020041F2B8319E
S31508013840C2F200410191FFF7F3FE019804B080BD71
S3150801385080B582B08DF8070000919DF8070060B920
S31508013860FFE7009A47F2B200C0F6020041F2B8310A
S31508013870C2F20041FFF7DCFE0BE0009A47F2B20004
S31508013880C0F6020041F2B831C2F20041FFF7D0FE9C
S31508013890FFE741F2B830C2F2004002B080BD000035
S315080138A080B582B08DF80700009100991A2008802A
S315080138B0EEF7D2FA40F28410C2F2004002B080BD9F
S315080138C080B584B0029001918DF80320029820B941
S315080138D0FFE703208DF80F0023E002990020C1F8C5
S315080138E0B8020299C1F8C4020299C1F8D002019836
S315080138F028B1FFE701980299C1F8B402FFE70299D6
S31508013900012081F89C029DF803000299087002982B
S3150801391000F02AFA8DF802009DF802008DF80F00D2
S31508013920FFE79DF80F0004B080BD0000000000000D
S3150801393080B582B001908DF8031000208DF8020041
S315080139408DF801000198D0F8C8029DF80310F3F725
S3150801395023FB8DF802009DF80200FFF7C9FE8DF8DA
S3150801396001009DF8010002B080BD000000000000C2
S3150801397080B582B001908DF8031000208DF8020001
S315080139808DF801000198D0F8C8029DF80310F3F7E5
S31508013990AFFA8DF802009DF80200FFF7A9FE8DF82F
S315080139A001009DF8010002B080BD00000000000082
S315080139B080B588B006908DF8171004929DF8170007
S315080139C0002874D1FFE70698143003900698D0F8BA
S315080139D0940202285DD1FFE703998868C96888427D
S315080139E012D9FFE703998868CA68801A8860069819
S315080139F00499039A9268FFF737FB0698002319463C
S31508013A001A4600F0BDFA43E003988168C068884207
S31508013A101ED1FFE703994868C968884218D3FFE7AA
S31508013A20039840680699D1F89812884210D2FFE7A0
S31508013A300698002201921146FFF716FB019B06988C
S31508013A40C0F89832069819461A4600F099FA1EE007
S31508013A50069890F89C02032811D1FFE70698D0F83A
S31508013A60B802C06850B1FFE706990020C1F8D40230
S31508013A700698D0F8B812C9688847FFE7FFE706989D
S31508013A80802100F09DFB0698FFF72AFBFFE7FFE779
S31508013A90FFE7069890F8A00240B1FFE7069800F004
S31508013AA077FC0699002081F8A002FFE740E0069816
S31508013AB09DF8171041F08001FFF7B6FA8DF80A0054
S31508013AC09DF80A00FF2832D0FFE79DF80A0070BB6F
S31508013AD0FFE7069890F89C02032827D1FFE7069886
S31508013AE09DF80A1000EB8100D0F8B8024069E0B1F0
S31508013AF0FFE79DF80A000699C1F8D40206989DF8D1
S31508013B000A1000EB8101D1F8B8124A699DF817101D
S31508013B1090478DF80B009DF80B0028B1FFE79DF83B
S31508013B200B008DF81F0007E0FFE7FFE7FFE7FFE758
S31508013B3000208DF81F00FFE79DF81F0008B080BD23
S31508013B4080B58AB008908DF81F10069200208DF86E
S31508013B5013009DF81F00002840F08280FFE70898AF
S31508013B6000F5AA7005900898D0F89402032876D132
S31508013B70FFE705998868C96888421DD9FFE705994D
S31508013B808868CA68801A886008980290069803901F
S31508013B9005998868C968884204D2FFE7059880684C
S31508013BA0019003E00598C0680190FFE70399029820
S31508013BB0019AFFF749FA51E0089890F8AA0200F02D
S31508013BC01F000146009140B1FFE70098012808D07F
S31508013BD0FFE7009802280CD013E000208DF81200A8
S31508013BE013E0089890F8AE12FFF726FA8DF812003E
S31508013BF00BE0089890F8AE12FFF716FA8DF8120046
S31508013C0003E000208DF81200FFE79DF8120008BBBB
S31508013C10FFE7089890F89C0203281AD1FFE708984D
S31508013C209DF8121000EB8100D0F8B802006978B14E
S31508013C30FFE79DF812000899C1F8D40208989DF883
S31508013C40121000EB8101D1F8B81209698847FFE71C
S31508013C50FFE7FFE70898FFF773FAFFE7FFE740E09A
S31508013C6008989DF81F1001F07F01FFF7DDF98DF81F
S31508013C7012009DF81200FF2832D0FFE79DF81200C6
S31508013C8070BBFFE7089890F89C0203281ED1FFE74E
S31508013C9008989DF8121000EB8100D0F8B8028069E7
S31508013CA098B1FFE79DF812000899C1F8D40208985F
S31508013CB09DF8121000EB8101D1F8B8128A699DF8B6
S31508013CC01F1090478DF81300FFE7FFE79DF81300D3
S31508013CD028B1FFE79DF813008DF8270005E0FFE7F7
S31508013CE0FFE700208DF82700FFE79DF827000AB0B7
S31508013CF080BD00000000000081B00090002001B0E6
S31508013D00704700000000000080B582B001900020D5
S31508013D108DF803000199012081F89C020198D0F8D9
S31508013D20B80268B1FFE70198D0F8B8124A68017974
S31508013D30904720B1FFE703208DF80300FFE7FFE76F
S31508013D409DF8030002B080BD80B582B001908DF860
S31508013D5003100198D0F8C8029DF80310F3F780F90B
S31508013D6002B080BD0000000080B584B003900398BE
S31508013D700078012838D1FFE7039945F2D860C2F2E5
S31508013D8000400290C0F8E0140399C1F8C802002166
S31508013D90C4F204010160092101710222C2710021E4
S31508013DA0817142728172C17201738173C173017427
S31508013DB0F3F72AFF18B1FFE7EDF76EFEFFE745F2C5
S31508013DC0D860C2F20040019080210091F2F7C4FF49
S31508013DD0009A01980021F2F7CBFF019801214FF4CF
S31508013DE0BA72F2F7C5FFFFE7002004B080BD0000F4
S31508013DF084B002908DF807100298D0F8C802009096
S31508013E009DF80700000600280DD5FFE700989DF8E4
S31508013E10071001F07F0101EBC10100EB8100807DF4
S31508013E208DF80F000DE000989DF8071001F07F014D
S31508013E3001EBC10100EB810090F856028DF80F00E5
S31508013E40FFE79DF80F0004B070470000000000006E
S31508013E5080B584B002908DF807100298D0F8D41274
S31508013E6000EB8100D0F8B80220B9FFE703208DF8EE
S31508013E700F0020E0029890F89C02032817D1FFE76B
S31508013E800298D0F8D41200EB8100D0F8B802006A83
S31508013E9060B1FFE70298D0F8D41200EB8101D1F89E
S31508013EA0B8120A6A9DF807109047FFE7FFE7002056
S31508013EB08DF80F00FFE79DF80F0004B080BD0000E4
S31508013EC080B584B002908DF807100298D0F8D41204
S31508013ED000EB8100D0F8B80220B9FFE703208DF87E
S31508013EE00F0020E0029890F89C02032817D1FFE7FB
S31508013EF00298D0F8D41200EB8100D0F8B802406AD3
S31508013F0060B1FFE70298D0F8D41200EB8101D1F82D
S31508013F10B8124A6A9DF807109047FFE7FFE70020A5
S31508013F208DF80F00FFE79DF80F0004B080BD000073
S31508013F3080B584B003908DF80B108DF80A20ADF882
S31508013F40083000208DF807008DF806000398D0F890
S31508013F50C8029DF80B10BDF808209DF80A30F3F742
S31508013F6093F88DF807009DF80700FFF7C1FB8DF858
S31508013F7006009DF8060004B080BD000000000000A0
S31508013F8080B586B005908DF8131003920293002030
S31508013F908DF807008DF806000598D0F8C8029DF837
S31508013FA01310039A029BF3F7E7F88DF807009DF8BB
S31508013FB00700FFF79DFB8DF806009DF8060006B081
S31508013FC080BD00000000000080B586B00590002085
S31508013FD08DF81300059A012182F89C120599C1F8FA
S31508013FE09402059948600599C1F8A402059981F8D2
S31508013FF0A0020598D0F8B802A0B1FFE70598D0F855
S31508014000B802406868B1FFE70598D0F8B8124A685F
S315080140100179904720B1FFE703208DF81300FFE7E8
S31508014020FFE7FFE705980022019240230393114613
S31508014030FFF77EFF019A039B059901200290A1F8DB
S3150801404064010598C0F8603105988021FFF770FF73
S3150801405002990398059A9184059908629DF81300B7
S3150801406006B080BD0000000081B00090009890F86D
S315080140709C02042807D1FFE7009890F89D02009951
S3150801408081F89C02FFE7002001B07047000000009C
S3150801409080B582B00190019890F89C02032813D14B
S315080140A0FFE70198D0F8B80268B1FFE70198D0F8A0
S315080140B0B802C06930B1FFE70198D0F8B812C969EA
S315080140C08847FFE7FFE7FFE7002002B080BD000051
S315080140D082B001908DF803109DF8030001990874C8
S315080140E0002002B07047000080B582B001908DF8BB
S315080140F0031000208DF802008DF801000198D0F810
S31508014100C8029DF80310F3F71FFF8DF802009DF80A
S315080141100200FFF7EDFA8DF801009DF8010002B0E3
S3150801412080BD00000000000080B584B003900291B4
S31508014130039800F2AA20029900F0BAF8039901201F
S31508014140C1F894020399B1F8B002C1F8980203982C
S3150801415090F8AA0200F01F000146009140B1FFE75E
S31508014160009801280CD0FFE70098022810D017E024
S31508014170039800F2AA2100F067FA8DF8070019E002
S31508014180039800F2AA2100F09FFC8DF8070011E0C0
S31508014190039800F2AA2100F0BFFA8DF8070009E09A
S315080141A0039890F8AA1201F0800100F009F88DF839
S315080141B00700FFE79DF8070004B080BD0000000076
S315080141C080B582B001908DF8031000208DF80200A9
S315080141D08DF801000198D0F8C8029DF80310F3F78D
S315080141E003F88DF802009DF80200FFF781FA8DF8B1
S315080141F001009DF8010002B080BD0000000000002A
S3150801420080B582B0019000208DF803008DF8020078
S315080142100198D0F8C802F3F7D3FE8DF803009DF88C
S315080142200300FFF765FA8DF802009DF8020002B057
S3150801423080BD00000000000081B00090009890F851
S315080142409C02042807D0FFE7009890F89C02009981
S3150801425081F89D02FFE70099042081F89C0200205D
S3150801426001B070470000000080B586B005908DF852
S3150801427013100392029300208DF807008DF80600AB
S315080142800598D0F8C8029DF81310039A029BF3F714
S315080142901BF88DF807009DF80700FFF729FA8DF836
S315080142A006009DF8060006B080BD0000000000006B
S315080142B080B584B003900291029801900198007824
S315080142C003990870019801300190019800780399C3
S315080142D048700198013001900198FBF779FD03991F
S315080142E048800198013001900198013001900198A8
S315080142F0FBF76EFD039988800198013001900198BA
S31508014300013001900198FBF763FD0399C88004B059
S3150801431080BD00000000000080B584B002900191C4
S315080143200020ADF80200019820B9FFE703208DF8B7
S315080143300F0026E001980299C1F8B8020298D0F850
S31508014340D41200EB8100D0F8B802C06A78B1FFE751
S315080143500298D0F8D41200EB8100D0F8B802C16AED
S315080143600DF1020088470299C1F8D002FFE70299C8
S31508014370D1F8D8020130C1F8D80200208DF80F0013
S31508014380FFE79DF80F0004B080BD000000000000A3
S3150801439081B00090002001B07047000000000000C5
S315080143A080B584B00390029102988088B8BBFFE774
S315080143B00298C08898BBFFE7029840887F282ED8C4
S315080143C0FFE70298807800F07F008DF807000398D0
S315080143D090F89C02032805D1FFE703980299FEF796
S315080143E053FE1BE09DF80700039981F89E02039886
S315080143F09DF80710FFF778FE0398FEF7A1FE9DF8D2
S31508014400070028B1FFE70399022081F89C0204E01E
S315080144100399012081F89C02FFE7FFE704E003986E
S315080144200299FEF731FEFFE704B080BD00000000E7
S3150801443080B582B001908DF8031000208DF8020036
S315080144400198D0F8B80250B1FFE70198D0F8B81230
S315080144500A689DF8031090478DF80200FFE79DF85A
S31508014460020002B080BD000080B586B004900391B9
S3150801447000208DF80B000398817841F2B430C2F21E
S31508014480004001700078022808D3FFE704980399D1
S31508014490FEF7FAFD03208DF81700A0E0049890F8BE
S315080144A09C0201460191022804D0FFE701980328DE
S315080144B02FD07FE041F2B430C2F20040007818B341
S315080144C0FFE741F2B431C2F200410878049A50601C
S315080144D004980978FFF7ACFF8DF80B009DF80B00DF
S315080144E048B1FFE704980399FEF7CEFD0499022027
S315080144F081F89C0207E00498FEF722FE049903203E
S3150801450081F89C02FFE703E00498FEF719FEFFE72E
S3150801451060E041F2B430C2F20040007898B9FFE792
S315080145200499022081F89C0241F2B431C2F2004199
S315080145300878049A506004980978FEF739FD0498BA
S31508014540FEF7FEFD35E041F2B430C2F200400078D4
S3150801455004994968884227D0FFE704980179FEF74C
S3150801456027FD41F2B431C2F200410878049A50603D
S3150801457004980978FFF75CFF8DF80B009DF80B008E
S3150801458068B1FFE704980399FEF77EFD049801795F
S31508014590FEF70EFD0499022081F89C0203E00498B7
S315080145A0FEF7CEFDFFE703E00498FEF7C9FDFFE736
S315080145B0FFE70FE004980399FEF766FD049841F2B8
S315080145C0B431C2F200410978FEF7F2FC03208DF8F6
S315080145D00B00FFE79DF80B008DF81700FFE79DF824
S315080145E0170006B080BD000080B582B00190009129
S315080145F000984088012808D1FFE701990120C1F8F0
S31508014600A4020198FEF79CFD13E000984088022851
S3150801461009D1FFE700984079019981F8A00201982C
S31508014620FEF78EFD04E001980099FEF72DFDFFE7E0
S31508014630FFE702B080BD000080B582B00190019805
S31508014640FFF7DEFD02B080BD80B586B00590049106
S3150801465000208DF80F000498007800F060000146EC
S315080146600291A8B1FFE70298202804D0FFE7029833
S31508014670402846D1FFE70598D0F8D41200EB81010E
S31508014680D1F8B8128A68049990478DF80F003DE071
S31508014690049840780146019109282CD80199DFE848
S315080146A001F01B252A202A0A052A160F05980499BE
S315080146B0FEF78EFD24E005980499FFF771FE1FE0C9
S315080146C005980499FFF7D0FE8DF80F0018E00598B4
S315080146D00499FEF749FD13E005980499FEF774FF5E
S315080146E00EE005980499FFF77FFF09E005980499FC
S315080146F0FEF77AFC04E005980499FEF7C5FCFFE786
S3150801470004E005980499FEF7BFFCFFE79DF80F0042
S3150801471006B080BD0000000080B58CB00B900A91F0
S3150801472000208DF821000A9880888DF823000A98C0
S31508014730007800F0600001460791B8B3FFE70798D3
S31508014740202805D0FFE70798402840F0B281FFE707
S315080147500B989DF82310FEF767FC8DF822009DF84B
S315080147602200FF2821D0FFE79DF82200E8B9FFE7DC
S315080147709DF822000B99C1F8D4020B989DF82210D6
S3150801478000EB8100D0F8B802806868B1FFE70B98A2
S315080147909DF8221000EB8101D1F8B8128A680A99AE
S315080147A090478DF82100FFE7FFE787E10A984078EF
S315080147B001460691002800F0BD80FFE7069801280A
S315080147C04CD0FFE70698032840F06D81FFE70B9868
S315080147D090F89C0201460591022804D0FFE7059846
S315080147E0032819D034E09DF8230078B1FFE79DF836
S315080147F0230080280AD0FFE70B989DF82310FFF7BE
S31508014800DFFC0B988021FFF7DBFC04E00B980A9983
S31508014810FEF73AFCFFE720E00A984088A0B9FFE7CF
S315080148209DF8230078B1FFE79DF8230080280AD078
S31508014830FFE70A98C08830B9FFE70B989DF823105F
S31508014840FFF7BEFCFFE7FFE70B98FEF779FC04E0EC
S315080148500B980A99FEF718FCFFE729E10B9890F8DF
S315080148609C0201460491022804D0FFE70498032814
S3150801487019D059E09DF8230078B1FFE79DF8230088
S3150801488080280AD0FFE70B989DF82310FFF798FCBC
S315080148900B988021FFF794FC04E00B980A99FEF720
S315080148A0F3FBFFE745E00A984088E0BBFFE79DF880
S315080148B02300400630B1FFE70B989DF82310FFF758
S315080148C037F8FFE70B98FEF73BFC0B989DF823108A
S315080148D0FEF7AAFB8DF822009DF82200FF2821D0B9
S315080148E0FFE79DF82200E8B9FFE79DF822000B993A
S315080148F0C1F8D4020B989DF8221000EB8100D0F87C
S31508014900B802806868B1FFE70B989DF8221000EBA2
S315080149108101D1F8B8128A680A9990478DF8210061
S31508014920FFE7FFE7FFE704E00B980A99FEF7ACFB00
S31508014930FFE7BDE00B9890F89C0201460391022817
S3150801494004D0FFE70398032838D0A6E09DF8230092
S3150801495050B1FFE79DF82300802805D0FFE70B98A3
S315080149600A99FEF791FB9DE09DF8230000060028B1
S315080149700CD5FFE70B989DF8231001F07F0101EB99
S31508014980810100EB8100143002900CE00B989DF830
S31508014990231001F07F0101EB810100EB810000F595
S315080149A0AA700290FFE70298099009990020086009
S315080149B00B9809990222FEF7A7FB73E09DF82300DD
S315080149C00006002812D5FFE70B989DF8231001F081
S315080149D00F0101EB810100EB8100808C28B9FFE70B
S315080149E00B980A99FEF750FB5CE012E00B989DF8CC
S315080149F0231001F00F0101EB810100EB8100B0F8F2
S31508014A00640128B9FFE70B980A99FEF73DFB49E0CF
S31508014A10FFE79DF82300000600280CD5FFE70B9851
S31508014A209DF8231001F07F0101EB810100EB810064
S31508014A30143001900CE00B989DF8231001F07F01CA
S31508014A4001EB810100EB810000F5AA700190FFE7F7
S31508014A50019809909DF8230028B1FFE79DF82300E6
S31508014A60802804D1FFE70999002008600FE00B9818
S31508014A709DF82310FFF7BCF920B1FFE7099901203A
S31508014A80086003E0099900200860FFE7FFE70B9833
S31508014A9009990222FEF738FB04E00B980A99FEF7FA
S31508014AA0F3FAFFE704E00B980A99FEF7EDFAFFE738
S31508014AB004E00B980A99FEF7E7FAFFE79DF821004B
S31508014AC00CB080BD0000000080B584B0039002914F
S31508014AD000208DF807000298007800F06000014672
S31508014AE0009140B1FFE70098202804D0FFE700981D
S31508014AF040285AD1FFE7039890F89C02013802280A
S31508014B004DD8FFE702980079012842D8FFE70398B4
S31508014B1002990979FEF790FA8DF806009DF80600C4
S31508014B20FF2825D0FFE79DF8060008BBFFE7039895
S31508014B309DF8061000EB8100D0F8B802806890B1A4
S31508014B40FFE79DF806000399C1F8D40203989DF87A
S31508014B50061000EB8101D1F8B8128A6802999047CC
S31508014B608DF8070003E003208DF80700FFE703E04F
S31508014B7003208DF80700FFE70298C08840B9FFE7D0
S31508014B809DF8070020B9FFE70398FEF7D9FAFFE772
S31508014B9004E003980299FEF777FAFFE704E0039821
S31508014BA00299FEF771FAFFE704E003980299FEF706
S31508014BB06BFAFFE79DF8070004B080BD000000000E
S31508014BC081B0009001B0704781B0009041F2B850B1
S31508014BD0C2F2004001B0704784B003900291039875
S31508014BE0019002980078009002984078012830D107
S31508014BF0FFE70298007800F00F01012000FA01F2A0
S31508014C000199D1F81C081043C1F81C0801980099AC
S31508014C1000EB4110D0F800090004002818D4FFE77A
S31508014C20029988686FF3DF20097940EA8140009A82
S31508014C3040EA8250019901EB4211D1F8002910434B
S31508014C4048F20002C1F200021043C1F80009FFE769
S31508014C502EE00298007800F00F01012000FA01F217
S31508014C600199D1F81C0840EA0240C1F81C080198CC
S31508014C70009900EB4110D0F8000B0004002816D467
S31508014C80FFE7029988686FF3DF20097940EA8140D6
S31508014C900199009A01EB4211D1F8002B104348F211
S31508014CA00002C1F200021043C1F8000BFFE7FFE75B
S31508014CB0002004B07047000082B00190019800906E
S31508014CC00099D1F8000940F2FF729043C1F8000932
S31508014CD00099D1F8040840F48070C1F8040800204E
S31508014CE002B070470000000080B58AB0DDF830C018
S31508014CF0CDF814C00493039202919DF814108DF80F
S31508014D0024100299039A049B08930792069101902D
S31508014D109DF81D00012823D1FFE70199886B20F42E
S31508014D20803088630199C8684FF6BF72CFF6BD72A5
S31508014D301040C8600199C86820F44010C8609DF801
S31508014D402400012806D1FFE70199C86840F48010BC
S31508014D50C860FFE7019800F03FF88DF803001AE0F4
S31508014D600199C86840F04000C860019800F034F81D
S31508014D708DF803009DF8210030B9FFE70199886B8A
S31508014D8040F48030886305E00199886B20F480300F
S31508014D908863FFE7FFE79DF81A00012816D1FFE7A8
S31508014DA00199C86D80B2C8650199C86D0022C0F223
S31508014DB0EE321043C8650199886840F0060088609C
S31508014DC00199886840F020008860FFE79DF8030094
S31508014DD00AB080BD0000000083B001900020009059
S31508014DE0FFE70098013000900098B0F1706F04D980
S31508014DF0FFE703208DF80B0026E0FFE7019800691D
S31508014E00C00F0028EDD0FFE700200090019908693E
S31508014E1040F001000861FFE7009801300090009812
S31508014E20B0F1706F04D9FFE703208DF80B000BE092
S31508014E30FFE70198006900F001000128ECD0FFE7BF
S31508014E4000208DF80B00FFE79DF80B0003B07047B3
S31508014E5084B003900291039801900298007800901B
S31508014E6002984078012845D1FFE70198009900EB9F
S31508014E704110D0F80009C00FA8B1FFE701980099C1
S31508014E8000EB4111D1F8000940F00060C1F80009B2
S31508014E900198009900EB4111D1F8000940F08040D2
S31508014EA0C1F80009FFE70298007800F00F01012018
S31508014EB000FA01F3019AD2F83C189943C2F83C1852
S31508014EC00299097801F00F0100FA01F20199D1F866
S31508014ED01C089043C1F81C080198009900EB411180
S31508014EE0D1F8000947F60002CEF633421040C1F860
S31508014EF0000946E00198009900EB4110D0F8000B33
S31508014F00C00FA8B1FFE70198009900EB4111D1F84C
S31508014F10000B40F00060C1F8000B0198009900EB06
S31508014F204111D1F8000B40F08040C1F8000BFFE7B2
S31508014F300298007800F00F01012000FA01F3019AA6
S31508014F40D2F83C1821EA0341C2F83C1802990978BB
S31508014F5001F00F0100FA01F20199D1F81C0820EAC3
S31508014F600240C1F81C080198009900EB4111D1F8DB
S31508014F70000B47F60002CEF6F3721040C1F8000B9B
S31508014F80FFE7002004B0704782B0019001980090B5
S31508014F900099D1F8000E20F00300C1F8000E00991F
S31508014FA0D1F8040820F00200C1F80408002002B074
S31508014FB0704700000000000082B00190019800903F
S31508014FC00099D1F8000E20F00300C1F8000E0099EF
S31508014FD0D1F8040840F00200C1F80408002002B024
S31508014FE0704700000000000080B58CB0DDF838C0BD
S31508014FF0CDF81CC00693059204919DF81C108DF8F6
S315080150002C100499059A069B0A9309920891039014
S3150801501000208DF80B00039901910090FFE7009895
S315080150200E280CD8FFE70398009900EB81010020B0
S31508015030C1F80401FFE7009801300090EFE79DF8F9
S315080150402A00B8B9FFE70199D1F8040840F002002F
S31508015050C1F804080399886B20F400108863039942
S31508015060086840F0400008600399086840F080002D
S31508015070086005E00399886B40F400108863FFE730
S3150801508001990020C1F8000E9DF8250001280FD1CD
S31508015090FFE79DF8230028B9FFE70398002100F0F0
S315080150A097FE04E00398012100F092FEFFE704E071
S315080150B00398032100F08CFEFFE70398102100F006
S315080150C0AFFC20B1FFE701208DF80B00FFE703983D
S315080150D000F06AFC20B1FFE701208DF80B00FFE71D
S315080150E001990020C1F810080199C1F8140801991D
S315080150F0C1F81C080090FFE700989DF82010884227
S315080151003BD2FFE70198009900EB4110D0F800095E
S31508015110C00FB0B1FFE7009848B9FFE701980099B9
S3150801512000EB41114FF00060C1F8000908E0019851
S31508015130009900EB41114FF09040C1F80009FFE7D3
S3150801514007E00198009900EB41110020C1F8000918
S31508015150FFE70198009900EB41110020C1F81009F9
S315080151600198009900EB41114FF67F30C1F8080903
S31508015170FFE7009801300090BEE700200090FFE7A6
S3150801518000989DF8201088423BD2FFE701980099C4
S3150801519000EB4110D0F8000BC00FB0B1FFE7009843
S315080151A048B9FFE70198009900EB41114FF00060FB
S315080151B0C1F8000B08E00198009900EB41114FF086
S315080151C09040C1F8000BFFE707E00198009900EB52
S315080151D041110020C1F8000BFFE70198009900EB87
S315080151E041110020C1F8100B0198009900EB4111FB
S315080151F04FF67F30C1F8080BFFE7009801300090A1
S31508015200BEE70199D1F8100820F48070C1F810089A
S3150801521003990020886103996FF0804048619DF8E1
S31508015220220030B9FFE70399886940F010008861C8
S31508015230FFE70399886943F60002C8F23C02104366
S3150801524088619DF8260030B1FFE70399886940F027
S3150801525008008861FFE79DF82A00012808D1FFE7C1
S31508015260039988690422C4F2000210438861FFE7A2
S315080152709DF80B000CB080BD81B00090009988683C
S3150801528020F001008860002001B07047000000008E
S3150801529086B004908DF80F10029204980190049834
S315080152A0006C0090009843F20B01C4F654718842D1
S315080152B00BD3FFE70198D0F8000BC00F20B1FFE729
S315080152C000208DF817002EE0FFE701990020C1F8AC
S315080152D0100B0199D1F8100B40F40020C1F8100BFE
S315080152E00199D1F8100B40F01800C1F8100B01997B
S315080152F0D1F8100B40F0C040C1F8100B9DF80F0013
S3150801530001280CD1FFE702980199C1F8140B0199FC
S31508015310D1F8000B40F08020C1F8000BFFE7002010
S315080153208DF81700FFE79DF8170006B070470000D3
S3150801533084B0039002910398019002980078009036
S3150801534002984078012820D1FFE70198009900EBDF
S315080153504111D1F8000920F40010C1F8000902989A
S315080153600079032805D0FFE70298007902280BD1B6
S31508015370FFE70198009900EB4111D1F8000940F0C7
S315080153808050C1F80009FFE71FE00198009900EB7A
S315080153904111D1F8000B20F40010C1F8000B029856
S315080153A00079032805D0FFE70298007902280BD176
S315080153B0FFE70198009900EB4111D1F8000B40F085
S315080153C08050C1F8000BFFE7FFE7002004B07047E3
S315080153D084B0039002910398019002980078009096
S315080153E002984078012822D1FFE70198009900EB3D
S315080153F04110D0F80009C00F70B9FFE7009858B1FD
S31508015400FFE70198009900EB4111D1F8000920F056
S315080154108040C1F80009FFE70198009900EB4111A6
S31508015420D1F8000940F40010C1F8000921E00198FB
S31508015430009900EB4110D0F8000BC00F70B9FFE7D7
S31508015440009858B1FFE70198009900EB4111D1F88E
S31508015450000B20F08040C1F8000BFFE70198009986
S3150801546000EB4111D1F8000B40F40010C1F8000B14
S31508015470FFE7002004B0704780B588B00790069111
S315080154808DF81720079804900698007803900698D7
S315080154904078012840F02481FFE706980069F8B9A9
S315080154A0FFE70498039900EB4111D1F810096FF34E
S315080154B0DC40C1F810090498039900EB4111D1F8B1
S315080154C0100940F40020C1F810090498039900EB6B
S315080154D04111D1F810096FF31200C1F8100971E0F2
S315080154E00498039900EB4111D1F810096FF31200E2
S315080154F0C1F810090498039900EB4111D1F8100974
S315080155006FF3DC40C1F810090398A8B9FFE70698BC
S3150801551081680069884204D9FFE7069988680861A5
S31508015520FFE70498039900EB4111D1F8100940F4FB
S315080155300020C1F8100937E0069881680069084417
S315080155400138B0FBF1F0ADF80A00BDF80A100020E9
S31508015550C1F6F87000EAC1420498039900EB4111BB
S31508015560D1F810091043C1F81009069800790128E5
S3150801557019D1FFE70498039900EB4111D1F81009F5
S3150801558020F0C040C1F81009BDF80A0000F0030276
S315080155900498039900EB4111D1F8100940EA4270C9
S315080155A0C1F81009FFE7FFE7069802696FF3DF42C2
S315080155B00498039900EB4111D1F810091043C1F879
S315080155C01009FFE79DF8170001283BD1FFE7069868
S315080155D0C06948B1FFE70698C0690499039A01EBC7
S315080155E04211C1F81409FFE70698007901281ED16E
S315080155F0FFE70498D0F80808C00500280BD4FFE790
S315080156000498039900EB4111D1F8000940F00050C4
S31508015610C1F800090AE00498039900EB4111D1F891
S31508015620000940F08050C1F80009FFE7FFE7049838
S31508015630039900EB4111D1F8000940F00440C1F883
S3150801564000094CE00498039900EB4111D1F80009CF
S3150801565040F00440C1F8000906980079012813D0E2
S31508015660FFE70698006970B1FFE70698007800F031
S315080156700F01012000FA01F20499D1F83408104308
S31508015680C1F83408FFE729E00498D0F80808C005EE
S3150801569000280BD4FFE70498039900EB4111D1F8D0
S315080156A0000940F00050C1F800090AE0049803997E
S315080156B000EB4111D1F8000940F08050C1F800090A
S315080156C0FFE70798069BD9681A781B8A9DF817C0C1
S315080156D0EE46CEF800C000F06FFCFFE7FFE7C4E036
S315080156E00498039900EB4111D1F8100B6FF31200DE
S315080156F0C1F8100B0498039900EB4111D1F8100B6E
S315080157006FF3DC40C1F8100B039818BBFFE7069846
S31508015710006920B1FFE7069988680861FFE70699DD
S31508015720886808620698026A6FF3DF42049803994B
S3150801573000EB4111D1F8100B1043C1F8100B049876
S31508015740039900EB4111D1F8100B40F40020C1F880
S31508015750100B49E006980069C0B9FFE70698826808
S315080157606FF3DF420498039900EB4111D1F8100B4E
S315080157701043C1F8100B0498039900EB4111D1F8B5
S31508015780100B40F40020C1F8100B2CE00698816834
S31508015790006908440138B0FBF1F0ADF80A00069932
S315080157A08868BDF80A2050430862BDF80A1000202F
S315080157B0C1F6F87000EAC1420498039900EB411159
S315080157C0D1F8100B1043C1F8100B0698026A6FF353
S315080157D0DF420498039900EB4111D1F8100B1043ED
S315080157E0C1F8100BFFE7FFE79DF8170001280ED156
S315080157F0FFE70698C06848B1FFE70698C0680499AC
S31508015800039A01EB4211C1F8140BFFE7FFE706986B
S31508015810007901281ED1FFE70498D0F80808C005C9
S3150801582000280BD4FFE70498039900EB4111D1F83E
S31508015830000B40F00050C1F8000B0AE004980399E8
S3150801584000EB4111D1F8000B40F08050C1F8000B74
S31508015850FFE7FFE70498039900EB4111D1F8000B24
S3150801586040F00440C1F8000BFFE7002008B080BDF6
S3150801587085B004900391002002908DF807000498E2
S3150801588000900398407801283ED1FFE700980399D4
S31508015890097800EB4110D0F80009C00F98B3FFE76B
S315080158A000980399097800EB4111D1F8000940F0F5
S315080158B00060C1F8000900980399097800EB4111C5
S315080158C0D1F8000940F08040C1F80009FFE70298C5
S315080158D001300290029842F21171884204D3FFE71F
S315080158E001208DF807000DE0FFE700980399097874
S315080158F000EB4110D0F8000900F00040B0F1004F6C
S31508015900E5D0FFE7FFE73DE000980399097800EB4A
S315080159104110D0F8000BC00F98B3FFE70098039920
S31508015920097800EB4111D1F8000B40F00060C1F88D
S31508015930000B00980399097800EB4111D1F8000B87
S3150801594040F08040C1F8000BFFE702980130029051
S31508015950029842F21171884204D3FFE701208DF8BB
S3150801596007000DE0FFE700980399097800EB41105D
S31508015970D0F8000B00F00040B0F1004FE5D0FFE78A
S31508015980FFE7FFE79DF8070005B070470000000034
S3150801599081B000900099886840F001008860002075
S315080159A001B070470000000083B00190002000900C
S315080159B0FFE70098013000900098B0F1706F04D9A4
S315080159C0FFE703208DF80B0024E0FFE70198006943
S315080159D0C00F0028EDD0FFE70020009001991020A4
S315080159E00861FFE70098013000900098B0F1706FE8
S315080159F004D9FFE703208DF80B000BE0FFE70198B8
S31508015A00006900F010001028ECD0FFE700208DF89F
S31508015A100B00FFE79DF80B0003B07047000000007C
S31508015A2084B00290019100200090FFE700980130B0
S31508015A3000900098B0F1706F04D9FFE703208DF844
S31508015A400F0026E0FFE702980069C00F0028EDD095
S31508015A50FFE7002000900198800120300299086133
S31508015A60FFE70098013000900098B0F1706F04D9F3
S31508015A70FFE703208DF80F000BE0FFE702980069A6
S31508015A8000F020002028ECD0FFE700208DF80F0059
S31508015A90FFE79DF80F0004B0704700000000000002
S31508015AA084B00390039802900298D0F8080800F091
S31508015AB006000090009820B9FFE700208DF807003E
S31508015AC010E00098022804D0FFE70098062804D1C0
S31508015AD0FFE702208DF8070003E00F208DF8070085
S31508015AE0FFE7FFE79DF8070004B0704700000000D4
S31508015AF081B000900098406900F0010001B070473C
S31508015B0082B00190009100980199486602B07047E9
S31508015B1083B00290029801900198D0F81808009075
S31508015B200198D0F81C18009808400090BDF80000AC
S31508015B3003B070470000000083B0029002980190FC
S31508015B400198D0F8180800900198D0F81C18009808
S31508015B5008400090BDF8020003B07047000000003D
S31508015B6086B005908DF81310059803900398D0F820
S31508015B70100801900398D0F83408009000989DF811
S31508015B80131001F00F01C84000F00101019840EA25
S31508015B90C110019003989DF8131000EB4110D0F83D
S31508015BA00809019908400290029806B0704700005A
S31508015BB084B003908DF80B100398019001989DF815
S31508015BC00B1000EB4110D0F8080B00900198D0F8A3
S31508015BD01418009808400090009804B07047000017
S31508015BE082B00190019840690090019881690098F6
S31508015BF008400090009802B07047000000000000BD
S31508015C0089B008900791ADF81A2008980590079869
S31508015C100490BDF81A0080080190BDF81A0000F03A
S31508015C200300ADF8020000200290FFE702980199EF
S31508015C30884217D2FFE705984FF4805140580499D6
S31508015C40086004980130049004980130049004987F
S31508015C5001300490049801300490FFE7029801305E
S31508015C600290E3E7BDF8020008B3FFE700200290BF
S31508015C7005984FF4805140580390FFE703989DF823
S31508015C800810C900C84004990870029801300290AA
S31508015C90049801300490BDF802000138ADF80200FD
S31508015CA0FFE7BDF802000028E8D1FFE7FFE70498FF
S31508015CB009B070470000000080B586B004908DF8E1
S31508015CC00F10002002900499C86820F0C040C860EF
S31508015CD09DF80F00012823D1FFE70499C86840F011
S31508015CE00050C860FFE70A20EFF716FA02980A3053
S31508015CF00290FFE70498FFF7FBFE01460020012901
S31508015D00019007D0FFE702990020C82938BF012072
S31508015D100190FFE70198C0070028E4D1FFE72AE0D0
S31508015D209DF80F0010BBFFE70499C86840F0804052
S31508015D30C860FFE70A20EFF7EFF902980A300290E8
S31508015D40FFE70498FFF7D4FE01460020009039B119
S31508015D50FFE702990020C82938BF01200090FFE714
S31508015D600098C0070028E5D1FFE703E001208DF878
S31508015D7017000CE0FFE70298C82804D1FFE70120C5
S31508015D808DF8170003E000208DF81700FFE79DF84E
S31508015D90170006B080BD000083B002908DF8071089
S31508015DA0029800900099D1F8000820F4FE60C1F825
S31508015DB000089DF8070000F07F020099D1F8000855
S31508015DC040EA0210C1F80008002003B0704700003D
S31508015DD083B002908DF80710029800909DF807206D
S31508015DE00099D1F800081043C1F80008002003B053
S31508015DF0704700000000000084B0039002918DF8FE
S31508015E0007209DF80700022840F0B880FFE70298AE
S31508015E104AF6C041C0F2D80188420BD3FFE702987F
S31508015E204EF2BF11C0F2E401884203D8FFE70F2002
S31508015E300090A2E002984EF2C011C0F2E401884235
S31508015E400BD3FFE7029842F2FF31C0F2F401884210
S31508015E5003D8FFE70E2000908EE0029842F2004137
S31508015E60C0F2F40188420BD3FFE7029847F27F316B
S31508015E70C0F20611884203D8FFE70D2000907AE0A8
S31508015E80029847F28031C0F2061188420BD3FFE728
S31508015E90029844F69F11C0F21A11884203D8FFE707
S31508015EA00C20009066E0029844F6A011C0F21A117F
S31508015EB088420BD3FFE7029842F6FF41C0F231113F
S31508015EC0884203D8FFE70B20009052E0029842F679
S31508015ED00051C0F2311188420BD3FFE702984AF20A
S31508015EE03F41C0F24C11884203D8FFE70A200090CF
S31508015EF03EE002984AF24041C0F24C1188420BD367
S31508015F00FFE7029843F2FF51C0F26E11884203D8A7
S31508015F10FFE7092000902AE0029843F20061C0F2E7
S31508015F206E1188420BD3FFE702984AF61F31C0F279
S31508015F30A611884203D8FFE70820009016E00298C8
S31508015F404AF62031C0F2A61188420BD3FFE7029820
S31508015F5044F2FF71C0F2E811884203D8FFE707202F
S31508015F60009002E006200090FFE7FFE7FFE7FFE762
S31508015F70FFE7FFE7FFE7FFE7FFE70AE09DF807000E
S31508015F8018B9FFE70920009002E009200090FFE711
S31508015F90FFE70399C86820F47050C860009800F0BC
S31508015FA00F020399C86840EA8220C860002004B03D
S31508015FB0704700000000000080B588B084460A9842
S31508015FC0CDF81CC006918DF81720ADF814308DF860
S31508015FD0130007980390069802909DF8130048BB92
S31508015FE0FFE7BDF8140003308008019000200090F7
S31508015FF0FFE70098019988421BD2FFE702980068DB
S3150801600003999DF8172001EB02314FF4805288500D
S3150801601002980130029002980130029002980130EC
S315080160200290029801300290FFE700980130009033
S31508016030DFE7FFE7002008B080BD00000000000090
S31508016040FFE7FEE70000000080B50EF081FD0EF0C7
S3150801605047FE80BD0000000080B50EF0C9FD0EF0B8
S315080160605FFE0EF08DFE80BD80B50EF099FD0EF037
S3150801607047FE80BD0000000080B50EF0E1FD0EF080
S315080160805FFE80BD0000000080B50EF001FE0EF037
S3150801609067FE0EF081FE80BD7047826812B1014627
S315080160A0012010477047F0B5ADF5397D64AF064656
S315080160B0384614460D46EAF71BFC02A9384632460D
S315080160C02B46F5607461009402F026FD02200DF559
S315080160D0397DF0BD80B58AB069460EF05AFF02993E
S315080160E0002818BF002108460AB080BD80B58AB0CD
S315080160F069460EF04EFF0099002818BF0021084690
S315080161000AB080BD70B5ADF5407D62AD044628463E
S31508016110EAF7EEFB00206E46E060304629460EF0AF
S315080161205CFFB6A930460EF034FF18B103200DF511
S31508016130407D70BD6D46B6AEB99B5BB1B698BB994D
S31508016140BE9A2165C4E91202002021462A469847CB
S31508016150082806D1284631460EF01BFF0028EBD049
S31508016160E4E7062802D00928E1D0DFE762A86946F4
S315080161702246002302F094FB0220D8E710B5ADF5BC
S31508016180387D044664A8EAF7B3FBE3683BB964A81B
S3150801619002A92246012302F083FBEAF79EFBD4F803
S315080161A014C064A802A92246CDF800C002F0B4FCC6
S315080161B0EAF793FB70B5049C16460529054616D0E1
S315080161C0012908D059BB0F2E4FF0020013D893B9F5
S315080161D02846314612E003F0FB0001280AD1012BBB
S315080161E014D10F2E06D828460EF024FF10E056EAE1
S315080161F0030001D0022070BD28468F2122460EF0E9
S31508016200D6FE002818BF0120400070BD1F2EF1D808
S3150801621006F58071284622460EF0A4FEF1E7EAF754
S315080162205CFB00002DE9F04F81B09A42044680F0EC
S31508016230E88098468A460025EB46202682F0030028
S315080162401AF90000571C00285FFA80F90ED4204677
S315080162500D215A460EF0ABFE0098B9F1400F4FEAF0
S31508016260890125D20844021D26E000BFA9F1800054
S315080162700009052800F2D380DFE800F00362404DEB
S31508016280246E474580F0CB8087F003014FEA093039
S315080162901AF8011080B250EA011300F0C08009F023
S315080162A00800971C45EAD005204600211A4630E029
S315080162B001F0FC01401A021F009220460D210EF042
S315080162C0D7FE57E009F0FE00C82840F0A88087F0FD
S315080162D003001AF80010A9F1C800B0FA80F04009C5
S315080162E00B0943EA001001F00F0143181F2B00F2B6
S315080162F0968041EA0040971C421C36E009F00700E7
S3150801630006FA00F0103809F0080140EAC1222046D1
S31508016310002100232CE0A9F1B001072958D809204A
S31508016320DFE801F06D04315D2D7A7A7A474573D23B
S3150801633087F003001AF800300F2B70D8971CB3E7C3
S3150801634009F00D000D286AD009F00F0120465A46BA
S315080163500EF02DFE009AB0E75FEA09705FD40121BD
S3150801636009F00700C0F20801421820460121052359
S3150801637000F058F847453A46FFF460AF3FE020463B
S3150801638005210022C5E7A94600260020474546D231
S3150801639087F003011AF901107D1C01F07F02824082
S315080163A01643073000292F46F0D420460D215A46B8
S315080163B00EF0FDFD00980D2100EB860000F5017237
S315080163C0204600920EF054FE2F464D462026D1E770
S315080163D0012109F00700C0F2080142180BE087F015
S315080163E003001AF80000971C00F00F0100F0F000F6
S315080163F041EA0030421C204601210123B8E7E8079B
S3150801640009D16A4620460E210EF0D1FD009A204692
S315080164100F210EF02DFE082001B0BDE8F08F0920EE
S31508016420FAE700002DE9F04186B01E461546052912
S3150801643004465CD001292FD000297DD1002E5FD1D9
S3150801644002AA20460D210EF0B2FD002858D10027D8
S315080164500DF11408002600BF25FA06F0C00714D06E
S315080164600298324650F8041B0023029005912046F3
S315080164700021CDF8008000F061F8002840D1A6F18E
S315080164800D00B0FA80F0400907430136102EE3D11A
S31508016490F80747D0002034E006F0FB0001282FD189
S315080164A005AA20460D210EF082FD48BBA8B2C0B14F
S315080164B02F0C00EB15450DF1080800BF05983A4663
S315080164C000F10801059103C83346CDE902012046CA
S315080164D00121CDF8008000F031F888B90137AF42C3
S315080164E0ECD3012E1CD10598021D05921BE055EA35
S315080164F0060005D102AA20460D210EF058FD18B155
S31508016500022006B0BDE8F081029A204652F8045BE3
S315080165100D2102920EF0ACFD20468F212A4604E099
S31508016520059A00E0029A20460D210EF0A1FD0028E9
S3150801653018BF01204000E4E7EAF7CFF970B5049ED9
S3150801654015460529044617D0012909D069BB0F2D1F
S315080165504FF0020014D89BB932682046294613E049
S3150801656003F0FB0001280AD1012B14D10F2D06D8FF
S3150801657020460EF05FFD10E055EA030001D0022027
S3150801658070BD326820468F210EF072FD002818BFB3
S315080165900120400070BD1F2DF1D8D6E9002305F56D
S315080165A0807120460EF049FDF0E7EAF796F90000FA
S315080165B080B584B0039041F20400CEF20000006871
S315080165C00290029803990968401A00EE100AB8EE7B
S315080165D0400A40F26440C2F2004090ED001AB8EE5B
S315080165E0411A80EE010A8DED010A029803990860A5
S315080165F002F0AAF99DED010A04B080BD0000000071
S3150801660083B002908DED010ACDED000A029890ED56
S31508016610000A9DED011AB4EE410AF1EE10FA04DA08
S31508016620FFE70198029908600FE0029890ED000AC9
S315080166309DED001AB4EE410AF1EE10FA04DDFFE70A
S31508016640009802990860FFE7FFE703B0704700006A
S3150801665082B00190ADF80210ADF8002001980088CB
S31508016660BDF80210884205DAFFE7BDF80200019974
S3150801667008800CE001980088BDF80010884205DD05
S31508016680FFE7BDF8000001990880FFE7FFE702B0C0
S31508016690704700000000000085B004908DF80F10C7
S315080166A0049845F2E841C2F2004188423FD1FFE72A
S315080166B09DF80F00013801460191072836D801993E
S315080166C0DFE801F0040A10161C22282E40F2982051
S315080166D0C2F20040029029E040F2A020C2F2004036
S315080166E0029023E040F2A820C2F2004002901DE089
S315080166F040F2B020C2F20040029017E040F2B82002
S31508016700C2F20040029011E040F2C020C2F20040FD
S3150801671002900BE040F2C820C2F20040029005E068
S3150801672040F2D020C2F200400290FFE747E0049809
S3150801673045F28851C2F2004188423FD1FFE79DF8F0
S315080167400F00013801460091072836D80099DFE87D
S3150801675001F0040A10161C22282E40F26830C2F2F3
S315080167600040029029E040F27030C2F200400290E7
S3150801677023E040F27830C2F2004002901DE040F278
S315080167808030C2F20040029017E040F28830C2F22F
S315080167900040029011E040F29030C2F200400290AF
S315080167A00BE040F29830C2F20040029005E040F258
S315080167B0A030C2F200400290FFE7FFE7FFE7029828
S315080167C005B070470000000086B005908DF81310DB
S315080167D0059845F2E841C2F2004188423FD1FFE7F8
S315080167E09DF81300013801460291072836D8029907
S315080167F0DFE801F0040A10161C22282E40F2382080
S31508016800C2F20040039029E040F24020C2F2004063
S31508016810039023E040F24820C2F2004003901DE0B5
S3150801682040F25020C2F20040039017E040F258208F
S31508016830C2F20040039011E040F26020C2F200402B
S3150801684003900BE040F26820C2F20040039005E095
S3150801685040F27020C2F200400390FFE775E0059808
S3150801686045F28851C2F2004188423FD1FFE79DF8BF
S315080168701300013801460191072836D80199DFE846
S3150801688001F0040A10161C22282E40F21030C2F21A
S315080168900040039029E040F21830C2F2004003900C
S315080168A023E040F22030C2F2004003901DE040F29E
S315080168B02830C2F20040039017E040F23030C2F2AD
S315080168C00040039011E040F23830C2F200400390D4
S315080168D00BE040F24030C2F20040039005E040F27E
S315080168E04830C2F200400390FFE72DE0059845F2D3
S315080168F02861C2F20041884225D1FFE79DF81300BD
S3150801690001380146009103281CD80099DFE801F0F7
S3150801691002080E1440F2E030C2F20040039011E082
S3150801692040F2E830C2F2004003900BE040F2F0304A
S31508016930C2F20040039005E040F2F830C2F200408E
S315080169400390FFE7FFE7FFE7FFE7039806B0704705
S3150801695086B005908DF81310059845F2E841C2F204
S31508016960004188425BD1FFE79DF8130001380146D3
S3150801697002910A2852D80299DFE801F0060C131A87
S3150801698021272E353C42490040F28820C2F20040B8
S31508016990039043E040F28820C2F20040023003909F
S315080169A03CE040F28820C2F200400430039035E012
S315080169B040F28820C2F20040063003902EE040F2F1
S315080169C07820C2F20040039028E040F28020C2F20B
S315080169D000400230039021E040F28020C2F20040DC
S315080169E0043003901AE040F28020C2F200400630DB
S315080169F0039013E040F29020C2F2004003900DE0AC
S31508016A0040F29020C2F200400230039006E040F2C4
S31508016A109020C2F2004004300390FFE7C7E00598D2
S31508016A2045F28851C2F2004188425BD1FFE79DF8E1
S31508016A3013000138014601910A2852D80199DFE865
S31508016A4001F0060C131A21272E353C42490040F263
S31508016A505830C2F20040039043E040F25830C2F287
S31508016A600040023003903CE040F25830C2F2004048
S31508016A700430039035E040F25830C2F20040063047
S31508016A8003902EE040F25030C2F20040039028E015
S31508016A9040F25030C2F200400230039021E040F249
S31508016AA05030C2F20040043003901AE040F25030F0
S31508016AB0C2F200400630039013E040F26030C2F2A1
S31508016AC0004003900DE040F26030C2F2004002300F
S31508016AD0039006E040F26030C2F2004004300390B1
S31508016AE0FFE763E0059845F22861C2F20041884252
S31508016AF05BD1FFE79DF813000138014600910A288A
S31508016B0052D80099DFE801F0060C131A21272E3511
S31508016B103C42490040F20840C2F20040039043E07B
S31508016B2040F20840C2F20040023003903CE040F2D5
S31508016B300840C2F200400430039035E040F20840B4
S31508016B40C2F20040063003902EE040F20040C2F245
S31508016B500040039028E040F20040C2F200400230B3
S31508016B60039021E040F20040C2F200400430039055
S31508016B701AE040F20040C2F200400630039013E0EA
S31508016B8040F21040C2F2004003900DE040F210407E
S31508016B90C2F200400230039006E040F21040C2F211
S31508016BA0004004300390FFE7FFE7FFE7FFE703989C
S31508016BB006B070470000000080B582B000F024F8E6
S31508016BC040F6CC00C2F2004090ED000AB8EE400A49
S31508016BD0818801EE101AB8EEC11A9FED092AA1EEB5
S31508016BE0020AC08801EE100AB8EEC11A9FED052AFD
S31508016BF0A1EE020A8DED010A9DED010A02B080BDE2
S31508016C006F12833ABD378635B0B586B001F09CFE62
S31508016C1041F20400CEF200000068059040F27C4083
S31508016C20C2F2004001680598002302934FF0FF3C29
S31508016C301A46E1FB0C0240F27041C2F20041009192
S31508016C404A6008600868496840F26444C2F2004430
S31508016C502268E9F73DFC029B02468C46009942F6FA
S31508016C606020C2F20040C0F804C00260D1F800C03A
S31508016C704968D0F800E042682468AEFB04E502FBE7
S31508016C800452BCEB0E0C61EB020242F66821C2F219
S31508016C9000410391C1F800C04A60006840F6CC0281
S31508016CA0C2F20042049210600868496840F26842DC
S31508016CB0C2F2004201921268E9F70AFCDDF804C043
S31508016CC0029B049A0146039891800168406892885C
S31508016CD0DCF800C002FB0CF28A1A60F1000042F6E9
S31508016CE07021C2F200410A6048600868496840F2AA
S31508016CF06C42C2F200421268E9F7EAFB0499C880BD
S31508016D0006B0B0BD0000000087B08DED060ACDEDD6
S31508016D10050A8DED041A039002919DED060A9DED73
S31508016D20052A30EE420A9DED041A31EE421A80EE2A
S31508016D30010A8DED010A9DED011A02990398091AB6
S31508016D4000EE101AB8EEC02A00EE100AB8EEC00A14
S31508016D50A1EE020ABDEEC00A8DED000A009807B041
S31508016D60704700000000000087B006900591049264
S31508016D708DED030ACDED020A06980599401A00EE33
S31508016D80100AB8EEC00A0498401A01EE100AB8EEC5
S31508016D90C11A80EE010A8DED010A9DED011A9DEDDC
S31508016DA0022A9DED030A32EE402AA1EE020A8DED72
S31508016DB0000A9DED000A07B07047000000000000B8
S31508016DC083B0029001918DF80320FFE70198411ED7
S31508016DD0019198B1FFE79DF8030002994A1C0292B6
S31508016DE0097848408DF802009DF8021046F674505D
S31508016DF0C0F60200405C8DF80300E7E79DF8030042
S31508016E0003B070470000000080B58AB009908DF87C
S31508016E1023108DF822208DF8213046F2B201C2F2F4
S31508016E20004106910420088046F2B001C2F20041F1
S31508016E30082008809DF82300099908739DF8220007
S31508016E40099948739DF821000999887309990020C1
S31508016E5008749DF82100E9F7E5FA09994861099846
S31508016E6040699DF82110E9F722FC069800889DF8EB
S31508016E7021104843E9F7D6FA0699099A90610998C3
S31508016E80806909889DF821205143E9F732FC069863
S31508016E9000889DF821104843E9F7C4FA0699099A2A
S31508016EA0D0610998C06909889DF821205143E9F7FD
S31508016EB020FC069800889DF823104843E9F7B2FAA2
S31508016EC00699099A10620998006A09889DF823208B
S31508016ED05143E9F70EFC9DF82100E9F7A3FA099950
S31508016EE048620998406A9DF82110E9F7E0FB06987F
S31508016EF000889DF823104843E9F794FA0699099AF8
S31508016F0010600998006809889DF823205143E9F71C
S31508016F10F0FB069800889DF821104843E9F782FAA4
S31508016F200699099A50600998406809889DF82120B0
S31508016F305143E9F7DEFB069800889DF8221048437D
S31508016F40E9F770FA0699099A90600998806809889C
S31508016F509DF822205143E9F7CCFB069800889DF855
S31508016F6023104843E9F75EFA0699099AC2F8E80038
S31508016F700998D0F8E80009889DF823205143E9F7D4
S31508016F80B8FB099A02F13000117BD2F8E8300122E8
S31508016F9007920EF0FFF8069800889DF823104843DB
S31508016FA0E9F740FA0699099AC2F8EC000998D0F867
S31508016FB0EC0009889DF823205143E9F79AFB079AC3
S31508016FC0099B03F13800197BD3F8EC300EF0E2F88F
S31508016FD09DF8220010B3FFE746F2B200C2F2004064
S31508016FE0059000889DF822104843E9F71BFA059990
S31508016FF0099AC2F8F0000998D0F8F00009889DF8B6
S3150801700022205143E9F775FB099A02F14000517BA9
S31508017010D2F8F03001220EF0BDF8FFE746F2B200D1
S31508017020C2F20040049000889DF821104843E9F710
S31508017030F9F90499099AC2F8F4000998D0F8F40004
S3150801704009889DF821205143E9F753FB099A02F172
S315080170504800917BD2F8F43001220EF09BF804988F
S3150801706000889DF8231048434843E9F7DBF904995A
S31508017070099AC2F8F8000998D0F8F80009889DF825
S31508017080232051435143E9F734FB099901F1500093
S315080170900A7BD1F8F83011460EF07CF8049800887E
S315080170A09DF8231048434843E9F7BCF90499099A1E
S315080170B0C2F8FC000998D0F8FC0009889DF823203D
S315080170C051435143E9F715FB099901F158000A7B28
S315080170D0D1F8FC3011460EF05DF8049800889DF849
S315080170E0231048434843E9F79DF901460498099A4C
S315080170F0C2F8001100889DF8231048434843E9F770
S3150801710091F90499099AC2F804010998D0F800017D
S3150801711009889DF8232051435143E9F7EAFA04996E
S315080171200998D0F8040109889DF823205143514351
S31508017130E9F7DFFA099901F160000A7BD1F8003114
S3150801714011460EF027F8099901F168000A7BD1F872
S31508017150043111460EF01EF89DF8220040B3FFE7F0
S3150801716046F2B200C2F20040039000889DF823104F
S3150801717048439DF822104843E9F754F90399099AB7
S31508017180C2F808010998D0F8080109889DF8232052
S3150801719051439DF822205143E9F7ABFA099B03F1C4
S315080171A07000197B5A7BD3F808310DF0F3FFFFE71E
S315080171B046F2B200C2F20040019000889DF8211003
S315080171C048439DF823104843E9F72CF901460198ED
S315080171D0099AC2F80C1100889DF8231048439DF8B6
S315080171E021104843E9F71EF90199099AC2F81001D5
S315080171F00998D0F80C0109889DF8212051439DF87A
S3150801720023205143E9F775FA01990998D0F8100135
S3150801721009889DF8232051439DF821205143E9F718
S3150801722068FA099B03F178001A7B997BD3F80C312C
S315080172300DF0B0FF099B03F18000197B9A7BD3F807
S3150801724010310DF0A7FF019800889DF823104843D7
S315080172504843E9F7E7F80199099AC2F81401099828
S31508017260D0F8140109889DF8232051435143E9F7C1
S3150801727040FA099901F188000A7BD1F814311146BF
S315080172800DF088FF019800889DF82110484348436E
S31508017290E9F7C8F80199099AC2F818010998D0F8C6
S315080172A0180109889DF8212051435143E9F721FA2C
S315080172B0099901F190008A7BD1F8183111460DF030
S315080172C069FF019800889DF8231048439DF821100D
S315080172D04843E9F7A7F80199099AC2F81C010998E0
S315080172E0D0F81C0109889DF8232051439DF82120D7
S315080172F05143E9F7FEF9099B03F19800197B9A7B3B
S31508017300D3F81C310DF046FF019800880999097BCD
S3150801731048434843E9F786F801460198099AC2F8AD
S31508017320201100880999097B48434843E9F77AF807
S3150801733001460198099AC2F8241100880999097B1E
S3150801734048434843E9F76EF801460198099AC2F895
S31508017350281100880999097B4843E9F763F801462A
S315080173600198099AC2F82C1100880999097B4843A2
S31508017370E9F758F80999C1F83001099901F1A0000E
S315080173800A7BD1F8203111460DF004FF099901F164
S31508017390A8000A7BD1F8243111460DF0FBFE0999A4
S315080173A001F1B0000A7BD1F8283111460DF0F2FE41
S315080173B0099A02F1B800117BD2F82C310122029206
S315080173C00DF0E8FE029A099B03F1C000197BD3F878
S315080173D030310DF0DFFE0999002081F8280009995E
S315080173E081F82900099981F82A00099981F82B0061
S315080173F0099981F82C000AB080BD00000000000040
S3150801740080B582B00190019890F82A00002872D1BF
S31508017410FFE7019901F1780080310EF03FF90199F2
S3150801742081F8C8000199B1F87800A1F8A800019976
S31508017430B1F85A00A1F8AA00019A02F1780002F1FE
S315080174405801A8320EF014F8019981F8C80001997B
S31508017450B1F8A800A1F8B0000199B1F88200A1F825
S31508017460B200019A02F1A80002F18001B0320DF0D2
S31508017470FFFF019981F8C8000199B1F89000A1F8B8
S31508017480A0000199B1F89200A1F8A200019A02F1AF
S31508017490B00002F19001A0320DF026FE019981F8A3
S315080174A0C800019901F1A000B0310DF077FE0199EC
S315080174B081F8C8000199B1F85800A1F8A800019906
S315080174C0B1F88200A1F8AA00019A02F1580002F166
S315080174D08001A8320DF0CCFF019981F8C800019A04
S315080174E002F1A80002F1B00198320DF0C1FF01992D
S315080174F081F8C800FFE702B080BD00000000000067
S3150801750080B582B00190ADF80210019942F6483073
S31508017510C2F2004000F6C85002F092FA02B080BDED
S3150801752084B002900191ADF80220029828B9FFE7CC
S315080175304FF6FF70ADF80E0021E0FFE70198411EF6
S315080175400191B8B1FFE70298411C029100788DF8C4
S315080175500100BDF802109DF801004840C2B246F686
S31508017560E400C0F6020030F8120080EA1120ADF8F6
S315080175700200E3E7BDF80200ADF80E00FFE7BDF82B
S315080175800E0004B07047000080B582B001900091EA
S31508017590019942F64830C2F2004000F6E46004F070
S315080175A07BF902B080BD000083B002900191ADF86D
S315080175B0022003B07047000080B582B00190ADF893
S315080175C00210019942F64830C2F2004041F268328F
S315080175D0104408F099FF02B080BD000000000000C9
S315080175E080B584B003900291039800F0D9F8039806
S315080175F0D0F8CC0030B1FFE70398D0F8CC20029937
S315080176009047FFE7039801F06BF80398D0F8D0008C
S3150801761030B1FFE70398D0F8D02002999047FFE7E9
S31508017620039800F059FF0398D0F8D40030B1FFE76A
S315080176300398D0F8D42002999047FFE70398007C75
S3150801764020B9FFE70398C07B00BBFFE70398FFF764
S31508017650D7FE0398D0F8D80030B1FFE70398D0F8E1
S31508017660D82002999047FFE7039800F0DDFE0398BA
S31508017670D0F8DC0030B1FFE70398D0F8DC20029996
S315080176809047FFE7039800F013FA1BE0039BD3F832
S31508017690E800D3F8EC1046F2B202C2F200420092B8
S315080176A012881B7B5A43E8F7D0FF009A039BD3F84D
S315080176B0F800D3F8FC1012881B7B5A435A43E8F7A3
S315080176C0C4FFFFE70398D0F8E00030B1FFE703985D
S315080176D0D0F8E02002999047FFE700208DF80700CF
S315080176E0FFE79DF807000399097B88422CDAFFE733
S315080176F00398D0F8F8209DF80710037B11FB0313B4
S3150801770002EB830292ED000A006A00EB810090ED1C
S31508017710001AB4EE410AF1EE10FA0EDAFFE7039BFE
S31508017720186A9DF8072050F82200D3F8F8101B7B39
S3150801773012FB032241F82200FFE7FFE79DF8070045
S3150801774001308DF80700CCE7039B1868D3F8E810D9
S3150801775046F2B202C2F2004212881B7B5A43E8F78C
S3150801776074FF0398D0F8E40030B1FFE70398D0F826
S31508017770E42002999047FFE70398006804B080BDAA
S3150801778080B582B00190ADF80210019942F64830F1
S31508017790C2F2004000F6E46004F0CAF802B080BD07
S315080177A080B582B001900198C07B20B1FFE70198AE
S315080177B001F0EAF816E0019BD3F8F400596846F29D
S315080177C0B202C2F20042009212889B7B5A43E8F742
S315080177D03CFF0099019A50680988927B5143E8F762
S315080177E088FFFFE7019BD3F8F000996846F2B202D9
S315080177F0C2F2004212885B7B5A43E8F726FF02B0C1
S3150801780080BD00000000000080B546F2A800C2F263
S3150801781000400168013101600068B0F5FA6F07D9C7
S31508017820FFE746F2B401C2F2004101200870FFE702
S3150801783042F64830C2F2004005F0EAFE45F2C86059
S31508017840C2F20040EFF780F946F2B400C2F20040F6
S315080178500078C00700284FD0FFE742F64830C2F249
S31508017860004005F0B9FEF8F7FFFC42F67820C2F2AF
S31508017870004001680131016042F68022C2F20042ED
S3150801788011680131116042F67C22C2F20042116888
S3150801789001311160006805280FD1FFE740F2205039
S315080178A0C2F20040F9F7FCF9F9F7F6F942F6782140
S315080178B0C2F2004100200860FFE742F68020C2F2CA
S315080178C000400068642807D1FFE742F68021C2F22A
S315080178D0004100200860FFE742F67C20C2F2004022
S315080178E00068442807D1FFE742F67C21C2F200412D
S315080178F000200860FFE7FFE780BD000000000000E8
S3150801790080B584B00290019100208DF80300029899
S3150801791020B1FFE70198022803D8FFE7002003906A
S3150801792014E0029801990139FF22FFF749FA8DF807
S3150801793003009DF80300029A0199114411F8011CEC
S31508017940401AB0FA80F040090390FFE7039804B0A3
S3150801795080BD00000000000080B58AB08DED090ADF
S31508017960CDED080A8DED071ACDED061A8DED052A1E
S31508017970CDED042A0390039901200870099803990B
S31508017980C1F8B40108980399C1F8B8010798039991
S31508017990C1F8BC0103994CF67740C3F22B20C1F814
S315080179A0D0010399002081F838010399C1F84401EF
S315080179B0C1F840010399C1F84C01C1F8480104987E
S315080179C00399C1F8AC019DED060AB7EE001AB4EEAB
S315080179D0410AF1EE10FA04DDFFE74FF07E500690FA
S315080179E0FFE706980399C1F8D40105980399C1F8E8
S315080179F09001039804300621002200920323FFF721
S31508017A0003FA039901F5E27001F5E6730122019281
S31508017A1011460DF0BFFB00990198039AD2F8EC3094
S31508017A204FF07E521A60039AD2F8EC205160039AFD
S31508017A30D2F8EC209160039AD2F8EC20D160039A2F
S31508017A4048F60951C0F60101C2F8D010039A49F265
S31508017A503931C0F60101C2F8D410039A48F6A131AA
S31508017A60C0F60101C2F8D810039A48F65951C0F672
S31508017A700101C2F8DC10039981F82E00039981F8F7
S31508017A802F000398D0F8040146F6E441C0F6020136
S31508017A9090220292E8F7D9FD029A0398D0F8FC00E1
S31508017AA040F23401C2F20041E8F7CFFD0AB080BDC9
S31508017AB080B582B00190019890F82C00B0BBFFE721
S31508017AC00199B1F89800A1F8A8000199B1F87A00CE
S31508017AD0A1F8AA000199B1F8A800A1F8B000019986
S31508017AE0B1F85A00A1F8B200019A02F1980002F120
S31508017AF07801A8320DF0BCFC019981F8C800019AF9
S31508017B0002F1A80002F15801B0320DF0B1FC019959
S31508017B1081F8C800019A02F1580002F1B001503209
S31508017B200DF066FD019981F8C800FFE702B080BD36
S31508017B3083B002900298019002980090019801780A
S31508017B40407840EA01200099088003B07047000098
S31508017B5084B00390029103980190029800900198CD
S31508017B60407800990870019800780099487004B027
S31508017B70704700000000000080B586B004900391AC
S31508017B800020ADF80A00049820B1FFE703980228FF
S31508017B9003D8FFE70020059026E0049803990239E7
S31508017BA04FF6FF72FFF7BCFCADF80A009DF80A1004
S31508017BB0049A0398104410F8022C0020914201906F
S31508017BC00DD1FFE79DF80B00049A0399114411F8AA
S31508017BD0011C401AB0FA80F040090190FFE70198AC
S31508017BE000F001000590FFE7059806B080BD00008A
S31508017BF080B582B00190ADF802100199BDF8022056
S31508017C0042F64830C2F2004006F09AFC02B080BD46
S31508017C1080B588B046F2A000C2F200400690FEF791
S31508017C20C7FC42F64830C2F20040079000F57A6078
S31508017C300BF05AF90698FEF7BBFC079840F28C41FF
S31508017C40C2F2004181ED000A06F03AFC042814D17B
S31508017C50FFE742F64830C2F20040059000F6C850E8
S31508017C6003900621049101F0F3FD0398049901F0AC
S31508017C7003FE059805F0E8FB25E042F64830C2F216
S31508017C800040029042F2D40108440AF029FD029804
S31508017C9000F6C85001F0CCFD012813D1FFE742F6E2
S31508017CA04830C2F2004041F2683108440BF004F84A
S31508017CB0012807D1FFE742F64830C2F2004005F035
S31508017CC0C3FBFFE7FFE742F64830C2F2004041F244
S31508017CD0683108440AF0F0FFC8B9FFE742F64830B0
S31508017CE0C2F20040009041F69841084400210191F2
S31508017CF004F026FB0098019900F57A6002F0FCFD74
S31508017D000098019900F50C700AF062FC09E042F648
S31508017D104830C2F2004041F26831084408F064FC78
S31508017D20FFE740F6C800C2F2004001680131016070
S31508017D3090ED000AB8EE400A9FED0A1A20EE010AF4
S31508017D409FED091A80EE010A0EF0C6F8B2EE0E1A78
S31508017D5020EE010A40F6C400C2F2004080ED000A96
S31508017D6008B080BDE5CB964100007A4400000000CA
S31508017D7083B002908DED010A029890ED000A9DEDFF
S31508017D80011A30EE410A8DED000AFFE79DED000A62
S31508017D909FED1D1AB4EE410AF1EE10FA13DDFFE765
S31508017DA0029890ED000A9FED1B1A30EE010A80ED4C
S31508017DB0000A029890ED000A9DED011A30EE410A7B
S31508017DC08DED000AE2E7FFE79DED000A9FED0F1A28
S31508017DD0B4EE410AF1EE10FA13DAFFE7029890EDD4
S31508017DE0000A9FED0B1A30EE010A80ED000A02988F
S31508017DF090ED000A9DED011A30EE410A8DED000A5B
S31508017E00E2E703B0704700BF00003443000034C303
S31508017E100000B4430000B4C380B590B009A9069127
S31508017E2081ED060AC1ED050A81ED041AC1ED031AB1
S31508017E3081ED022AC1ED012A81ED003A08900898E0
S31508017E40007880B9FFE70898B2EE040ADFEDD20A96
S31508017E509FEDD21AF7EE001ADFEDD12AB0EE622AAB
S31508017E60FFF77AFDFFE706980999089AC2F8C01143
S31508017E7090ED060A089991ED581A30EE410A81EDFE
S31508017E805B0A90ED050A089991ED591A30EE410AF7
S31508017E9081ED5C0A90ED040A089991ED5A1A30EEC3
S31508017EA0410A81ED5D0A089991ED5B0AB6EE001A61
S31508017EB020EE010A90ED002A20EE020A42F68821F8
S31508017EC0C2F20041059181ED000A089991ED5C0A1B
S31508017ED020EE010A90ED002A20EE020A42F68C21D4
S31508017EE0C2F20041049181ED000A089991ED5D0AFB
S31508017EF020EE010A90ED001A20EE010A42F69020C2
S31508017F00C2F20040039080ED000A0898D0F80401F7
S31508017F1046F6E441C0F602019022E8F796FB039A79
S31508017F200499059890ED000AB1EE400A089BD3F82A
S31508017F30043183ED010A91ED000AB1EE400A089B6E
S31508017F40D3F8043183ED020A92ED000AB1EE400A34
S31508017F50089BD3F8043183ED030A0368DDF820C0D2
S31508017F60DCF804C1CCF818301368DDF820C0DCF859
S31508017F7004C1CCF8203091ED000AB1EE400A089B05
S31508017F80D3F8043183ED090A0B68DDF820C0DCF863
S31508017F9004C1CCF8303092ED000AB1EE400A089BD4
S31508017FA0D3F8043183ED0D0A0368DDF820C0DCF847
S31508017FB004C1CCF83C301268089BD3F804319A64A2
S31508017FC00968089AD2F80421D16490ED000AB1EE45
S31508017FD0400A0898D0F8040180ED140A0899D1F8E6
S31508017FE04801D1F84C11084368B9FFE70C9808997C
S31508017FF0C1F878010B980899C1F87C010A98089983
S31508018000C1F88001FFE70699089890ED5E0A90EDA0
S31508018010641A90ED703A20EE010A33EE012A80EED9
S31508018020020A91ED031A21EE031A81EE021A30EEC5
S31508018030010A80ED5E0A089890ED5F0A90ED641AD0
S3150801804090ED703A20EE010A33EE012A80EE020A1B
S3150801805091ED021A21EE031A81EE021A30EE010A97
S3150801806080ED5F0A089890ED600A90ED641A90ED2C
S31508018070703A20EE010A33EE012A80EE020A91EDEA
S31508018080011A21EE031A81EE021A30EE010A80ED79
S31508018090600A089890ED5E2A90ED5F0A90ED601AE5
S315080180A020EE000AA2EE020AA1EE010A01F07CFA0C
S315080180B042F68420C2F2004080ED000A00208DF8C5
S315080180C01F00FFE79DF81F0002281BDCFFE7089841
S315080180D09DF81F1000EB810292ED5E0A42F684229A
S315080180E0C2F2004292ED001A20EE010A806800EB06
S315080180F0810080ED000AFFE79DF81F0001308DF829
S315080181001F00DFE7089890ED5B2A90ED5C0A90ED79
S315080181105D1A20EE000AA2EE020AA1EE010A01F09A
S3150801812043FAB0EE401AB7EE000A80EE011A089833
S3150801813080ED651A42F68420C2F2004090ED001ADD
S3150801814080EE010A089880ED660A089890ED650A9E
S315080181509FEDAE1AB4EE410AF1EE10FA22DAFFE704
S31508018160089890ED660A9FEDAA1AB4EE410AF1EE57
S3150801817010FA17DDFFE7089890ED660A9FEDA51A34
S31508018180B4EE410AF1EE10FA0CDAFFE7089901207C
S3150801819081F839010BE000BF6F12833A8096184BBC
S315080181A0000000000899002081F83901FFE70898C6
S315080181B090ED6D0A90ED701A20EE010AD0F81801BB
S315080181C080ED000A089890ED6D0A90ED701A20EE80
S315080181D0010AD0F8180180ED070A089890ED6D0A92
S315080181E090ED701A20EE010AD0F8180180ED0E0AFA
S315080181F0089890ED6D0A90ED701A20EE010AD0F8F4
S31508018200180180ED150A089890ED6E0A90ED701A1E
S3150801821020EE010AD0F8180180ED1C0A089890EDA5
S315080182206E0A90ED701A20EE010AD0F8180180ED59
S31508018230230A0898D0F81C11D0F8BC0108600898E0
S31508018240D0F81C11D0F8BC0108610898D0F81C11A7
S31508018250D0F8BC0108620899081DFFF7C1F9089909
S3150801826048680068C1F85001089948684068C1F82B
S315080182705401089948688068C1F8580108994868FE
S31508018280C068C1F85C01089948680069C1F86001CD
S31508018290089948684069C1F864010899D1F8AC01A0
S315080182A0C1F86801089890ED542A90ED551A90ED99
S315080182B0560A90ED573A21EE000AA2EE030A30EE6D
S315080182C0000A21EE011AA2EE021AB0EE002A8DED7D
S315080182D0012AFFEE000ACDED000AE1EE020A0DF0D1
S315080182E0FDFBDDED000A9DED012A9FED4B1A8DED93
S315080182F0021A20EE010A089880ED6A0A089890ED9C
S31508018300543A90ED554A90ED560A90ED571A20EEDB
S31508018310010AA3EE040A30EE000A21EE011AA3EEC1
S31508018320031AE1EE020A0DF0D9FB9DED021A20EEC1
S31508018330010A089880ED690A089890ED540A90EDAB
S31508018340551A90ED563A90ED572A20EE030A91EE0A
S31508018350020AB8EE001A20EE010A0DF029FB9DED7E
S31508018360021A20EE010A089880ED680A089890ED2D
S315080183706A0A90ED771A30EE410A9FED281AB4EE93
S31508018380410AF1EE10FA07DDFFE70899B1F8D801BD
S315080183900138A1F8D80116E0089890ED6A0A90ED1F
S315080183A0771A30EE410A9FED1E1AB4EE410AF1EE34
S315080183B010FA07DAFFE70899B1F8D8010130A1F8F0
S315080183C0D801FFE7FFE70898B0F9D81100EE101AAF
S315080183D0B8EEC01A90ED6A0A9FED122AA1EE020ABA
S315080183E080ED6C0A0899D1F8A801C1F8DC01089951
S315080183F0D1F84821D1F84C01013240F10000C1F809
S315080184004821C1F84C0110B080BD00BF9A99993E28
S31508018410CDCC1441CDCC2441E12E65420000344334
S31508018420000034C30000B44380B582B001900198BE
S3150801843090F82B0000284BD1FFE70199B1F8780095
S31508018440A1F8B800019901200090A1F8BA00019A93
S3150801845002F1780002F13801B8320DF009F8014647
S315080184600098019A82F8C810019AB2F84810A2F841
S31508018470C0100199A1F8C200019A02F1480002F15F
S31508018480B801C0320DF0B4F801460098019A82F895
S31508018490C810019AB2F89810A2F8B8100199A1F873
S315080184A0BA00019A02F1980002F1C001B8320CF043
S315080184B0DFFF019981F8C800019A02F1380002F13B
S315080184C0B80130320CF010FE019981F8C800FFE7B7
S315080184D002B080BD0000000080B582B0019001980D
S315080184E090F82900A8BBFFE7019901F160006831FE
S315080184F00DF0D4F8019981F8C800019A02F16000DB
S3150801850002F1500158320CF0B3FF019981F8C80005
S315080185100199B1F85800A1F8A8000199B1F86A00C3
S31508018520A1F8AA00019A02F1580002F16801A832DD
S315080185300CF09EFF019981F8C800019A02F1A80082
S3150801854002F1880158320CF0CFFD019981F8C80073
S31508018550FFE702B080BD000080B582B001900198A6
S3150801856000680090A12844D0FFE7009840F2012155
S3150801857088420CD0FFE7009840F20221884213D0C6
S31508018580FFE7009840F20521884219D04AE0019890
S3150801859000F1280142F64830C2F2004041F6646211
S315080185A0104408F01DFD3DE0019800F1280142F64E
S315080185B04830C2F2004000F5FC5008F011FD31E0E8
S315080185C042F2D870C2F20040FDF7F2FF42F2DC70C7
S315080185D0C2F2004080ED000A019800F1280142F636
S315080185E04830C2F2004041F6C802104409F0ACFD19
S315080185F018E040F26040C2F20040FDF7D9FF40F2B0
S315080186008040C2F2004080ED000A019800F128017D
S3150801861042F64830C2F2004041F69822104408F06A
S3150801862067FFFFE702B080BD80B582B0019001986F
S3150801863000680090782843D0FFE7009840F241117E
S3150801864088421CD0FFE70098B0F5BC7F31D0FFE720
S315080186500098B0F5C47F2CD0FFE7009840F291113D
S31508018660884226D0FFE70098A0F5CB70042820D3CE
S31508018670FFE7009840F2022188420DD027E00198D1
S3150801868000F1280142F64830C2F2004041F23C723C
S31508018690104406F051FA1AE0019800F1280142F651
S315080186A04830C2F2004041F65452104408F024FA08
S315080186B00DE042F64830C2F2004004F0FDFE06E045
S315080186C042F64830C2F2004004F0F6FEFFE702B077
S315080186D080BD00000000000081B0009001B0704725
S315080186E080B582B00190019890F82800002846D1FB
S315080186F0FFE70198407B012834DBFFE70199087BF6
S31508018700A1F8B800019901200090A1F8BA00019AD0
S3150801871002F1600002F13001B8320CF0A9FE0146FF
S315080187200098019A82F8C810019A117BA2F8C01024
S315080187300199A1F8C200019A02F1700002F1400103
S31508018740C0320CF095FE019981F8C800019A02F130
S31508018750B80002F1C00138320CF0C6FC019981F863
S31508018760C8000BE0019A02F1600002F130013832CB
S315080187700CF07EFE019981F8C800FFE7FFE702B019
S3150801878080BD00000000000081B08DED000AFFE702
S315080187909DED000A9FED141AB4EE410AF1EE10FAA6
S315080187A009DDFFE79DED000A9FED121A30EE010A79
S315080187B08DED000AECE7FFE79DED000A9FED0B1A28
S315080187C0B4EE410AF1EE10FA09DAFFE79DED000A67
S315080187D09FED071A30EE010A8DED000AECE79DEDD3
S315080187E0000A01B0704700BFDB0F4940DB0F49C0E3
S315080187F0DB0FC940DB0FC9C081B08DED000A9DEDC5
S31508018800000AB0EEC00A01B070470000000000007F
S3150801881082B08DED010A9DED010AB5EE400AF1EE31
S3150801882010FA05DDFFE79DED010A8DED000A06E068
S315080188309DED010AB1EE400A8DED000AFFE79DEDB7
S31508018840000A02B07047000083B08DED020A41F2BA
S315080188500400CEF200000068019002980090FFE73C
S3150801886041F20400CEF2000000680199401A00EEB8
S31508018870100AB8EE400A9DED001A40F26440C2F2B1
S31508018880004090ED002AB8EE422A21EE021AB4EE13
S31508018890410AF1EE10FA01DAFFE7E1E703B07047A2
S315080188A02DE9F0478CB00C46014620469A461546F6
S315080188B00CF093FB01260DF12C080DF1040900BFFC
S315080188C01AF001004FF0010718BF022708D03EB978
S315080188D02A6920464FF0FF310CF0CAFB4FF0000A17
S315080188E020466FF0010142460CF061FB20464946DD
S315080188F00CF04FFB20BB049B7BB101980699099AA2
S315080189002965C5E9120238462946224698470828A4
S3150801891005D10B98296A884205D0013ED0E7072878
S3150801892003D009280CD1E7F7D8FF6A4620464FF04D
S31508018930FF310CF03CFB0098286120460CF071FBD6
S315080189400CB0BDE8F087000081B041F20400CEF218
S31508018950000000680090009840F27841C2F2004198
S315080189600968884208D2FFE740F27C41C2F2004119
S31508018970086801300860FFE7009840F27841C2F2C2
S315080189800041086001B0704780B584B0039003992F
S31508018990002001900874039BD3F8F400596846F245
S315080189A0B202C2F20042009212889B7B5A43E7F751
S315080189B04CFE0099039A50680988927B5143E7F760
S315080189C098FE0099039AD2F818010988927B5143B7
S315080189D05143E7F78EFE0099039AD2F80C010988EC
S315080189E0137B927B59435143E7F783FE01988DF830
S315080189F00B00FFE79DF80B000399897B884243DA50
S31508018A00FFE70398D0F8F4009DF80B1000EB8100FE
S31508018A1090ED000AB5EE400AF1EE10FA2DD0FFE707
S31508018A20039AD2F8F4109DF80B0051F82000127C35
S31508018A3041F822009DF80B00039A516A127C88546A
S31508018A40DDF80CC0DCF818009DF80BE050F82E0094
S31508018A50DCF80C119CF80C209CF81030DCF814C0DA
S31508018A601CF80EC012FB03C201EB820141F8040C8B
S31508018A700399087C01300874FFE7FFE79DF80B00AE
S31508018A8001308DF80B00B5E700208DF80A00FFE7E5
S31508018A909DF80A000399097C884216DAFFE7039BC9
S31508018AA0D869596A9DF80A20895C50F82100D3F8DB
S31508018AB018111B7C12FB032241F82200FFE79DF8DF
S31508018AC00A0001308DF80A00E2E70399087CA1F84B
S31508018AD078000399087BA1F87A000399087BA1F825
S31508018AE080000399087CA1F882000399087CA1F803
S31508018AF090000399087CA1F892000399087BA1F8D4
S31508018B0098000399087CA1F89A000399087CA1F8B2
S31508018B10480004B080BD00002DE9F0418CB00D4637
S31508018B20014628461C4616460CF057FA02A928465D
S31508018B300CF02FFA10B10CB0BDE8F081DDF84880D1
S31508018B4002AF00BF01200A2132463346CDE900585B
S31508018B50A0470028EFD1059B8BB1029807990A9A7D
S31508018B603165C6E91202092031462A46984707287F
S31508018B7002D0082803D009E028460CF052FA284604
S31508018B8039460CF006FA0028DCD0D4E70528D2D1FC
S31508018B9001201A2132463346CDE90058A047CAE7D3
S31508018BA080B588B007900691069805900798D0F881
S31508018BB0EC0090ED000A30EE000A42F69820C2F267
S31508018BC00040019080ED000A0798D0F8EC0090ED7E
S31508018BD0010A30EE000A42F69C20C2F200400290D9
S31508018BE080ED000A0798D0F8EC0090ED020A30EE05
S31508018BF0000A42F6A020C2F20040039080ED000A66
S31508018C000798D0F8EC0090ED030A30EE000A42F618
S31508018C10A420C2F20040049080ED000A079BD3F815
S31508018C200C0146F2B201C2F2004109881A7B9B7B0C
S31508018C3059435143E7F75DFD019B029A039904984D
S31508018C4091ED000AB1EE400ADDF81CC0DCF80CC152
S31508018C508CED000AD0F800C0DDF81CE0DEF80CE166
S31508018C60CEF804C093ED000AB1EE400ADDF81CC047
S31508018C70DCF80CC18CED020AD2F800C0DDF81CE064
S31508018C80DEF80CE1CEF80CC0D2F800C0DDF81CE025
S31508018C90DEF80CE1CEF818C0D3F800C0DDF81CE008
S31508018CA0DEF80CE1CEF81CC0D0F800C0DDF81CE0F7
S31508018CB0DEF80CE1CEF820C0D1F800C0DDF81CE0E2
S31508018CC0DEF80CE1CEF824C01B68DDF81CC0DCF820
S31508018CD00CC1CCF8303092ED000AB1EE400A079A81
S31508018CE0D2F80C2182ED0D0A91ED000AB1EE400A87
S31508018CF00799D1F80C1181ED0E0A00680799D1F888
S31508018D000C11C86308B080BD80B584B00390029188
S31508018D10029801900398D0F8F81040F23400C2F294
S31508018D2000409022E7F791FC0398D0F81C1140F215
S31508018D30D840C2F2004048220092E7F786FC009A22
S31508018D400398D0F80C1140F29040C2F20040E7F7C0
S31508018D507CFC04B080BD000080B588B00790069100
S31508018D6006980590079901F1780080310CF096FC78
S31508018D70079981F8C8000799B1F87800A1F8A80001
S31508018D800799B1F85A00A1F8AA00079A02F17800E2
S31508018D9002F15801A8320CF06BFB079981F8C8005B
S31508018DA00799B1F8A800A1F8B0000799B1F88200AF
S31508018DB0A1F8B200079A02F1A80002F18001B032C7
S31508018DC00CF056FB079981F8C8000799B1F890008D
S31508018DD0A1F8A0000799B1F89200A1F8A200079A94
S31508018DE002F1B00002F19001A0320CF07DF9079969
S31508018DF081F8C800079901F1A000B0310CF0CEF94D
S31508018E00079981F8C8000798D0F8EC00006842F67F
S31508018E10A823C2F2004318600798D0F8EC0040680E
S31508018E2042F6AC22C2F2004210600798D0F8EC0074
S31508018E30806842F6B021C2F2004108600798D0F86E
S31508018E40EC00D0F80CC042F6B420C2F20040C0F8DB
S31508018E5000C0DDF81CE0BEF878C0AEF8B8C0DDF891
S31508018E601CE04FF0010CAEF8BAC092ED001A90ED75
S31508018E70002A93ED000A91ED003A20EE030A91EEDD
S31508018E80020A30EE000ADDF81CC0DCF82CC18CEDB4
S31508018E90000A93ED001A92ED002A91ED000A90ED71
S31508018EA0003A20EE030AA1EE020A30EE000ADDF8C6
S31508018EB01CC0DCF82CC18CED010A93ED001A92ED69
S31508018EC0000A20EE000A91EE010A91ED001AA1EEC0
S31508018ED0410A90ED001AA1EE010A0798D0F82C0173
S31508018EE080ED020A00208DF81300FFE79DF81300B4
S31508018EF002281BDCFFE70798D0F82C019DF8131010
S31508018F0000EB810090ED000AB0EEC00A0CF0C4FC3B
S31508018F1005989DF8131000EB810080ED610AFFE7C3
S31508018F209DF8130001308DF81300DFE70799B1F8B2
S31508018F304800A1F8C000079901200290A1F8C200D3
S31508018F40079A02F1480002F1B801C0320CF050FB51
S31508018F5001460298079A82F8C810079AB2F8C01013
S31508018F60A2F8A8100799A1F8AA00079A02F1B00079
S31508018F7002F1C001A8320CF07BFA01460298079A61
S31508018F8082F8C8100799A1F8B8000799B1F8C00086
S31508018F90A1F8BA00079901F1C000B8310CF07EFBBF
S31508018FA0079981F8C800079901F1B800A831059A0F
S31508018FB002F5E2720CF05CFA079981F8C800059887
S31508018FC090ED730A90ED741AB6EE002A21EE021A94
S31508018FD0B4EE410AF1EE10FA05DAFFE70599012028
S31508018FE081F83801FFE7059890ED730A90ED741A38
S31508018FF0B4EE410AF1EE10FA52DDFFE7059890F852
S31508019000380100284CD0FFE7059890F8390168B176
S31508019010FFE70599D1F84021D1F84401013240F121
S315080190200000C1F84021C1F8440106E00599002075
S31508019030C1F84401C1F84001FFE70598D0F840118D
S31508019040D0F84401333970F1000008D3FFE70599D8
S31508019050002081F83801079981F82C001FE0079B49
S31508019060D3F8E800D3F8EC1046F2B202C2F2004295
S31508019070019212881B7B5A43E7F7E7FA019A079B85
S31508019080D3F8F800D3F8FC1012881B7B5A435A43CD
S31508019090E7F7DBFA0799012081F82C003FE133E075
S315080190A0059890ED730A90ED741A9FED9E2A21EEAC
S315080190B0021AB4EE410AF1EE10FA15DDFFE705983A
S315080190C090F8380180B1FFE7059890ED730A90EDA5
S315080190D0741A31EE400A9FED942A21EE021A80EEA7
S315080190E0010A80ED670A05E005994FF07E50C1F83F
S315080190F09C01FFE705990020C1F84401C1F8400128
S31508019100079981F82C00FFE70799B1F85800A1F8EB
S31508019110A8000799B1F88200A1F8AA00079A02F1F6
S31508019120580002F18001A8320CF0A2F9079981F8DA
S31508019130C800079A02F1A80002F1B00198320CF0B2
S3150801914097F9079981F8C80000208DF81200FFE702
S315080191509DF81200079AB2F89810B2F89A2051436E
S31508019160884217DAFFE7059890ED671A0798D0F84D
S315080191701C019DF8121000EB810090ED000A20EE0B
S31508019180010A80ED000AFFE79DF8120001308DF80B
S315080191901200DDE704208DF81100FFE79DF81100A4
S315080191A0052832DCFFE700208DF81000FFE79DF85F
S315080191B01000022822DCFFE705989DF8111000EB44
S315080191C0810090ED5D0A9FED5B1A80EE011A079802
S315080191D0D0F81C0101EB41019DF81020114400EB68
S315080191E0810090ED000A20EE010A80ED000AFFE7F2
S315080191F09DF8100001308DF81000D8E7FFE79DF8BB
S31508019200110001308DF81100C8E70799B1F89800E7
S31508019210A1F8B80007990120A1F8BA00079A02F146
S31508019220980002F1C001B8320CF022F9079981F8C9
S31508019230C800059890F8380100285FD0FFE7042098
S315080192408DF80F00FFE79DF80F00052855DCFFE7AD
S315080192500798D0F8BC009DF80F1000EB810090ED3F
S31508019260000A059890ED701A9FED302A21EE021A30
S31508019270B4EE410AF1EE10FA11DDFFE7059890ED1B
S31508019280700A9FED2A1A20EE010A0798D0F8BC0049
S315080192909DF80F1000EB810080ED000AFFE70798A3
S315080192A0D0F8BC009DF80F1000EB810090ED000A84
S315080192B0059890ED701A9FED1E2A21EE021AB4EE5A
S315080192C0410AF1EE10FA11DAFFE7059890ED700AF6
S315080192D09FED171A20EE010A0798D0F8BC009DF8F1
S315080192E00F1000EB810080ED000AFFE7FFE79DF80C
S315080192F00F0001308DF80F00A5E7FFE70798D0F8B2
S31508019300BC100020C860079A02F1380002F1B801C2
S3150801931030320BF0E9FE079981F8C800FFE708B07B
S3150801932080BD00BFCDCCCC3D6666663F0AD7233CDF
S315080193300AD723BCDA0FC93F80B586B005900491D8
S31508019340049803900598D0F8EC00006842F6B82313
S31508019350C2F2004318600598D0F8EC00406842F65E
S31508019360BC22C2F2004210600598D0F8EC00806871
S3150801937042F6C021C2F2004108600598D0F8EC0017
S31508019380D0F80CC042F6C420C2F20040C0F800C0B2
S3150801939093ED001A92ED000A20EE000AA1EE010AE9
S315080193A091ED001AA1EE010A90ED001AA1EE010A4B
S315080193B000F0FAF842F6C820C2F2004080ED000A31
S315080193C000208DF80B00FFE79DF80B0003281ADC37
S315080193D0FFE742F6C820C2F2004090ED001A059850
S315080193E0D0F8EC009DF80B1000EB810090ED000A17
S315080193F020EE010A80ED000AFFE79DF80B00013017
S315080194008DF80B00E0E742F6BC20C2F2004090ED71
S31508019410000A039991ED701A20EE010AB0EE001ABE
S315080194208DED011A80EE010A0599D1F8001181ED39
S31508019430040A42F6C021C2F2004191ED000A039ADC
S3150801944092ED702A20EE020A80EE010A059AD2F8F8
S31508019450002182ED050A42F6B822C2F2004292EDD7
S31508019460000A039B93ED702A20EE420A80EE010A58
S31508019470059BD3F8003183ED0A0A42F6C423C2F2EA
S31508019480004393ED000ADDF80CC09CED702A20EE2E
S31508019490020A80EE010ADDF814C0DCF800C18CED81
S315080194A00B0A93ED000A039B93ED702A20EE420AFC
S315080194B080EE010A059BD3F8003183ED100A92ED7F
S315080194C0000A039A92ED702A20EE420A80EE010AFA
S315080194D0059AD2F8002182ED110A91ED000A039945
S315080194E091ED702A20EE020A80EE010A0599D1F85B
S315080194F0001181ED160A90ED000A039890ED702A85
S3150801950020EE420A80EE010A0598D0F8000180EDA6
S31508019510170A039890ED751A0598D0F8F80090ED9A
S315080195201C0A80EE010A80ED1C0A039890ED751A53
S315080195300598D0F8F80090ED230A80EE010A80ED2F
S31508019540230A0598D0F8F80090ED1C0A9FED141A25
S31508019550B4EE410AF1EE10FA09DDFFE70598D0F8F5
S31508019560F81044F20000C4F21C600867FFE705988A
S31508019570D0F8F80090ED230A9FED091AB4EE410AD6
S31508019580F1EE10FA0ADDFFE70598D0F8F81044F273
S315080195900000C4F21C60C1F88C00FFE706B080BD6C
S315080195A000401C460000000084B08DED030A9DEDC5
S315080195B0030AB6EE001A20EE010A8DED020A039897
S315080195C0019001980090009945F68620C5F63770F6
S315080195D0A0EB61000090009801909DED011A9DEDA8
S315080195E0020A20EE012ABFEE080AA2EE010A20EEBF
S315080195F0410A8DED010A9DED010A04B0704762B179
S31508019600884204BF0120704780B540684968E7F77A
S3150801961047FAB0FA80F0400980BD40684968401AA7
S31508019620B0FA80F04009704781B00090009890ED3B
S315080196301B0A01B07047000081B00090009890EDB8
S315080196401C0A01B07047000081B00090009890EDA7
S31508019650190A01B07047000081B00090009890ED9A
S315080196601A0A01B07047000087B0069005918DF877
S3150801967013208DF812309DF8120001460391012836
S3150801968008D0FFE70398022820D0FFE703980328AC
S3150801969038D053E09DF8130001460291012808D0FD
S315080196A0FFE70298022808D0FFE70298032808D0A6
S315080196B00BE005990020087007E005990420087059
S315080196C003E0059901200870FFE737E09DF81300CC
S315080196D001460191012808D0FFE70198022808D020
S315080196E0FFE70198032808D00BE0059902200870C6
S315080196F007E005990620087003E00599052008701A
S31508019700FFE71BE09DF8130001460091012808D0E8
S31508019710FFE70098022808D0FFE70098032808D039
S315080197200BE005990220087007E0059904200870E6
S3150801973003E0059903200870FFE7FFE707B07047C4
S3150801974010B59EB007902698059025980190249803
S3150801975002902398039022980690DDF884C02098F9
S31508019760CDF860C017901693159214910DF1660005
S3150801977014A912220492E6F723FFDDF804C0029B1E
S315080197800399049ADDF814E00698CDF838E0CDF887
S3150801979034C00C930B910A900DF13E000AA9E6F725
S315080197A00FFF0798099009980890DDF866006FF38E
S315080197B0DF20DDF83E106FF3DF21884230D1FFE765
S315080197C0DDF86600C0F3CA20DDF83E10C1F3CA21F0
S315080197D0884225D1FFE7BDF86A10DDF86600800DDD
S315080197E040EA81206FF3DF20BDF84220DDF83E1004
S315080197F0890D41EA82216FF3DF21884210D1FFE703
S31508019800BDF86A00C0F34A00BDF84210C1F34A0127
S31508019810884205D1FFE70899002081F8610004E034
S315080198200899012081F86100FFE71EB010BD00000C
S3150801983081B00090009890F8600001B07047000070
S3150801984081B00090009890F8740001B0704700004C
S3150801985082B001908DF8031001999DF8030081F8F3
S31508019860740002B07047000081B00090009890F82B
S31508019870750001B07047000082B001908DF80310A1
S3150801988001999DF8030081F8750002B07047000040
S315080198902DE9F043A7B02690269811900168D1F8D2
S315080198A08430D1F88820D1F88CC0D1F890E0C0F87E
S315080198B01CE0C0F818C04261024642F8103F0992FE
S315080198C0B1F89410018401688431259125990968B4
S315080198D06FF3DF2100EE101AB8EEC00A90ED022AE6
S315080198E090ED031A30EE420A80EE010A80ED190A5C
S315080198F025990968C1F3CA2100EE101AB8EEC00A03
S3150801990090ED022A90ED031A30EE420A80EE010A22
S3150801991080ED1A0A25998A880968890D41EA822102
S315080199206FF3DF2100EE101AB8EEC00A90ED022A95
S3150801993090ED031A30EE420A80EE010A80ED1B0A09
S3150801994025998988C1F34A0100EE101AB8EEC00AB2
S3150801995090ED022A90ED031A30EE420A80EE010AD2
S3150801996080ED1C0A00F17401259A9288920B00F188
S3150801997022030893C38C9B0BFFF776FE119800F11F
S315080199807501259A9288C38CC3F30133C2F3013258
S31508019990FFF76AFE08991198259A128A6FF3DF2252
S315080199A000EE102AB8EEC00A90ED022A90ED031ACD
S315080199B030EE420A80EE010A80ED260A0DF1820098
S315080199C00A9012220C92E6F7FBFD09990C9A1CA83B
S315080199D00B90E6F7F5FD0A990C9A17A8E6F7F0FD3C
S315080199E00B990C9A17980E9018980F901998109031
S315080199F01A980D901B9C12A8E6F7E2FDDDF834C013
S31508019A000E990F9A109B1198129D139E149FDDF8BB
S31508019A105480DDF85890EE46CEF81890CEF81480AA
S31508019A20CEF81070CEF80C60CEF80850CEF8044087
S31508019A30CEF800C0FFF784FE27B0BDE8F08300002A
S31508019A4080B584B00390029103980190C16C0131ED
S31508019A50C164FFF71DFF019901F1220009688431EC
S31508019A601222E6F7ADFD04B080BD0000000000003B
S31508019A7082B0019001990091C86C096D884210D194
S31508019A80FFE70099486D896D88420AD1FFE7009979
S31508019A90002081F86000B1F85C000130A1F85C0093
S31508019AA004E00099012081F86000FFE70099C86C7D
S31508019AB00865486D886502B070470000000000001F
S31508019AC084B003900291019203980090029800686D
S31508019AD041F20001C4F20101884207D1FFE700996A
S31508019AE040F62420C2F20040086054E0029800685B
S31508019AF044F20041C4F20001884207D1FFE7009908
S31508019B0040F63430C2F20040086043E0029800682B
S31508019B1044F60001C4F20001884207D1FFE7009923
S31508019B2040F64440C2F20040086032E002980068FC
S31508019B3044F60041C4F20001884207D1FFE70099C3
S31508019B4040F65450C2F20040086021E002980068CD
S31508019B5045F20001C4F20001884207D1FFE70099E6
S31508019B6040F66460C2F20040086010E0029800689E
S31508019B7041F20041C4F20101884207D1FFE7009989
S31508019B8040F67470C2F200400860FFE7FFE7FFE79E
S31508019B90FFE7FFE7FFE70198006841F20001C4F219
S31508019BA00101884207D1FFE7009940F62420C2F255
S31508019BB00040486054E00198006844F20041C4F24C
S31508019BC00001884207D1FFE7009940F63430C2F216
S31508019BD00040486043E00198006844F60001C4F279
S31508019BE00001884207D1FFE7009940F64440C2F2D6
S31508019BF00040486032E00198006844F60041C4F22A
S31508019C000001884207D1FFE7009940F65450C2F295
S31508019C100040486021E00198006845F20001C4F25D
S31508019C200001884207D1FFE7009940F66460C2F255
S31508019C300040486010E00198006841F20041C4F212
S31508019C400101884207D1FFE7009940F67470C2F214
S31508019C5000404860FFE7FFE7FFE7FFE7FFE7FFE7A9
S31508019C6004B070470000000081B00090009890EDA4
S31508019C70260A01B07047000081B0009000984FF0A5
S31508019C80894181600021C4F22541C1600021C16476
S31508019C90016541658165A0F85C10A0F85E1080F841
S31508019CA0601080F8611001B07047000000000000E4
S31508019CB082B001908DED000A01990098086402B0FE
S31508019CC0704700000000000082B001908DED000A87
S31508019CD001990098486102B0704700000000000031
S31508019CE082B001900198009090F8280070B9FFE7BA
S31508019CF0009890ED060A30EE000A80ED070A90ED0D
S31508019D00060A20EE000A80ED080A20E0009890F87D
S31508019D10280001281AD1FFE7009890ED061AB0EE3F
S31508019D20080A21EE001A80ED071A90ED061A21EEAF
S31508019D30000A20EE010A80ED080A90ED061A21EEC6
S31508019D40010A20EE010A80ED090AFFE7FFE70098FC
S31508019D5090F82900B0B9FFE7009890ED011A90ED47
S31508019D60050A9FED9B2A20EE020A20EE010A9FEDC5
S31508019D70991A80EE010AB0EE081A80EE010A80ED02
S31508019D80040A23E0009890F82900012812D1FFE778
S31508019D90009890ED011A90ED050A9FED8B2A20EEA9
S31508019DA0020A20EE010A9FED891A80EE010A80ED6A
S31508019DB0040A0AE0009890F82900032804D1FFE76D
S31508019DC0009948690861FFE7FFE7FFE7009890F8FF
S31508019DD02800002842D1FFE70098007830B9FFE74C
S31508019DE00099086C086301200870FFE7009890ED58
S31508019DF0023A90ED032A90ED041A90ED0C0A90EDC3
S31508019E000D4AA4EE030A21EE031A81EE021A30EE78
S31508019E10010A80ED0C0A90ED023A90ED071A90EDD1
S31508019E200C0A90ED102A21EE031A32EE402AA1EE11
S31508019E30020A80ED0C0A90ED022A90ED081A90EDBF
S31508019E400C3A90ED0D0A21EE021A90ED102A32EE27
S31508019E50432AA1EE020A80ED0D0A64E0009890F803
S31508019E60280001285ED1FFE70098007830B9FFE79E
S31508019E700099486CC86201200870FFE7009890EDC8
S31508019E80022A90ED0B0A90ED0C1AA1EE020A80ED5A
S31508019E900B0A90ED023A90ED032A90ED041A90ED23
S31508019EA00C0A90ED0D4AA4EE030A21EE031A81EE7F
S31508019EB0021A30EE010A80ED0C0A90ED023A90ED95
S31508019EC0071A90ED0B0A90ED112A21EE031A32EECC
S31508019ED0402AA1EE020A80ED0B0A90ED022A90EDC6
S31508019EE0081A90ED0B3A90ED0C0A21EE021A90ED44
S31508019EF0112A32EE432AA1EE020A80ED0C0A90EDF0
S31508019F00022A90ED091A90ED0B3A90ED0D0A21EE11
S31508019F10021A90ED112A32EE432AA1EE020A80EDC9
S31508019F200D0AFFE7FFE7009890ED030A90ED0D1A79
S31508019F3020EE010A80ED0E0A90F82900B0B9FFE774
S31508019F40009890ED011A90ED0E0A9FED222A20EE57
S31508019F50020AB0EE082A80EE020A9FED212A21EEB6
S31508019F60021A80EE010A80ED0F0A2BE0009890F89C
S31508019F702900012816D1FFE7009890ED011A90ED06
S31508019F800E0A9FED152A20EE020AB3EE032A20EEE9
S31508019F90020A9FED122A21EE021A80EE010A80EDCD
S31508019FA00F0A0EE0009890F82900032808D1FFE768
S31508019FB0009890ED0E0AB1EE400A80ED0F0AFFE710
S31508019FC0FFE7FFE702B070479A99993E3333734624
S31508019FD02DB23D3F00008046CDCC4C449A9999BE9E
S31508019FE02DB23DBF0000000087B006908DED050A31
S31508019FF0CDED040A8DED031A8DF80B108DF80A20A4
S3150801A000CDED011A069800900599C1600499816100
S3150801A010039941609DF80B1080F828109DF80A10E5
S3150801A02080F829100199816090F8280070B9FFE736
S3150801A030009890ED060A30EE000A80ED070A90EDC9
S3150801A040060A20EE000A80ED080A20E0009890F83A
S3150801A050280001281AD1FFE7009890ED061AB0EEFC
S3150801A060080A21EE001A80ED071A90ED061A21EE6C
S3150801A070000A20EE010A80ED080A90ED061A21EE83
S3150801A080010A20EE010A80ED090AFFE7FFE707B09A
S3150801A090704700000000000081B000900098002180
S3150801A0A0017001B07047000081B0009000984FF42C
S3150801A0B0B671018040F2946141804FF08941416057
S3150801A0C00021C4F2254181600021818101B07047D8
S3150801A0D02DE9F04190B00D46DDE9168101AFCDE9D4
S3150801A0E00130CDE9032107F110002721E6F701FB2D
S3150801A0F001208DF83B000024D8F800000F948669EA
S3150801A100404639462A4601230094B0470A98012851
S3150801A11011D0F8B90B99DDE90802069C81F0010115
S3150801A12080F0010008430021012A18BF0C460028C7
S3150801A13018BF0C460EE00798012801D1059C09E0D5
S3150801A1400B98002430B90898012803D109980128E9
S3150801A15008BF059C204610B0BDE8F0812DE9F04105
S3150801A16092B01E46199B0C46002B05D41898D84266
S3150801A17018BF0024254623E0991C4FF000051FD07F
S3150801A1800DF10C08CDE9036008F110002021CDE995
S3150801A1900523E6F7AEFA4FF080704FF0010C1090E8
S3150801A1A03068CDF83CC0119547693046414622468C
S3150801A1B02346CDE900C5B8470998012808BF2546B1
S3150801A1C0284612B0BDE8F0812DE9F04192B01D464E
S3150801A1D0189B002B27D4C71A0E468F424FF000044E
S3150801A1E022DB0DF10C0808F110002021CDE90357F7
S3150801A1F0CDE90523E6F77DFA4FF080704FF0010CA3
S3150801A20010902868CDF83CC01194D0F814E028467F
S3150801A210414632463346CDE900C4F047099C002C35
S3150801A22018BF3C4600E00024204612B0BDE8F08184
S3150801A2300A6852F8083C1944016052F8041CC0E93E
S3150801A240011370470AF069B980B5AFF30080082198
S3150801A250BDE880400AF0F3B980B5AFF300800C2160
S3150801A260BDE880400AF0EBB903C844F64E42C0F295
S3150801A2704302000A82EA112240EA016042F62B31C2
S3150801A280C4F2437148401043B0FA80F04009704760
S3150801A29042F65801C2F20041884238BFE6F7F1B8E2
S3150801A2A001F50071884201D201F04EBFE6F7E9B81F
S3150801A2B010B582B0044601284FF0000098BF01246A
S3150801A2C0019001A808212246E6F7A5FA019810B9D6
S3150801A2D0204601F0E3FF02B010BD00002DE9F04F62
S3150801A2E08DB00F461821984691468246E6F701FA3F
S3150801A2F003205FEAC77B8AF8180008D1B80740F13E
S3150801A3008B8107F00C000C2805D1022026E017F0F6
S3150801A3100E0F40F08181169D2846FBF7DBFEE0B162
S3150801A3200646CAF80C0000200C900CAC2846002101
S3150801A3300F2200230094FBF73DFF0C9C2846FBF7F0
S3150801A340D5FE16F8011B0546FF290C9609D00CA85F
S3150801A35000F0B4F90C9E079004E008208AF818006A
S3150801A3605AE1079516F8012B24F00100E943FF2A63
S3150801A3704FF000020C9605970BD0002316F9015BE6
S3150801A38005F07F0494402343002D02F10702F5D41A
S3150801A390F218CDF818A000EB010A711C0C91367859
S3150801A3A0CDE9089200200022CDE903B811F9013B55
S3150801A3B003F07F0585402A43002B00F10700F5D4F9
S3150801A3C001EB020B0BAD0C910B9100BF594524D241
S3150801A3D02846314600F072F981462846314600F092
S3150801A3E06DF980462846314600F068F90B99002335
S3150801A3F0002200BF11F9014B04F07F079F403A4341
S3150801A400002C03F10703F5D4D1450B9103D808EBCA
S3150801A41009039A4505D3CA45D8D20898049900F084
S3150801A4203FF9002800F0B5800799002A08440699E3
S3150801A430086100F0B1800BEB0200DDF810B0A0F165
S3150801A44001080BF158004FF0000A4FF0FF3607904C
S3150801A45000210020C14600BF19F9012B02F07F0334
S3150801A4608B401843002A01F10701F5D4D2B206FA46
S3150801A47001F32029064638BF1E433F2A98BF0646E0
S3150801A480012E37DB0998002800F0C980A0EB860069
S3150801A4900168002900F08680006800BF002800F0E6
S3150801A4A081800546089810B3584603C800BF44F68C
S3150801A4B04762C4F24C32514042F60132C4F22B32A1
S3150801A4C050400843079808BF5BF8240C00280A90F7
S3150801A4D000F0A9805BF8201C002900F0A4802868F8
S3150801A4E00AAA036928469847002840F084805046FE
S3150801A4F030E000BFB6FA86F0400940EA0A004EB3DA
S3150801A500059911F0080125D1089800284AD058461E
S3150801A51003C800BF44F64762C4F24C32514042F6C2
S3150801A5200132C4F22B3250400843079C08BF5BF83E
S3150801A530244C002C77D05BF8203C002B73D0F51700
S3150801A540099A30462946CDE9004B00F08FF90028D3
S3150801A550504659D1002200214B4600BF13F9016B21
S3150801A56006F07F0797403943002E02F10702F5D41A
S3150801A570F3B24FF0FF3606FA02F7202A0A4638BF29
S3150801A5803A433F2B98BF0A464AB309EB020882466B
S3150801A5905EE7069908203EE0039A0820002A08BFCC
S3150801A5A0062038E0069CF017C4E900605846C4F84E
S3150801A5B0088003C800BF44F64762C4F24C325140D2
S3150801A5C042F60132C4F22B325040084304BF5BF80D
S3150801A5D0240C079007986061062020761CE0082164
S3150801A5E0C00718BF0621059A0820920758BF0146D9
S3150801A5F00698017610E00699F017C1E900600A98F5
S3150801A600C1F80880486105E00699C1E90065C1F805
S3150801A61008804C61062008760DB0BDE8F08F0898D1
S3150801A620594600F03DF858460AF096F85BF8140CBE
S3150801A63009F074FF10B5044628300AF08DF86069F0
S3150801A64009F06CFFF0B583B015460C46029002AED0
S3150801A650084600210022002300960027FBF76EFF1B
S3150801A6602868002102902046012200230096FBF764
S3150801A67065FF2D69204600210F22002302970096C7
S3150801A680FBF798FD0298002100F00100284302908B
S3150801A69020460F2200230096FBF750FF03B0F0BDBA
S3150801A6A0B0B5054608460C460AF056F81DB154F8E9
S3150801A6B0140C09F033FF09F0A9FF000070B5FF2952
S3150801A6C01CD001F00F020C2A00F29380D0F800C0CA
S3150801A6D0DFE802F065532F07178F8F8F8F3828070A
S3150801A6E017009CF800209CF802309CF803609CF83F
S3150801A6F0015043EA062342EA05225CE04FF0000EC8
S3150801A70075E09CF800209CF802309CF803609CF8E0
S3150801A710015043EA062342EA052242EA034E0CF1B6
S3150801A72008064CE09CF901209CF8003043EA022E09
S3150801A73005E09CF800209CF8013042EA032E0CF152
S3150801A74002063CE000230022664600BF16F9014BCB
S3150801A75004F07F059D402A43002C03F10703F5D435
S3150801A7604FF0FF359646E4B29D40202B38BF4EEA9E
S3150801A770050E3F2C98BF964621E000224FF0000EA9
S3150801A780664600BF16F9013B03F07F0494404EEA82
S3150801A790040EB3F1FF3F02F10702F3DD0FE09CF867
S3150801A7A000209CF802309CF803509CF8014043EACB
S3150801A7B0052342EA042242EA034E0CF10406C1F3D8
S3150801A7C002123AB1032A05D0012A12D1BEF1000FAD
S3150801A7D00AD0E644BEF1000F06D049B2B1F1FF3FF7
S3150801A7E0D8BFDEF800E001E04FF0000E06607046C3
S3150801A7F070BDE6F772F810B50AF024F9D0F808E04A
S3150801A800BEF1000F25D0714651F828CF44F64E42C5
S3150801A8104B68C0F2430282EA13244FEA1C2242EA39
S3150801A820036242F62B33C4F243735A4022430CD1D6
S3150801A830DEF82420013ACEF8242008D1DEF82020BB
S3150801A84082600020CEF8200001E0002282600846DE
S3150801A85010BD09F0DBFE012803D101F158000AF009
S3150801A8608FB880B551F8140C09F058FE2DE9F0415E
S3150801A87082B0E2B1DDF82080C0431C4602EB8000BD
S3150801A88001AD00BF076867B1061D006800BF016812
S3150801A8902A460B692146CDF8048098470028304698
S3150801A8A0F0D0B7FA87F0400902B0BDE8F0810998FF
S3150801A8B009F052FF09F0AAFE81B000900098002124
S3150801A8C001614161816101B070470000000000002B
S3150801A8D082B001908DED000A01990098C1F8F00C3B
S3150801A8E002B070470000000081B00090009890F80F
S3150801A8F0E40C01B07047000082B001908DF8031096
S3150801A90001999DF8030081F8E40C02B07047000034
S3150801A91081B00090009800F6E84090ED000A01B079
S3150801A920704700000000000082B001908DED000A1A
S3150801A93001990098C1F8E80C02B0704700000000C0
S3150801A94080B58AB009900998089000F65C41019192
S3150801A95000F57270039008F08FF9019805F0A0FFD1
S3150801A960019805F049FF0398089901F68841029173
S3150801A97008F09AF9029805F093FF029805F03CFF52
S3150801A9800198089901F62811059105F081FF0598A6
S3150801A99007F0F6FB059807F0FFFB059807F0E4FBBF
S3150801A9A0089800F29C71079108F066F9079804F077
S3150801A9B0EFF8089808F068F9079804F0DDF80298A6
S3150801A9C0089901F6F821069105F062FF069806F046
S3150801A9D0BBFD039808F078F9069806F0A9FD0898D2
S3150801A9E000F022FA0698089901F61441049106F036
S3150801A9F06BFD0498FFF768F9069806F091FD04982F
S3150801AA00FFF756F90498FFF76BF9059807F0E4FB89
S3150801AA10069806F0B1FD079804F0FAF80898FFF7CA
S3150801AA2063FFD8B1FFE7089800F6F820009006F012
S3150801AA306FFD9FED141A80EE010A0BF0A5F908992E
S3150801AA4000989FED111A20EE010A01F54E6181ED7C
S3150801AA50000A91ED000A06F0FFFC0CE0089800F5E3
S3150801AA604E610022C0F8E02C00F6F82091ED000AAC
S3150801AA7006F0F2FCFFE7089800F6F82006F03CFE1F
S3150801AA800AB080BD33336542CDCC4C3E0000000090
S3150801AA9080B598B017901798129008F0A9FB1298EC
S3150801AAA000F572709FEDC90A05F07AFE129800F258
S3150801AAB09C7003909FEDC60A9FEDC61AB0EE082A50
S3150801AAC0F2EE0E2ADFEDC44ACDED114A9FEDC35AC7
S3150801AAD08DED155A00210F91F0EE450AF0EE451A53
S3150801AAE0B0EE453AF0EE453AB0EE454A08F040FE7A
S3150801AAF00F99DDED114A12989DED155A00F2EC7089
S3150801AB009FEDB70A9FEDB72ADFEDB72ACDED0B2AE0
S3150801AB10F0EE450AB0EE451AF0EE451AB0EE453AA2
S3150801AB20F0EE453AB0EE454A08F022FE039812992E
S3150801AB3001F63C01019103F0DBFF03988DED020A52
S3150801AB4003F0D6FF01989DED022A0F99DDED114A12
S3150801AB509DED155AF0EE402AB0EE450AF0EE450A8B
S3150801AB60B0EE451AF0EE451AB0EE453AF0EE453A22
S3150801AB70B0EE454A08F0FCFD03980F996A46116044
S3150801AB8045F28851C2F2004101220E92B0EE000A46
S3150801AB908DED090A4FF40063DFED940A04F0B4F869
S3150801ABA00F99DDED114A12989DED155A00F62810F8
S3150801ABB00A909FED8F0A9FED8F1A8DED081AF3EE15
S3150801ABC0092AF0EE450AF0EE451AB0EE622AB0EE11
S3150801ABD0453AF0EE453AB0EE454A08F0C9FD0A98FD
S3150801ABE0129901F67811059107F08EFA01460A982D
S3150801ABF000EE101AB8EE400A8DED040A07F084FA41
S3150801AC009DED042A0F99DDED114A9DED155A02466F
S3150801AC10059800EE102AF8EE402A9FED770AF0EE25
S3150801AC20450AB0EE451AF0EE451AB0EE453AF0EE91
S3150801AC30453AB0EE454A08F09BFD0A98129901F685
S3150801AC40C811079107F060FA01460A9800EE101A32
S3150801AC50B8EE400A8DED060A07F056FA9DED062A6A
S3150801AC600F99DDED114A9DED155A0246079800EE3A
S3150801AC70102AF8EE402AB0EE450AF0EE450AB0EE83
S3150801AC80451AF0EE451AB0EE453AF0EE453AB0EE01
S3150801AC90454A08F06DFD9DED080ADDED091ADDED61
S3150801ACA0112A12989DED152A00F61820DFED530A90
S3150801ACB09FED531A08F0C4FD0A986A4640F64851B2
S3150801ACC0116045F2E841C2F200410D9105220323C4
S3150801ACD010939FED4C0A07F03FFB0F99DDED114AE2
S3150801ACE012989DED155A00F6F8200C90B6EE000A5A
S3150801ACF09FED451AF2EE042AF0EE450AF0EE451AE2
S3150801AD00B0EE622AB0EE453AF0EE453AB0EE454A63
S3150801AD1008F02EFDDDED0B2A0F99DDED114A12988B
S3150801AD209DED155A00F648309FED380AF0EE450AB2
S3150801AD30B0EE451AF0EE451AB0EE622AB0EE453A83
S3150801AD40F0EE453AB0EE454A08F012FD0C980D9919
S3150801AD500E9A0F9BEC46CCF8003002239FED2C0A85
S3150801AD60DFED2C0A06F0D0FE0F99109ADDED111AC7
S3150801AD70129800F614409FED280ADFED280AB7EE6F
S3150801AD80001A8DED161AFFF72FF912989DED151A6F
S3150801AD90DDED161A00F65C409FED210A8DED130ACA
S3150801ADA0DFED200ACDED140A05F05AFD12989DED46
S3150801ADB0130ADDED140A9DED151ADDED161A00F6D6
S3150801ADC0884005F04DFD18B080BD00BFACC5A73859
S3150801ADD0295C8F3E17B7D1396F12833A00000000FC
S3150801ADE0008009450000C8430000004500000442F0
S3150801ADF03333733F0AD7A33B0040674500007042CF
S3150801AE0000008C42920A06426F12033A0000FA4386
S3150801AE10798CA7419A99993FCDCCCC3D0000A042A7
S3150801AE20A4707D3F295C8F3D80B5AAB029902998E9
S3150801AE30269090F8E40C00286AD1FFE7269800F6D8
S3150801AE40281021900021259107F0BAF9269800F2D9
S3150801AE509C702390042103F0B3FE2698259900F6E9
S3150801AE60F820229006F07CFB21989FEDE00A8DEDF3
S3150801AE70240A08F01DFB26989DED240A00F6781091
S3150801AE8008F016FB26989DED240A00F6C81008F06E
S3150801AE900FFB22989DED240A08F00AFB26989DEDE2
S3150801AEA0240A00F6483008F003FB23989DED240A8E
S3150801AEB008F0FEFA26989DED240A00F2EC7008F0D7
S3150801AEC0F7FA26989DED240A00F63C0008F0F0FAF8
S3150801AED021989DED240A07F02BF922989DED240A65
S3150801AEE006F0FAFA23989DED240A03F019FE25982F
S3150801AEF042F6CC21C2F20041087042F6D821C2F2CC
S3150801AF000041087042F6DC21C2F20041086092E372
S3150801AF10269890F8E40C012874D1FFE7269800F6E4
S3150801AF2028101B90032107F04BF9269800F29C7014
S3150801AF301E900221199103F043FE1999269800F6ED
S3150801AF40F820209006F00CFB269800F6EC411A91A1
S3150801AF5000211F91C0F8EC1C00F6E8411D9107F08D
S3150801AF6093FE1D98FCF704FF1B9807F015F91A982C
S3150801AF70FCF7FEFE269901F54F601C9001F54D621E
S3150801AF8092ED000A01F6D441D1ED000AFBF738FB30
S3150801AF901A991B9891ED000A07F0BEF81C9920989A
S3150801AFA091ED000A06F078FA1D991E9891ED000AAE
S3150801AFB003F0AAFD1F99209842F6CC22C2F200425C
S3150801AFC0117042F6D822C2F20042117042F6DC2212
S3150801AFD0C2F20042116042F6D022C2F2004211606A
S3150801AFE006F096FA269842F6D421C2F2004181ED7E
S3150801AFF0000A07F049FE42F6E020C2F2004080ED61
S3150801B000000A17E32698FFF76FFC022840F08C82A6
S3150801B010FFE72698D0F8980700F026FC002800F0EC
S3150801B0208382FFE72698D0F8980700F005FC0028E8
S3150801B03056D0FFE72698D0F8980700F0FDFB0428BC
S3150801B0404ED0FFE742F6D820C2F200400078002829
S3150801B05046D1FFE742F6DC20C2F200400068B0F5AF
S3150801B060FA7F3DD9FFE7269842F6DC22C2F2004272
S3150801B0700021116042F6D823C2F2004301221A7058
S3150801B080C0F8EC1CC0F8F01C07F0FEFD26988DED03
S3150801B090170AD0F8980700F0CFFB9DED170A01466D
S3150801B0A0269801EE101AB8EEC11A9FED512AA1EEA3
S3150801B0B0020A00F6E84181ED000A00F6281003218C
S3150801B0C007F07EF8269800F29C700221189103F089
S3150801B0D077FD2698189900F6F82006F041FAFFE759
S3150801B0E042F6D820C2F20040007800285BD0FFE77C
S3150801B0F0269800F6EC41139100F62810149007F0F3
S3150801B1004BF81398FCF734FE269800F6E841169199
S3150801B11007F0BAFD1698FCF72BFE1399149891EDD2
S3150801B120000A06F0F9FF269901F6F82001F54F61A4
S3150801B13091ED000A06F0B0F92698169900F29C706E
S3150801B140159091ED000A03F0DFFC159803F00CFD4C
S3150801B150169890ED001A30EE410A09F0BDF9B7EEDE
S3150801B160001AB4EE410AF1EE10FA07DAFFE742F6E1
S3150801B170D821C2F2004100200870FFE7269842F65E
S3150801B180D022C2F200420021116042F6D422C2F254
S3150801B1900042116007F078FD42F6E020C2F2004055
S3150801B1A080ED000A47E2269842F6DC22C2F2004206
S3150801B1B0116801311160D0F8980700F07DFB00286D
S3150801B1C040F0A480FFE7269800F62810022106F031
S3150801B1D0F7FF269800F6F820012106F0C1F942F694
S3150801B1E0CC20C2F200400078E8B907E00000000070
S3150801B1F00000B4420000A0C20000A042269800F652
S3150801B2002810B7EE080A06F0CFFF269800F6F820B0
S3150801B210B0EE080A06F04CF942F6CC21C2F200411A
S3150801B22001200870FFE7269800F6281006F0B4FFFB
S3150801B2301FED101AB4EE410AF1EE10FA08DAFFE72B
S3150801B240269800F62810B7EE080A06F0ADFF15E0B5
S3150801B250269800F6281006F09FFF1FED191AB4EE7E
S3150801B260410AF1EE10FA08DDFFE7269800F62810E4
S3150801B270BFEE080A06F098FFFFE7FFE7269800F6F3
S3150801B280F82006F045F9269800F54D6090ED001A6C
S3150801B290B4EE410AF1EE10FA08DAFFE7269800F64D
S3150801B2A0F820B0EE080A06F003F918E0269800F629
S3150801B2B0F82006F02DF9269800F6D44090ED001AEC
S3150801B2C0B4EE410AF1EE10FA08DDFFE7269800F61A
S3150801B2D0F820B8EE080A06F0EBF8FFE7FFE726982C
S3150801B2E000F6281006F058FF269842F6D021C2F239
S3150801B2F0004181ED000A00F6F82006F009F942F648
S3150801B300D420C2F2004080ED000ABAE0269842F63F
S3150801B310CC22C2F200420021117000F62810032146
S3150801B32006F04EFF269800F6F820022106F018F9D5
S3150801B3302698D0F8980700F08FFAB5EE400AF1EE94
S3150801B34010FA37D1FFE72698D0F8980700F09CFA4B
S3150801B350B5EE400AF1EE10FA2CD1FFE7269842F62F
S3150801B360D021C2F20041096800F6EC421092C0F8F9
S3150801B370EC1C42F6D421C2F20041096800F54F627D
S3150801B3801292C0F8F01C00F62810119006F004FF7E
S3150801B3901098FCF7EDFC1099119891ED000A06F04A
S3150801B3A0BBFE2698129900F6F82091ED000A06F0E0
S3150801B3B073F865E02698D0F8980700F04DFA2698B4
S3150801B3C08DED280AD0F8980700F05EFA26988DEDDB
S3150801B3D0270A9DED280A8DED0B0A00F29C7003F0F1
S3150801B3E0C3FB269AB0EE401A9DED0B0A30EE410AD0
S3150801B3F002F6EC400C9080ED000A279902F54F639E
S3150801B4000D93C2F8F01C9FED8D0ADFED8D0AFBF74F
S3150801B410F7F826990D9801F54D6292ED000A01F6A5
S3150801B420D441D1ED000AFBF7EBF8269800F628106F
S3150801B4300E9006F0B1FE0C98FCF79AFC0C990E9842
S3150801B44091ED000A06F068FE26980D9900F6F82097
S3150801B4500F9091ED000A06F01FF80E9806F09CFE73
S3150801B4600F9842F6D021C2F2004181ED000A06F09A
S3150801B4704FF842F6D420C2F2004080ED000AFFE7F9
S3150801B480FFE72698D0F8980700F002FB09F024F8A0
S3150801B4909FED6C1AB4EE410AF1EE10FA23DAFFE7D2
S3150801B4A0269800F29C700A90022103F089FB2698DF
S3150801B4B042F6E021C2F20041096800F6E842099223
S3150801B4C0C0F8E81C07F0E0FB0998FCF751FC09995C
S3150801B4D00A9891ED000A03F017FB0A989FED5A0A9C
S3150801B4E003F062FB1FE0269807F0CEFB269800F6CC
S3150801B4F0E84181ED000A00F29C700890032103F0EF
S3150801B5005FFB2698D0F8980700F0C2FA089803F06E
S3150801B5104BFB269807F0B8FB42F6E020C2F2004042
S3150801B52080ED000AFFE784E02698FFF7DDF9022897
S3150801B5307ED1FFE72698D0F8980700F095F90028FC
S3150801B54076D1FFE7269842F6CC22C2F200420021C4
S3150801B550117042F6D822C2F20042117042F6DC227C
S3150801B560C2F20042116000F628100390032106F08A
S3150801B57027FE269800F6F82005900221019105F08C
S3150801B580EFFF0199269800F29C70079003F018FBCB
S3150801B590269842F6D021C2F20041096800F6EC422B
S3150801B5A00292C0F8EC1C42F6D421C2F200410968A5
S3150801B5B000F54F620492C0F8F01C42F6E021C2F28F
S3150801B5C00041096800F6E8420692C0F8E81C07F04F
S3150801B5D05BFB0698FCF7CCFB039806F0DDFD0298A9
S3150801B5E0FCF7C6FB02989FED150ADFED150AFBF776
S3150801B5F007F82699049801F54D6292ED000A01F6BD
S3150801B600D441D1ED000AFAF7FBFF0299039891EDAF
S3150801B610000A06F081FD0499059891ED000A05F0E6
S3150801B6203BFF0699079891ED000A03F06DFAFFE7CB
S3150801B630FFE7FFE7FFE72AB080BD00BF0000A0C211
S3150801B6400000A0420AD7233C0000000000000000C9
S3150801B65080B582B001900198009007F0C9FE009864
S3150801B66000F5727005F0BCF8009800F29C7003F0C2
S3150801B67033FC009800F6281006F0E2FE009800F662
S3150801B680F82006F0ADFA009800F61440FEF704FD1E
S3150801B690009800F65C4005F00FF9009800F688401E
S3150801B6A005F00AF900980021C4F2C821C0F8B81CAF
S3150801B6B00021C4F28C21C0F8BC1C0021CCF2343123
S3150801B6C0C0F8C01C0021C4F23431C0F8C41C0021E2
S3150801B6D0CCF2C811C0F8D01C0021C4F2C811C0F8B8
S3150801B6E0D41C0021C4F21631C0F8D81C0021C0F8B8
S3150801B6F0DC1CC0F8E01C80F8E41CC0F8E81CC0F8A3
S3150801B700EC1CC0F8F01C02B080BD0000000000006F
S3150801B71080B584B003908DF80B10039801909DF8BD
S3150801B7200B00002840F08380FFE70198C26802F108
S3150801B7303001B2F8602000F03BF908B9FFE776E07E
S3150801B740019901F12500C968303140F2C402C2F2FB
S3150801B75000421268E4F734FF0199C86B40F2584277
S3150801B760C2F200421060B1F840009080B1F8420080
S3150801B770D080B1F9330000EE100AB8EEC00A9FED89
S3150801B7802D1A8DED001A80EE010A81ED1E0AB1F916
S3150801B790350000EE100AB8EEC00A80EE010A01F182
S3150801B7A0740081ED1D0ABBEE090AF3EE090AFAF7E0
S3150801B7B027FF9DED001A0199B1F9260000EE100A3E
S3150801B7C0B8EEC00A80EE010A81ED130AB1F9280024
S3150801B7D000EE100AB8EEC00A80EE010A81ED140ADD
S3150801B7E0B1F92A0000EE100AB8EEC00A80EE010A85
S3150801B7F081ED150AB1F92C0000EE100AB8EEC00A5F
S3150801B80080EE010A81ED160A91F83B0000F001006D
S3150801B81081F8460091F8390000F0040081F84700E4
S3150801B82091F8390000F0030081F84800FFE704B0F9
S3150801B83080BD00BF0000C84281B00090009890F812
S3150801B840320001B07047000081B00090009890F86E
S3150801B850370001B07047000081B00090009890ED64
S3150801B8601E0A01B07047000081B00090009890F858
S3150801B870240001B07047000081B00090009890F84C
S3150801B880460001B07047000081B00090009890ED25
S3150801B8901D0A01B07047000080B582B00190009181
S3150801B8A00198C1690131C1610021FFF731FF02B079
S3150801B8B080BD00000000000081B00090009890F85B
S3150801B8C0480001B07047000085B0039002910192CB
S3150801B8D0ADF80230029828B9FFE74FF6FF70ADF8C8
S3150801B8E0120021E0FFE70198411E0191B8B1FFE777
S3150801B8F00298411C029100788DF80100BDF80210EA
S3150801B9009DF801004840C2B246F6E420C0F602009E
S3150801B91030F8120080EA1120ADF80200E3E7BDF81D
S3150801B9200200ADF81200FFE7BDF8120005B0704736
S3150801B93080B582B0019000910198C1690131C16158
S3150801B9400121FFF7E5FE02B080BD000000000000FE
S3150801B95080B586B005900491039205980190002060
S3150801B960ADF80A00049820B1FFE70398022801D828
S3150801B970FFE718E001980499039A023A4FF6FF7314
S3150801B980FFF7A2FFADF80A00BDF80A00049A039969
S3150801B990114401F8020C9DF80B00049A039911440D
S3150801B9A001F8010CFFE706B080BD000000000000A9
S3150801B9B080B588B0069005910492069802900020F9
S3150801B9C0ADF80E00059820B1FFE70498022804D8BF
S3150801B9D0FFE700208DF81F0028E002980599049AD0
S3150801B9E0023A4FF6FF73FFF76FFFADF80E009DF8A9
S3150801B9F00E10059A0498104410F8022C0020914262
S3150801BA0001900DD1FFE79DF80F00059A049911449D
S3150801BA1011F8011C401AB0FA80F040090190FFE7BD
S3150801BA20019800F001008DF81F00FFE79DF81F003F
S3150801BA3008B080BD0000000081B00090009890F821
S3150801BA40380001B07047000082B001908DED000A00
S3150801BA5001990098486602B070470000000000008E
S3150801BA6082B001908DED000A01990098C86502B06F
S3150801BA70704700000000000082B001908DED000AB9
S3150801BA8001990098086602B070470000000000009E
S3150801BA9081B00090009890ED160A01B07047000039
S3150801BAA081B00090009890ED140A01B0704700002B
S3150801BAB081B00090009890ED150A01B0704700001A
S3150801BAC082B001908DED000A01990098886602B04E
S3150801BAD0704700000000000082B001908DED000A59
S3150801BAE001990098C86602B070470000000000007E
S3150801BAF080B582B00190019800F042F802B080BD8D
S3150801BB0081B00090009890ED130A01B070470000CB
S3150801BB1082B0019001990091C869096A884205D1E4
S3150801BB20FFE70099002081F8240004E0009901202C
S3150801BB3081F82400FFE70099C869086202B07047D6
S3150801BB4080B585B08C46864608980799CDF810E0E9
S3150801BB50CDF80CC0029201938DF803108DF80200FE
S3150801BB6004990398C86002980861019848619DF88C
S3150801BB70030008769DF80200487605B080BD0000EE
S3150801BB80B0B58CB00B900B980790406802F04CFE4C
S3150801BB90072873D1FFE7079842F6FC22C2F2004252
S3150801BBA00121117040686F2102F04AFD014607988C
S3150801BBB042F6EC22C2F20042118040680B2102F0E3
S3150801BBC03FFD0146079842F6EE22C2F20042118075
S3150801BBD040680A2102F034FD42F6E421C2F200412E
S3150801BBE0088000200A90FFE70A98052812DCFFE77B
S3150801BBF00A9A42F6F020C2F2004030F8120042F6E4
S3150801BC00FE21C2F2004121F81200FFE70A9801302D
S3150801BC100A90E9E707984068652102F011FD014697
S3150801BC20079842F6F022C2F2004206921180406855
S3150801BC30662102F005FD069A01460798518040687B
S3150801BC40672102F0FDFC069A014607989180406833
S3150801BC50682102F0F5FC069A01460798D1804068EA
S3150801BC60692102F0EDFC069A0146079811814068A0
S3150801BC706B2102F0E5FC069948817CE0079840684B
S3150801BC8002F0D2FD6B2875D1FFE7079842F6FC2230
S3150801BC90C2F2004200210591117040680B2102F0A1
S3150801BCA0CFFC0146079842F6EC22C2F20042118007
S3150801BCB040686F2102F0C4FC0146079842F6EE225D
S3150801BCC0C2F20042118040686E2102F0B9FC0146B9
S3150801BCD0059842F6E422C2F2004211800990FFE774
S3150801BCE00998052812DCFFE7099A42F6F020C2F204
S3150801BCF0004030F8120042F6FE21C2F2004121F856
S3150801BD001200FFE7099801300990E9E707984068AA
S3150801BD10012102F095FC0146079842F6F022C2F28B
S3150801BD200042049211804068022102F089FC049ABB
S3150801BD300146079851804068032102F081FC049A64
S3150801BD400146079891804068042102F079FC049A1B
S3150801BD5001460798D1804068052102F071FC049AD2
S3150801BD600146079811814068072102F069FC049988
S3150801BD704881FFE7FFE700200890FFE708980528B4
S3150801BD8058DCFFE7089942F6F020C2F2004030F885
S3150801BD90110001281CDBFFE7089942F6FE20C2F2D2
S3150801BDA0004030F8110098B9FFE7089A42F6E621F3
S3150801BDB0C2F2004101208854FAF7FEFE089942F6BC
S3150801BDC00C30C2F2004000EB810080ED000AFFE76B
S3150801BDD0FAF7F2FE089942F60C30C2F2004000EB7F
S3150801BDE0810090ED001A30EE410AB1EE0C1AB4EE5C
S3150801BDF0410AF1EE10FA18DDFFE7089942F6E62046
S3150801BE00C2F20040405C01280FD1FFE7089A42F6CA
S3150801BE10E621C2F2004100208854089A42F60C3104
S3150801BE20C2F2004141F82200FFE7FFE70898013016
S3150801BE300890A3E70798017E80F8901090ED190AFB
S3150801BE409FEDA91A8DED021A20EE010ABDEEC00A70
S3150801BE5010EE101AA0F8931090ED170A20EE010AB9
S3150801BE60BDEEC00A10EE101AA0F8951090ED180A4A
S3150801BE7020EE010ABDEEC00A10EE101AA0F89710BE
S3150801BE8090ED1A0A20EE010ABDEEC00A10EE101A4C
S3150801BE90A0F89110006806F0F7FE9DED021A0798C2
S3150801BEA090ED1B2A30EE420A20EE010ABDEEC00AC9
S3150801BEB010EE101AA0F89910406802F001FB01462D
S3150801BEC0079880F89B10406802F0A6FC014607987F
S3150801BED0A0F89C1042F6EE21C2F200410988A0F8AA
S3150801BEE09E10406802F014FB01460798A0F8A610B8
S3150801BEF042F6EC21C2F200410988A0F8A01042F6E8
S3150801BF00E421C2F200410988A0F8A21042F6FC21F8
S3150801BF10C2F200410978C90142F6E62EC2F2004E84
S3150801BF209EF8052041EA42119EF8042041EA0211D1
S3150801BF309EF800209EF801309EF802C09EF803E0A4
S3150801BF4041EACE0141EA8C0141EA4301114380F8F5
S3150801BF50A810406802F0CCFA01460798A0F8A41088
S3150801BF60406802F0FDFA0146079880F8AD1080682E
S3150801BF7003F00AF80146079880F8AE10406802F007
S3150801BF802FFB9DED021A079820EE010ABDEEC00AA5
S3150801BF9010EE101AA0F8AF10406802F02DFB9DEDC7
S3150801BFA0021A079820EE010ABDEEC00A10EE101A11
S3150801BFB0A0F8B110406802F0EBFA079981F8B300CE
S3150801BFC046F2A400C2F200400068039003284CD848
S3150801BFD00399DFE801F0021124370798406802F057
S3150801BFE09FFA01460798A0F8A910406802F0A0FA3E
S3150801BFF00799A1F8AB0038E00798406802F0D8FA2B
S3150801C0000146079841F48041A0F8A910406802F05A
S3150801C010D7FA079940F48040A1F8AB0025E00798C4
S3150801C020406802F0D5FA0146079841F40041A0F8A4
S3150801C030A910406802F0CCFA079940F40040A1F82B
S3150801C040AB0012E00798406802F092FA0146079899
S3150801C05041F44041A0F8A910406802F091FA079905
S3150801C06040F44040A1F8AB00FFE70798C268019287
S3150801C070D0F89010D0F89430D0F898C0D0F89CE059
S3150801C080D0F8A040D0F8A45055611461C2F80CE06C
S3150801C090C2F808C053601160D0F8A810D0F8AC30C7
S3150801C0A0D0F8B0C0C2F820C0D3619161B0F8B4101D
S3150801C0B09184C1682622A1F86220C168FFF748FC6D
S3150801C0C046F2A400C2F2004001680131016000682D
S3150801C0D0042807D1FFE746F2A401C2F20041002075
S3150801C0E00860FFE70CB0B0BD0000C84200000000C0
S3150801C0F081B0009000980021C161016280F8241086
S3150801C10080F8461080F8471080F84810C164016528
S3150801C11041658165C165016641668166C1660167DA
S3150801C120416781674CF6CD41C4F21C11C1670021F4
S3150801C130C4F2C011C0F880104BF24661C3F67351C0
S3150801C140C0F8841001B07047F0B542F6582CC2F217
S3150801C150004CDCF8003042F6580E011FC2F2004EC0
S3150801C160BBB10EF50072934213D000241A4600BFE4
S3150801C170558802EB85068E4212D030F8026C01EB27
S3150801C1808607974211D0158814460EEB8502802D35
S3150801C190EED1A3EB0E0080080880CCF80010F0BDA4
S3150801C1A030F8020C28445080F0BD731920F8023C7F
S3150801C1B024B1A1EB0E0080082080F0BD1088CCF8D0
S3150801C1C000100880F0BD00002DE9F04F8BB0044641
S3150801C1D0C06C8B46C57801A9584608F0DAFE0028D6
S3150801C1E094F85000039918BF0021C00743D10E687F
S3150801C1F0002E40D005F00F0A4AF00200032838D174
S3150801C200BAF1030F02D14F68082002E04F88B6B28F
S3150801C21004200D18002006F00109D4F84880019081
S3150801C22058460F2101AA67F3410908F0C0FEB9F182
S3150801C230020F05D229460E68002EE1D11BE000BF88
S3150801C24029D1019827F0010120F0010008EB01022C
S3150801C250824205F10401EED826F001031A44904200
S3150801C260E9D22968480061F31E00411C11D0023049
S3150801C27011D109200AE0584608F02EFF0146092087
S3150801C280002908BF0520012908BF08200BB0BDE811
S3150801C290F08F0620FAE7E4F720FB0000F0B581B03D
S3150801C2A042F6582CC2F2004CDCF8002042F6580E31
S3150801C2B0C2F2004E22B10EF500718A4208D122E07F
S3150801C2C08021C0F27F01724642F8041FCCF8002093
S3150801C2D003300123810803EB90050024101D134642
S3150801C2E042071ED15E88721B02F001072A4688BFE3
S3150801C2F03A44B24209D3B14215D318881C460EEB0B
S3150801C30080028028EAD1002017E0B01A588080B24E
S3150801C31003EB8001002723F82070081D43074A8094
S3150801C3200BD0E4F7DAFA1988002C12BF21800EEB3C
S3150801C3308101CCF800100021198001B0F0BD000080
S3150801C34082B001908DF8031001999DF8030081F8D8
S3150801C3502C0402B07047000082B001908DF80310DA
S3150801C36001999DF8030081F82D0402B07047000079
S3150801C37080B582B001900198009005F019FD0098EA
S3150801C3805C3005F069FC0098BC3004F0E5FB0098C8
S3150801C39000F5E67004F054FE009800F53A7004F0D2
S3150801C3A04FFE02B080BD000080B592B01190119881
S3150801C3B0059040650322114606F0DAFB059901F15D
S3150801C3C05C00C1F8B010042100220A9206F0D0FBE5
S3150801C3D005980A99BC300290B3EE0C0ADFED612A82
S3150801C3E0DFED614ACDED084A9FED605A8DED095A98
S3150801C3F0F0EE450AB0EE451AF0EE451AB0EE622A9D
S3150801C400B0EE453AF0EE453AB0EE454A07F0B0F9D6
S3150801C4100298059901F58671019104F04DFB0146D3
S3150801C420029800EE101AB8EE400A8DED000A04F0E3
S3150801C43043FB9DED002ADDED084A9DED095A0A994F
S3150801C4400246019800EE102AF8EE402A9FED480AA6
S3150801C450F0EE450AB0EE451AF0EE451AB0EE453A49
S3150801C460F0EE453AB0EE454A07F082F9029845F2F0
S3150801C4708851C2F2004102230E939FED3E0ADFED79
S3150801C4803E0A1A4604F014FC059901F5E670049073
S3150801C49001F50871039104F08FFDDDED084A9DED64
S3150801C4A0095A0A990246039800EE102AF8EE402A1C
S3150801C4B09FED320A8DED060A9FED312A8DED072A89
S3150801C4C0F0EE450AB0EE451AF0EE451AB0EE453AD9
S3150801C4D0F0EE453AB0EE454A07F04AF904980E9B44
S3150801C4E045F2E841C2F200410D910122B7EE000A78
S3150801C4F08DED0F0ADFED230ACDED100A04F050FE8B
S3150801C500059901F53A700C9001F54F710B9104F0FC
S3150801C51053FD9DED060A9DED072ADDED084A9DEDC1
S3150801C520095A0A9902460B9801EE102AF8EE412A91
S3150801C530F0EE450AB0EE451AF0EE451AB0EE453A68
S3150801C540F0EE453AB0EE454A07F012F90C980D9906
S3150801C5500E9B9DED0F0ADDED100A1A4604F020FE2A
S3150801C56012B080BDD2537B416F12833A000000009E
S3150801C5700080BB440000104200401C460000A04257
S3150801C5800000FA440000804680B596B015901598CB
S3150801C5901390BC3004F080FA139800F2244181ED1F
S3150801C5A0000A90F82C0401461491042800F24B82E3
S3150801C5B01499DFE801F0034D6DCB9C001398BC304C
S3150801C5C00E900021129104F0BBFA139800F5E6705B
S3150801C5D00F9002210D9104F027FD0D99139800F58E
S3150801C5E03A70109004F020FD13981299FFF7B4FEE3
S3150801C5F00E989FEDD50A8DED110A06F059FF9DEDAE
S3150801C600110A139800F5867006F052FF9DED110A7E
S3150801C610139800F5E87006F04BFF9DED110A139883
S3150801C62000F53B7006F044FF0E989DED110A04F0E3
S3150801C63057FA0F989DED110A04F0C6FC10989DED66
S3150801C640110A04F0C1FC13991298C1F81804FAE109
S3150801C65013980121FFF780FE1398BC3004F05CFAA9
S3150801C660032801D1FFE70EE01398BC3004F054FA11
S3150801C670022807D1FFE71398BC309FEDB30A04F0EF
S3150801C68053FAFFE7FFE713990020C1F81804DAE126
S3150801C6901398BC300B90032104F052FA139800F555
S3150801C6A0E67002210A9104F0BFFC0A99139800F575
S3150801C6B03A7004F0B9FC0B98139901F2244292EDF1
S3150801C6C0000A9FEDA21A30EE010A01F5876181ED94
S3150801C6D0000A91ED000A04F0F7F9139801210C916B
S3150801C6E0FFF73AFE13990C9881F82C04ABE11398DD
S3150801C6F0BC300890032104F023FA139800F5E6707C
S3150801C7000221079104F090FC0799139800F53A70F5
S3150801C71004F08AFC0898139901F2244292ED000A62
S3150801C7209FEDE31A30EE010A01F5876181ED000AF2
S3150801C73091ED000A04F0C8F9139801210991FFF750
S3150801C7400BFE1399099881F82C047CE11398BC30E7
S3150801C75006900221059104F0F3F90599139800F55D
S3150801C760E67004F061FC0599139800F53A7004F037
S3150801C7705BFC0698139B03F5856140F6DB72C4F2F0
S3150801C780C902C3F8282491ED000A04F0CDF91398DB
S3150801C790D0F8B40001F0B4FE28B9FFE71399502088
S3150801C7A0A1F8060408E01398D0F8B40001F0F8FEE1
S3150801C7B01399A1F80604FFE7139800F5836090ED35
S3150801C7C0000AB5EE400AF1EE10FA40F08180FFE763
S3150801C7D01399B1F80404B1F81424801AB1F806249F
S3150801C7E000EB420000EB8000400000EE100AB8EEB4
S3150801C7F0C00A01F21C4080ED000AB1F80404B1F840
S3150801C8001414401A632831DCFFE71398B0F80414AE
S3150801C810B0F81424891A01EB8102B0F80614C1EBA9
S3150801C820420200EE102AB8EEC00A00F5816292EDC6
S3150801C830002AB8EE081AA2EE010A00F21C4292ED8D
S3150801C840001A9FED993A81EE031A22EE011A80EE3B
S3150801C850010A01EE101AB8EEC11A81EE021A30EE7B
S3150801C860010A00F5846080ED000A30E01398B0F8FB
S3150801C8700414B0F81424891A01EB8102B0F80614DD
S3150801C880C1EB420200EE102AB8EEC00A00F5816239
S3150801C89092ED002AB9EE041AA2EE010A00F21C4230
S3150801C8A092ED001A9FED803A81EE031A22EE011AE3
S3150801C8B080EE010A01EE101AB8EEC11A81EE021ACB
S3150801C8C030EE010A00F5846080ED000AFFE770E0AA
S3150801C8D0139800F5836090ED000AB5EE400AF1EE73
S3150801C8E010FA35DDFFE7139800F5836191ED000A2B
S3150801C8F000F21C4090ED001AB4EE410AF1EE10FA6E
S3150801C90026DAFFE7139800F5846191ED000A30EE07
S3150801C910000A9FED631A20EE010AB1EE0C1A80EEA9
S3150801C920010A00F23440049080ED000A9FED5D0A89
S3150801C930F3EE020AF9F764FE13980499BC3091EDF7
S3150801C940000A04F0F1F833E000000000DB0F493F6C
S3150801C9501398B0F8061400EE101AB8EEC00A00F5DE
S3150801C960816191ED001A80EE010A00F5846181ED7D
S3150801C970000A91ED000A30EE000A9FED491A20EEF1
S3150801C980010AB1EE0C1A80EE010A00F23440039056
S3150801C99080ED000A9FED430AF3EE020AF9F730FE2D
S3150801C9A013980399BC3091ED000A04F0BDF8FFE72E
S3150801C9B0FFE7139800F5836191ED000A00F21C4028
S3150801C9C090ED001AB4EE410AF1EE10FA0CDAFFE71F
S3150801C9D0139800F5836090ED000AB7EE001A30EE61
S3150801C9E0010A80ED000AFFE71398B0F81404B0F5C0
S3150801C9F0967F0EDDFFE7139901F1BC0001F585610C
S3150801CA0091ED000A9FED291A20EE010A04F08CF82F
S3150801CA10FFE71398B0F81404B0F5AA7F0EDDFFE717
S3150801CA20139901F1BC0001F5856191ED000AB5EE96
S3150801CA30001A20EE010A04F077F8FFE7139801219E
S3150801CA40FFF78AFCFFE7139890F82D04A8B1FFE7D2
S3150801CA50139901F5E67001F58661029191ED000AD7
S3150801CA6004F0D6FA1398029900F53A7091ED000A86
S3150801CA70B1EE400A04F0CCFA10E0139800F5E6701E
S3150801CA809FED080A8DED010A04F0C2FA13989DED8F
S3150801CA90010A00F53A7004F0BBFAFFE716B080BD4B
S3150801CAA0DB0F4940000000000000C842CDCCCC3E57
S3150801CAB0D2537B400000000080B582B001900198F6
S3150801CAC0009005F005FA00985C3005F065F90098C4
S3150801CAD0BC3004F061F9009800F5E67004F0D4FB67
S3150801CAE0009800F53A7004F0CFFB00984FF4C8712E
S3150801CAF0A0F804145021A0F806140021C4F220114C
S3150801CB00C0F8081442F23411A0F80C144FF4FA6173
S3150801CB10A0F80E140021C4F21641C0F81014002121
S3150801CB20C0F81814C0F81C14C0F82014C0F824144E
S3150801CB3040F6DB72CCF2C902C0F82824012280F83B
S3150801CB402C2480F82D1448F20002C4F22242C0F8BF
S3150801CB50302440F6DB72CCF24912C0F83424C0F80E
S3150801CB60381402B080BD000080B58AB009900998D2
S3150801CB70049000F6C850FCF767FDFBF749FE0498D8
S3150801CB8042F29C11084490ED001AB4EE410AF1EE06
S3150801CB9010FA08DDFFE7049800F6C850FCF754FDC3
S3150801CBA08DED030A04E09FED5F0A8DED030AFFE7A9
S3150801CBB004989DED030A8DED060A00F6C850FCF7A8
S3150801CBC04BFDFBF725FE049842F29C11084490EDB3
S3150801CBD0001AB4EE410AF1EE10FA08DDFFE70498EF
S3150801CBE000F6C850FCF738FD8DED020A04E09FED0A
S3150801CBF04D0A8DED020AFFE704989DED020A8DEDB7
S3150801CC00050A00F57A60FDF783FE04988DED080A9A
S3150801CC1041F69821084404F037FC04988DED070A7B
S3150801CC209DED061A42F2B011014491ED002A9DEDDF
S3150801CC30080AA1EE420A8DED080A9DED051A42F28F
S3150801CC40B411084490ED002A9DED070AA1EE020AE7
S3150801CC508DED070A9DED070AB3EE091AB4EE410AEE
S3150801CC60F1EE10FA05DDFFE70020C4F2C8100790BF
S3150801CC70FFE79DED070ABBEE091AB4EE410AF1EE8C
S3150801CC8010FA05DAFFE70020CCF2C8100790FFE793
S3150801CC909DED080A9FED241AB4EE410AF1EE10FA49
S3150801CCA009DDFFE79DED080A9FED221A30EE010A1C
S3150801CCB08DED080A13E09DED080A9FED1C1AB4EEE6
S3150801CCC0410AF1EE10FA09DAFFE79DED080A9FED30
S3150801CCD0181A30EE010A8DED080AFFE7FFE70498F6
S3150801CCE000F6C850FCF7ACFD062807D1FFE7049803
S3150801CCF000F57A600221FDF7FFFD11E0049800F5C1
S3150801CD007A6001900121FDF7F7FD01989DED080A6A
S3150801CD10FDF70AFE01989DED070AFDF7D9FDFFE724
S3150801CD200AB080BD0000000000003443000034C38F
S3150801CD300000B4430000B4C380B58AB009900998CD
S3150801CD40079000F6C850FCF77BFD0890089806285E
S3150801CD5040F0F580FFE7079800F6C850FCF784FD18
S3150801CD600146069100286AD0FFE70698032804D0F1
S3150801CD70FFE7069806280ED0E0E0079841F69841A5
S3150801CD800844049000210591FFF7DAFA04980599F9
S3150801CD90FFF7E2FAD2E0079800F6E460FEF764FDD1
S3150801CDA070B9FFE7079841F69841084402900021B7
S3150801CDB00391FFF7C5FA02980399FFF7CDFABDE08B
S3150801CDC0079800F6E460FEF777FD012826D1FFE70C
S3150801CDD0079800F6E460FEF737FD01281ED1FFE744
S3150801CDE0079800F6E460FEF737FDB5EE400AF1EE66
S3150801CDF010FA0BD1FFE7079800F6E460FEF744FD49
S3150801CE00B5EE400AF1EE10FA08D0FFE7079841F6A9
S3150801CE10984108440321FFF793FA0FE0079800F6B3
S3150801CE20E460FEF749FD40B9FFE7079841F69841E6
S3150801CE3008440121FFF784FAFFE7FFE77EE0079838
S3150801CE4000F6C850FCF710FF10EE100A09F01EFB99
S3150801CE5041EC100B9FED861B53EC112B51EC100B7B
S3150801CE6009F06BFB10BBFFE7079800F6C850FCF703
S3150801CE70FBFE10EE100A09F009FB41EC100B9FEDC1
S3150801CE807E1B53EC112B51EC100B09F041FB68B9D1
S3150801CE90FFE7079841F6984108440121FFF750FA40
S3150801CEA0079942F2EC120020885446E0079800F6EA
S3150801CEB0C850FCF7D9FE10EE100A09F0E7FA41EC62
S3150801CEC0100B9FED6F1B53EC112B51EC100B09F056
S3150801CED034FB98B9FFE7079842F2EC11405C68B950
S3150801CEE0FFE7079841F6984108440221FFF728FA17
S3150801CEF0079942F2EC12012088541DE0079800F6C2
S3150801CF00C850FCF7B1FE10EE100A09F0BFFA41EC61
S3150801CF10100B9FED5D1B53EC112B51EC100B09F017
S3150801CF20F7FA40B9FFE7079841F698410844032103
S3150801CF30FFF706FAFFE7FFE7FFE7FFE796E007983F
S3150801CF4000F6C850FCF790FC002840F08080FFE707
S3150801CF50079800F6C850FCF787FE10EE100A09F08C
S3150801CF6095FA41EC100B9FED421B53EC112B51EC3A
S3150801CF70100B09F0E2FA10BBFFE7079800F6C85054
S3150801CF80FCF772FE10EE100A09F080FA41EC100B5C
S3150801CF909FED391B53EC112B51EC100B09F0B8FA24
S3150801CFA068B9FFE7079841F6984108440121FFF758
S3150801CFB0C7F9079942F2EC120020885446E007980F
S3150801CFC000F6C850FCF750FE10EE100A09F05EFA9A
S3150801CFD041EC100B9FED2A1B53EC112B51EC100B56
S3150801CFE009F0ABFA98B9FFE7079842F2EC11405CF1
S3150801CFF068B9FFE7079841F6984108440221FFF707
S3150801D0009FF9079942F2EC12012088541DE007980E
S3150801D01000F6C850FCF728FE10EE100A09F036FA99
S3150801D02041EC100B9FED181B53EC112B51EC100B17
S3150801D03009F06EFA40B9FFE7079841F698410844A6
S3150801D0400321FFF77DF9FFE7FFE7FFE70DE0079803
S3150801D05041F698410844009000210191FFF770F9C3
S3150801D06000980199FFF778F9FFE7FFE70AB080BD55
S3150801D0709A9999999999C9BF9A9999999999C93FE3
S3150801D0809A9999999999E93F9A9999999999E9BF93
S3150801D09080B59EB01D901D981190002110911A918E
S3150801D0A0199118911791169115911491139100F6EA
S3150801D0B0C850FCF7B9FAFBF7ABFB119842F29C1181
S3150801D0C0084490ED001AB4EE410AF1EE10FA08DDB3
S3150801D0D0FFE7119800F6C850FCF7A6FA8DED0F0A7E
S3150801D0E004E09FEDB70A8DED0F0AFFE711989DED54
S3150801D0F00F0A8DED1C0A00F6C850FCF79DFAFBF7DE
S3150801D10087FB119842F29C11084490ED001AB4EE7F
S3150801D110410AF1EE10FA08DDFFE7119800F6C8504A
S3150801D120FCF78AFA8DED0E0A04E09FEDA50A8DED4E
S3150801D1300E0AFFE79DED0E0A8DED1B0A9DED1C0AF1
S3150801D1408DED060A9DED1B0A20EE000AB0EE001AC7
S3150801D1508DED081A80EE011AB7EE000A8DED090A5F
S3150801D16030EE410A07F0C4F91198B0EE401A9DED68
S3150801D170060A20EE010A8DED070A00F50C700A90E1
S3150801D18005F0BEF99DED071A9DED082AB0EE403A65
S3150801D1909DED090A21EE031A8DED181A9DED1B1A4C
S3150801D1A08DED0B1A9DED1C1A21EE011A81EE021A5C
S3150801D1B030EE410A07F09CF90A98B0EE401A9DED47
S3150801D1C00B0A20EE010A8DED0C0A05F0A5F9119856
S3150801D1D0B0EE401A9DED0C0A20EE010A8DED170AF4
S3150801D1E017991A919DED180AB1EE400A8DED190AA3
S3150801D1F000F6C850FCF724FB129012980D9040B126
S3150801D200FFE70D9803281DD0FFE70D98062820D0C3
S3150801D21093E0119800F50C70022105F0D9F91198DF
S3150801D22000F6C850FCF720FB062805D1FFE70020C9
S3150801D230CCF24000169004E00020C4F2400016909B
S3150801D240FFE77AE0119800F50C70012105F0C0F9A5
S3150801D25073E0119800F6E460FEF706FB58B9FFE79C
S3150801D260119800F50C70022105F0B2F900201A9008
S3150801D2701990169061E0119800F6E460FEF710FC2B
S3150801D28007F02AF99FED4F1AB4EE410AF1EE10FAAA
S3150801D29013DAFFE7119800F6E460FEF709FC07F0D8
S3150801D2A01BF99FED481AB4EE410AF1EE10FA04DAB9
S3150801D2B0FFE700201A9019900DE0119800F6E46036
S3150801D2C00590FEF7EDFB05988DED1A0AFEF7F0FBC2
S3150801D2D08DED190AFFE7119800F6E460FEF7ACFB3D
S3150801D2E00146049140B1FFE7049801280DD0FFE7F4
S3150801D2F00498022810D01FE011980021169100F514
S3150801D3000C70022105F064F916E0119800F50C700D
S3150801D310012105F05DF90FE0119800F6E460FEF7CA
S3150801D320EFFB1198B1EE400A8DED160A00F50C7067
S3150801D330022105F04DF9FFE7FFE79DED160AB1EE6B
S3150801D340001AB4EE410AF1EE10FA04DDFFE74FF0D8
S3150801D35081401690FFE79DED160AB9EE001AB4EE64
S3150801D360410AF1EE10FA05DAFFE70020CCF2800057
S3150801D3701690FFE71AA8B9EE000A8DED010AF1EE3B
S3150801D380000ACDED020AF9F73BF99DED010ADDED3B
S3150801D390020A19A8F9F734F9119800F50C700390E7
S3150801D3A09DED160A05F0A0F803989DED1A0A05F0F9
S3150801D3B0EFF803989DED190A05F0F6F81EB080BD41
S3150801D3C0000000000AD7233C80B586B00590059871
S3150801D3D0029000F6E461049100F57A61039141F245
S3150801D3E068310844019005F04FFC0498FEF72CFBC0
S3150801D3F0019805F051FC0498FEF732FB019805F0F7
S3150801D40063FC0498FEF738FB029841F23C71084424
S3150801D41001F066FB0299049842F29812114491EDC3
S3150801D420001A9FED072AA1EE020AFEF755FB03989B
S3150801D43005F02AFC0498FEF743FB06B080BD00BF41
S3150801D440333365C20000000080B582B001900198AF
S3150801D4500090FFF71DFE0098FFF786FB0098FFF77F
S3150801D4606BFC02B080BD000081B00090009842F2CA
S3150801D470EA11405C01B0704782B001908DF8031043
S3150801D48001999DF8030042F2EA12885402B07047E6
S3150801D49081B00090009842F2E911405C01B07047F2
S3150801D4A082B001908DF8031001999DF8030042F2AC
S3150801D4B0E912885402B0704781B00090009942F28F
S3150801D4C0E01288580130885042F29410085890F8B2
S3150801D4D02C0081F8B00201B070470000000000007E
S3150801D4E080B58EB00D900D98029000210C910B918C
S3150801D4F00A91ADF82610ADF82410ADF8221000F502
S3150801D5000C70019005F02CF801988DED0C0A05F0C8
S3150801D51033F801988DED0B0A04F0DAFF01988DEDC9
S3150801D5200A0A05F04DF8014602988DF8211000F611
S3150801D530E460FEF7A1F98DF820009DED0C0AF9EEDD
S3150801D540000ACDED050AB1EE001A8DED061A4FF661
S3150801D5503E60CFF6FF7004904FF4E1710391F9F73D
S3150801D560D3FB0399DDED050A9DED061A02460498DB
S3150801D570ADF8262040F21843C2F200430793BDF8DE
S3150801D58026201A809DED0B0AF9F7BEFBDDED050A8B
S3150801D5909DED061A0799ADF82400BDF824004880C8
S3150801D5A09DED0A0A6FF0C700C821F9F7ADFB079987
S3150801D5B04042ADF82200BDF8220088809DF820007F
S3150801D5C088719DF8212044F64850C2F20040027045
S3150801D5D00078C8710EB080BD80B582B001900198FF
S3150801D5E0009000F57A60FDF7ABF9009841F698418D
S3150801D5F00844FEF7BDFE0098FFF7E6FE009800F620
S3150801D600E460FEF775FA0098FFF76AFF02B080BD7D
S3150801D61080B584B003900398029042F62530C2F291
S3150801D62000400178013101700078322863D1FFE7A3
S3150801D63042F62430C2F200400178013101700078C7
S3150801D6404AF6AA22C2F6AA224AF6AB21CAF6AA21A4
S3150801D65000FB0120B0F1553F1AD2FFE7029800F00E
S3150801D660B7F8029800F6C850FCF702FA029841F298
S3150801D6706831084403F078F8029800F6E460FEF78A
S3150801D68047FA42F62431C2F2004100200870FFE74A
S3150801D690029800F0BDFF029800F57A61019141F602
S3150801D6A09821084403F0FCFF029841F6C801084492
S3150801D6B004F01EFE019805F02BFD029841F23C711B
S3150801D6C0084401F089FA029841F65451084403F0D6
S3150801D6D0C3FA029841F66461084403F035FD0298DD
S3150801D6E000F5FC5003F030FD42F62531C2F2004147
S3150801D6F000200870FFE704B080BD000000000000AC
S3150801D70080B58AB009908DED080A0998079000F549
S3150801D7100C700290B1EE000A8DED030A04F008FFC1
S3150801D72002989DED030A04F00FFF079942F2D4000F
S3150801D730084441650521002205F01AFA079800F602
S3150801D740C85045F65061C2F2004145F62852C2F268
S3150801D7500042FCF7B5F90798089942F29C128150E4
S3150801D76000F57A600690FDF793F9069A079800F690
S3150801D770E4610591C2F8981741F698410844049066
S3150801D780FEF712FE049A05980799C2F8B800C2F87E
S3150801D790B4106A46012151605A21116040F22051A4
S3150801D7A0C2F2004141F29412C2F2004240F2204311
S3150801D7B0C2F20043FEF7C4F906980799C1F8E40EC8
S3150801D7C0C1F8E81E01F52170C1F8EC0E0AB080BD5A
S3150801D7D082B001900199009142F2E010085842F294
S3150801D7E0E4128958884206D1FFE7009942F2E81205
S3150801D7F00020885405E0009942F2E8120120885475
S3150801D800FFE7009942F2E010085842F2E412885004
S3150801D81002B070470000000080B582B001900198FF
S3150801D820009001F009F8009800F50C7004F0DCFE90
S3150801D830009800F6C850FCF71FFA009800F66460D5
S3150801D840FCF732FC009800F6E460FEF751FC0098FC
S3150801D85000F57A60FDF7FCFE009841F69841084408
S3150801D860FFF72AF9009842F2D401084405F034F882
S3150801D870009842F22C11084405F01EF9009842F26C
S3150801D88084120021815442F28512815442F2861291
S3150801D890815442F28712815442F28812815442F22B
S3150801D8A08912815442F28C12815042F290128154AB
S3150801D8B040F2A832C2F2004242F29413C25042F236
S3150801D8C0981346F62E42CCF20B02C25042F2A0132E
S3150801D8D04FF08042C25042F2A4134FF4C872C252AA
S3150801D8E042F2A81341F26F22C3F68322C25042F2D2
S3150801D8F0AC134DF20A72C3F62342C25042F2B01378
S3150801D9004EF25532C3F6A562C25042F2B413C25062
S3150801D91042F2B81346F66322C3F61A42C25042F2DD
S3150801D920BC13C2504FF4075343F23332C4F2673281
S3150801D930C25042F2C41343F23332C4F26722C250D0
S3150801D94042F2C81349F6A632C3F64432C25042F22D
S3150801D950CC13C25042F2D012815242F2D2128152F3
S3150801D96042F2E012815042F2E412815042F2E81288
S3150801D970815442F2E912815442F2EA130122C25455
S3150801D98042F2EB13C25442F2EC12815442F2ED1206
S3150801D990815442F2EE120221815402B080BD000088
S3150801D9A080B5C0B03F903F98259042F63C32C2F20E
S3150801D9B00042002111800068B0F8040142F63E31A8
S3150801D9C0C2F200410880FFE742F63C30C2F200404D
S3150801D9D0008842F63E31C2F200410988884280F247
S3150801D9E06B85FFE725980168249142F63C31C2F21E
S3150801D9F00041098800F06CFD01462498084490F816
S3150801DA008400A52840F04F85FFE7259801681A91FB
S3150801DA1042F63C31C2F200411E910988063189B2AB
S3150801DA2000F056FD1A9A1E99034625981A4492F84B
S3150801DA30843044F63852C2F2004221921380128889
S3150801DA401C9202681B920988053189B200F040FDD3
S3150801DA501B9ADDF870C01E99219B8646259872444B
S3150801DA6092F8842042EA0C221A8002681D920988DB
S3150801DA70023189B200F02CFD1D9A1E99034625989C
S3150801DA801A4492F8843044F64A52C2F2004222926B
S3150801DA9013801288209202681F920988013189B27F
S3150801DAA000F016FD1F99209A03462298194491F809
S3150801DAB0841041EA0221018000218022F8F7C8FD7D
S3150801DAC021980088ADF8FA00052007F0A9FE01465D
S3150801DAD022983D910088093001462391B0F1FF3F14
S3150801DAE002DCFFE707F024F8239807F099FE3C903B
S3150801DAF000203B90FFE73B9804281ADCFFE72598AE
S3150801DB000168199142F63C31C2F2004109883B9AF3
S3150801DB10114489B200F0DCFC01461998084490F8D2
S3150801DB2084003D993B9A8854FFE73B9801303B9026
S3150801DB30E1E73D980521F9F7E3FE012840F0A284C3
S3150801DB40FFE700203A90FFE73A9844F64A51C2F2B5
S3150801DB5000410988093188421ADAFFE725980168E0
S3150801DB60189142F63C31C2F2004109883A9A1144A9
S3150801DB7089B200F0ADFC01461898084490F8840073
S3150801DB803C993A9A8854FFE73A9801303A90DBE78C
S3150801DB903C9844F64A51C2F2004109880931F9F71D
S3150801DBA0EBFF012840F06D84FFE7BDF8FA00014656
S3150801DBB0179101287DD0FFE71798022800F0AA805F
S3150801DBC0FFE71798032800F0D780FFE71798B0F505
S3150801DBD0817F00F00381FFE71798B0F5827F00F097
S3150801DBE02F81FFE7179840F20511884200F05A8104
S3150801DBF0FFE7179840F20121884200F08581FFE787
S3150801DC00179840F20221884200F0B081FFE7179881
S3150801DC1040F20321884200F0DB81FFE71798B0F54F
S3150801DC20017F00F00782FFE7179840F20521884235
S3150801DC3000F03282FFE7179840F20621884200F089
S3150801DC405D82FFE7179840F20721884200F0888233
S3150801DC50FFE71798B0F5027F00F0B482FFE717983F
S3150801DC6040F20921884200F0DF82FFE7179840F267
S3150801DC700A21884200F00A83FFE7179840F20D212E
S3150801DC80884200F03583FFE7179840F20E21884253
S3150801DC9000F06083FFE7179840F20131884200F0EF
S3150801DCA08B83FFE7179840F20331884200F0B68369
S3150801DCB0E6E300203990FFE7399844F64A51C2F263
S3150801DCC000410988023188421CDAFFE72598016874
S3150801DCD0169142F63C31C2F200410988399A11443B
S3150801DCE0073189B200F0F4FB2599024616981044CB
S3150801DCF090F88400399A11444875FFE7399801303C
S3150801DD003990D9E742F63C31C2F20041088814300D
S3150801DD100880B5E300203890FFE7389844F64A5161
S3150801DD20C2F200410988023188421DDAFFE72598C7
S3150801DD300168159142F63C31C2F200410988389AC8
S3150801DD401144073189B200F0C3FB2599024615989B
S3150801DD50104490F88400389A114481F82200FFE7AC
S3150801DD60389801303890D8E742F63C31C2F2004182
S3150801DD7008880A30088083E300203790FFE7379840
S3150801DD8044F64A51C2F200410988023188421DDA35
S3150801DD90FFE725980168149142F63C31C2F2004129
S3150801DDA00988379A1144073189B200F091FB259900
S3150801DDB002461498104490F88400379A114481F861
S3150801DDC02500FFE7379801303790D8E742F63C310E
S3150801DDD0C2F2004108882930088051E300203690B4
S3150801DDE0FFE7369844F64A51C2F2004109880231E2
S3150801DDF088421DDAFFE725980168139142F63C31FE
S3150801DE00C2F200410988369A1144073189B200F0F5
S3150801DE105FFB259902461398104490F88400369AB8
S3150801DE20114481F84D00FFE7369801303690D8E75E
S3150801DE3042F63C31C2F2004108880D3008801FE3E2
S3150801DE4000203590FFE7359844F64A51C2F2004161
S3150801DE500988023188421DDAFFE72598016812917F
S3150801DE6042F63C31C2F200410988359A114407311C
S3150801DE7089B200F02DFB259902461298104490F8B4
S3150801DE808400359A114481F85300FFE7359801302B
S3150801DE903590D8E742F63C31C2F2004108880C3089
S3150801DEA00880EDE200203490FFE7349844F64A51A1
S3150801DEB0C2F200410988023188421DDAFFE7259836
S3150801DEC00168119142F63C31C2F200410988349A3F
S3150801DED01144073189B200F0FBFA259902461198D7
S3150801DEE0104490F88400349A114481F85800FFE7E9
S3150801DEF0349801303490D8E742F63C31C2F20041F9
S3150801DF0008880C300880BBE200203390FFE733987D
S3150801DF1044F64A51C2F200410988023188421DDAA3
S3150801DF20FFE725980168109142F63C31C2F200419B
S3150801DF300988339A1144073189B200F0C9FA25993B
S3150801DF4002461098104490F88400339A114481F8D7
S3150801DF505D00FFE7339801303390D8E742F63C314C
S3150801DF60C2F2004108881630088089E20020329002
S3150801DF70FFE7329844F64A51C2F200410988023154
S3150801DF8088421DDAFFE7259801680F9142F63C3170
S3150801DF90C2F200410988329A1144073189B200F068
S3150801DFA097FA259902460F98104490F88400329AF8
S3150801DFB0114481F86C00FFE7329801303290D8E7B6
S3150801DFC042F63C31C2F2004108881930088057E20E
S3150801DFD000203190FFE7319844F64A51C2F20041D8
S3150801DFE00988023188421DDAFFE7259801680E91F2
S3150801DFF042F63C31C2F200410988319A114407318F
S3150801E00089B200F065FA259902460E98104490F8EF
S3150801E0108400319A114481F87E00FFE73198013076
S3150801E0203190D8E742F63C31C2F2004108881530F2
S3150801E030088025E200203090FFE7309844F64A51DF
S3150801E040C2F200410988023188421DDAFFE72598A4
S3150801E05001680D9142F63C31C2F200410988309AB5
S3150801E0601144073189B200F033FA259902460D9811
S3150801E070104490F88400309A114481F88C00FFE727
S3150801E080309801303090D8E742F63C31C2F200416F
S3150801E090088810300880F3E100202F90FFE72F98B9
S3150801E0A044F64A51C2F200410988023188421DDA12
S3150801E0B0FFE7259801680C9142F63C31C2F200410E
S3150801E0C009882F9A1144073189B200F001FA259976
S3150801E0D002460C98104490F884002F9A114481F84E
S3150801E0E09500FFE72F9801302F90D8E742F63C318B
S3150801E0F0C2F2004108880B300880C1E100202E9049
S3150801E100FFE72E9844F64A51C2F2004109880231C6
S3150801E11088421DDAFFE7259801680B9142F63C31E2
S3150801E120C2F2004109882E9A1144073189B200F0DA
S3150801E130CFF9259902460B98104490F884002E9A37
S3150801E140114481F89900FFE72E9801302E90D8E7FF
S3150801E15042F63C31C2F2004108880A3008808FE154
S3150801E16000202D90FFE72D9844F64A51C2F200414E
S3150801E1700988023188421DDAFFE7259801680A9164
S3150801E18042F63C31C2F2004109882D9A1144073101
S3150801E19089B200F09DF9259902460A98104490F82B
S3150801E1A084002D9A114481F89C00FFE72D980130CF
S3150801E1B02D90D8E742F63C31C2F20041088810306A
S3150801E1C008805DE100202C90FFE72C9844F64A511F
S3150801E1D0C2F200410988023188421DDAFFE7259813
S3150801E1E00168099142F63C31C2F2004109882C9A2C
S3150801E1F01144073189B200F06BF92599024609984D
S3150801E200104490F884002C9A114481F8A500FFE780
S3150801E2102C9801302C90D8E742F63C31C2F20041E5
S3150801E22008880F3008802BE100202B90FFE72B98F8
S3150801E23044F64A51C2F200410988023188421DDA80
S3150801E240FFE725980168089142F63C31C2F2004180
S3150801E25009882B9A1144073189B200F039F92599B1
S3150801E26002460898104490F884002B9A114481F8C4
S3150801E270AD00FFE72B9801302B90D8E742F63C31E9
S3150801E280C2F2004108880D300880F9E000202A9082
S3150801E290FFE72A9844F64A51C2F200410988023139
S3150801E2A088421DDAFFE725980168079142F63C3155
S3150801E2B0C2F2004109882A9A1144073189B200F04D
S3150801E2C007F9259902460798104490F884002A9A76
S3150801E2D0114481F8BE00FFE72A9801302A90D8E751
S3150801E2E042F63C31C2F2004108880F300880C7E087
S3150801E2F000202990FFE7299844F64A51C2F20041C5
S3150801E3000988023188421DDAFFE7259801680691D6
S3150801E31042F63C31C2F200410988299A1144073173
S3150801E32089B200F0D5F8259902460698104490F866
S3150801E3308400299A114481F8B300FFE7299801302E
S3150801E3402990D8E742F63C31C2F2004108880F30DD
S3150801E350088095E000202890FFE7289844F64A515E
S3150801E360C2F200410988023188421DDAFFE7259881
S3150801E3700168059142F63C31C2F200410988289AA2
S3150801E3801144073189B200F0A3F825990246059888
S3150801E390104490F88400289A114481F8BB00FFE7DD
S3150801E3A0289801302890D8E742F63C31C2F200415C
S3150801E3B008880A30088063E000202790FFE727983D
S3150801E3C044F64A51C2F200410988023188421DDAEF
S3150801E3D0FFE725980168049142F63C31C2F20041F3
S3150801E3E00988279A1144073189B200F071F82599ED
S3150801E3F002460498104490F88400279A114481F83B
S3150801E400C600FFE7279801302790D8E742F63C3146
S3150801E410C2F2004108882730088031E000202690A2
S3150801E420FFE7269844F64A51C2F2004109880231AB
S3150801E43088421DDAFFE725980168039142F63C31C7
S3150801E440C2F200410988269A1144073189B200F0BF
S3150801E4503FF8259902460398104490F88400269AB5
S3150801E460114481F80B02FFE7269801302690D8E778
S3150801E47042F63C31C2F20041088815300880FFE7B0
S3150801E480FFE7FFE73C98029020B1FFE7029806F004
S3150801E490D2F8FFE73D98019020B1FFE7019806F011
S3150801E4A0CAF8FFE7FFE742F63C31C2F200410888A5
S3150801E4B001300880FFF788BA40B080BD000000002F
S3150801E4C081B000900098407D000901B070470000B6
S3150801E4D082B00190ADF802100198BDF802200068DB
S3150801E4E0B0F80411B2FBF1F000FB112002B070473D
S3150801E4F081B000900098B0F8A50001B070470000FF
S3150801E50081B000900098007D01B0704700000000BE
S3150801E51081B000900098C08A01B0704700000000E1
S3150801E52081B000900098B0F8CC0001B070470000A7
S3150801E53081B000900098B0F8CE0001B07047000095
S3150801E54080B584B003900291ADF806200398C1689E
S3150801E5500131C160FFF724FA04B080BD0000000054
S3150801E56081B00090009890F8920001B070470000C1
S3150801E57081B000900098B0F8E00001B07047000043
S3150801E58081B000900098B0F8E20001B07047000031
S3150801E59081B00090009890F85900800901B0704741
S3150801E5A081B000900098B0F8630001B07047000090
S3150801E5B081B000900098B0F8D40001B0704700000F
S3150801E5C081B000900098B0F8D60001B070470000FD
S3150801E5D081B000900098B0F8D80001B070470000EB
S3150801E5E081B000900098D0F80B0200EE100A01B035
S3150801E5F0704700000000000081B000900098D0F834
S3150801E6000F0200EE100A01B070470000000000007A
S3150801E61082B0019001990091C8680969884204D1BC
S3150801E620FFE700990020087503E0009901200875A5
S3150801E630FFE70099C868086102B07047000000004A
S3150801E64085B003908DF80B10039800909DF80B0088
S3150801E6500138014601916E2800F2D2800199DFE85E
S3150801E66011F06F0075007B0081008700CF008D00D7
S3150801E670CF00CF0099009300CF00CF00CF00CF0085
S3150801E680CF00CF00CF00CF00CF00CF00CF00CF0003
S3150801E690CF00CF00CF00CF00CF00CF00CF00CF00F3
S3150801E6A0CF00CF00CF00CF00CF00CF00CF00CF00E3
S3150801E6B0CF00CF00CF00CF00CF00CF00CF00CF00D3
S3150801E6C0CF00CF00CF00CF00CF00CF00CF00CF00C3
S3150801E6D0CF00CF00CF00CF00CF00CF00CF00CF00B3
S3150801E6E0CF00CF00CF00CF00CF00CF00CF00CF00A3
S3150801E6F0CF00CF00CF00CF00CF00CF00CF00CF0093
S3150801E700CF00CF00CF00CF00CF00CF00CF00CF0082
S3150801E710CF00CF00CF00CF00CF00CF00CF00CF0072
S3150801E720CF00CF00CF00CF00CF009F00A500AB00E0
S3150801E730B100B700CF00BD00CF00CF00C900C300AC
S3150801E7400098B0F82500ADF812005FE00098B0F81F
S3150801E7502700ADF8120059E00098B0F82900ADF885
S3150801E760120053E00098B0F82B00ADF812004DE006
S3150801E7700098B0F82D00ADF8120047E00098B0F8FF
S3150801E7802F00ADF8120041E00098B0F83100ADF85D
S3150801E79012003BE00098B0F83300ADF8120035E0FE
S3150801E7A00098B0F83500ADF812002FE00098B0F8DF
S3150801E7B03700ADF8120029E00098B0F83900ADF835
S3150801E7C0120023E00098B0F83B00ADF812001DE0F6
S3150801E7D00098B0F83D00ADF8120017E00098B0F8BF
S3150801E7E03F00ADF8120011E00098B0F84100ADF80D
S3150801E7F012000BE00098B0F84300ADF8120005E0EE
S3150801E8000098B0F84300ADF81200FFE7BDF8120012
S3150801E81005B070470000000081B000900098B0F87C
S3150801E8205F0001B07047000081B00090009890F831
S3150801E8305D0001B07047000080B582B00190019873
S3150801E840009000214171052282710222C271027271
S3150801E850C16001610175E63004F05EF90098EE3099
S3150801E86004F03AF9009800F2031004F03DF9009813
S3150801E87000F2271004F040F9009800F5BC7004F086
S3150801E88043F9009800F5EC7004F04EF9009800F28F
S3150801E890192002F021F8009800F2232004F030F83C
S3150801E8A0009802B080BD000084B0039003980090E0
S3150801E8B0D0F8F0102C310191D0F8F00090F82C0026
S3150801E8C0A12804D1FFE70199A1200870FFE7009864
S3150801E8D0D0F8F00090F82C00A62804D1FFE701999A
S3150801E8E0A6200870FFE70098D0F8F02092F83210B9
S3150801E8F092F8332041EA022146F2B802C2F20042F6
S3150801E9001180D0F8F03093F8301093F8313041EA9D
S3150801E910032146F2BA03C2F200431980D0F8F03057
S3150801E92093F82E1093F82F3041EA032146F2B603E5
S3150801E930C2F2004319801188D0F8FC3019441180BD
S3150801E94090F8300158BBFFE7009946F2B800C2F2C9
S3150801E95000400088B1F85C21801A02900298D1F82B
S3150801E96014210021A1EB5201884207D2FFE7009941
S3150801E970D1F864010130C1F864010FE000990298E9
S3150801E980D1F81411B0EB510F07D9FFE70099D1F867
S3150801E99064010138C1F86401FFE7FFE7FFE7009862
S3150801E9A0D0F81431D0F8642146F2B801C2F2004118
S3150801E9B0B1F800C002FB03C2C0F86021019A1278BF
S3150801E9C080F84021098800EE101AB8EE400A90ED49
S3150801E9D0451AB8EE411A80EE010A9FED3B1A20EE60
S3150801E9E0010A80ED510A90ED510A9FED381AB4EEED
S3150801E9F0410AF1EE10FA0ADDFFE7009890ED510A97
S3150801EA009FED341A30EE010A80ED510A15E000989F
S3150801EA1090ED510A9FED2E1AB4EE410AF1EE10FA65
S3150801EA200ADAFFE7009890ED510A9FED271A30EEB2
S3150801EA30010A80ED510AFFE7FFE7009890ED510AB8
S3150801EA409FED251A20EE010A80ED520A46F2BA0117
S3150801EA50C2F20041B1F9002000EE102AB8EEC00A50
S3150801EA6080ED530AB1F9001000EE101AB8EEC00A8B
S3150801EA7020EE010A80ED540A46F2B601C2F20041BF
S3150801EA80B1F9001000EE101AB8EEC00A80ED550A69
S3150801EA90D0F8F01091F82D1000EE101AB8EE400AD1
S3150801EAA080ED560A46F2B801C2F200410988A0F87B
S3150801EAB05C1190F8300128B9FFE70099012081F827
S3150801EAC03001FFE704B070470000B4430000344347
S3150801EAD0000034C30000B4C335FA8E3C00000000C0
S3150801EAE081B00090009890ED510A01B0704700007E
S3150801EAF081B000900098B0F9080100EE100AB8EE4E
S3150801EB00C00A01B07047000082B001908DED000A7D
S3150801EB1001990098C1F8780102B070470000000019
S3150801EB2082B001908DED000A01990098C1F888011B
S3150801EB3002B070470000000080B584B003900291CE
S3150801EB40039801900298407808B9FFE708E0019810
S3150801EB50D0F834110131C0F83411FFF7A5FEFFE7EB
S3150801EB6004B080BD0000000081B00090009890EDCF
S3150801EB70470A01B07047000082B001908DED000A86
S3150801EB8001990098C1F81C0102B070470000000005
S3150801EB9082B001908DED000A01990098C1F8200113
S3150801EBA002B070470000000082B001908DED000AA6
S3150801EBB001990098C1F8800102B070470000000071
S3150801EBC082B001908DF8031001999DF8030081F830
S3150801EBD06A0102B07047000082B001900199009164
S3150801EBE0D1F83401D1F83811884205D1FFE70099E7
S3150801EBF0002081F83C0104E00099012081F83C01DC
S3150801EC00FFE70099D1F83401C1F8380102B070471D
S3150801EC1080B586B005900598039090F86A0101467B
S3150801EC20049102283CD0FFE7049803281CD0FFE78B
S3150801EC30049804285ED1FFE7039901F1A000029028
S3150801EC4091ED620A04F028FC0298039991ED550AA0
S3150801EC5004F0D2FD029804F037FC029804F0C4FDD2
S3150801EC60039880ED430A4AE0039901F150000190A7
S3150801EC7091ED600A04F010FC0198039991ED480A98
S3150801EC8004F0BAFD019804F01FFC019804F0ACFDEC
S3150801EC90039981ED610AD1F88401C1F80C012EE0CE
S3150801ECA0039890ED5E0A04F0F7FB039890ED470A86
S3150801ECB004F0A2FD039804F007FC039804F094FD00
S3150801ECC0039981ED600A01F15000009091ED600A07
S3150801ECD004F0E2FB0098039991ED480A04F08CFDD3
S3150801ECE0009804F0F1FB009804F07EFD039880ED8E
S3150801ECF0430A04E003990020C1F80C01FFE70398D1
S3150801ED0000F06EF806B080BD10B58AB00DF1100C92
S3150801ED10CDF804C08C46019986460C98CDF824E0B6
S3150801ED20CDF820C08DF81F2081ED020A0593C1EDAB
S3150801ED30000A8DF80F0009980290089800684AF2AF
S3150801ED400001C4F20001884208D1FFE7029940F2A6
S3150801ED50D820C2F20040C1F8F00023E00898006804
S3150801ED604AF20041C4F20001884208D1FFE702993C
S3150801ED7040F2A830C2F20040C1F8F00011E008984C
S3150801ED8000684DF20041C4F20001884208D1FFE74C
S3150801ED90029940F22040C2F20040C1F8F000FFE7B4
S3150801EDA0FFE7FFE702999DF81F0081F8F4009DF837
S3150801EDB00F0081F86A010598C1F8FC000698C1F8A8
S3150801EDC000010498C1F8040108989DF81F10F7F787
S3150801EDD0FBFC0299C1F8F8000AB010BD000000005A
S3150801EDE083B002900298009090F868018038014635
S3150801EDF00191262800F26C800199DFE801F0393388
S3150801EE006969696969692D6969696969696969699F
S3150801EE1069696969696969696969696969696914A8
S3150801EE20696969693F000099D1F8F820A120107035
S3150801EE3091ED430ABDEEC00A10EE100AD1F8F8208A
S3150801EE40107191ED430ABDEEC00A10EE100A000AD0
S3150801EE50D1F8F81048713CE00098D0F8F8108820ED
S3150801EE60087036E00098D0F8F8108120087030E074
S3150801EE700098D0F8F810802008702AE00099D1F897
S3150801EE80F820A620107091F82801D1F8F8205070C2
S3150801EE9091F82A01D1F8F820907091F82B01D1F850
S3150801EEA0F820D070D1F8F820D1F82C011071D1F8DA
S3150801EEB0F820D1F82C01000A5071B1F82E01D1F8C9
S3150801EEC0F820907191F82F01D1F8F810C871FFE771
S3150801EED0FFE703B07047000080B584B0039003983C
S3150801EEE0019004F095FC0198503004F091FC0198CA
S3150801EEF0A03004F08DFC01984FF40061A0F80811C8
S3150801EF0000210291C0F80C1149F69A12C3F69962CA
S3150801EF10C0F810214FF6FF72C0F81421C0F8181175
S3150801EF20C0F81C11C0F82011C0F824112D22A0F830
S3150801EF302A2180F83011C0F83411C0F8381180F848
S3150801EF403C1100F5A07003F0D3FC01980299A122A7
S3150801EF5080F8682180F86911022280F86A21C0F8D0
S3150801EF606C11C0F87011C0F87411C0F87811C0F8A6
S3150801EF707C11C0F88011C0F88411C0F8881104B05A
S3150801EF8080BD00000000000081B00090009890F854
S3150801EF902C0001B07047000081B00090009844F23F
S3150801EFA00001C4F29C61816100210162416280F81D
S3150801EFB0351080F83610416401B070470000000032
S3150801EFC081B00090009940F2C800C2F20040026880
S3150801EFD04DF68363C4F21B33A2FB0332920C8A609B
S3150801EFE0006844F6D352C1F26202A0FB02208009EE
S3150801EFF0C86001B07047000080B584B003900291E3
S3150801F0000398019000F09CFE30B1FFE70199087959
S3150801F01040F08000087108E0019800F019FA01999A
S3150801F0200246087910430871FFE7019800F0E4FDEC
S3150801F03030B1FFE70199087940F04000087108E00E
S3150801F040019800F06DF90199024608791043087193
S3150801F050FFE70198407928B1FFE70198029900F086
S3150801F0608FFA26E002994BF21F30C3F67B004862FD
S3150801F07002994DF2C970C3F66B308862029944F65B
S3150801F0802F70CBF6E220C86202994CF65830C4F2CA
S3150801F0901B100863029890ED0C1A9FED080A80EE82
S3150801F0A0010A80ED080A02990020C4F2202088612D
S3150801F0B0FFE70198007904B080BD00BFC3F51C4184
S3150801F0C080B586B0059004910598029042F62832DB
S3150801F0D0C2F2004203921221062300F0E1FF0298D0
S3150801F0E0039A1178537841EA032142F62633C2F28C
S3150801F0F000431980B3F9001000EE101AB8EEC00AE1
S3150801F10040F20001C2F2004191ED001A20EE010A17
S3150801F110DDF810C08CED000A92F802C092F803E0FF
S3150801F1204CEA0E2CA3F800C0B3F900C000EE10CAD1
S3150801F130B8EEC00A91ED001A20EE010ADDF810C0FA
S3150801F1408CED010A92F804C092F805E04CEA0E2CFF
S3150801F150A3F800C0B3F9003000EE103AB8EEC00AC1
S3150801F16091ED001A20EE010A049981ED020A0021A7
S3150801F170082300F05DFF039800780F2840F095807A
S3150801F180FFE70298407900284AD0FFE742F628337C
S3150801F190C2F200439878D97840EA012042F626312E
S3150801F1A0C2F200410880B1F9000000EE100AB8EE7B
S3150801F1B0C01A40F20400C2F2004090ED002A049AF7
S3150801F1C092ED090A91EE020A82ED030A1A7993F879
S3150801F1D005C042EA0C220A80B1F9002000EE102A85
S3150801F1E0B8EEC01A90ED002A049A92ED0A0A91EE39
S3150801F1F0020A82ED040A9A79DB7942EA03220A8035
S3150801F200B1F9001000EE101AB8EEC01A90ED002AF6
S3150801F210049890ED0B0A91EE020A80ED050A43E087
S3150801F22042F62833C2F200439878D97840EA012099
S3150801F23042F62631C2F200410880B1F9000000EE1B
S3150801F240100AB8EEC00A40F20400C2F2004090ED7E
S3150801F250001A20EE010A049A82ED030A1A7993F834
S3150801F26005C042EA0C220A80B1F9002000EE102AF4
S3150801F270B8EEC00A90ED001A20EE010A049A82ED52
S3150801F280040A9A79DB7942EA03220A80B1F9001065
S3150801F29000EE101AB8EEC00A90ED001A20EE010A27
S3150801F2A0049880ED050AFFE7FFE7029842F628323F
S3150801F2B0C2F2004201922221022300F0F1FE0199D5
S3150801F2C008784978C00040EA511142F62630C2F260
S3150801F2D000400180B0F90000B0F5806F09DBFFE757
S3150801F2E042F62631C2F200410888A0F5006008807E
S3150801F2F0FFE742F62630C2F20040B0F9000000EE00
S3150801F300100AB8EEC01AB4EE002AB3EE070AA1EE47
S3150801F310020A049880ED070A06B080BD00000000C5
S3150801F32080B58AB0089008980590002103918DF858
S3150801F3301F108DF81E100DF11E02049200F0ECFE4E
S3150801F34005989621069101F027F80399049A0598DC
S3150801F35000F0E2FE0598069901F01EF805981421B9
S3150801F360B62200F02DFF0598502100F0C9FF039938
S3150801F370049A059800F0D0FE0598069901F00CF854
S3150801F3800399049A059800F0C7FE0598069901F0B5
S3150801F39003F89DF81E000F2804D0FFE7FF208DF81B
S3150801F3A027004FE000208DF81F00FFE79DF81F009A
S3150801F3B0052843DCFFE705989DF81F1001EB41037B
S3150801F3C040F29E11C2F200410291CA18C95C5278F4
S3150801F3D000F0F6FE05989621019100F0DDFF0598EB
S3150801F3E002999DF81F2002EB4202895C0DF11E026B
S3150801F3F000F092FE0598019900F0CEFF02999DF85A
S3150801F4001E009DF81F2002EB4202114449788842EA
S3150801F4100DD0FFE79DF81F0000EB400140F29E105A
S3150801F420C2F20040084480788DF827000AE0FFE719
S3150801F4309DF81F0001308DF81F00B7E700208DF8F1
S3150801F4402700FFE79DF827000AB080BD00000000ED
S3150801F45080B58AB0089008980590002103918DF827
S3150801F4601F108DF81E100DF11F02049200F07CFE8C
S3150801F47005989621069100F08FFF0399049A05983D
S3150801F48000F072FE0598069900F086FF05987E2120
S3150801F490B62200F0B9FE0598502100F031FF039914
S3150801F4A0049A059800F060FE0598069900F074FF25
S3150801F4B00399049A059800F057FE0598069900F0F5
S3150801F4C06BFF9DF81F001E2804D0FFE7FF208DF86B
S3150801F4D027004FE000208DF81E00FFE79DF81E006B
S3150801F4E0052843DCFFE705989DF81E1001EB41034B
S3150801F4F040F2B011C2F200410291CA18C95C5278B1
S3150801F50000F082FE05989621019100F045FF0598C5
S3150801F51002999DF81E2002EB4202895C0DF11F0239
S3150801F52000F022FE0598019900F036FF02999DF830
S3150801F5301F009DF81E2002EB4202114449788842B9
S3150801F5400DD0FFE79DF81E0000EB400140F2B01018
S3150801F550C2F20040084480788DF827000AE0FFE7E8
S3150801F5609DF81E0001308DF81E00B7E700208DF8C2
S3150801F5702700FFE79DF827000AB080BD00000000BC
S3150801F58080B594B006AA029213901291139803902B
S3150801F590002011901090F7F70FFB42F63030C2F2B7
S3150801F5A0004080ED000AFFE7F7F706FB42F6303028
S3150801F5B0C2F2004090ED001A30EE410AB2EE041A8A
S3150801F5C0B4EE410AF1EE10FA1EDDFFE712994BF28D
S3150801F5D01F30C3F67B00486212994DF2C970C3F613
S3150801F5E06B308862129944F62F70CBF6E220C86216
S3150801F5F012994CF65830C4F21B1008631299002070
S3150801F600C4F220208861E1E29FEDE40AF9F71CF9CA
S3150801F6101299002008631299486212998862129910
S3150801F620C862ADF81600FFE7BDF8160040F2C21130
S3150801F630C2F200410988884280F2DA81FFE703981D
S3150801F640122110AA0192062300F02AFD9DF8400016
S3150801F6509DF8411040EA0120ADF83E00BDF93E0093
S3150801F66000EE100AB8EEC00A40F20000C2F20040ED
S3150801F67090ED001A20EE010A129981ED000A9DF813
S3150801F68042109DF8432041EA0221ADF83E10BDF92A
S3150801F6903E1000EE101AB8EEC00A90ED001A20EEE0
S3150801F6A0010A129981ED010A9DF844109DF8452039
S3150801F6B041EA0221ADF83E10BDF93E1000EE101ADE
S3150801F6C0B8EEC00A90ED001A20EE010A129880EDF4
S3150801F6D0020A129890ED002A90ED010A90ED021A9D
S3150801F6E020EE000AA2EE020AA1EE010A06F0BCFC0F
S3150801F6F002990398019A81ED020A91ED021A12996B
S3150801F70091ED0C0A30EE010A81ED0C0A002108235D
S3150801F71000F08EFC9DF840000F285FD1FFE79DF8A9
S3150801F72042009DF8431040EA0120ADF83E00BDF9BC
S3150801F7303E0000EE100AB8EEC00A40F20400C2F21A
S3150801F740004090ED001A20EE010A129981ED030A94
S3150801F750129991ED031A91ED090A30EE010A81ED2C
S3150801F760090A9DF844109DF8452041EA0221ADF8A1
S3150801F7703E10BDF93E1000EE101AB8EEC00A90ED23
S3150801F780001A20EE010A129981ED040A129991EDE7
S3150801F790041A91ED0A0A30EE010A81ED0A0A9DF86A
S3150801F7A046109DF8472041EA0221ADF83E10BDF901
S3150801F7B03E1000EE101AB8EEC00A90ED001A20EEBF
S3150801F7C0010A129880ED050A129890ED051A90ED36
S3150801F7D00B0A30EE010A80ED0B0AFFE7BDF81600A9
S3150801F7E038BBFFE7089807900898069000208DF81F
S3150801F7F01500FFE79DF81500022819DCFFE71298A6
S3150801F8009DF8152000EB8200C0680CA941F822007A
S3150801F81012989DF8152000EB8200C06809A941F8E5
S3150801F8202200FFE79DF8150001308DF81500E1E784
S3150801F83064E0029890ED020A90ED011AB4EE410ACD
S3150801F840F1EE10FA03DDFFE708980790FFE7029843
S3150801F85090ED020A90ED001AB4EE410AF1EE10FAA3
S3150801F86003DAFFE708980690FFE700208DF81400F1
S3150801F870FFE79DF8140002283FDCFFE712989DF880
S3150801F880141000EB810090ED030A0CA800EB81002F
S3150801F89090ED001AB4EE410AF1EE10FA0ADDFFE71F
S3150801F8A012989DF8142000EB8200C0680CA941F853
S3150801F8B02200FFE712989DF8141000EB810090EDE5
S3150801F8C0030A09A800EB810090ED001AB4EE410A7B
S3150801F8D0F1EE10FA0ADAFFE712989DF8142000EB08
S3150801F8E08200C06809A941F82200FFE7FFE79DF8F1
S3150801F8F0140001308DF81400BBE7FFE7029890ED7C
S3150801F900010A90ED001A30EE410A44F64C50C2F253
S3150801F910004080ED000A00208DF81300FFE79DF8EE
S3150801F920130002281DDCFFE79DF813100CA800EB55
S3150801F930810090ED000A09A800EB810090ED001AFC
S3150801F94030EE410A44F65050C2F2004000EB810005
S3150801F95080ED000AFFE79DF8130001308DF81300CA
S3150801F960DDE744F64C50C2F2004090ED000AB6EECF
S3150801F970001AB4EE410AF1EE10FA2DDCFFE744F65F
S3150801F9805050C2F2004090ED000A9FED961AB4EE6F
S3150801F990410AF1EE10FA1FDC02E000BF0AD7A33BC9
S3150801F9A044F65050C2F2004090ED010A9FED8D1ABF
S3150801F9B0B4EE410AF1EE10FA0EDCFFE744F65050B8
S3150801F9C0C2F2004090ED020A9FED861AB4EE410A92
S3150801F9D0F1EE10FA01DDFFE70AE09FED830AF8F779
S3150801F9E033FFFFE7BDF816000130ADF816001BE638
S3150801F9F040F2C210C2F20040008800EE100AB8EECA
S3150801FA00401A129890ED0C0A80EE010A80ED0C0A54
S3150801FA1000208DF81200FFE79DF8120002281BDC72
S3150801FA20FFE740F2C210C2F20040008800EE100A59
S3150801FA30B8EE401A12989DF8121000EB810090ED6D
S3150801FA40090A80EE010A80ED090AFFE79DF812000E
S3150801FA5001308DF81200DFE70398222110AA02234C
S3150801FA6000F01EFB9DF840009DF84110C00040EAD9
S3150801FA705110ADF83E00BDF93E00B0F5806F07DBC9
S3150801FA80FFE7BDF83E00A0F50060ADF83E00FFE7D0
S3150801FA90BDF93E0000EE100AB8EEC01AB4EE002A0F
S3150801FAA0B3EE070AA1EE020A129880ED060A42F69B
S3150801FAB04031C2F20041088801300880FFE744F668
S3150801FAC04C50C2F2004090ED000A0120B6EE001A31
S3150801FAD0B4EE410AF1EE10FA009071DCFFE71298D4
S3150801FAE090ED0C0A9FED411A30EE010AB0EEC00AFC
S3150801FAF00120B6EE001AB4EE410AF1EE10FA0090B2
S3150801FB005EDCFFE744F65050C2F2004090ED000A71
S3150801FB1001209FED341AB4EE410AF1EE10FA009075
S3150801FB204EDCFFE744F65050C2F2004090ED010A60
S3150801FB3001209FED2C1AB4EE410AF1EE10FA00905D
S3150801FB403EDCFFE744F65050C2F2004090ED020A4F
S3150801FB5001209FED241AB4EE410AF1EE10FA009045
S3150801FB602EDCFFE7129890ED090AB0EEC00A0120D3
S3150801FB709FED1F1AB4EE410AF1EE10FA00901FDC50
S3150801FB80FFE7129890ED0A0AB0EEC00A01209FED30
S3150801FB90181AB4EE410AF1EE10FA009010DCFFE7EC
S3150801FBA0129890ED0B0AB0EEC00A9FED111A0020CB
S3150801FBB0B4EE410AF1EE10FAC8BF01200090FFE742
S3150801FBC00098C00700287FF4EFACFFE7129890ED84
S3150801FBD00C1A9FED080A80EE010A80ED080A14B096
S3150801FBE080BD00BF9A99193E6F12033ACDCC1CC14C
S3150801FBF00AD7233CC3F51C4180B58AB008900898FA
S3150801FC000590002102918DF81F108DF81E100DF137
S3150801FC101F02039200F080FA05989621049100F0DC
S3150801FC20BBFB0299039A059800F076FA04990598A0
S3150801FC3000F0B2FB05981421B62200F0C1FA059826
S3150801FC405021069100F05CFB0299039A059800F091
S3150801FC5063FA0499059800F09FFB0299039A05989F
S3150801FC6000F05AFA0499059800F096FB05983C218C
S3150801FC70012200F0A5FA0598069900F041FBFFE775
S3150801FC8005983C210DF11F0200F046FA05989621C8
S3150801FC9000F082FB9DF81E0001308DF81E00FFE77B
S3150801FCA09DF81F10002089070029019008D4FFE755
S3150801FCB09DF81E1000200A29B8BF01200190FFE710
S3150801FCC00198C0070028DBD1FFE79DF81E000A2826
S3150801FCD004D1FFE740208DF827000DE09DF81F00AD
S3150801FCE04007002804D5FFE740208DF8270003E0E8
S3150801FCF000208DF82700FFE79DF827000AB080BD90
S3150801FD0080B584B003908DF80B10039801909DF887
S3150801FD100B100268917200680068694601230B603E
S3150801FD2040F60001C5F602010822EFF789FF01989E
S3150801FD30006890F88A0004B080BD00000000000049
S3150801FD4080B596B0149014980C9000210A91ADF8DC
S3150801FD5040100F918DF83B108DF83A100DF13B02CA
S3150801FD600B9200F001FA0C9896210D9100F014FB04
S3150801FD700A990B9A0C9800F0F7F90C980D9900F06E
S3150801FD800BFB0C987E21B62200F03EFA0C98502106
S3150801FD9000F0B6FA0A990B9A0C9800F0E5F90C9856
S3150801FDA00D9900F0F9FA0A990B9A0C9800F0DCF90A
S3150801FDB00C980D9900F0F0FA9DF83B001E2804D026
S3150801FDC0FFE7FF208DF857002EE100208DF83A0055
S3150801FDD0FFE79DF83A00032847DCFFE70C989DF8F2
S3150801FDE03A1001EB410347F27401C0F60201099189
S3150801FDF0CA18C95C527800F007FA0C98962108913E
S3150801FE0000F0CAFA0C9809999DF83A2002EB4202C9
S3150801FE10895C0DF13B0200F0A7F90C98089900F0EE
S3150801FE20BBFA09999DF83B009DF83A2002EB42027C
S3150801FE301144497888420DD0FFE79DF83A0000EB56
S3150801FE40400147F27400C0F60200084480788DF834
S3150801FE505700E9E00C98502100F052FAFFE79DF8A7
S3150801FE603A0001308DF83A00B3E700208DF83A00E0
S3150801FE70FFE79DF83A00012875DCFFE70C989DF825
S3150801FE803A1001EB410147F27402C0F602020792E9
S3150801FE900A44117B527B00F0B7F90C98962106911A
S3150801FEA000F07AFA0C98079A9DF83A1001EB41018D
S3150801FEB01144097B0DF13B0200F056F90C9806999D
S3150801FEC000F06AFA079A9DF83B009DF83A1001EB93
S3150801FED041011144497B88420DD0FFE79DF83A005C
S3150801FEE000EB400047F27401C0F602010844807B2A
S3150801FEF08DF8570098E00C98502100F001FA0C98FB
S3150801FF0012210FAA062300F0CBF89DF83C009DF8B4
S3150801FF103D1040EA01209DF83A1001EB410211A972
S3150801FF2021F812009DF83E009DF83F2040EA022084
S3150801FF309DF83A2002EB420201EB420250809DF8FD
S3150801FF4040009DF8412040EA02209DF83A2002EB44
S3150801FF50420201EB42018880FFE79DF83A00013031
S3150801FF608DF83A0085E70C986D210491002200F07E
S3150801FF704BF90C989621059100F00EFA04990C9804
S3150801FF800DF13B0200F0F0F80C98059900F004FA1F
S3150801FF909DF83B0020B1FFE704208DF8570043E0A8
S3150801FFA00C987E21B62200F02FF90C98502100F00A
S3150801FFB0A7F9BDF94400BDF94A10401A40F2555156
S3150801FFC0884213DBFFE7BDF94600BDF94C10401A1C
S3150801FFD040F25551884209DBFFE7BDF94800BDF9F2
S3150801FFE04E10401AB0F52A7F04DAFFE780208DF813
S3150801FFF0570019E00C98002103910DF13B0201927B
S3150802000000F0B2F80C989621029100F0C5F9019A0F
S315080200100C98039900F0A8F80C98029900F0BCF91C
S3150802002003988DF85700FFE79DF8570016B080BD74
S3150802003080B586B005908DF8131003928DF80B30B3
S315080200400598019040F60000C5F602000821E6F779
S3150802005047FD01989DF8131041F08001FFF750FE05
S31508020060FFE79DF80B0078B1FFE701985521FFF7E6
S3150802007047FE039908700398013003909DF80B0018
S3150802008001388DF80B00ECE740F60000C5F60200D1
S315080200900821E6F725FD06B080BD00000000000035
S315080200A080B586B005908DF8131003928DF80B3043
S315080200B00598019040F60000C5F602000121E6F710
S315080200C00FFD01989DF8131041F08001FFF718FE05
S315080200D001989DF8131041F08001FFF711FEFFE722
S315080200E09DF80B0078B1FFE701985521FFF708FE46
S315080200F0039908700398013003909DF80B000138A4
S315080201008DF80B00ECE740F60000C5F60200012167
S31508020110E6F7E6FC06B080BD80B586B005908DF898
S31508020120131003920598009040F60000C5F60200E7
S31508020130029008210191E6F7D3FC00989DF8131066
S3150802014041F08001FFF7DCFD00985521FFF7D8FD45
S31508020150019902460298039B1A70E6F7C1FC06B09B
S3150802016080BD00000000000080B588B007908DF8B9
S315080201701B1005920798029040F60000C5F6020089
S31508020180049001210391E6F7ABFC02989DF81B1037
S3150802019041F08001FFF7B4FD029855210191FFF75E
S315080201A0AFFD01990298FFF7ABFD03990246049841
S315080201B0059B1A70E6F794FC08B080BD00000000A3
S315080201C080B586B005908DF813108DF81220059823
S315080201D0019040F60000C5F602000390082102913C
S315080201E0E6F77EFC01989DF81310FFF789FD019842
S315080201F09DF81210FFF784FD02990398E6F770FC42
S3150802020006B080BD0000000080B586B005908DF866
S3150802021013108DF812200598019040F60000C5F6D5
S315080202200200039001210291E6F75AFC01989DF813
S315080202301310FFF765FD01989DF81210FFF760FD90
S3150802024002990398E6F74CFC06B080BD0000000050
S3150802025080B586B00490039102920498019003989F
S3150802026020B9FFE700208DF8170045E003980068DB
S3150802027043F20001C4F20101884207D1FFE701995E
S3150802028040F28850C2F20040086025E003980068F0
S3150802029043F60001C4F20001884207D1FFE701993B
S315080202A040F29C60C2F20040086014E003980068BD
S315080202B043F60041C4F20001884207D1FFE70199DB
S315080202C040F2B070C2F20040086003E000208DF8E8
S315080202D0170011E0FFE7FFE7FFE70198FEF770FE58
S315080202E0FFE701980299FEF787FE08B1FFE7F8E7EC
S315080202F001208DF81700FFE79DF8170006B080BDAC
S3150802030087B00690ADF8161006990020049003905F
S315080203100290019000904EF21400CEF2000000689E
S315080203200090BDF81600C968484304904EF21800BA
S31508020330CEF2000000680390FFE74EF21800CEF2F4
S315080203400000006802900298039988421ED0FFE7CF
S3150802035002980399884207D2FFE703980299411A3D
S3150802036001980844019008E000980299401A0399F6
S315080203700144019808440190FFE702980390019806
S315080203800499884201D3FFE701E0FFE7D5E707B002
S31508020390704700000000000087B00690ADF81610FE
S315080203A006990020049003900290019000904EF264
S315080203B01400CEF2000000680090BDF816008968A5
S315080203C0484304904EF21800CEF2000000680390EB
S315080203D0FFE74EF21800CEF200000068029002987B
S315080203E0039988421ED0FFE702980399884207D2EA
S315080203F0FFE703980299411A01980844019008E018
S3150802040000980299401A03990144019808440190F8
S31508020410FFE70298039001980499884201D3FFE7FF
S3150802042001E0FFE7D5E707B07047000000000000CB
S3150802043081B0009000980021017141718160C1600C
S3150802044001B070470000000082B001900091009947
S315080204504FF07E5008600099002048600099886035
S315080204600099C86002B0704781B0009000984FF0BA
S315080204707E510160002141600022C4F27A42826004
S31508020480C1600161416101B07047000000000000CF
S3150802049081B0009000984FF07E5101604FF07F5175
S315080204A081600021C4F23421C1600021C4F2F01136
S315080204B0416181614CF68601C3F23661C1614FF032
S315080204C06751016248F24131C3F6F631416246F29A
S315080204D06661C3F6A67181624CF28F21C3F6754135
S315080204E0C162002101634CF6CD42C4F2181242637E
S315080204F080F840100022C4F2C822C0F89020C0F842
S31508020500941001B07047000083B0029001910298DE
S31508020510009001980078A52862D1FFE70198407BF0
S31508020520B5285DD1FFE70098D0F8C8130131C0F8A5
S31508020530C813019A51789278090209B2114400EE59
S31508020540101AB8EEC00A9FED271A80EE010A80ED4E
S31508020550BC0A019AD1781279090209B2114400EE4D
S31508020560101AB8EEC00A80EE010A80EDBD0A019A99
S3150802057051799279090209B2114400EE101AB8EEBD
S31508020580C00A80EE010A80EDBE0A019AD179127A72
S31508020590090209B2114400EE101AB8EEC00A80EE3A
S315080205A0010A80EDBF0A019A517A927A090209B2C2
S315080205B0114400EE101AB8EEC00A80EE010A80ED68
S315080205C0C00A019AD17A127B090209B2114400EED5
S315080205D0101AB8EEC00A80EE010A80EDC10AFFE7DA
S315080205E003B070470000C84280B584B003900398F0
S315080205F0009042F63432C2F200421178013111708B
S3150802060000F56F70F5F7D4FF009880EDED0A90EDCE
S31508020610ED1A90EDEE0A30EE010A80EDEE0AD0F8F8
S31508020620F012C0F8A810D0F8F412C0F8AC10D0F83E
S31508020630F812C0F8B010D0F8FC12C0F89C10D0F826
S315080206400013C0F8A010D0F80413C0F8A41090ED57
S31508020650270AD0ED280A90ED291AD0ED2A1A90ED2C
S315080206602B2AD0ED2C2A90EDED3A00F58870F7F793
S31508020670D3FB0098D0F86012D0F86422D0F868321A
S31508020680D0F86CC2C0F898C0C0F89430C0F8902070
S31508020690034643F88C1F019300F5567100F1D00208
S315080206A002F01AFB0098019B00F5597100F1DC0271
S315080206B002F012FB0098019B00F55C7100F1E8025A
S315080206C002F00AFB0098019B00F5697142F61C02CA
S315080206D0C2F2004202F084FB00208DF80B00FFE70D
S315080206E09DF80B0002282CDCFFE700999DF80B30D9
S315080206F001EB830042F61C02C2F2004202EB8302BD
S3150802070092ED002A90ED2A0A90ED2D1A30EE420A51
S3150802071091ED333A91EDED2A20EE020A33EE022AE2
S3150802072080EE020A21EE031A81EE021A30EE010A5F
S3150802073080ED2D0AFFE79DF80B0001308DF80B00BE
S31508020740CEE7009800F18C0300F1B40100F1C00273
S3150802075002F0C2FA009802F0B3FD0099012081F86E
S31508020760C40304B080BD000082B0019001990091D3
S31508020770D1F8C803D1F8CC13884205D1FFE700990E
S31508020780002081F8880004E00099012081F8880099
S31508020790FFE70099D1F8C803C1F8CC0302B0704745
S315080207A080B582B001908DED000A0198DDED002A30
S315080207B000F58870B2EE040ADFED050A9FED051A08
S315080207C0F7EE001A9FED042AF7F7C6F802B080BDC5
S315080207D06F12833A8096184B000000000000000052
S315080207E080B582B001900198009002F001FE00984F
S315080207F002B080BD0000000081B000900099486AEE
S31508020800086291ED000A91ED051A30EE010A81EDB2
S31508020810010A91ED010A91ED041A30EE011A80EEF1
S31508020820010A81ED060A91ED061A91ED090A91ED82
S315080208300A2A32EE402AA1EE020A81ED090A91ED50
S31508020840011A91ED062AB7EE000A30EE420A20EEA8
S31508020850010A81ED000A486AC86101B070470000C2
S3150802086085B004908DED030ACDED020A8DED011ACD
S31508020870CDED001A04990398086102984861019817
S3150802088048620098086005B0704700000000000042
S3150802089081B00090009890ED070A01B070470000F9
S315080208A082B001908DED000A01990098886202B023
S315080208B0704700000000000081B0009000984FF0D9
S315080208C07E518160C1600161416100218161C1611E
S315080208D0816201B07047000081B0009000984FF421
S315080208E09071018048F28001818001B07047000052
S315080208F080B586B0059005980090D0F8A0002C30F7
S315080209000190019804A9F7F723F9019802300DF12D
S315080209100E01F7F71DF90198043003A9F7F718F93C
S31508020920019806300DF10A01F7F712F9009890F8C6
S31508020930B40001282CD1FFE70099BDF81000D1F8C0
S31508020940E020801AADF81200BDF91200B1F8B6100F
S315080209504A42C1EBD271B0EB610F07DAFFE70099A1
S31508020960D1F8E8000130C1F8E80010E00099BDF9B5
S315080209701200B1F8B610B0EB510F07DDFFE7009988
S31508020980D1F8E8000138C1F8E800FFE7FFE7FFE71A
S315080209900098D0F8E810B0F8B620BDF8103001FB80
S315080209A00231C0F8E41090ED2B1A90ED390AB8EE30
S315080209B0C00AB0F8B61002EE101AB8EE422A80EE55
S315080209C0020A9FED312A20EE020A80EE010A80ED24
S315080209D0320A90ED2B1A90ED390AB8EEC00AB0F831
S315080209E0B61002EE101AB8EE422A80EE020A30EE6D
S315080209F0000A9FED262A20EE020A80EE010A80ED01
S31508020A00330ABDF90E1000EE101AB8EEC00A9FEDB1
S31508020A10201A20EE010A90ED2B1A80EE010A80EDCB
S31508020A20340ABDF90E1000EE101AB8EEC00AB1EE7D
S31508020A30081A20EE010A90ED2B1A80EE010A80EDC3
S31508020A40350ABDF90C1000EE101AB8EEC00A80ED90
S31508020A50360ABDF90A1000EE101AB8EEC00A9FED62
S31508020A600D1A30EE010A80ED370ABDF81010C0F8EB
S31508020A70E01090F8B40028B9FFE70099012081F840
S31508020A80B400FFE706B080BD0000B443DB0F49405F
S31508020A905077D63D3393884381B00090009890ED05
S31508020AA0330A01B07047000081B00090009890EDBB
S31508020AB0360A01B07047000081B000900098B0F87D
S31508020AC0B80001B07047000082B001908DED000AAF
S31508020AD001990098C1F8000102B0704700000000B1
S31508020AE082B001908DED000A01990098C1F80801BB
S31508020AF002B070470000000080B582B001900091F4
S31508020B000198D0F8BC100131C0F8BC10FFF7F0FE0E
S31508020B1002B080BD0000000081B00090009890F8F5
S31508020B20F40001B07047000082B001908DED000A12
S31508020B3001990098C1F8040102B07047000000004C
S31508020B4082B001908DF8031001999DF8030081F88F
S31508020B50F40002B07047000080B586B0059005988B
S31508020B60039090F8F4000146049103286AD8049980
S31508020B70DFE801F00214263E039890ED2C1A90ED58
S31508020B80420A80EE010AB0F8B81001EE101AB8EE61
S31508020B90C11A20EE010A80ED430A58E0039890ED47
S31508020BA02C1A90ED420A80EE010AB0F8B81001EE4E
S31508020BB0101AB8EEC11A20EE010A80ED430A46E081
S31508020BC0039901F15000029091ED410A02F064FC8A
S31508020BD00298039991ED340A02F00EFE029802F089
S31508020BE073FC029802F000FE039880ED430A2EE099
S31508020BF0039890ED400A02F04FFC039890ED330AF1
S31508020C0002F0FAFD039802F05FFC039802F0ECFD8D
S31508020C10039981ED410A01F15000019091ED410AD3
S31508020C2002F03AFC0198039991ED340A02F0E4FDC8
S31508020C30019802F049FC019802F0D6FD039880ED6E
S31508020C40430A04E003990020C1F80C01FFE7039860
S31508020C5000F08AF806B080BD80B584B00390039987
S31508020C600291D1F8BC00D1F8C010884211D1FFE731
S31508020C700298002180F8C4109FED0C0A8DED010A36
S31508020C8002F016FC02989DED010A503002F010FCA3
S31508020C9004E00299012081F8C400FFE70299D1F81D
S31508020CA0BC00C1F8C00004B080BD00BF000000004F
S31508020CB080B586B0059004918DF80F208DF80E3018
S31508020CC08DED020ACDED010A059800900498006898
S31508020CD04AF20001C4F20001884208D1FFE70099EE
S31508020CE040F2D820C2F20040C1F8A00023E00498DE
S31508020CF000684AF20041C4F20001884208D1FFE7BF
S31508020D00009940F2A830C2F20040C1F8A00011E0F2
S31508020D10049800684DF20041C4F20001884208D1E5
S31508020D20FFE7009940F22040C2F20040C1F8A00055
S31508020D30FFE7FFE7FFE700999DF80F0081F8A40097
S31508020D409DF80E0081F8F4000298C1F8AC000198EB
S31508020D50C1F8B00004989DF80F10F5F7F9FD00994F
S31508020D60C1F8A80006B080BD81B00090009991ED47
S31508020D70430ABDEEC00A10EE100A000AD1F8A820EE
S31508020D80107091ED430ABDEEC00A10EE100AD1F8B2
S31508020D90A810487001B0704780B582B001900198DA
S31508020DA0009002F035FD0098503002F031FD0098AF
S31508020DB00021C4F21021C0F8AC10002180F8B4104A
S31508020DC04FF40052A0F8B62042F21072A0F8B820EA
S31508020DD0C0F8BC10C0F8C01080F8C410032280F80E
S31508020DE0F420C0F8F810C0F8FC10C0F80011C0F8DA
S31508020DF00411C0F80811C0F80C1102B080BD000039
S31508020E0080B586B0059005980090D0F8B0002C30D1
S31508020E100190019804A9F6F79BFE019802300DF19C
S31508020E200E01F6F795FE0198043003A9F6F790FE2F
S31508020E30019806300DF10A01F6F78AFE009890F835
S31508020E40C00001282CD1FFE70099BDF81000D1F89F
S31508020E50EC20801AADF81200BDF91200B1F8C210E2
S31508020E604A42C1EBD271B0EB610F07DAFFE700998C
S31508020E70D1F8F4000130C1F8F40010E00099BDF988
S31508020E801200B1F8C210B0EB510F07DDFFE7009967
S31508020E90D1F8F4000138C1F8F400FFE7FFE7FFE7ED
S31508020EA00098D0F8F410B0F8C220BDF8103001FB53
S31508020EB00231C0F8F01090ED2E1A90ED3C0AB8EE09
S31508020EC0C00AB0F8C21002EE101AB8EE422A80EE34
S31508020ED0020A30EE000A9FED302A20EE020A80EE60
S31508020EE0010A80ED360A90ED2E1A90ED3C0AB8EE0C
S31508020EF0C00AB0F8C21002EE101AB8EE422A80EE04
S31508020F00020A9FED262A20EE020A80EE010A80EDE9
S31508020F10350ABDF90E1000EE101AB8EEC00A9FED9A
S31508020F20201A20EE010A90ED2E1A80EE010A80EDB3
S31508020F30370ABDF90E1000EE101AB8EEC00AB1EE65
S31508020F40081A20EE010A90ED2E1A80EE010A80EDAB
S31508020F50380ABDF90C1000EE101AB8EEC00A80ED78
S31508020F60390ABDF90A1000EE101AB8EEC00A9FED4A
S31508020F700D1A30EE010A80ED3A0ABDF81010C0F8D3
S31508020F80EC1090F8C00028B9FFE70099012081F813
S31508020F90C000FFE706B080BDDB0F49400000B4433E
S31508020FA05077D63D3393884381B00090009890EDF0
S31508020FB0390A01B07047000081B000900098B0F875
S31508020FC0C40001B07047000082B001908DED000A9E
S31508020FD001990098C1F8140102B070470000000098
S31508020FE080B582B0019000910198D0F8C8100131FD
S31508020FF0C0F8C810FFF704FF02B080BD0000000069
S3150802100081B00090009890ED370A01B07047000051
S3150802101082B001908DED000A01990098C1F810017D
S3150802102002B070470000000082B001908DF80310EC
S3150802103001999DF8030081F8000102B0704700008B
S3150802104080B586B005900598039090F80001014690
S31508021050049103286DD80499DFE801F00214263EAC
S31508021060039890ED2F1A90ED450A80EE010AB0F822
S31508021070C41001EE101AB8EEC11A20EE010A80ED6C
S31508021080460A5BE0039890ED2F1A90ED450A80EE2A
S31508021090010AB0F8C41001EE101AB8EEC11A20EE11
S315080210A0010A80ED460A49E0039901F154000290CB
S315080210B091ED440A02F0F0F90298039991ED370A84
S315080210C002F09AFB029802F0FFF9029802F08CFBF2
S315080210D0039880ED460A31E00399081D009091EDC8
S315080210E0430A02F0D9F90098039991ED360A02F0FB
S315080210F083FB009802F0E8F9009802F075FB039961
S3150802110081ED440A01F15400019091ED440A02F07E
S31508021110C3F90198039991ED370A02F06DFB01981C
S3150802112002F0D2F9019802F05FFB039880ED460AB5
S3150802113004E003990020C1F81801FFE7039800F0BC
S315080211408BF806B080BD000080B584B00390039981
S315080211500291D1F8C800D1F8CC10884212D1FFE723
S315080211600298002180F8D01004309FED0C0A8DED0C
S31508021170010A02F09DF902989DED010A543002F027
S3150802118097F904E00299012081F8D000FFE7029955
S31508021190D1F8C800C1F8CC0004B080BD0000000038
S315080211A080B586B0059004918DF80F208DF80E3023
S315080211B08DED020ACDED010A0598009004980068A3
S315080211C04AF20001C4F20001884208D1FFE70099F9
S315080211D040F2D820C2F20040C1F8B00023E00498D9
S315080211E000684AF20041C4F20001884208D1FFE7CA
S315080211F0009940F2A830C2F20040C1F8B00011E0EE
S31508021200049800684DF20041C4F20001884208D1F0
S31508021210FFE7009940F22040C2F20040C1F8B00050
S31508021220FFE7FFE7FFE700999DF80F0081F8B40092
S315080212309DF80E0081F800010298C1F8B8000198DD
S31508021240C1F8BC0004989DF80F10F5F781FB0099C8
S31508021250C1F8AC0006B080BD81B00090009991ED4E
S31508021260460ABDEEC00A10EE100A000AD1F8AC20F2
S31508021270107091ED460ABDEEC00A10EE100AD1F8BA
S31508021280AC10487001B0704780B582B001900198E1
S31508021290009046F68871C0F60201083101600430F2
S315080212A002F0B6FA0098543002F0B2FA0098002119
S315080212B0C0F8A81080F8C0104FF40052A0F8C22057
S315080212C04FF48042A0F8C420C0F8C810C0F8CC1069
S315080212D080F8D010032280F80021C0F80411C0F863
S315080212E00811C0F80C11C0F81011C0F81411C0F892
S315080212F0181102B080BD000080B588B00790079823
S315080213000290D0F8A0002C300390039801300DF11A
S315080213101601F6F71DFC0299039AD0781279000194
S3150802132040EA1210ADF8140003980279407902F0E7
S315080213300F0240EA0220ADF812000398007881F8FD
S31508021340C800BDF81600B1F8E020801A0690069883
S31508021350D1F8B81001EBD1720021A1EB62018842E3
S3150802136007DAFFE70299D1F8E8000130C1F8E80088
S3150802137011E002990698D1F8B81001EBD171B0EBD9
S31508021380610F07DDFFE70299D1F8E8000138C1F8D5
S31508021390E800FFE7FFE70299D1F8AC20D1F8B830A8
S315080213A0D1F8E800BDF816C000FB03C01044C1F826
S315080213B0E400BDF8160000EE100AB8EE400A91EDF8
S315080213C02E1AB8EEC11A80EE010A30EE000A9FED17
S315080213D01F1A20EE010A81ED330ABDF81400D1ED79
S315080213E02C0AB1EE600A0021009140F6FF720192C2
S315080213F0F5F7BAFC0099019A029B83ED340ABDF807
S315080214001200D3ED2D0AB1EE600AF5F7ADFC02998A
S3150802141081ED350A0398807900EE100AB8EEC00A03
S315080214209FED0B1A30EE010A81ED360A0398C07950
S3150802143000EE100AB8EEC00A30EE010A81ED370A4C
S31508021440BDF81600A1F8E00008B080BDDB0F4940E0
S31508021450339388430000000080B582B001908DED79
S31508021460000A01999DED001A01F5887091ED440A6A
S3150802147030EE010A81ED440AD1ED2D0AB1EE600A79
S31508021480F5F7BEF802B080BD81B00090009890EDE5
S315080214903E0A01B07047000082B001908DED000A45
S315080214A001990098C1F8F80002B0704700000000E0
S315080214B082B001908DED000A01990098C1F8FC00EE
S315080214C002B070470000000081B00090009890EDCD
S315080214D0440A01B07047000082B001908DED000AFF
S315080214E001990098C1F8000102B070470000000097
S315080214F080B582B0019000910198D0F8BC100131F4
S31508021500C0F8BC10FFF7F8FE02B080BD000000006C
S3150802151081B00090009890ED450A01B0704700002E
S3150802152081B00090009890ED460A01B0704700001D
S3150802153082B001908DED000A01990098C1F8140154
S3150802154002B070470000000082B001908DED000ADB
S3150802155001990098C1F8180102B07047000000000E
S3150802156082B001908DF8031001999DF8030081F865
S31508021570ED0002B07047000080B584B0039003986E
S31508021580029090F8EC00022879D1FFE7029890F8C9
S31508021590ED00012824D1FFE7029901F150000190DC
S315080215A091ED460A02F028F90198029991ED3F0A4F
S315080215B001F072FF019801F087FF019802F014F911
S315080215C0029880ED410A90ED2D0A90ED411A9FEDA1
S315080215D0322A80EE020A20EE010A80ED440A4DE024
S315080215E0029890F8ED00022836D1FFE7029890EDAE
S315080215F0450A02F001F9029890ED3E0A01F04CFF05
S31508021600029801F061FF029802F0EEF8029981ED64
S315080216103F0A01F15000009091ED460A02F0ECF8FB
S315080216200098029991ED3F0A01F036FF009801F001
S315080216304BFF009802F0D8F8029880ED410A90ED27
S315080216402D0A90ED411A9FED142A80EE020A20EE29
S31508021650010A80ED440A10E0029890F8ED0058B9A4
S31508021660FFE702990020C1F80401C1F80801C1F890
S315080216700C01C1F81001FFE7FFE7FFE70AE002994C
S315080216800020C1F80401C1F80801C1F80C01C1F82B
S315080216901001FFE704B080BD00000045000000000D
S315080216A080B582B0019001990091D1F8BC00D1F8B9
S315080216B0C010884212D1FFE70099002081F8C400C1
S315080216C0D1F8A000006891F8A410F03140F20B029C
S315080216D0C2F200420823DFF7DFFA04E0009901208C
S315080216E081F8C400FFE70099D1F8BC00C1F8C00030
S315080216F002B080BD0000000080B596B0159015981E
S31508021700079090F8EC0001460891042800F2EE8151
S315080217100899DFE811F00500A6003901C001D801D1
S31508021720079890ED420ADFEDF30A9FEDF31A0020BF
S3150802173006904FF6FF71F5F7E7FA079902460698FB
S31508021740ADF8522091ED2C1A91ED430AF1EE410AB9
S3150802175040F6FF710591F5F7D7FA0599079A0346F8
S315080217600698ADF8503092ED3C0ADFEDE40ACDED6D
S31508021770040A9FEDE31AF5F7C7FADDED040A05999F
S31508021780079A03460698ADF84E3092ED3D0AB1EE39
S31508021790041AF5F7B9FA0599079A03460698ADF8B1
S315080217A04C3092ED2D1A92ED440AF1EE410AF5F704
S315080217B0ABFAADF84A000DF15200F6F7B9F9079AF5
S315080217C0D2F8A810BDF852000880BDF850000009EA
S315080217D08DF84900D2F8A8109DF849008870BDF81E
S315080217E050109DF84F0040EA01108DF84800D2F8D3
S315080217F0A8109DF84800C8709DF84E008DF847005D
S31508021800D2F8A8109DF847000871BDF84C000009E7
S315080218108DF84600D2F8A8109DF846004871BDF822
S315080218204C109DF84B0040EA01108DF84500D2F89D
S31508021830A8109DF8450088719DF84A008DF8440065
S31508021840D2F8A8109DF84400C871D2F8A000006822
S3150802185092F8A410F031D2F8A8200823DFF71CFA70
S3150802186045E1079890ED420ADFEDA20A9FEDA21A1A
S31508021870002003904FF6FF71F5F746FA07990246DC
S315080218800398ADF8422091ED2C1A91ED430AF1EE38
S31508021890410A40F6FF710291F5F736FA0299079A5C
S315080218A003460398ADF84030ADF83E0092ED3D0A86
S315080218B0DFED920AB1EE041AF5F726FA0299079AAB
S315080218C003460398ADF83C3092ED2D1A92ED440A80
S315080218D0F1EE410AF5F718FAADF83A000DF14200B1
S315080218E0F6F726F9079AD2F8A810BDF8420008803A
S315080218F0BDF8400000098DF83900D2F8A8109DF805
S3150802190039008870BDF840109DF83F0040EA011082
S315080219108DF83800D2F8A8109DF83800C8709DF8DE
S315080219203E008DF83700D2F8A8109DF837000871E6
S31508021930BDF83C0000098DF83600D2F8A8109DF8CB
S3150802194036004871BDF83C109DF83B0040EA01108C
S315080219508DF83500D2F8A8109DF8350088719DF8E3
S315080219603A008DF83400D2F8A8109DF83400C871F0
S31508021970D2F8A000006892F8A410F031D2F8A82094
S315080219800823DFF789F9B2E0079890ED420ADFEDFE
S31508021990590A9FED591A002001904FF6FF71F5F783
S315080219A0B3F9079902460198ADF8322091ED2C1A3F
S315080219B091ED430AF1EE410A40F6FF710091F5F7FF
S315080219C0A3F90099079A03460198ADF83030ADF8A5
S315080219D02E00ADF82C0092ED2D1A92ED440AF1EE86
S315080219E0410AF5F791F9ADF82A000DF13200F6F73A
S315080219F09FF8079AD2F8A810BDF832000880BDF8F9
S31508021A00300000098DF82900D2F8A8109DF829009F
S31508021A108870BDF830109DF82F0040EA01108DF845
S31508021A202800D2F8A8109DF82800C8709DF82E0044
S31508021A308DF82700D2F8A8109DF827000871BDF87E
S31508021A402C0000098DF82600D2F8A8109DF8260069
S31508021A504871BDF82C109DF82B0040EA01108DF84C
S31508021A602500D2F8A8109DF8250088719DF82A004D
S31508021A708DF82400D2F8A8109DF82400C871D2F86F
S31508021A80A000006892F8A410F031D2F8A820082322
S31508021A90DFF702F92BE0079AD2F8A810D2F8080164
S31508021AA00860D2F8A810D2F80C014860D2F8A00053
S31508021AB0006892F8A41001F5F871D2F8A820082354
S31508021AC0DFF7EAF813E0079AD2F8A810D2F80C0161
S31508021AD00860D2F8A000006892F8A41001F53C71DB
S31508021AE0D2F8A8200423DFF7D7F800E0FFE716B0FC
S31508021AF080BD00BFDB0F49C0DB0F49400000000074
S31508021B000000FA430000000080B588B0DDF828C05E
S31508021B10079006918DF817208DF816308DED040A78
S31508021B20CDED030A07980190069800684AF200016B
S31508021B30C4F20001884208D1FFE7019940F2D82091
S31508021B40C2F20040C1F8A00011E0069800684AF205
S31508021B500041C4F20001884208D1FFE7019940F228
S31508021B60A830C2F20040C1F8A000FFE7FFE70199DA
S31508021B709DF8170081F8A4009DF8160081F8EC007C
S31508021B800A98C1F8AC000498C1F8B0000398C1F8E5
S31508021B90B40006989DF81710F4F77EFD0199C1F86E
S31508021BA0A80000200290FFE70298092813DCFFE745
S31508021BB00199D1F8A000006891F8A410F03140F21A
S31508021BC00B02C2F200420823DFF766F8FFE7029823
S31508021BD001300290E8E708B080BD0000000000006E
S31508021BE080B582B001900198009001F011FE00982C
S31508021BF0503001F00DFE00984FF08141C0F8B41044
S31508021C004FF48031C0F8B8100021C0F8BC10C0F8F3
S31508021C10C01080F8C410022280F8EC20012280F855
S31508021C20ED20C0F8F010C0F8F410C0F8F810C0F8AB
S31508021C30FC10C0F80011C0F80411C0F80811C0F869
S31508021C400C11C0F81011C0F81411C0F8181102B01E
S31508021C5080BD00000000000080B584B003900398A0
S31508021C60019090F8511000EBC102516801315160A0
S31508021C7090F8510001460291032800F286800299E3
S31508021C80DFE801F002214F730198406DFAF77CFCF8
S31508021C900198406DBC30FEF707FFF6F7ADFD0198D7
S31508021CA0406DB0F80C0401EE100AB8EEC11AB4EE93
S31508021CB0410AF1EE10FA05DBFFE70198012100F06F
S31508021CC03BFFFFE761E00198406DFAF75DFC01987A
S31508021CD090F8511000EBC1004068642805D3FFE76D
S31508021CE00198022100F028FF1AE00198406DBC30E5
S31508021CF0FEF7DAFEF6F780FD0198406DB0F80C049F
S31508021D0001EE100AB8EEC11AB4EE410AF1EE10FA63
S31508021D1005DAFFE70198002100F00EFFFFE7FFE76B
S31508021D2033E00198406DBC3003210091FEF708FFAD
S31508021D300198406DBC30FEF7AFFE01989FED141A6C
S31508021D4030EE010A416D01F5876181ED000A416DA8
S31508021D5001F1BC0001F5876191ED000AFEF7B4FEB8
S31508021D600198009900F0E8FE0FE0019890F85110EA
S31508021D7000EBC1004068B0F5967F05D3FFE70198EE
S31508021D80002100F0D9FEFFE7FFE704B080BD00BFDF
S31508021D90DB0F493F0000000080B582B00190019830
S31508021DA0009000F015FF009802B080BD0000000008
S31508021DB080B584B003900398019090F8511000EB17
S31508021DC0C10251680131516090F8510001460291F1
S31508021DD0032862D80299DFE801F0022A39460198F7
S31508021DE0406D00F53A70FFF7DFF8F6F705FD019842
S31508021DF0406DB0F80E0401EE100AB8EEC11AB4EE40
S31508021E00410AF1EE10FA05DBFFE70198012100F01D
S31508021E1093FE0BE00198406D90F82C0428B9FFE771
S31508021E200198032100F088FEFFE7FFE735E00198F5
S31508021E3090F8511000EBC10040680F2805D3FFE760
S31508021E400198022100F078FEFFE726E0019890ED5E
S31508021E50160AB2EE041A30EE010A80ED160A0021BD
S31508021E6000F06AFE19E00198406D00F53A70FFF736
S31508021E70C7F8F6F7C1FC0198406D00F5826090ED4F
S31508021E80001AB4EE410AF1EE10FA05DBFFE70198F3
S31508021E90002100F051FEFFE7FFE7019890ED160AD0
S31508021EA0B5EE400AF1EE10FA0ADDFFE7019890ED69
S31508021EB0160A9FED061A30EE010A80ED160A03E0AD
S31508021EC0019900208865FFE704B080BD0AD7A3BD43
S31508021ED080B582B001900198009000F079FE0098D2
S31508021EE002B080BD0000000080B586B00590059856
S31508021EF00090D0F844012C300190019804A9F5F716
S31508021F0027FE019802300DF10E01F5F721FE019820
S31508021F10043003A9F5F71CFE019806300DF10A01F3
S31508021F20F5F716FE0098D0F85021BDF810101144A6
S31508021F30ADF8101090F8640101282CD1FFE700993A
S31508021F40BDF81000D1F8A021801AADF81200BDF92B
S31508021F501200B1F866114A42C1EBD271B0EB610FB9
S31508021F6007DAFFE70099D1F8A8010130C1F8A801FC
S31508021F7010E00099BDF91200B1F86611B0EB510FE5
S31508021F8007DDFFE70099D1F8A8010138C1F8A801D1
S31508021F90FFE7FFE7FFE70098D0F8A811B0F8662137
S31508021FA0BDF8103001FB0231C0F8A411BDF81010BB
S31508021FB000EE101AB8EE400AB0F8661101EE101AD1
S31508021FC0B8EE411A80EE010A9FED471A20EE010A81
S31508021FD080ED620A90ED620AB4EE410AF1EE10FA59
S31508021FE00ADDFFE7009890ED620A9FED401A30EE8F
S31508021FF0010A80ED620A13E0009890ED620AB5EED6
S31508022000400AF1EE10FA0ADAFFE7009890ED620A42
S315080220109FED351A30EE010A80ED620AFFE7FFE707
S31508022020009890ED620A9FED321A20EE010A80EDC1
S31508022030630ABDF90E1000EE101AB8EEC00A9FED3B
S315080220402D1A20EE010A80ED640ABDF90E1000EE83
S31508022050101AB8EEC00AB1EE081A20EE010A80ED8F
S31508022060650ABDF90C1000EE101AB8EEC00A80ED2A
S31508022070660ABDF90A1000EE101AB8EEC00A9FEDFC
S315080220801E1A30EE010A80ED670A90ED561A90ED97
S31508022090630A30EE410AF6F777FB009880ED570A95
S315080220A090ED570A9FED151A20EE010A9FED141AB4
S315080220B080EE010A80ED580ABDF81010C0F8A0118A
S315080220C0D0F8A411C0F8AC11D0F88811C0F8B01134
S315080220D090F8640128B9FFE70099012081F86401A4
S315080220E0FFE706B080BD00BF0000B4430000B4C3DA
S315080220F035FA8E3C5077D63D3393884300003443F5
S31508022100D00F49400000000081B000900098B0F856
S31508022110680101B07047000082B001908DED000A97
S3150802212001990098C1F8B80102B070470000000092
S3150802213082B001908DED000A01990098C1F8C80194
S3150802214002B070470000000080B582B0019000918D
S315080221500198D0F87C110131C0F87C11FFF7C4FE52
S3150802216002B080BD0000000082B001908DED000A29
S3150802217001990098C1F86C0102B07047000000008E
S3150802218082B001908DED000A01990098C1F870019C
S3150802219002B070470000000081B00090009890EDF0
S315080221A0580A01B07047000082B001908DED000A0E
S315080221B001990098C1F8BC0102B0704700000000FE
S315080221C082B001908DF8031001999DF8030081F8F9
S315080221D0B40102B07047000080B586B00590059834
S315080221E0039090F8B40101460491062800F274801F
S315080221F00499DFE801F004162E46717170000398FF
S3150802220090ED551A90ED720A80EE010AB0F868113F
S3150802221001EE101AB8EEC11A20EE010A80ED730A11
S315080222205FE0039901F1A000029091ED720A01F0B4
S3150802223033F90298039991ED660A01F0DDFA0298DC
S3150802224001F042F9029801F0CFFA039880ED730A79
S3150802225047E0039901F15000019091ED6F0A01F0F0
S315080222601BF90198039991ED5C0A01F0C5FA0198E8
S3150802227001F02AF9019801F0B7FA039880ED730A7A
S315080222802FE0039890ED6E0A01F006F9039890ED97
S315080222905B0A01F0B1FA039801F016F9039801F006
S315080222A0A3FA039981ED6F0A01F15000009091EDAE
S315080222B06F0A01F0F1F80098039991ED5C0A01F0B2
S315080222C09BFA009801F000F9009801F08DFA03983C
S315080222D080ED730A05E004E003990020C1F8CC01F9
S315080222E0FFE7039800F094F806B080BD00000000EE
S315080222F080B584B0039003990291D1F87C01D1F894
S315080223008011884217D1FFE70298002180F88411CC
S315080223109FED0F0A8DED010A01F0CAF802989DEDAC
S31508022320010A503001F0C4F802989DED010AA03066
S3150802233001F0BEF804E00299012081F88401FFE762
S315080223400299D1F87C01C1F8800104B080BD00BFB2
S31508022350000000000000000080B586B0DDF820C04D
S31508022360059004918DF80F208DF80E308DED020A36
S3150802237005980190049800684AF20001C4F2000127
S31508022380884208D1FFE7019940F2D820C2F20040FC
S31508022390C1F8440123E0049800684AF20041C4F2F5
S315080223A00001884208D1FFE7019940F2A830C2F23B
S315080223B00040C1F8440111E0049800684DF200415A
S315080223C0C4F20001884208D1FFE7019940F2204091
S315080223D0C2F20040C1F84401FFE7FFE7FFE70199AF
S315080223E09DF80F0081F848019DF80E0081F8B401A6
S315080223F00898C1F850010298C1F8540104989DF84A
S315080224000F10F4F7A5FA0199C1F84C0106B080BD80
S3150802241081B00090009991ED730ABDEEC00A10EEE4
S31508022420100A000AD1F84C21107091ED730ABDEE1C
S31508022430C00A10EE100AD1F84C11487001B0704764
S3150802244080B582B001900198009001F0E1F90098F8
S31508022450503001F0DDF90098A03001F0D9F9009862
S31508022460F03001F00DFA00984CF6B631C4F2B90113
S31508022470C0F858110021C0F85C11C0F8601180F844
S3150802248064114FF40052A0F866214FF48042A0F876
S315080224906821C0F86C11C0F87011C0F87411C0F840
S315080224A07811C0F87C11C0F8801180F884110522D1
S315080224B080F8B421C0F8B811C0F8BC11C0F8C01130
S315080224C0C0F8C411C0F8C811C0F8CC1102B080BD5A
S315080224D081B00090009800F6883090ED000A01B0AD
S315080224E0704700000000000082B001908DED000ADE
S315080224F001990098C1F8880B02B0704700000000E5
S3150802250081B00090009800F62C3090ED000A01B0D8
S31508022510704700000000000081B00090009800F5A6
S31508022520336090ED000A01B0704700000000000019
S3150802253082B001908DED000A01990098C1F82C0B22
S3150802254002B070470000000082B001908DED000ACB
S3150802255001990098C1F8300B02B0704700000000DC
S3150802256081B00090009800F5386090ED000A01B03D
S31508022570704700000000000081B00090009800F645
S31508022580843090ED000A01B0704700000000000098
S3150802259082B001908DED000A01990098C1F8800B6E
S315080225A002B070470000000082B001908DED000A6B
S315080225B001990098C1F8840B02B070470000000028
S315080225C081B00090009890F87C0B01B0704700002B
S315080225D082B001908DF8031001999DF8030081F8E5
S315080225E07C0B02B07047000080B58AB00890089844
S315080225F005900990F8F760F905981C30F8F75CF928
S3150802260005983830F8F758F905985430FCF7C4FCA1
S3150802261005989C30FDF73CFF059901F5AE7001F26D
S31508022620CC5106910790FFE707980490FEF72CFE17
S315080226300498069A00F58E71084691420790F3D1DE
S31508022640FFE7059901F2CC5001F6DC2102910390CD
S31508022650FFE70398019000F00FFA0198029A00F535
S31508022660A271084691420390F3D1FFE7059800F656
S31508022670DC2001F0CDF805994FF07C50C1F8380BF3
S315080226804FF08140C1F83C0B46F20000C4F2EA6002
S31508022690C1F8400B4FF08D40C1F8440B0020C1F839
S315080226A0480BC1F8680BC1F86C0BC1F8700BC1F87E
S315080226B0740BC1F8780B81F87C0B81F87D0BC1F895
S315080226C0800BC1F8840BC1F8880BC1F88C0BC1F8D2
S315080226D0900BC1F8940B09980AB080BD000000005F
S315080226E080B58AB009900998079090F8511000EBC6
S315080226F0C10251680131516090F8510001460891B2
S31508022700042800F2E7800899DFE801F0034095A95A
S31508022710C90045F65060C2F20040D0F8900058B1A0
S31508022720FFE7079890F8511000EBC10200215160AB
S31508022730042100F001FAFFE70798406D00F6C85039
S31508022740F7F776F801280BD1FFE7079890F85110AA
S3150802275000EBC10200215160022100F0EDF9FFE70A
S31508022760079890F8511000EBC1004068B0F57A7FDF
S315080227700BD9FFE7079890F8511000EBC102002128
S315080227805160012100F0D8F9FFE7A3E00798406DF0
S3150802279041F69841084400210691F9F7D1FD0699B8
S315080227A00798406D00F57A60F8F7A6F80699079833
S315080227B0406D00F50C70FFF70BFF0798406D00F6A9
S315080227C0C850F7F735F8012821D1FFE70798406D79
S315080227D000F50C710491FAF75BFE01460498FFF7BF
S315080227E0F7FE0798406D00F57A610591FAF73CFE07
S315080227F001460598F8F780F8079890F8511000EB0B
S31508022800C10200215160022100F096F9FFE745F660
S315080228105060C2F20040D0F8900058B1FFE707981E
S3150802282090F8511000EBC10200215160042100F01A
S3150802283083F9FFE74EE00798406D00F6C850F6F7B1
S31508022840F7FF58B9FFE7079890F8511000EBC10255
S3150802285000215160032100F06FF9FFE73AE007987B
S31508022860406D029000F50C70FFF7AAFE0146029829
S31508022870FAF716FE0798406D039000F57A60F8F7A6
S3150802288033F801460398FAF7F7FD079890F85110BE
S3150802289000EBC1020021516000F04EF91AE045F63C
S315080228A05060C2F200400190EAF756FD019840F6E0
S315080228B06461C2F20041B1F804218431EAF7B8F939
S315080228C0079890F8511000EBC1020021516000F000
S315080228D033F9FFE70AB080BD80B582B0019001984E
S315080228E0009000F075F9009802B080BD0000000063
S315080228F081B0009000980021416201B07047000043
S3150802290081B0009000984FF40071018001B07047C1
S3150802291080B588B007900798059090F8000101469F
S315080229200691062800F29D800699DFE801F0041652
S3150802293028409A9A6D00059890ED2F1A90ED450A4F
S3150802294080EE010AB0F8C41001EE101AB8EEC11AE8
S3150802295020EE010A80ED460A88E0059890ED2F1AC6
S3150802296090ED450A80EE010AB0F8C41001EE101A7D
S31508022970B8EEC11A20EE010A80ED460A76E00599FC
S3150802298001F15400049091ED440A00F085FD049883
S31508022990059991ED370A00F02FFF049800F094FD8F
S315080229A0049800F021FF059880ED460A5EE0059935
S315080229B0081D029091ED430A00F06EFD02980599F2
S315080229C091ED360A00F018FF029800F07DFD029894
S315080229D000F00AFF059981ED440A01F154000390BB
S315080229E091ED440A00F058FD0398059991ED370ACE
S315080229F000F002FF039800F067FD039800F0F4FE6A
S31508022A00059880ED460A31E00599081D009091ED7A
S31508022A10430A00F041FD0098059991ED4D0A00F030
S31508022A20EBFE009800F050FD009800F0DDFE0599D7
S31508022A3081ED440A01F15400019091ED440A00F037
S31508022A402BFD0198059991ED370A00F0D5FE0198FC
S31508022A5000F03AFD019800F0C7FE059880ED460A97
S31508022A6004E005990020C1F81801FFE70598FEF76A
S31508022A70F3FB08B080BD000080B582B001900198D2
S31508022A800090FEF701FC009846F69471C0F6020122
S31508022A9008310160002180F82811C0F82C11C0F80D
S31508022AA03011C0F83411C0F83811C0F83C11C0F81A
S31508022AB0401102B080BD000080B582B00190019835
S31508022AC0009000F085F80098002180F8521002B0B4
S31508022AD080BD00000000000081B00090009840F21E
S31508022AE00111018001B0704781B0009000984FF43F
S31508022AF08171018001B0704781B00090009840F260
S31508022B000311018001B0704781B0009000984FF41C
S31508022B108271018001B0704781B0009000984FF42D
S31508022B208071018001B0704781B0009000984FF41F
S31508022B308871018001B0704782B001908DF8031048
S31508022B40019991F85120002001F8320091F851209C
S31508022B5001EBC20250609DF80320012001F8320001
S31508022B609DF8030081F8510002B07047000000008A
S31508022B7084B003908DF80B108DF80A200399009102
S31508022B809DF80B0081F850009DF80A0081F8510063
S31508022B9000200190FFE70099019891F850108842A9
S31508022BA00EDAFFE70099019A002001F83200019A2D
S31508022BB001EBC2014860FFE7019801300190EAE79C
S31508022BC000999DF80A20012001F8320004B07047E6
S31508022BD081B000900098002180F8511001B070472A
S31508022BE084B0039002918DF80720ADF80430BDF841
S31508022BF0040002990968C96A884206D9FFE7029859
S31508022C000068C06AADF80400FFE7BDF80400B0F139
S31508022C10FF3F04DCFFE70020ADF80400FFE79DF85C
S31508022C200700014600910C2821D80099DFE801F037
S31508022C30071F1F1F0D1F1F1F131F1F1F1900BDF878
S31508022C40040002990968486311E0BDF80400029974
S31508022C50096888630BE0BDF8040002990968C8632D
S31508022C6005E0BDF80400029909680864FFE704B0A4
S31508022C70704700000000000081B00090009890EDB7
S31508022C80290A01B07047000081B00090009890EDC3
S31508022C90410A01B07047000081B00090009890ED9B
S31508022CA03F0A01B07047000081B00090009890ED8D
S31508022CB0270A01B07047000081B00090009890F88A
S31508022CC0880001B07047000081B00090009890ED2E
S31508022CD0400A01B07047000084B003900291019245
S31508022CE00093009890ED002A90ED014A90ED026A51
S31508022CF090ED035AB6EE001AB0EE417AA6EE467A7F
S31508022D00A5EE457A029822EE050A94EE060AD0ED59
S31508022D10000AD0ED011A90ED023A20EE210AA7EE3A
S31508022D20200A22EE062AA4EE052AA2EE030A30EEAD
S31508022D30000A019880ED000A009890ED002A90EDAD
S31508022D40016A90ED024A90ED035A22EE057AA6EE42
S31508022D50047A0298B0EE410AA6EE460AA5EE450A9C
S31508022D60D0ED000AD0ED011A90ED023A20EE210AC2
S31508022D70A7EE200A22EE062A94EE052AA2EE030AF6
S31508022D8030EE000A019880ED010A009890ED000ADB
S31508022D9090ED014A90ED023A90ED032A20EE035A8D
S31508022DA094EE025A029820EE040AA3EE020A90ED65
S31508022DB0006A90ED017A90ED022A20EE070AA5EE46
S31508022DC0060AA4EE441AA3EE431AA1EE020A30EE4C
S31508022DD0000A019880ED020A04B07047000000005C
S31508022DE084B00390029101920093009890ED002A14
S31508022DF090ED014A90ED026A90ED035AB6EE001A7A
S31508022E00B0EE417AA6EE467AA5EE457A029822EE09
S31508022E10050AA4EE060AD0ED000AD0ED011A90EDD5
S31508022E20023A20EE210AA7EE200A22EE062A94EE9C
S31508022E30052AA2EE030A30EE000A019880ED000A7E
S31508022E40009890ED002A90ED016A90ED024A90ED05
S31508022E50035A22EE057A96EE047A0298B0EE410AF1
S31508022E60A6EE460AA5EE450AD0ED000AD0ED011AED
S31508022E7090ED023A20EE210AA7EE200A22EE062A51
S31508022E80A4EE052AA2EE030A30EE000A019880EDA6
S31508022E90010A009890ED000A90ED014A90ED023A77
S31508022EA090ED032A20EE035AA4EE025A029820EE67
S31508022EB0040A93EE020A90ED006A90ED017A90ED0B
S31508022EC0022A20EE070AA5EE060AA4EE441AA3EE83
S31508022ED0431AA1EE020A30EE000A019880ED020AB0
S31508022EE004B070470000000080B586B005900598CA
S31508022EF0029042F63532C2F200421178013111705F
S31508022F0000F56F70F3F754FB029981EDED0A91ED26
S31508022F10ED1A91EDEE0A30EE010A81EDEE0A01F1A3
S31508022F20280001F53C71FCF7CBF80298D0F8F012AC
S31508022F30C0F8A810D0F8F412C0F8AC10D0F8F812FD
S31508022F40C0F8B010D0F8FC12C0F89C10D0F80013E4
S31508022F50C0F8A010D0F80413C0F8A41090ED270A00
S31508022F60D0ED280A90ED291AD0ED2A1A90ED2B2ACF
S31508022F70D0ED2C2A90EDED3A00F58870F4F74CFF67
S31508022F800298D0F86012D0F86422D0F86832D0F8E5
S31508022F906CC2C0F898C0C0F89430C0F890200346B6
S31508022FA043F88C1F039300F5567100F1D002FFF720
S31508022FB093FE0298039B00F5597100F1DC02FFF7B4
S31508022FC08BFE0298039B00F55C7100F1E802FFF79D
S31508022FD083FE0298039B00F5697142F62802C2F243
S31508022FE00042FFF7FDFE00208DF81300FFE79DF86B
S31508022FF0130002282CDCFFE702999DF8133001EB37
S31508023000830042F62802C2F2004202EB830292EDE4
S31508023010002A90ED2A0A90ED2D1A30EE420A91ED19
S31508023020333A91EDED2A20EE020A33EE022A80EEB9
S31508023030020A21EE031A81EE021A30EE010A80ED27
S315080230402D0AFFE79DF8130001308DF81300CEE72D
S31508023050029800F18C0300F1B40100F1C002FFF7F7
S315080230603BFE029800F02CF942F63530C2F20040D7
S3150802307000784BF65001C0F21E5145F62942CCF2B1
S315080230808F2200FB02104FEA7000884235D8FFE70C
S31508023090029901F13800019091EDC30A00F0ACFBE8
S315080230A001989FED190A00F0F7F9019800F00CFA59
S315080230B0019800F099FBB5EE400AF1EE10FA0ADC27
S315080230C0FFE7029845F64441C2F200410C2200236A
S315080230D0FFF786FD10E00298383000F085FB02986B
S315080230E0BDEEC00A10EE103A45F64441C2F200415E
S315080230F00C22FFF775FDFFE7FFE70299012081F829
S31508023100C40306B080BD00BF0000204200000000D4
S3150802311010B582B001900198009090F8C403002877
S3150802312061D0FFE7009890EDBC1A90EDC90AB4EE9B
S31508023130410AF1EE10FA1BD1FFE7009890EDBD1A8D
S3150802314090EDCA0AB4EE410AF1EE10FA10D1FFE781
S31508023150009890EDBE1A90EDCB0AB4EE410AF1EE54
S3150802316010FA05D1FFE70099002081F8880004E0EB
S315080231700099012081F88800FFE70099D1F8F0024A
S31508023180D1F8F422D1F8F832D1F8FCC2D1F800E32A
S31508023190D1F80443C1F83843C1F834E3C1F830C35F
S315080231A0C1F82C33C1F82823C1F82403D1F808033F
S315080231B0D1F80C23D1F81033D1F814C3D1F818E397
S315080231C0D1F81C43C1F85043C1F84CE3C1F848C3CF
S315080231D0C1F84433C1F84023C1F83C03D1F82003AF
S315080231E0C1F85403FFE702B010BD0000000000005A
S315080231F080B584B003900399019101F1280001F585
S315080232003C7245F6BC31C2F20041FDF721F8642052
S31508023210E1F782FF019800F55F71FDF715F901984C
S3150802322000F58870B2EE040ADFED1B0ACDED020A3C
S315080232309FED1A1ADFED1A1A9FED1A2ADFED1A2ADE
S31508023240F4F78AFB0198DDED024A4CF6CD41C3F646
S31508023250CC51C0F8CC1038309FED140ADFED140AB1
S315080232609FED142ADFED142A9FED145A0021B0EEC1
S31508023270451AF0EE451AB0EE453AF0EE453AB0EE8A
S31508023280454A00F075FA45F64440C2F200400C2160
S31508023290E9F7AEFA04B080BD6F12833A0024744986
S315080232A0C9E57F3FCDCCCC3DA69BC4BA00004843B6
S315080232B00000964300007A430000FA43000000002B
S315080232C080B586B005900598039044F64052C2F23E
S315080232D0004213685168013341F1000113605160DD
S315080232E0D0F8B812C0F80411D0F8B412C0F8001118
S315080232F0D0F8B012C0F8FC10D0F8C012C0F8081105
S3150802330090EDDF2A90EDE01A90EDE10A90EDE23AAF
S3150802331021EE000AA2EE030A30EE000A21EE011A95
S31508023320A2EE021AB0EE002A8DED022AFFEE000A7C
S31508023330CDED010AE1EE020A02F0D0FB039880ED18
S31508023340E30A90EDDF0A90EDE01A90EDE13A90ED8E
S31508023350E22A20EE030A91EE020AB8EE001A20EEDD
S31508023360010A02F025FBDDED010A9DED022A03980A
S3150802337080EDE40A90EDDF3A90EDE04A90EDE10A3D
S3150802338090EDE21A20EE010AA3EE040A30EE000AD4
S3150802339021EE011AA3EE031AE1EE020A02F09EFBDF
S315080233A0039880EDE50A00200490FFE704980228B6
S315080233B015DCFFE70398049900EB810090EDE30A18
S315080233C09FED081A20EE010A9FED071A80EE010A00
S315080233D080EDE60AFFE7049801300490E6E706B0B6
S315080233E080BD00BF00003443DA0F494000000000E8
S315080233F080B582B0019001980090FDF735F80098E3
S315080234002830FDF715F80098383000F001FA0098D0
S315080234104FF07E52C0F858230021C0F85C13C0F85A
S315080234206013C0F86413C0F86823C0F86C13C0F8B8
S315080234307013C0F87413C0F87823C0F87C13C0F868
S315080234408013C0F88413C0F88813C0F88C13C0F828
S315080234509013C0F89413C0F89813C0F89C13C0F8D8
S31508023460A013C0F8A413C0F8A8134FF2C352C4F2AB
S315080234701C12C0F8AC230022C4F22022C0F8B023E2
S3150802348080F8C01380F8C11380F8C21380F8C313FA
S3150802349080F8C41302B080BD82B001908DED000A97
S315080234A001990098486402B07047000000000000C5
S315080234B082B001908DED000A01990098C86402B0A5
S315080234C0704700000000000080B58AB0099009988C
S315080234D001900021089107910691059190ED110A34
S315080234E090ED121A30EE410A8DED040A9DED040A9A
S315080234F0F5F78EF901988DED030A9DED030A90ED15
S31508023500011AB4EE410AF1EE10FA07DAFFE7019959
S31508023510886C4864002004900390FFE7019890EDB8
S31508023520080A9DED041A20EE010A8DED080A90EDAF
S315080235300E0AB5EE400AF1EE10FA0DD1FFE7019830
S3150802354090ED0F0AB5EE400AF1EE10FA04D1FFE744
S315080235504FF07E50029044E001989DED030A90EDEB
S315080235600E1AB4EE410AF1EE10FA04DCFFE74FF048
S315080235707E50029026E0019890ED0E0A9DED031A00
S31508023580B4EE410AF1EE10FA1BDAFFE701989DED57
S31508023590030A90ED0F1AB4EE410AF1EE10FA10DAA8
S315080235A0FFE7019890ED0E2A90ED0F1A9DED030A9A
S315080235B031EE400A31EE421A80EE010A8DED020A18
S315080235C0FFE7FFE701989DED030A90ED0F1AB4EEA7
S315080235D0410AF1EE10FA03DBFFE700200290FFE74B
S315080235E0FFE7019890ED0C0AB5EE400AF1EE10FAE3
S315080235F010D0FFE7019901F14C0091ED092A91EDEE
S315080236000C1AB1EE410A80EE020AC1EE020AF2F77C
S31508023610F7FFFFE7019890ED100AB5EE400AF1EEC2
S3150802362010FA18D1FFE701989DED021A90ED002ACB
S3150802363090ED130A21EE021A9DED042AA1EE020A62
S3150802364080ED130A90ED090A90ED131A20EE010A8D
S315080236508DED070A28E001989DED030A90ED101AF0
S31508023660B4EE410AF1EE10FA18DAFFE701989DED79
S31508023670021A90ED002A90ED130A21EE021A9DED28
S31508023680042AA1EE020A80ED130A90ED090A90EDCA
S31508023690131A20EE010A8DED070A04E001990020AB
S315080236A0C8640790FFE7FFE70198007A90B9FFE739
S315080236B0019890ED001A90ED063A90ED0A0A9DEDF2
S315080236C0042A32EE432A20EE020A80EE010A8DED22
S315080236D0060A11E0019890ED001A90ED053A90ED70
S315080236E0072A90ED0A0A32EE432A20EE020A80EEF3
S315080236F0010A8DED060AFFE7019890ED042A90ED7E
S315080237000B1A90ED110A30EE420A20EE010A8DEDEF
S31508023710050A9DED080A9DED071A30EE010A9DED90
S31508023720061A30EE010A9DED051A30EE010A80ED01
S31508023730070A90ED0D0AB5EE400AF1EE10FA0AD024
S31508023740FFE7019901F11C00D1ED0D0AB1EE600AFD
S31508023750F2F756FFFFE70199886CC860486C086162
S31508023760C8694861049888610AB080BD00000000F3
S315080237708EB002AA0092024600980D9280ED0A0ABD
S31508023780C0ED090A80ED081AC0ED071A80ED062A6F
S31508023790C0ED052A80ED043AC0ED033A80ED024AEF
S315080237A0C0ED014A80ED005A8DF807100D990C9864
S315080237B008620B9848620A9888620998C86208984B
S315080237C00863079848630398086002984860069851
S315080237D088630598C863049808649DF80700087208
S315080237E00EB070470000000081B00090009890ED7E
S315080237F0070A01B07047000082B001908DED000AF9
S3150802380001990098886402B0704700000000000021
S3150802381081B0009000980021C16001614161816117
S31508023820C161016241628162C1620163416381636E
S31508023830C163016441648164C16401B070470000D8
S3150802384087B006908DED050ACDED040A8DED031AB3
S31508023850CDED021A8DED012ACDED002A06990598BD
S31508023860086004984860039888600298C8600198BE
S3150802387008610098886407B07047000000000000DD
S3150802388081B000900098002141618161C1610162A5
S3150802389041628162C1620163416341F26F22C3F6EA
S315080238A083228264C1640021C4F2A001016501B0C9
S315080238B07047012180F84C107047B0B50C4621F0CC
S315080238C00F01B1F5887F054610D0B1F5807F24D166
S315080238D095F84D00D8B995F84C10012085F84D0099
S315080238E005F1500089B1DDF713F810E095F84E009E
S315080238F030B9012085F84E0005F1D800DDF70CF83D
S3150802390005EBC400A0F5F56005E0DCF7FDFF05EB65
S31508023910C400A0F5F66003C8B0BDDCF7DEFFF0B55B
S3150802392081B00E4621F00F011C461546B1F5887F77
S31508023930074610D0B1F5807F26D197F84D00D8B941
S3150802394097F84C10012087F84D0007F1500089B10D
S31508023950DCF7DEFF10E097F84E0030B9012087F851
S315080239604E0007F1D800DCF7D7FF07EBC600A0F533
S31508023970F56005E0DCF7C8FF07EBC600A0F5F660C0
S31508023980C0E9005401B0F0BDDCF7A7FF90F8810149
S31508023990704710B582B004460021D0F8780101912B
S315080239A00091694601AA01F0D3FEDDE9002301462A
S315080239B02046F2F737FC0838B0FA80F0400902B020
S315080239C010BD21F01F00A0F58070B0FA80F0400902
S315080239D0704780B50168CA684FF0FF3190470020EA
S315080239E080BD084600F096B92DE9F04F81B05368BC
S315080239F05FEAD30C50D0D2F800E00027634600BF36
S31508023A0007EB53050EEBC5041EF8358094F80190B2
S31508023A1094F802A0E27848EA09284AEA022648EA1D
S31508023A20064602F0400246EA426222446FEA53041C
S31508023A301C448A4294BF6F1C5C08002C2346DFD1C3
S31508023A4057B367450EEBC70102D14FF0FF3C13E0AF
S31508023A50FA000EEB02031EF802205F789E78DD78E4
S31508023A6042EA072246EA052742EA074205F04007E4
S31508023A7042EA476202EB030C11F808BD0E1D0BD091
S31508023A803278B778F578747847EA052742EA042245
S31508023A9042EA0742012A03D1002001B0BDE8F08FAD
S31508023AA091F8018091F8029091F803E0002A1ED459
S31508023AB002F0804442EA4404A719A45D7D78BE78E0
S31508023AC0FB7844EA052446EA032344EA0345B5F1AA
S31508023AD0FF3F0EDD05F08043EC19FD7904EB430A3E
S31508023AE007EB850303F1080500243E4628E0154640
S31508023AF000E03E46C5F30364022C12D0012C0AD01C
S31508023B00ACBB351D44F20D7A002A48BF0025C0F623
S31508023B10020A002414E044F2157AC0F6020A0024C6
S31508023B2004E044F21D7AC0F6020A0224C5F30747E6
S31508023B3006EB8703B2F1FF3F03F1040500DCB7B9D0
S31508023B404BEA082349EA0E2743EA07430EF04007E1
S31508023B5043EA47631944C0E9561C44EAD271C0F8DD
S31508023B607861C0E9585AC0F86C11012095E7DCF76C
S31508023B70B4FEB0B584B0044600680D46C268204655
S31508023B804FF0FF31904730F001002DD040F200018E
S31508023B90C0F20001A0EB050591B103A902AA2846C5
S31508023BA0AFF30080B0FA80F100284FEA511016D11F
S31508023BB0DDE90221CDE90012002918BF01210EE034
S31508023BC047F2001047F6E001C0F60200C0F602010D
S31508023BD00090081A4FF00101019018BF0120C00792
S31508023BE018BF5FEAC17004D1012084F8800104B0CD
S31508023BF0B0BD6A4620462946FFF7F6FE0028F3D0EE
S31508023C00F5E7B0B5054690F8800108B100240EE044
S31508023C102846FFF7BEFE0446012808D12868012176
S31508023C20426B2846904795F880010028EED1204637
S31508023C30B0BD0C2906DD0F2908D00E290AD00D2998
S31508023C4006D009E08A1C03D04A1C05D1443008E094
S31508023C503C3006E0403004E00C2904D8083000EB7A
S31508023C6081000068704780B5DCF737FE10B500F1B1
S31508023C700804204600F018FA2046BDE81040DCF792
S31508023C8085BE0C2908DD0F290AD00E2904BF026455
S31508023C9070470D2906D007E08B1C03D04B1C03D1B5
S31508023CA042647047C26370470C299EBF083040F8C9
S31508023CB0212070478F2904BF8264704780B5DCF7DC
S31508023CC00CFEB0B590F8802122B108462821DCF70F
S31508023CD010FDB0BDD0F86C4100F5B075D0E956CEEE
S31508023CE02CCD4C6101F108042CC4C1E900CED0F8F0
S31508023CF07021D0E95E35D0F87401C1E90835C1E909
S31508023D000620B0BD02310020122938BF01207047B3
S31508023D1070470000811C612900F26A8047F2C800D8
S31508023D20C0F60200DFE811F062007D00A800AC00D0
S31508023D309800B000B8009200A4009E009600AA005F
S31508023D40A200880086006200C2007D007C007C001A
S31508023D507C007C007C007C007C007C007C007C0073
S31508023D607C007C007C007C007C007C007C007C0063
S31508023D707C007C007C007C007C007C007C007C0053
S31508023D807C007C007C007C007C007C007C007C0043
S31508023D907C007C007C007C007C007C007C007C0033
S31508023DA07C007C007C007C007C007C008400B400E3
S31508023DB0BC00C600BA008A009A00C8009C00B60079
S31508023DC0A600A000C000D200AE00D000CA00CE00F5
S31508023DD0D400CC007E008000C400D8008E00940077
S31508023DE0D6008200B2008C009000BE00A7A07047E1
S31508023DF0A0F580701F2813D8DFE800F0108A8286A3
S31508023E00789298889E7C9C767A967484728E9AA406
S31508023E109094A2A6807EAC70A8AAA08C6DA07047CA
S31508023E209CA0704777A0704775A070476EA0704730
S31508023E3088A0704788A0704788A0704780A07047FE
S31508023E4067A070476BA0704764A0704789A0704747
S31508023E5067A0704784A0704789A0704777A070470B
S31508023E6074A0704781A070476FA070477CA0704706
S31508023E707FA070476DA0704783A0704779A07047EE
S31508023E8080A0704765A070477CA0704755A0704710
S31508023E906FA0704766A0704777A0704769A0704701
S31508023EA06AA070474CA070475EA0704778A070471A
S31508023EB052A0704764A070475FA0704755A070472C
S31508023EC051A0704752A0704753A0704754A070473C
S31508023ED04EA0704745A0704747A0704722A070477A
S31508023EE02CA070472DA070472FA0704735A07047A9
S31508023EF02CA070472EA070471DA070471DA07047C2
S31508023F0032A0704724A070472FA070472AA0704796
S31508023F102FA0704710A070471DA0704719A07047C0
S31508023F2027A0704716A070471DA0704723A07047A8
S31508023F3016A070471DA070471EA0704707A07047BD
S31508023F400EA0704710A070470BA0704705A07047D7
S31508023F5003A0704705A0704764333100643330000C
S31508023F60643239006432380064323700643236000B
S31508023F70643235006432340064323300643232000B
S31508023F8064323100643230006431390064313800F9
S31508023F9064313700643136006431350064313400E7
S31508023FA064313300643132006431310064313000E7
S31508023FB06439000064380000643700006436000083
S31508023FC06435000064340000643300006432000083
S31508023FD064310000643000007333310073333000FB
S31508023FE0733239007332380073323700733236004F
S31508023FF0733235007332340073323300733232004F
S31508024000733231007332300073313900733138003C
S31508024010733137007331360073313500733134002A
S31508024020733133007331320073313100733130002A
S3150802403073390000733800007337000073360000C6
S3150802404073350000733400007333000073320000C6
S315080240507331000073300000723132007231310060
S31508024060723130007239000072380000723700006F
S315080240707236000072350000723400007233000096
S315080240807232000072310000723000007370000054
S315080240906C720000756E6B6E6F776E20726567695B
S315080240A0737465720000000010B5044690F8450066
S315080240B050B194F84400002804F1480002D0DCF715
S315080240C071FC01E0DCF76AFC94F8460028B104F1B9
S315080240D0D000BDE81040DCF769BC10BD70477047D8
S315080240E07047F0B581B01546DDE906720E46896855
S315080240F01C467AB1814204D040684968DCF7D0FC94
S3150802410060B931462A462346069701B0BDE8F04013
S3150802411000F088B8406849688842F2D001B0F0BD1C
S315080241202DE9F0411646069A0C46896898460746CE
S315080241308AB1B94230D07D6849682846DCF7B0FCB6
S3150802414050B32068B8420ED041682846DCF7A8FC6E
S3150802415048B1BDE8F0817868496888421CD0216870
S3150802416049688842F5D12069B04220D06069B042D8
S315080241701DD0D4E90901C4F82080013101286661FD
S31508024180A16205D1A069022804BF012084F836007D
S315080241900420E062BDE8F0816068B042D9D1E069E6
S315080241A001281CBFC4F81C80BDE8F081D1E7B8F12C
S315080241B0010F18BFBDE8F08101202062BDE8F08139
S315080241C080B5D1F824E0BEF1000F10D0D1F814C0A2
S315080241D0886B844502D1086990420FD00EF101001E
S315080241E0486202208861012081F8360080BD886B0A
S315080241F08B61C1E904200120486280BD88690228D2
S3150802420004BF8B6180BDF1E780B5D1F808C0D0F84C
S3150802421004E0DCF80400864518BF80BDBDE880408E
S31508024220FFF7CEBF80B548684FF0010E984281F875
S3150802423035E000D080BD0B69DDF808C081F834E0AE
S315080242402BB193420FD0486A0130486217E0012029
S31508024250BCF1010F0A61C1F818C04862EAD1086BBD
S3150802426001280CD0E6E78A69022A04BFC1F818C0F9
S315080242706246086B012818BF80BD012ADAD10120DF
S3150802428081F8360080BD2DE9F04190B005464068B8
S315080242904B68984233D046F674631446C0F6020356
S315080242A046F68062C0F6020208461946002300272F
S315080242B000F07AFD20B3276837B30DF104080646E5
S315080242C008F104003821DCF714FA4FF0FF300490A5
S315080242D0012031688DF83B000D900395CD69304673
S315080242E041463A4601230196A84707980138B0FA8B
S315080242F080F04FEA501704BF0598206000E00127B6
S31508024300384610B0BDE8F081DCF7E7FA2DE9F0434C
S3150802431083B0DDE90A940E4689689846154607462B
S3150802432084B1B94204D078684968DCF7B9FB68B940
S3150802433031462A464346CDF8289003B0BDE8F043F5
S31508024340FFF770BF786849688842F1D0B8682A468C
S31508024350016843464F693146CDE90094B84703B030
S31508024360BDE8F0832DE9F04383B0DDF828900C46CA
S31508024370896898461546B9F1000F07462FD0B94203
S315080243803FD07E6849683046DCF78AFBC8B32068A6
S31508024390B84204D041683046DCF782FB38BB206954
S315080243A0A84237D06069A84234D0E06AC4F82080AF
S315080243B0042837D00020A086B868012601682A4654
S315080243C04F6921462B46CDE90069B84794F835006E
S315080243D030B394F834000321E16280BB22E07868A6
S315080243E0496888420DD0216849688842D7D0B8689A
S315080243F02A46016843468F692146CDF80090B84798
S315080244001DE06068A8421AD1E069012818BFC4F8FD
S315080244101C8014E0B8F1010F04BF012020620EE0EF
S315080244200420E062D4E90901656101310128A1622B
S3150802443005D1A069022804BF012084F8360003B01A
S31508024440BDE8F08380B5D1F808C0D0F804E0DCF8FE
S3150802445004C0E64507D08068D0F800C0DCF81CC066
S31508024460BDE880406047BDE88040FFF7A9BE00006E
S3150802447000A070477374643A3A6261645F65786350
S31508024480657074696F6E000000A070476261645FB0
S3150802449061727261795F6E65775F6C656E67746863
S315080244A00000000000A070477374643A3A626164BF
S315080244B05F616C6C6F630000042100F0C0B847F2BC
S315080244C04C01C0F60201083101607047042100F070
S315080244D0B6B800000000000081B08DED000A9DED1F
S315080244E0000AB0EEC00A01B07047000000000000E2
S315080244F080B582B08DED010A9DED010A01F0B4FD89
S3150802450002B080BD47F26001C0F6020108310160BF
S315080245107047042100F093B87047704780B580470A
S3150802452004A000F0DDFD00F017F90CA000F0D8FD9C
S3150802453000F0F8F87465726D696E6174655F68619A
S315080245406E646C657220756E6578706563746564F1
S315080245506C792072657475726E6564007465726D25
S31508024560696E6174655F68616E646C657220756EEA
S3150802457065787065637465646C79207468726577AA
S3150802458020616E20657863657074696F6E0000003D
S3150802459080B5804701A000F0A3FD00BF756E65785F
S315080245A07065637465645F68616E646C65722075B4
S315080245B06E65787065637465646C79207265747566
S315080245C0726E65640000000040F2C410C2F2004038
S315080245D00068704740F2C810C2F20040006870478F
S315080245E042F63830C2F200400068704780B50420AF
S315080245F000F09DF8FFF786FF46F6B06144F21952BD
S31508024600C0F60201C0F6020200F07AFA10B500F00E
S315080246101EFA08B104681CB9FFF7D6FFFFF77EFF3A
S3150802462004F12800F5F720FE0028F5D06069FFF7A7
S3150802463075FF00F077F8AFF30080DBF722BFFFF7CC
S31508024640FCBF00000000000081B0ADF80200BDF911
S31508024650020000280ED4FFE7BDF9021001F01F027E
S31508024660012090404A094EF20011CEF2000141F8AB
S315080246702200FFE701B070474EF60C50CEF200005A
S315080246800068C0F30220704782B0ADF806000091B8
S31508024690BDF9060000280AD4FFE700980001BDF913
S315080246A006104EF20042CEF2000288540BE0009841
S315080246B00001BDF8061001F00F014EF61452CEF2B3
S315080246C000028854FFE702B07047000000000000AD
S315080246D083B00290029800F0070000904EF60C5143
S315080246E0CEF200010868019001984FF6FF021040C9
S315080246F001900198009A40EA02200022C0F2FA527A
S31508024700104301900198086003B0704708461146A5
S31508024710F7F75ABD08461146F7F756BD0846114639
S31508024720F7F752BD80B500F017F8FFF76FFFB0B57F
S31508024730873020F007042046F5F7BAFD054630B162
S3150802474028462146DBF7D5FF05F18000B0BDFFF705
S315080247505DFFFFF7E7FF000070B50546F5F784FD34
S31508024760064600F06FF904462846283800BF7EB18F
S31508024770C169002948BF4942226801319042C16194
S315080247801CBF82612060616801396160C06C70BDBE
S315080247902168002902BF206005F1580070BDFFF7A5
S315080247A035FFFFF7BFFF10B5044600F04BF9D4E911
S315080247B0001244F64E43C0F24303090A83EA12235F
S315080247C041EA026142F62B32C4F24372514019435E
S315080247D0A4F128010AD154F8042C1AB98368816015
S315080247E044F8083C501C44F8040C02E0826812B9EA
S315080247F08160012010BDFFF709FFFFF793FF000054
S315080248002DE9F04F87B020B90020FFF7A5FFFFF783
S31508024810FDFE0546FFF7A0FF2846F5F725FD0746E4
S3150802482040B16C6B55E9060BEE6AA5F1280A4FEA08
S31508024830E47806E0FFF7C8FE83464FF0000AFFF762
S31508024840C9FEFFF7A5FEFFF787FF002F67D016F808
S31508024850011B06A80696F5F731FF06980178FF2987
S315080248605FD0CDE9034800F1010800204FF00009A6
S3150802487018F9011B01F07F02824049EA0209002960
S3150802488000F10700F4D4CDF8188000F0E0F80668C5
S315080248900746002E45D006F128042046F5F7E4FC23
S315080248A0B6EB0A0118BF01210840C844DDF810908A
S315080248B001281DD1D6F808A0204603C800BF42F633
S315080248C00132C4F22B32504044F64762C4F24C32EB
S315080248D05140084314BF06F1800CD6F804C0039869
S315080248E0494642465346CDE900C5F5F7BFFF60B3D0
S315080248F047F23800C0F6020000F10806059646F6A9
S315080249009863039805AFC0F6020349464246CDE9C5
S315080249100075F5F7ABFF38B105A8AFF3008000F0D4
S3150802492046F85846FFF7FAFD00F041F80420FFF76B
S31508024930FEFE066046F6986144F21952C0F6020176
S31508024940C0F6020200F0DCF80EE0F069796840422F
S31508024950F061481C786000F02AF800F028F8204632
S31508024960FFF7FAFE00F09FF805A8AFF3008001E012
S3150802497000E0FFE700F01BF800F058F8FFF7D2FE58
S3150802498010B578B1044650F87C0C013844F87C0C12
S3150802499008D154F8741C09B120468847A4F180004E
S315080249A0F5F776FC10BDFFF7BDFEFFF7BBFEB0B507
S315080249B000F04DF805460068D0B1014651F8282F97
S315080249C044F64E444B68C0F24304120A84EA13249E
S315080249D042EA036242F62B33C4F243735A40224335
S315080249E007D1C169B1F1FF3F09DD0139C1610BD0B8
S315080249F0B0BD0846F1F751FB00202860B0BD013171
S31508024A00C161F5D38069F8E78169296090F82810B1
S31508024A10012905D14168A1F18004F5F739FC204640
S31508024A208030BDE8B040FFF7ABBF00001EB4744645
S31508024A30F5F7E1FEA646024CA4461EBC60470000F6
S31508024A407D61010842F64800C2F20040704742F60C
S31508024A504800C2F200407047F0B581B00646A0F1A0
S31508024A608007002014460D4646F87C0CFFF7B2FD77
S31508024A7046F8700CFFF7A8FD46F86C0C44F647603A
S31508024A8042F600314AF65702C4F24C30C4F22B31D0
S31508024A90C0F6010246E91E5446E91610384646F89B
S31508024AA0502C01B0F0BD70B5FFF7CCFF05682DB3E9
S31508024AB02C4654F8281F44F647636268C4F24C33FE
S31508024AC05A4042F6003321F0FF01C4F22B33594013
S31508024AD051EA020606D1E96942684942E961511C6E
S31508024AE0416001E0002101602046F1F70BFB2046F8
S31508024AF0FFF732FE16B96869FFF710FDFFF786FD64
S31508024B0070B514460D460646FFF79CFF41682246D5
S31508024B100131416030462946FFF79EFF04460120CF
S31508024B20606004F12800F1F7EDFA2046F5F782FDF8
S31508024B3080B50420FFF7FBFDFFF7C1FC46F6A4612A
S31508024B4044F21952C0F60201C0F60202FFF7D8FF74
S31508024B5080B582B042F2E071C2F2004101910020B2
S31508024B6008609FED0B0ADFED0B0ACDED000A00F097
S31508024B70B5FFDDED000A019880ED010A9FED060AF0
S31508024B8000F0ACFF019880ED020A02B080BD00BFBA
S31508024B90583934BE0BEFF2BD5839343E00000000D6
S31508024BA080B582B042F2EC71C2F200410191002056
S31508024BB008609FED0B0ADFED0B0ACDED000A00F047
S31508024BC08DFFDDED000A019880ED010A9FED060AC8
S31508024BD000F084FF019880ED020A02B080BD00BF92
S31508024BE0583934BE0BEFF2BD5839343E0000000086
S31508024BF080B582B042F2F871C2F2004101910020FA
S31508024C0008609FED0B0ADFED0B0ACDED000A00F0F6
S31508024C1065FFDDED000A019880ED010A9FED060A9F
S31508024C2000F05CFF019880ED020A02B080BD00BF69
S31508024C30583934BE0BEFF2BD5839343E0000000035
S31508024C4080B582B042F60401C2F200410191002009
S31508024C5008609FED0B0ADFED0B0ACDED000A00F0A6
S31508024C603DFFDDED000A019880ED010A9FED060A77
S31508024C7000F034FF019880ED020A02B080BD00BF41
S31508024C80583934BE0BEFF2BD5839343E00000000E5
S31508024C9080B582B042F61001C2F2004101910020AD
S31508024CA008609FED0B0ADFED0B0ACDED000A00F056
S31508024CB015FFDDED000A019880ED010A9FED060A4F
S31508024CC000F00CFF019880ED020A02B080BD00BF19
S31508024CD0583934BE0BEFF2BD5839343E0000000095
S31508024CE080B59FED050AFFF703FC42F63400C2F2CF
S31508024CF0004080ED000A80BD15C7813E0000000015
S31508024D0080B59FED050AFFF7F3FB42F63800C2F2BB
S31508024D10004080ED000A80BD15C7813E00000000F4
S31508024D2080B59FED050AFFF7E3FB42F63C00C2F2A7
S31508024D30004080ED000A80BD15C7813E00000000D4
S31508024D4080B59FED050AFFF7D3FB42F64000C2F293
S31508024D50004080ED000A80BD15C7813E00000000B4
S31508024D6080B59FED050AFFF7C3FB42F64400C2F27F
S31508024D70004080ED000A80BD15C7813E0000000094
S31508024D804AF24000C4F20000006840F28441C2F2CE
S31508024D90004108607047000080B542F64830C2F20A
S31508024DA00040F8F739FD80BD2DE9F04385B0074686
S31508024DB0884602A8394699461546F5F739FA039EF2
S31508024DC0294630460022F4F71AFC029C58B1049E82
S31508024DD03846214642462B46CDE90069F5F7BEF923
S31508024DE005B0BDE8F083384621462A463346CDF853
S31508024DF00090F5F7E9F910B105B0BDE8F083384639
S31508024E00214642462B46CDE90069F5F761F905B018
S31508024E10BDE8F08380B5084600F05EF9092100284E
S31508024E2008BF0521013818BF084680BD2DE9F041A3
S31508024E308CB0074600294FF0030000F08B80154618
S31508024E40002A00F0878008460C46F5F70DFA27F087
S31508024E500801022961D00646012928D0002945D130
S31508024E6038075AD402A80121324623460095F5F797
S31508024E7035FA9DF8200008284FD006286AD1002066
S31508024E800B900BAF284600210D2200230097F1F75D
S31508024E9091F90B98206246B10798029904AF04F17A
S31508024EA0240C8CCF8CE88D006163062052E000202A
S31508024EB0D4F8208002900DF1080C284600210D2214
S31508024EC00023CDF800C0F1F775F9029880450FD195
S31508024ED07EB304F124078FCF079004A80EC0F817F3
S31508024EE0CDE9027006208DF820002DE0032031E07E
S31508024EF038074FF00A0102A83246234658BF022154
S31508024F000095F5F7EBF99DF82000082805D0062844
S31508024F1020D12046FFF747FC16E020462946FFF730
S31508024F2079FF0146052818BF0920002908BF08206D
S31508024F3010E002A80621002223460095F5F7CEF9CD
S31508024F409DF82000062808D102AA20462946F5F728
S31508024F5079FB07200CB0BDE8F0812046FFF7FCFB81
S31508024F60FFF754FB70B505460068144642692846A1
S31508024F700E46904740B128683146826928469047CE
S31508024F80C4E90001002070BD4EF27260CFF6FF70D0
S31508024F9070BD10B502680C46526A904761680020D7
S31508024FA0002904BF4EF26B60CFF6FF7010BD70B5D4
S31508024FB0054600681446826828460E46904738B168
S31508024FC028683146C268284690472060002070BD8E
S31508024FD04EF27260CFF6FF7070BDB0B5044646F663
S31508024FE0F070C0F6020042F65C220830C2F20042B5
S31508024FF0C4E9000204F1080000254022A4F84C5036
S3150802500084F84E50DBF7DCFA04F150004FF499713C
S31508025010A564DBF76EFB20460021FEF7AAFD0020F9
S31508025020B0BD80B50168896A88474EF27460CFF6CA
S31508025030FF7080BD0168C96B08472DE9F041054636
S31508025040006816464269284698460F46904748B170
S3150802505028683946C469284632464346A04700208E
S31508025060BDE8F0814EF27260CFF6FF70BDE8F081BE
S3150802507070B58AB0044600681646826820460D4610
S31508025080904718B32068294603692046324698474E
S31508025090681C19D120686946426A204690472068EA
S315080250A00021426B20469047049868B120686FF049
S315080250B00101C268204690472168049A0B69024496
S315080250C020466FF001019847002003E04EF2726015
S315080250D0CFF6FF700AB070BD01680A6A0021104750
S315080250E080B5DBF7FAFB00002DE9F04703880F8845
S315080250F0BB424BD147884E88B74247D11688B3423E
S3150802510044D15688B74241D107FB03F846680023C3
S315080251104D68B3EB980F546827D04FEA9800C0F150
S31508025120000900BF3068296801F0DBF92060706861
S31508025130696801F0D6F96060B068A96801F0D1F92A
S31508025140A06006F1100AF06805F11007E96801F097
S31508025150C8F904F11001E06019F1010956460C4636
S315080251603D46DFD13D460C46564618F003000BD0A5
S31508025170474200BF56F8040B55F8041B01F0B1F973
S3150802518044F8040B0137F5D1002000E0FD2040B2B7
S31508025190BDE8F08701804280436070472DE9F04FF1
S315080251A093B00688B0F802B05E4540F059810A8885
S315080251B0FD25964240F055814B889A4240F051812E
S315080251C0002E476800F032816FF00300009700EB6B
S315080251D086094C68002706964FF07E5803942046A7
S315080251E00698801B09D0B9002046DBF782FA002010
S315080251F00130874204F10404FAD104F1040AC4F81E
S315080252000080751E10D0A9EB87015046DBF771FAAC
S31508025210012054460130864204F10404FAD1002DD5
S3150802522007F101072E46DBD1069E002E009F00F0ED
S31508025230FD800420CDF828B000EB8B00A6F1010A08
S31508025240019007EB8B044FEA8B08381DCBF100015E
S3150802525000220C91CDE907B8B24280F00681099086
S3150802526002FB0BF00497002507EB800157F8209004
S315080252700F914F46039901EB800110920E91029409
S31508025280CDF814A005E000BFAAF1010A2768444434
S3150802529035460021384601F073F938B938462946A9
S315080252A001F060F900283E4607D007E087F000467D
S315080252B02846314601F06BF900B92E46BAF1000FBD
S315080252C0E2D10021304601F03FF9002840F0CD80B6
S315080252D029F00040314601F037F90028DDE90516C4
S315080252E0109C06D1E043801903D000200130814288
S315080252F0FCD10021484601F027F900280A9F40F010
S31508025300B480ABEB040108460D9101290F994FF0C1
S315080253107E5008600BD00124099D00BF28684946C3
S3150802532001F048F945F8040B0134A742F6D10C9C62
S315080253300E9D00BF2868494601F03CF945F8040B62
S315080253400134F7D10D98002401380B90DDE903A743
S31508025350109A00BF944205D10D980AEB8B0A07EB07
S31508025360800741E0D7F800900F980168484601F097
S3150802537073F90146484601F0CBF947F8040B0B9836
S315080253800028CDE911641BD04FF001084FF0000B3D
S31508025390DDE9096456F80B10484657F80B5001F038
S315080253A05BF90146284601F0B3F908F1010847F806
S315080253B00B0044450BF1040BECD15F44DDE907B859
S315080253C00C9E0E9C54F8041B4846DAF8005001F06D
S315080253D043F90146284601F09BF94AF8040B0136BF
S315080253E0F0D1129CDDE9102607EB8207013E04F193
S315080253F00104AFD10A9801320138049F0A9007F1D5
S315080254000407DDF814A0DDE901040999AAF1010AE5
S315080254100144069E044408467FF41EAF002148460E
S31508025420002501F091F80028009F1AD00BFB06F51B
S315080254300024002D4FF000060AD000BF386800216C
S3150802544001F082F820B10136AE4207F10407F5D31E
S31508025450AE4208BF6FF00404204613B0BDE8F08FD1
S31508025460FD2568B213B0BDE8F08FFB25F9E7000009
S315080254702DE9F04F93B047880B889F4240F0B280DF
S31508025480068813889E4240F0AD804D8853889D4217
S3150802549040F0A8800796BE08436806FB05F04968EF
S315080254A027F0030C01EB0010039102900020A0EBF9
S315080254B097010D9307F00304099103EB8C035168D6
S315080254C00A932B464FEA8509019161420C96059784
S315080254D00B940891049500BF0690019901EB800888
S315080254E0DDE902BA0C98002811934BD0CDF838B0F2
S315080254F00024CDF84080DDF824B0DDF83480CDF8FC
S315080255003CA000BFDAF8001098E8C100D8F80C20D1
S31508025510129201F0A1F80146204600F0E2FF044685
S315080255205AF8091030460AEB090501F095F80146C2
S31508025530204600F0D6FF044655F80910384605EB12
S31508025540090601F089F80146204600F0CAFF04461A
S3150802555056F80910129806EB090501F07DF801467E
S31508025560204600F0BEFF1BF1010B08F110080446A5
S3150802557005EB090AC6D1DDF838B05D460A9EDDE9B3
S315080255800FA802E000240D9E55460B9868B1089FA5
S3150802559056F8040B296801F05FF80146204600F028
S315080255A0A0FF013704464D44F2D148F8044B0AF1EC
S315080255B0040A119B0BF1040B013B93D105980D9933
S315080255C001EB8001049B0D910799069A01391A4449
S315080255D007910A9901EB800110460A917FF47CAF84
S315080255E0002000E0FD2040B213B0BDE8F08F0000B5
S315080255F02DE9F04703880F88BB424BD147884E886E
S31508025600B74247D11688B34244D15688B74241D1E8
S3150802561007FB03F8466800234D68B3EB980F5468F6
S3150802562027D04FEA9800C0F1000900BF3068296800
S3150802563001F06EF820607068696801F069F86060C8
S31508025640B068A96801F064F8A06006F1100AF0686B
S3150802565005F11007E96801F05BF804F11001E06052
S3150802566019F1010956460C463D46DFD13D460C4620
S31508025670564618F003000BD0474200BF56F8040BF3
S3150802568055F8041B01F044F844F8040B0137F5D128
S31508025690002000E0FD2040B2BDE8F0872DE9F04F7A
S315080256A083B002884B889A424DD144880B889C4223
S315080256B049D10023D1F804804FEA940C416804F0DA
S315080256C0030ECDF80080A3EB94040294140196000D
S315080256D00194CEF1000B4046BCF1000F1ED047469E
S315080256E0029C00BF08683D4638603744486807EBA5
S315080256F00609A85101F11000D1F808A0013447F8AB
S3150802570006A009EB0607C968374449F80610014698
S31508025710E8D101996C18014603E000BF009800EB36
S315080257208304BEF1000F07D05D4600BF51F8040B93
S31508025730013520603444F9D10133013A08F10408ED
S31508025740CAD1002000E0FD2040B203B0BDE8F08FC8
S315080257500368002B08D401230B60C17904230430A3
S3150802576003EB810111607047C3F3036CBCF1000FB0
S315080257700FD0BCF1030F04D0BCF1010F1CBF0020EF
S315080257807047C3F3074C042303EB8C034FF0020C58
S3150802579002E04FF0010C04231360C1F800C0704701
S315080257A080B582B000200190E1F7EAF9EAF75CFBDE
S315080257B0E9F736F9E8F7F4FFE9F772F8E9F7B0F826
S315080257C0E9F7EEF8E9F7D4F9E9F70EFAE9F754FB3F
S315080257D0E9F776FCE9F728FCE9F7BAFCE9F7FCFAF7
S315080257E0E9F7B6FAE9F770FAE9F78EFBE9F7D4FBB7
S315080257F0EBF762FAFFE7EBF7EBFAFCE710B50446BC
S31508025800012898BF012400BF2046DAF70BFE20B90B
S31508025810FEF7E6FE10B18047F6E710BDFEF7E6FE94
S31508025820FFF7ECBFF0B581B00C460546012898BFD4
S315080258300125042998BF04240027684621462A46DA
S315080258400097DAF7E8FF009868B96E46FEF7C8FED1
S3150802585058B18047304621462A460097DAF7DBFFD9
S3150802586000980028F2D001B0F0BDFEF7BFFEFFF7A0
S31508025870D9BF4100080218BF04200A0E18BF40F01B
S3150802588001004FF07F4232EA010108BF40F00200F0
S31508025890012808BF0520704710B510EE104A4FF0D0
S315080258A01A402DED028B00EB4400B0F1C85F4AD8CE
S315080258B04FF0FC40B0EB440F22D2B0EEC00AF7EE2E
S315080258C0000A30EEC00AF6EE000A20EE208A18EE2A
S315080258D0100A00F0A7FC00EE100A14F0004F1DBFD4
S315080258E09FED281ADFED280AB1EE400A9FED271A26
S315080258F008BFF0EE410AF8EE001A20EE210A05E08A
S3150802590020EE008A9FED221ADFED220ADFED221A27
S315080259109FED222A70EEC00A20EE080A08EE212A16
S31508025920DFED1F1A48EE021A9FED1E2A08EE212AFB
S31508025930DFED1D1A48EE021ABDEC028B40EE610A33
S3150802594030EE810A10BD4FF0CC40B0EB440F82BF57
S315080259509FED160ABDEC028B10BD4FF07F40B0EBEF
S31508025960440F05D2BDEC028BBDE8104000F099BB8E
S315080259700120DAF7ACFFBDEC028BBDE8104000F05F
S3150802598097BB00000000494022AA7D3A00000000A9
S315080259900000C93F22AAFD3924FE1C3DC78AD83C0D
S315080259A01E67383D1B93993DAFAA2A3EDB0FC93FB6
S315080259B010B54FF00E402DED028BB0EE408A18EE70
S315080259C0104A00EB4400B0F1506F4AD84FF0FC4041
S315080259D0B0EB440F22D2B0EEC80AF7EE000A30EE58
S315080259E0C00AF6EE000A60EE208A18EE900A00F067
S315080259F019FC01EE100A14F0004F1DBFDFED2D0A47
S31508025A009FED2D0AB1EE411ADFED2C0A08BF9FED74
S31508025A102C0AF8EE001A21EE218A05E0DFED290AA2
S31508025A2068EE088AB0EE600A9FED271ADFED271A9C
S31508025A3030EE080A48EE811A9FED251A08EEA11AD9
S31508025A40DFED241A48EE811A9FED231A08EEA11AF1
S31508025A5068EE281ABDEC028B01EE810A30EE200AA6
S31508025A6010BD4FF0E440B0EB440F0CD918EE100A03
S31508025A70FFF7FFFE042808BF00F022FBB0EE480A33
S31508025A80BDEC028B10BD4FF07F40B0EB440F07D23E
S31508025A90B0EE480ABDEC028BBDE8104000F001BB2F
S31508025AA00120DAF714FFBDEC028BBDE8104000F0C6
S31508025AB0FFBA00000000C9BF22AAFDB90000C93F0B
S31508025AC022AAFD390000000024FE1C3DC78AD83CE4
S31508025AD01E67383D1B93993DAFAA2A3E70B54FF013
S31508025AE068422DED048BF0EE408A18EE900AB0EE6D
S31508025AF0608A18EE101A02EB4003B3F1654F3CBFF9
S31508025B0002EB4102B2F1654F7DD200BFC0F3C75323
S31508025B10C1F3C7529A1A1B2A09DD10F0004F14BFA7
S31508025B209FED830A9FED830ABDEC048B70BD12F1CB
S31508025B301A0F36DA11F0004F09D010F0004F0CBFD9
S31508025B409FED7D0A9FED7D0ABDEC048B70BD88EE44
S31508025B50889A19EE100AFFF78CFE042808BF00F08F
S31508025B60AFFA18EE900AFFF784FE054618EE100AF9
S31508025B70FFF77FFE044619EE100AFFF77AFE042D98
S31508025B8018BF052D08D1042C18BF052C04D10028EE
S31508025B9004BF0220DAF79BFEB0EE490ABDEC048B7D
S31508025BA070BD4200B2EB410F3AD910F0004F19BF4F
S31508025BB0DFED630A9FED630ADFED630A9FED630A71
S31508025BC0B0EE481A0A46B1EE688A80F00041F0EE55
S31508025BD0418A10460A1A5200B2F1807F34D24840EE
S31508025BE010F0004FDFED5A1A9FED5A2A1DBFBEEE7E
S31508025BF0001A70EEE10A30EE420AB6EE001A08BF43
S31508025C0070EEA10A00E040E008BF30EE020AB0EEEC
S31508025C10682A01EE482A08EE818AC2EE081A15E0B9
S31508025C2011F0004F04BF9FED4C0AF0EE400AD1D0A6
S31508025C3010F0004F19BFDFED490A9FED490ADFED63
S31508025C40490A9FED490AC5E7C8EE881A21EEA11A44
S31508025C509FED462ADFED462A41EE022A9FED452AA6
S31508025C6001EE222ADFED442A41EE022A9FED432A5B
S31508025C70BDEC048B01EE222A21EE811A01EE020AFC
S31508025C8030EE210A30EE200A70BD4FF07F42B2EBA9
S31508025C90400F28BFB2EB410F09D2F0EE480AB0EE28
S31508025CA0680ABDEC048BBDE8704000F0FDB940EA15
S31508025CB001035B0008BF41F0FF410BD0B2EB400F76
S31508025CC008BFB2EB410F08D120F0804008EE900AD7
S31508025CD021F0804108EE101A18E7B2EB400F12BF06
S31508025CE05FEA410340F0FF4001F000413FF40EAF86
S31508025CF0B2EB410F12BF5FEA400200F0004041F0EA
S31508025D00FF413FF403AF4A0092EA40033FF5FEAE75
S31508025D10002AACBF9FED1A0A9FED1A0A68EE808A1E
S31508025D2028EE008A18EE900A18EE101AEEE600001F
S31508025D30DB0FC9BFDB0FC93FDB0F4940DB0F49C089
S31508025D400000C9BF22AAFDB90000C93F22AAFD392F
S31508025D500060ED3EC30ACE3700000000000049C0CD
S31508025D6022AA7DBA0000494022AA7D3A2DAD65BD18
S31508025D708FB8D53D0FB511BE61C84C3EA8AAAABEBA
S31508025D800000804F0000802F10EE101A08B5444A12
S31508025D906846B2EB410F28D94FF0E640B0EB410F07
S31508025DA094BF00204FF0FF3000900098002861DB76
S31508025DB060EE000A10F0010F45D010F0020FDFED79
S31508025DC0391A9FED391A00EEA11ADFED381A40EE9C
S31508025DD0811A21EEA01AF0EE400A40EE010A08BF27
S31508025DE0F1EE600AB0EE600A08BD314B21F00042BE
S31508025DF093423CD911F0004FDFED2E0A20EE201A0D
S31508025E00DFED2D0A19BF31EE601A71EE200A31EE66
S31508025E10201A71EE600ABDEEE01A11EE100A9FED25
S31508025E20271A00F0030000EEC10A9FED251A00901A
S31508025E3000EEC10A9FED231A00EEC10A9FED221A4F
S31508025E4000EEC10AB1E79FED211A9FED210A10F073
S31508025E50020F00EE810A9FED1F1A00EE801AB7EEB6
S31508025E60000A00EE810A18BFB1EE400A08BD00F02A
S31508025E702FF99AE710EE100A4000B0F17F4F3CBFA7
S31508025E80B7EE000A08BD07D14FF00100DAF71FFD89
S31508025E90BDE8084000F00CB9BDE8084000F001B9B9
S31508025EA0B61F927E336D4CB9DA82083CA0AA2ABE86
S31508025EB0490E494683F9223F0000004B0000C93FBC
S31508025EC000A0FD390020A2331A61342CB93AB2BABD
S31508025ED0CA9F2A3DDDFFFFBE00B510EE101A2DED52
S31508025EE0028B81B0524A6846B2EB410F2ED94FF067
S31508025EF0E640B0EB410F94BF00204FF0FF30009010
S31508025F000098B0EE408A00286ADB10F0010F4BD0E9
S31508025F1068EE080A9FED471A9FED470A00EE810AC6
S31508025F209FED461A10F0020F00EE801AB7EE000A2D
S31508025F3000EE810A02BF01B0BDEC028B00BD00BFB4
S31508025F4001B0B1EE400ABDEC028B00BD3C4B21F01C
S31508025F500042934241D911F0004FDFED3A0A20EE92
S31508025F60201ADFED390A19BF31EE601A71EE200ADE
S31508025F7031EE201A71EE600ABDEEE01A11EE100A31
S31508025F809FED321A00F0030000EEC10A9FED301AA7
S31508025F90009000EEC10A9FED2F1A00EEC10A9FED8E
S31508025FA02E1A00EEC10AABE728EE080A9FED2B1A55
S31508025FB0DFED2B0A10F0020F40EE010A9FED291AB7
S31508025FC000EE201A61EE000AB0EE480A08EE200A30
S31508025FD0B6D101B0BDEC028B00BD00F079F88FE7AF
S31508025FE018EE100A4000B0F17F4F0DD218EE100AD3
S31508025FF0FFF73FFC042808BF00F062F8B0EE480A33
S3150802600001B0BDEC028B00BD09D10120DAF75FFCB5
S3150802601001B0BDEC028B5DF804EB00F049B801B0A3
S31508026020B0EE480ABDEC028B5DF804EB00F039B815
S31508026030B61F927EB93AB2BACA9F2A3DDDFFFFBEA3
S31508026040490E494683F9223F0000004B0000C93F2A
S3150802605000A0FD390020A2331A61342C336D4CB9E5
S31508026060DA82083CA0AA2ABE10B52DED028BB1EE43
S31508026070C08A18EE100A20F00040C0F1FF40C00F97
S315080260800AD010EE100A20F00040C0F1FF40C00FFF
S3150802609004BF0120DAF71BFCB0EE480ABDEC028BFE
S315080260A010BD30EE000A704730EE200A7047000035
S315080260B0DFED020A80EEA00A704700000000000029
S315080260C09FED020A20EE000A704700000000001049
S315080260D02DE9F0014FF07F42B2EB410F9FBF4FF01F
S315080260E0FF310160BDE8F00170474FF0004242EA15
S315080260F00123C1F3C752783A551112F01F0C434CCB
S31508026100CCF120067C44C1F3C752A2F178024FEAC9
S31508026110621204EB820254F8254008BFD2E90156FE
S3150802612012D0556804FA0CF425FA06F73C43976828
S3150802613005FA0CF527FA06F8D26807FA0CFCF240BB
S3150802614045EA08054CEA0206A4FB034CA5FB0352E2
S31508026150A6FB03631D449D4234BF0126002613197C
S31508026160334416B1934202D903E0934201D2012283
S3150802617000E00022624402F1200C9206DC0C42EA9C
S31508026180443200EE102A5B03DFED210AF8EEC01A4C
S3150802619000EE103A4FEA9C1C11F0004FB8EE400A86
S315080261A0C0F800C020EE201A00EE105ADFED190AD8
S315080261B0B8EE400A20EE200A71EE810A70EE800AD5
S315080261C010EE902A02F500626FF30B0200EE902A97
S315080261D070EEE11A31EEC11ADFED101A30EE411AED
S315080261E09FED0D0A20EE800A01EE210A9FED0C1A98
S315080261F000EE810A04BFBDE8F0017047CCF1805178
S315080262000160BDE8F001B1EE400A704720070000C0
S31508026210000000360000802C22AAFD29DB0FC92FB8
S315080262200000C92F10B500EE100A2DED028BB1EE53
S31508026230C08A18EE100A20F00040C0F1FF40C00FD5
S315080262400AD010EE100A20F00040C0F1FF40C00F3D
S3150802625004BF0120DAF73BFB18EE100ABDEC028BED
S3150802626010BD491058BFC1F140415B1058BFC3F178
S3150802627040438B42EFF300807047000051EA030C5B
S3150802628017D41CF5801F58BFBCF5801F00F1068085
S31508026290994218BF704708BF9042704707D711F551
S315080262A0801F58BF13F5801F19D499427047894237
S315080262B070471CF5801F08D5BCF5801FF7D58B42A1
S315080262C018BF704708BF824270474FF4001C1CEB88
S315080262D0410F38BF1CEB430F01D28B42704770B592
S315080262E000F080F8922449004FF000514FF0805395
S315080262F0FFF7B7BF51EA030C17D41CF5801F58BF26
S31508026300BCF5801F00F10680994218BF704708BF86
S315080263109042704707D711F5801F58BF13F5801FA3
S3150802632019D499427047894270471CF5801F08D5CF
S31508026330BCF5801FF7D58B4218BF704708BF82424B
S3150802634070474FF4001C1CEB410F38BF1CEB430F80
S3150802635001D28B42704770B500F044F89224490086
S315080263604FF080514FF00053FFF77BBF51EA030C01
S3150802637017D41CF5801F58BFBCF5801F00F1068094
S31508026380994218BF704708BF9042704707D711F560
S31508026390801F58BF13F5801F19D499427047894246
S315080263A070471CF5801F08D5BCF5801FF7D58B42B0
S315080263B018BF704708BF824270474FF4001C1CEB97
S315080263C0410F38BF1CEB430F01D28B42704770B5A1
S315080263D000F008F8922449004FF000514FF080531C
S315080263E0FFF73FBF0EF1020E2EF0030E5EF8046BA6
S315080263F0364205D4012A43EB030515F5001F12D8C8
S31508026400012841EB010C1CF5001F0CD80ED14FEAEE
S31508026410D17C0CEB4C0C0CF1020C15F5001F08BFD5
S315080264204CEBD37C04E04FF0080C01E04FEAD37C36
S315080264300CEB4C0526FA05F606F00706B6F1040C2F
S3150802644006D20EEB860CBDE870404CF0010C604794
S31508026450DFE80CF0090B02024FF00041A1F500211A
S315080264604FF0000070BD19461046012851EB010491
S3150802647018BFD4F5001484BF002001F0004170BD96
S315080264800808A0F500114FEA3101704743004FEAA8
S31508026490D30C4FEA3C0C43401FBF40070CF1605136
S315080264A013F0FE4F70471CF0006F03D10CF0004149
S315080264B0002070470CF0004343EA507040EACC00D3
S315080264C010B500F0D2F800BF000000924FEA0001B2
S315080264D0FFF7D6BF4FF00041A1F500214FF00000AB
S315080264E0704700EE100A00EE901A30EE200A10EEFF
S315080264F0100A704710B5FFF7C1FE0CBF0120002035
S3150802650010BD10B5FFF7BAFE14BF0120002010BD5A
S3150802651010B5FFF7EFFE8CBF0120002010BD10B5A5
S31508026520FFF7E8FE2CBF0120002010BD10B5FFF7CB
S315080265301DFF94BF0120002010BD10B5FFF716FFFE
S3150802654034BF0120002010BD10B500F03DF80CBF85
S315080265500120002010BD10B500F036F814BF012046
S31508026560002010BD10B500F047F88CBF01200020AE
S3150802657010BD10B500F040F82CBF0120002010BD58
S3150802658010B500F051F894BF0120002010BD10B5D7
S3150802659000F04AF834BF0120002010BD401058BF51
S315080265A0C0F14040491058BFC1F140418142EFF362
S315080265B00080704700EE100A00EE901A80EE201A4C
S315080265C011EE100A7047000000EE100A00EE901A4B
S315080265D0B4EE600AF1EE10FA78BF704700F000B820
S315080265E010B500F042F800BF922449004FF000505F
S315080265F04FF08051FFF7D2BF00EE100A00EE901A54
S31508026600B4EE600AF1EE10FA78BF704700F000B8EF
S3150802661010B500F02AF800BF922449004FF08050C6
S315080266204FF00051FFF7BABF00EE100A00EE901ABB
S31508026630B4EE600AF1EE10FA78BF7047AFF3008045
S3150802664010B500F012F800BF922449004FF000502E
S315080266504FF08051FFF7A2BF00EE100A00EE901A23
S3150802666020EE200A10EE100A70470EF1020E2EF0E6
S31508026670030E5EF8044B244204D44FEA4102B2F1F7
S315080266807F4F11D84FEA4003B3F17F4F0CD80ED192
S315080266904FEAD07C0CEB4C0C0CF1020CB2F17F4F9A
S315080266A008BF4CEBD17C04E04FF0080C01E04FEA3E
S315080266B0D17C0CEB4C0324FA03F404F00704B4F17E
S315080266C0040C06D20EEB840CBDE810404CF0010C0B
S315080266D06047DFE80CF0070802024FF00040A0F519
S315080266E0800010BD0846420018BFD2F1807288BFEA
S315080266F000F0004010BDF1EE100A4FF6FF71C0F22D
S31508026700C03120EA010040F04070E1EE100A7047FD
S3150802671000EE100A00EE901A30EE600A10EE100A29
S315080267207047000009E7FF7FB0088400FF001501E3
S315080267300C02080A010A0400000E061401010000F0
S3150802674000000000E9E6FF7FB0B0A800FF000D01D7
S3150802675004021A260101000000000000D1E6FF7FAC
S31508026760B00B8400FF00110108080624010E1A0066
S315080267700001000000000000B5E6FF7FB0B0AA00E5
S31508026780FF001101080A044A010E40000001000038
S315080267900000000099E6FF7FB0B0A800FF001101D3
S315080267A0080404540108500000010000000000001B
S315080267B07DE6FF7FB0AF0600FF00510147004200A9
S315080267C000420446018A0104F402009A0106F20212
S315080267D000B80136F00200FE0118E802009602121D
S315080267E00000A80204E80200AC02080000B4021481
S315080267F0E80200D60212F00200F40204FC0201F8D2
S3150802680002080000010000000000000021E6FF7FE8
S31508026810B0B0A800FF00110108180426011C082AB6
S315080268200101000000000000000000006E83F9A2CA
S315080268302915444ED15727FCC0DD34F5999562DBFC
S315080268404190433CAB6351FE00000000000000008B
S315080268500000000000000000000000000100000027
S31508026860020000000300000004000000000000000F
S315080268700500000000000000000000000000000003
S3150802688006000000000000000000000000000000F2
S3150802689007000000000000000102030401020304CD
S315080268A0060708090001020304050607080C101466
S315080268B018203040000610160006101608040204B6
S315080268C0080101010101010307010000010002009C
S315080268D00400060008000A000C0010002000400010
S315080268E0800000010000891112239B322446AD570D
S315080268F03665BF74488CC19D5AAFD3BE6CCAE5DBF8
S315080269007EE9F7F88110080193331A22A5562C4717
S31508026910B7753E64C99C408DDBBF52AEEDDA64CBD7
S31508026920FFF976E802218B30100299132667AF76B3
S315080269303444BD554AADC3BC588ED19F6EEBE7FAB7
S315080269407CC8F5D983310A2091121803A7772E66D7
S31508026950B5543C45CBBD42ACD99E508FEFFB66EA97
S31508026960FDD874C904428D5316619F702004A91577
S315080269703227BB364CCEC5DF5EEDD7FC6888E19977
S315080269807AABF3BA85520C4397711E60A114280597
S31508026990B3373A26CDDE44CFDFFD56ECE998608957
S315080269A0FBBB72AA06638F7214409D512225AB3433
S315080269B03006B9174EEFC7FE5CCCD5DD6AA9E3B837
S315080269C0788AF19B87730E6295501C41A3352A2457
S315080269D0B1163807CFFF46EEDDDC54CDEBB962A817
S315080269E0F99A708B088481951AA793B62CC2A5D3F7
S315080269F03EE1B7F04008C919522BDB3A644EED5F07
S31508026A00766DFF7C899400859BB712A6ADD224C306
S31508026A10BFF136E0C1184809D33B5A2AE55E6C4FE6
S31508026A20F77D7E6C0AA583B4188691972EE3A7F2A2
S31508026A303CC0B5D14229CB38500AD91B666FEF7EC6
S31508026A40744CFD5D8BB502A499961087AFF326E2C6
S31508026A50BDD034C1C3394A28D11A580BE77F6E6EA6
S31508026A60F55C7C4D0CC685D71EE597F42880A19166
S31508026A703AA3B3B2444ACD5B5669DF78600CE91D86
S31508026A80722FFB3E8DD604C79FF516E4A990208186
S31508026A90BBB332A2C55A4C4BD7795E68E11C680D66
S31508026AA0F33F7A2E0EE787F61CC495D52AA1A3B022
S31508026AB03882B193466BCF7A5448DD59622DEB3C46
S31508026AC0700EF91F8FF706E69DD414C5ABB122A046
S31508026AD0B9923083C77B4E6AD5585C49E33D6A2C26
S31508026AE0F11E780F0000891112239B322446AD57F6
S31508026AF03665BF74488CC19D5AAFD3BE6CCAE5DBF6
S31508026B007EE9F7F88110080193331A22A5562C4715
S31508026B10B7753E64C99C408DDBBF52AEEDDA64CBD5
S31508026B20FFF976E802218B30100299132667AF76B1
S31508026B303444BD554AADC3BC588ED19F6EEBE7FAB5
S31508026B407CC8F5D983310A2091121803A7772E66D5
S31508026B50B5543C45CBBD42ACD99E508FEFFB66EA95
S31508026B60FDD874C904428D5316619F702004A91575
S31508026B703227BB364CCEC5DF5EEDD7FC6888E19975
S31508026B807AABF3BA85520C4397711E60A114280595
S31508026B90B3373A26CDDE44CFDFFD56ECE998608955
S31508026BA0FBBB72AA06638F7214409D512225AB3431
S31508026BB03006B9174EEFC7FE5CCCD5DD6AA9E3B835
S31508026BC0788AF19B87730E6295501C41A3352A2455
S31508026BD0B1163807CFFF46EEDDDC54CDEBB962A815
S31508026BE0F99A708B088481951AA793B62CC2A5D3F5
S31508026BF03EE1B7F04008C919522BDB3A644EED5F05
S31508026C00766DFF7C899400859BB712A6ADD224C304
S31508026C10BFF136E0C1184809D33B5A2AE55E6C4FE4
S31508026C20F77D7E6C0AA583B4188691972EE3A7F2A0
S31508026C303CC0B5D14229CB38500AD91B666FEF7EC4
S31508026C40744CFD5D8BB502A499961087AFF326E2C4
S31508026C50BDD034C1C3394A28D11A580BE77F6E6EA4
S31508026C60F55C7C4D0CC685D71EE597F42880A19164
S31508026C703AA3B3B2444ACD5B5669DF78600CE91D84
S31508026C80722FFB3E8DD604C79FF516E4A990208184
S31508026C90BBB332A2C55A4C4BD7795E68E11C680D64
S31508026CA0F33F7A2E0EE787F61CC495D52AA1A3B020
S31508026CB03882B193466BCF7A5448DD59622DEB3C44
S31508026CC0700EF91F8FF706E69DD414C5ABB122A044
S31508026CD0B9923083C77B4E6AD5585C49E33D6A2C24
S31508026CE0F11E780F0000803F00000000000000003F
S31508026CF00000000000000000000000000000000084
S31508026D000000803F000000000000000000000000B4
S31508026D100000000000000000000000000000803FA4
S31508026D200000000000000000000000000000000053
S31508026D3000000000000000000000803F0000000084
S31508026D400000000000000000000000000000000033
S31508026D50000000000000803F000000000000000064
S31508026D600000000000000000000000000000000013
S31508026D700000803F005EBCE2613FDD83C29C7E204C
S31508026D80A3FD1F419DC3217FFCA2401E5F01E3BDF7
S31508026D903E6082DC237D9FC1421CFEA0E1BF5D03EB
S31508026DA080DE3C62BEE0025CDF81633D7C22C09EDF
S31508026DB01D43A1FF4618FAA427799BC584DA3866CB
S31508026DC0E5BB5907DB856739BAE406581947A5FBB7
S31508026DD07826C49A653BD987045AB8E6A7F91B45AB
S31508026DE0C6987A24F8A6441A99C7257B3A6486D89F
S31508026DF05B05E7B98CD2306EEDB3510F4E10F2AC8B
S31508026E002F7193CD114FADF3702ECC92D38D6F3176
S31508026E10B2EC0E50AFF1134DCE90722C6D33D18F6A
S31508026E200C52B0EE326C8ED0530DEFB1F0AE4C125E
S31508026E3091CF2D73CA947628ABF517490856B4EA4A
S31508026E406937D58B5709EBB536688AD495CB297736
S31508026E50F4AA4816E9B7550B88D6346A2B7597C92A
S31508026E604A14F6A8742AC896154BA9F7B6E80A541E
S31508026E70D7896B35D06F0208CC6E0208C46E020839
S31508026E80D06F0208ED6E0208746E0208D06F02080F
S31508026E900F6F0208806E0208D06F0208346F02086C
S31508026EA0BC6E0208D06F0208466F0208B06E02086E
S31508026EB0D06F02085F6F0208BC6E0208A86F02084C
S31508026EC06C6F0208A86F0208796F02084E31305FAC
S31508026ED05F637878616269763131365F5F736869B4
S31508026EE06D5F747970655F696E666F45004E313005
S31508026EF05F5F637878616269763131375F5F636CA9
S31508026F006173735F747970655F696E666F45004E6B
S31508026F1031305F5F637878616269763132305F5FFC
S31508026F2073695F636C6173735F747970655F696EA9
S31508026F30666F4500537431336261645F65786365D1
S31508026F407074696F6E00537432306261645F617285
S31508026F507261795F6E65775F6C656E6774680053F8
S31508026F6074396261645F616C6C6F6300537439656E
S31508026F707863657074696F6E0053743974797065D5
S31508026F805F696E666F0000000000000000000000E6
S31508026F904110020800000000000000001129020842
S31508026FA000000000806E020845A2010849A20108F5
S31508026FB0DF400208E140020887420208E34002086D
S31508026FC02141020809420208000000008C6E0208EC
S31508026FD045A2010859A20108DF400208E140020859
S31508026FE0874202080D43020865430208454402081F
S31508026FF00000000000000000DD400208113D020802
S31508027000053D0208333C0208833C0208C3390208DC
S31508027010BB3802081F390208033C0208C33C0208AF
S315080270206D3C02088D390208D3390208733B0208FF
S31508027030E3390208B338020800000000986E020815
S3150802704019450208B9440208714402080000000002
S31508027050A46E020819450208CD44020889440208AA
S3150802706000000000B06E020819450208134502081E
S31508027070A544020840AC037D04014103057C0002D5
S315080270806D0D026D090243444320496E74657266AA
S315080270906163650043444320436F6E666967005324
S315080270A0544D6963726F656C656374726F6E69635A
S315080270B0730053544D3332205669727475616C20CD
S315080270C0436F6D506F72740070630000E0780208B7
S315080270D000000024D801000030030008F0790208F5
S315080270E0D8010024E83E0100900300085DEFFEFF88
S315080270F079EFFEFF65EFFEFF81EFFEFF8DEFFEFFE4
S31508027100C492FD7F01000000609AFD7F0884138007
S31508027110889BFD7F08840D80389CFD7F0100000056
S3150802712080F3FD7F08840780E8F4FD7F01000000F4
S31508027130A04AFE7F08840380504BFE7F01000000B0
S315080271405859FE7F08840180605AFE7F01000000BC
S31508027150905BFE7F08840780C860FE7F01000000FE
S315080271601863FE7F088403800865FE7F010000001D
S31508027170A873FE7F088403809075FE7F01000000D5
S31508027180C08AFE7F08840580D88BFE7F0100000036
S31508027190D890FE7F08840380D091FE7F010000000C
S315080271A0009BFE7F08840180289CFE7F0100000068
S315080271B098A2FE7F0884038058A7FE7F010000007C
S315080271C088EEFE7FB0088480D0EEFE7FB0B0B08035
S315080271D0D6EEFE7FAB38B280FCEEFE7F08840980CD
S315080271E024EFFE7FAA3FB28094EFFE7FA837B280D3
S315080271F0C4EFFE7FB0B0AA802CF0FE7FB0AF00804D
S3150802720024F2FE7FB0AC058034F3FE7FB0B0AA80CC
S31508027210A0F3FE7F08840380E8F3FE7F01000000E6
S3150802722098F9FE7F08840180E0F9FE7F0B840580C9
S31508027230D8FAFE7F01000000D0FBFE7F0884098091
S31508027240C001FF7F08840180D802FF7F0100000089
S315080272503803FF7F088401805003FF7F0100000086
S315080272605803FF7F088401807803FF7F0884038020
S315080272701005FF7F088401809005FF7FB00884808F
S315080272808006FF7F01000000D006FF7F0884098080
S315080272902008FF7F088401809808FF7F010000000C
S315080272A05009FF7F088401806809FF7F08840780E8
S315080272B0C00AFF7F01000000600BFF7F08840F8071
S315080272C06811FF7F088401801014FF7F0100000007
S315080272D01014FF7F08840180B014FF7F01000000AC
S315080272E0C015FF7FB0AE0B806016FF7F010000005D
S315080272F02818FF7FB0AC0B80A818FF7F010000009A
S31508027300581AFF7F088407803020FF7F088405808B
S315080273109822FF7F01000000E622FF7FB0088480E2
S315080273200823FF7F01000000A82DFF7FB0AC0F8065
S315080273302C2EFF7FB0AC1180F82EFF7FB0B0B08044
S31508027340082FFF7FB0088480202FFF7FB0B0B0805F
S31508027350602FFF7FB0A80180842FFF7FB0AF0C801B
S31508027360D432FF7FB0B0A880DC32FF7FB0AB028098
S315080273703033FF7FB00B84804433FF7FB0B0AA80DE
S315080273807634FF7FB0B0A880CE34FF7FB008848001
S31508027390DC34FF7FB0AC01802035FF7F010000009E
S315080273A0A035FF7F08840980E836FF7F08841780A6
S315080273B0783AFF7F088429809842FF7F01000000FF
S315080273C05043FF7F088403807044FF7F010000005A
S315080273D0C844FF7F08840180E044FF7F0100000063
S315080273E05045FF7F088401806845FF7F0100000041
S315080273F00047FF7F088401800847FF7F01000000DD
S315080274008047FF7F0B840B80E84CFF7F010000005A
S31508027410384DFF7FB0B0AB80B04DFF7FB0AF0A806A
S315080274207C4EFF7FB0AB0080184FFF7F0100000043
S31508027430404FFF7F08840180704FFF7F08841180C8
S315080274404851FF7F088415807056FF7F01000000AF
S315080274501857FF7F08840980385CFF7F08841D80DF
S31508027460685FFF7F08840580E05FFF7F08840180EC
S31508027470F85FFF7F010000006860FF7F08840D80C7
S315080274805861FF7F088401808861FF7F0884038032
S315080274907062FF7F088409803863FF7F010000005D
S315080274A00065FF7F08843F801870FF7F0100000097
S315080274B09070FF7F08840380A870FF7F0100000098
S315080274C05077FF7F088405804078FF7F010000001F
S315080274D0287BFF7F08840380E87BFF7F088405807A
S315080274E0407EFF7F088409809880FF7F0884138086
S315080274F00887FF7F088409800888FF7F088403803D
S315080275004088FF7F08841580288BFF7F08840580C2
S31508027510588CFF7F08840780A88CFF7F0884058023
S31508027520E08DFF7F01000000C090FF7F0884038082
S315080275303892FF7F010000006892FF7F088401806D
S31508027540A092FF7F01000000A893FF7F08840580B0
S315080275504895FF7F01000000A095FF7F08840180FF
S31508027560B895FF7F01000000F095FF7F088405802B
S31508027570E896FF7F088403803897FF7F01000000A2
S315080275808098FF7F08840580209AFF7F010000000B
S31508027590509AFF7F08840180689AFF7F01000000E5
S315080275A0A09AFF7F08840580A09BFF7F088403803A
S315080275B0F09BFF7F01000000409DFF7F0884078043
S315080275C0989EFF7F08840180C09EFF7F010000000D
S315080275D0209FFF7F08840180389FFF7F01000000FB
S315080275E0989FFF7F08840380B8A0FF7F08840180E4
S315080275F008A1FF7F0884158010A5FF7F08840780ED
S31508027600E0A5FF7F0100000050A6FF7F08840380E3
S3150802761088A7FF7F0100000098A7FF7F08840380E0
S31508027620B0A8FF7F01000000C0A8FF7F088405807C
S31508027630D8AAFF7F0100000010ABFF7F08840180F3
S3150802764028ABFF7F0100000090ABFF7F088405800E
S31508027650A0ACFF7F0884038000ADFF7F0100000015
S3150802766080B0FF7F0884098070B2FF7F01000000A6
S31508027670A0B2FF7F0884078000B4FF7F01000000E4
S3150802768068B8FF7F0884058088BAFF7F010000007A
S3150802769060BBFF7F0884038028BCFF7F01000000CF
S315080276A028BEFF7F08840980C8C0FF7F010000004A
S315080276B002C2FF7FB0B0B08002C2FF7FB00B8480E7
S315080276C05EC2FF7FB0AB0080C4C2FF7FB0B0B0809D
S315080276D0C2C2FF7FB0A80180EAC2FF7FB0B0B08005
S315080276E0F2C2FF7FB0088480FAC2FF7FB0B0B080D2
S315080276F0F8C2FF7FB0AF00807AC4FF7F0B84038095
S3150802770002C5FF7FB00B84802AC5FF7FB00884803C
S315080277105CC5FF7FB0B0A8806AC5FF7FB0088480C9
S31508027720A2C5FF7FB00B8480DCC5FF7FB0B0B080F6
S3150802773078C9FF7FB0B0A880A4C9FF7FB0B0B08077
S31508027740A2C9FF7FB0AB0080D8C9FF7FB0B0AC80BA
S3150802775070CAFF7FB00884802ECBFF7FB0AC0F8043
S31508027760ACCBFF7FB0AD0280DCCCFF7FB008848053
S3150802777000CDFF7FB0B0B08060CDFF7F0100000072
S3150802778084CDFF7FB0B0B08094CDFF7F98EFFF7FA6
S3150802779000CEFF7FB008848030CEFF7FB0B0B080C5
S315080277A04CCEFF7FB008848064CEFF7F98EFFF7FC0
S315080277B086CEFF7FB0B0B08090CEFF7F010000007A
S315080277C04CCFFF7FB0B0B0805CCFFF7FB00884801B
S315080277D05ECFFF7F88EFFF7F80CFFF7F9CEFFF7F23
S315080277E0C6CFFF7FB0EFFF7F18D0FF7FC4EFFF7FC2
S315080277F090D1FF7F18F0FF7FB6D1FF7FB00B848050
S3150802780044D2FF7FB0B0B08050D2FF7FB0AB0080C9
S3150802781096D2FF7FB0B0AA8018D3FF7FB0088480C3
S3150802782030D3FF7F08840180B8D4FF7FB0088480F4
S3150802783050D5FF7FB0B0B08060D5FF7FB008848096
S3150802784068D5FF7FB0AD0480CCD5FF7FB0088480B1
S31508027850DCD5FF7FB0AC0B800CD7FF7FB0B0AA8017
S3150802786032D7FF7FB0B0A88046D7FF7FB0B0AA80D4
S315080278706AD7FF7FB00B8480AAD7FF7FB0088480BF
S31508027880B4D7FF7FB0B0B080B2D7FF7FB0B0AC80BC
S31508027890E0D7FF7FB0AA098040D8FF7FB0B0B0809A
S315080278A040D8FF7FB008848040D8FF7F01000000DF
S315080278B0A0DEFF7FB0B0B080E8DEFF7F01000000E7
S315080278C03CDFFF7FB0B0A88058DFFF7FB0B0B08042
S315080278D054DFFF7FB0AB008096DFFF7FB0B0B08089
S315080278E0480DE7416B3A58A08B3A828101FF011293
S315080278F0FC180A993701080938010829041A51049B
S315080279001AA1041A49141AB9045108081250C3478D
S31508027910CDCCCC3D0409531C110B1AC8421C42217A
S315080279202C90D003041BF929B84E270108592DAC0F
S315080279301F19280108C125BC5A26BC711A19281A0A
S31508027940A91C1A89081A9108140902431302012567
S31508027950C03209041B01020B130524161001052463
S3150802796001100901042402020524061701070582EB
S315080279700308151009040133020A2E0705010240FD
S31508027980072A810711130A0632023340011A122303
S315080279901302021E4083044057591B02031513B9EA
S315080279A00D1B08B1041A51041AF10413410E0008FA
S315080279B01808040309041A03120F1608108209117B
S315080279C0160A15800B1610090C18010D7D04017C88
S315080279D0160240AB0341100C0553080658040770FB
S315080279E017DB082E080D4602087872100000000000
S705080002CD23
