:020000040800F2
:10000000C0400124E5030008D9F1000819E7000801
:10001000D1F10008610B00084160010800000000F8
:10002000000000000000000000000000C9FD000802
:10003000791A000800000000F1F5000861FE0008D0
:10004000FF030008FF030008FF030008FF03000888
:10005000FF030008FF030008FF030008FF03000878
:10006000FF030008FF030008FF030008B90E0008A3
:10007000C90E0008D90E0008E90E0008F90E0008A4
:10008000090F0008190F0008FF030008A91A00084B
:10009000B91A0008FF030008FF030008FF03000867
:1000A000FF030008FF030008FF030008FF03000828
:1000B000FF030008FF03000881000108FF03000898
:1000C000FF030008FF030008FF030008FF03000808
:1000D00099F90008B1250108FF030008FF03000893
:1000E000811A0008FF03000800000000FF03000859
:1000F000FF030008FF030008FF030008290F0008A2
:10010000FF030008FF03000891000108FF03000837
:10011000FF030008D90D0108FF030008FF030008D2
:10012000390F0008490F0008FF030008FF0300080B
:10013000FF030008FF030008FF030008FF03000897
:1001400000000000000000000000000000000000AF
:10015000FF030008FF030008FF030008FF03000877
:10016000FF030008FF030008FF030008FF03000867
:10017000FF03000851F20008FF0300080000000020
:10018000FF030008FF030008E90D0108F90D01084D
:10019000FF030008FF030008FF030008FF03000837
:1001A000FF030008FF030008FF0300080000000031
:1001B000FF030008FF030008FF030008FF03000817
:1001C000FF030008FF03000800000000000000001B
:1001D0000000000000000000FF0300080000000015
:1001E000000000000000000000000000000000000F
:1001F0000000000000000000FF030008FF030008EB
:10020000FF030008FF03000800000000FF030008D0
:10021000FF030008FF030008FF030008FF030008B6
:10022000FF03000800000000FF03000800000000BA
:10023000FF030008FF03000800000000FF030008A0
:10024000FF030008FF030008FF030008FF03000886
:10025000FF030008FF030008FF030008FF03000876
:10026000FF030008FF030008FF030008FF03000866
:10027000FF030008FF030008FF0300080000000060
:10028000FF030008FF030008FF030008FF03000846
:1002900000000000FF030008FF030008000000004A
:1002A00000000000FF030008FF030008090E01081A
:1002B000A1250108FF030008FF030008C91A000870
:1002C000FF030008FF030008FF03000800F002F826
:1002D00000F078F814A696E8000CB244B344DA456E
:1002E00001D100F06FF8BAE80F000FA696E83000D1
:1002F000A5EB040504EB0607AAEB0704A7F1010729
:100300004FEA15154FEA3414A4F10104AC4201D3AD
:1003100000F058F813F0010F18BFFB1A43F0010367
:1003200000F001F8DBE71847A46D0200C46D02007D
:100330000A444FF0000C10F8013B13F0070408BF0B
:1003400010F8014B1D1108BF10F8015B641E05D0A9
:1003500010F8016B641E01F8016BF9D113F0080F5E
:100360001EBF10F8014BAD1C0C1B09D16D1E58BFF0
:1003700001F801CBFAD505E014F8016B01F8016B27
:100380006D1EF9D59142D6D370470000704700002A
:100390000023002400250026103A28BF78C1FBD88E
:1003A000520728BF30C148BF0B6070471FB526F009
:1003B000A2F99DE8030000F0F9F900F0C5F91FBDAE
:1003C00010B510BD00F0F6FA1146FFF7EFFF25F06B
:1003D000E7F900F014FB03B4FFF7F2FF03BC00F0F1
:1003E0009FFA00000948804709480047FEE7FEE7FA
:1003F000FEE7FEE7FEE7FEE7FEE7FEE7FEE7FEE7D5
:1004000004480549054A064B7047000041FF0008B3
:10041000CD020008C0600024C0400124C0C00024F8
:10042000C0C0002470B5064600F0A4F9056806F1C6
:100430000B0020F00704B4429CBF002070BD2B4687
:100440006A68BAB11068A04210D304F1080188426A
:100450003CBF5068586007D351681019416011685B
:10046000091B016058601460101D70BD134652686E
:10047000002AE7D12146284600F084F90028DED181
:1004800070BD70B50446051F00F074F90068002CBB
:1004900014BF446870BD002C18BFAC423CBF20465E
:1004A0006468F8D301680A18AA4218BF456003D1EE
:1004B0002A6805461144016028684119A1421CBF01
:1004C0006C6070BD6168696021680844286070BD17
:1004D00053EA020C00F069802DE9F04B4FF0000662
:1004E000002B1FBFB3FA83F503FA05F424FA05F6CF
:1004F0005E4012BF1643B2FA82F502FA05F4C5F166
:1005000020051EBF22FA05FC44EA0C04203556EAF9
:10051000044C4FEA144418BF641C4FF000084FF01D
:100520000009904271EB030C39D3002919BFB1FACD
:1005300081F701FA07F6B0FA80F700FA07F6C7F17B
:1005400020071EBF20FA07FC46EA0C062037B6FB40
:10055000F4FCA7EB0507103F07F01F0BCBF12006BB
:100560002CFA06F60CFA0BFB44BFB3460026202FEC
:10057000A4BF5E464FF0000B5BEA060C08BF4FF0CD
:10058000010B19EB0B0948EB0608ABFB027C06FBE1
:1005900002CC0BFB03CCC01B71EB0C01C1E70B467B
:1005A000024641464846BDE8F08B13B5084318BFE4
:1005B0004FF0FF300146AFF30080BDE81C407047AC
:1005C000032A40F2308010F0030C00F0158011F87F
:1005D000013BBCF1020F624498BF11F801CB00F857
:1005E000013B38BF11F8013BA2F1040298BF00F8AB
:1005F00001CB38BF00F8013B11F0030300F0258068
:10060000083AC0F0088051F8043B083A51F804CB8E
:10061000A0E80810F5E7121D5CBF51F8043B40F854
:10062000043BAFF30080D20724BF11F8013B11F85F
:1006300001CB48BF11F8012B24BF00F8013B00F8A3
:1006400001CB48BF00F8012B704710B5203AC0F02D
:100650000B80B1E81850A0E81850B1E81850A0E895
:100660001850203ABFF4F5AF5FEA027C24BFB1E82E
:100670001850A0E8185044BF18C918C0BDE8104071
:100680005FEA827C24BF51F8043B40F8043B08BF7A
:100690007047D20728BF31F8023B48BF11F8012B41
:1006A00028BF20F8023B48BF00F8012B70474FF0ED
:1006B00000020429C0F0128010F0030C00F01B802F
:1006C000CCF1040CBCF1020F18BF00F8012BA8BF3D
:1006D00020F8022BA1EB0C0100F00DB85FEAC17C01
:1006E00024BF00F8012B00F8012B48BF00F8012BB4
:1006F00070474FF0000200B51346944696462039E5
:1007000022BFA0E80C50A0E80C50B1F12001BFF4CA
:10071000F7AF090728BFA0E80C5048BF0CC05DF830
:1007200004EB890028BF40F8042B08BF704748BF7E
:1007300020F8022B11F0804F18BF00F8012B7047F2
:10074000704770477047000008487CB578440090B7
:1007500007487844009C0546019004E02046016863
:1007600008448047241DAC42F8D17CBD9C6902003E
:10077000AA69020000487047E001002470477047F2
:100780007047704738B504460A4600206946AFF303
:100790000080002808BF38BD02460099204600F0BE
:1007A000CDF8012038BD012000F0E9B8F8B5AFF36D
:1007B0000080054600200C460C2000BF0646A81904
:1007C000A0420DD9324669460020AFF300800700F1
:1007D00008BF00F0D4F80098A04218BF0546C4191D
:1007E000FFF7C8FF05600746F01D20F00700461917
:1007F000284600F00AF8B44208BFF8BDA21B3146F3
:100800003868BDE8F84000F099B800210160416007
:1008100070470C2070472DE9F04791460C46804602
:10082000FFF7A8FF0768604234EA000001D1042CFA
:1008300002D20520BDE8F087601E40F0070609F1EE
:100840000B0020F007054D4539D93B467A6882B345
:100850001468101D404206EA000C644525D9A4EB3B
:100860000C00854221D8BCF1000F0BD01046016866
:100870006244A1EB0C01116041685160C0F800C0F6
:1008800058600346116805F10800814205D35019EC
:10089000491B016015605860034652F8040F586008
:1008A0000020C8F80020BDE8F08713465268002AEF
:1008B000CED129463846FFF765FF0028C5D106206E
:1008C000BDE8F08710B500F035F8006810BD10B530
:1008D000044600F02FF8046010BD10B5002000F0B1
:1008E00047F8FFF76DFDBDE81040012000F018B893
:1008F00080E8FF1FC0F834D0C0F838E0C0F83CE012
:100900004FF00000704700BF80EC200B704700BF25
:1009100080EC200B704700BFC0EC200B704700003C
:1009200001491820ABBEFEE72600020000487047D0
:10093000D801002400487047D801002403464068CD
:100940008C46002818BF88423CBF03464068F8D355
:1009500018681844884207D00CF1030020F0070003
:10096000001D411A521A0146081D0A60FFF789BD91
:1009700010B500F053F8BDE8104000F049B810B5CC
:1009800000F064F8BDE8104000F042B886469EE8EA
:10099000FF1FDEF834D0DEF83CE0704790EC200B0F
:1009A000704700BF90EC200B704700BFD0EC200BCD
:1009B000704770477546FFF7B9FFAE4605006946B8
:1009C000534620F00700854618B020B5FFF718FD04
:1009D000BDE820404FF000064FF000074FF0000840
:1009E0004FF0000BAC46ACE8C009ACE8C009ACE87D
:1009F000C009ACE8C00921F007018D46704710B569
:100A00000446AFF300802046BDE81040FFF7E3BC8A
:100A1000002801D0FFF784BF7047000010B5002107
:100A200002A000F07BF8012010BD000053494741AF
:100A30004252543A2041626E6F726D616C2074654F
:100A4000726D696E6174696F6E00000010B50128E7
:100A500005D0002103A000F061F8012010BD09A11C
:100A6000F8E7000053494752544D454D3A204F7521
:100A700074206F662068656170206D656D6F727996
:100A8000000000003A2048656170206D656D6F724E
:100A90007920636F727275707465640000000000E5
:100AA00030B44FF0013C50F8042BCCFA52F451F81A
:100AB000043BD51A20D1FCB950F8042BCCFA52F4DF
:100AC00051F8043BD51A17D1B4B950F8042BCCFA1D
:100AD00052F451F8043BD51A0ED16CB950F8042BDE
:100AE000CCFA52F451F8043BD51A05D1002CDAD0D7
:100AF00030BC4FF00000704729BAB1FA81F111F013
:100B00001801D1F120008440F2D1CA40CB4012F04C
:100B1000FF0213F0FF0330BCD01A704770B50546D2
:100B20000C460A2000E06D1C00F011F835B1287861
:100B30000028F8D102E0641C00F009F814B1207814
:100B40000028F8D1BDE870400A20AFF3008008B556
:100B500069468DF800000320ABBE08BD0000000010
:100B6000FFE7FEE70000000080B594B013901291FB
:100B7000139800684AF20001C4F20001884221D1B2
:100B8000FFE7139840F2D821C2F2004108601298A2
:100B90004863002008900A900B9002210C910121DB
:100BA00007910D910E900F9045F2E840C2F200407F
:100BB00009900AA904F018FC0799089A099804F00A
:100BC000CFFA61E0139800684AF20041C4F20001D4
:100BD00088421FD1FFE7139840F2A831C2F20041CA
:100BE000086012984863002005900A900B9002213B
:100BF0000C910D910E900F9045F28850C2F200407A
:100C000006900AA904F0F0FB059A0698102104F05A
:100C1000A7FA38E0139800684DF20041C4F20001D1
:100C200088422FD1FFE7139840F22041C2F20041E1
:100C3000086012984863002003900A900B900221EC
:100C400001910C91012102910D910E900F9045F2AE
:100C50002860C2F2004004900AA904F0C5FB019A82
:100C6000029B049869460B60114604F049FC029A05
:100C70000498114604F064FB0299039A049804F066
:100C80006FFAFFE7FFE7FFE7139805F0C1FC14B028
:100C900080BD00000000000080B58EB00D90ADF862
:100CA00032100B92ADF82A30BDF8320001900020CE
:100CB00002900390BDF82A00082804DCFFE7BDF885
:100CC0002A000490FFE7BDF82A000C2803D1FFE7B3
:100CD00009200490FFE7BDF82A00102803D1FFE7A0
:100CE0000A200490FFE7BDF82A00142803D1FFE78B
:100CF0000B200490FFE7BDF82A00182803D1FFE776
:100D00000C200490FFE7BDF82A00202803D1FFE75C
:100D10000D200490FFE7BDF82A00302803D1FFE73B
:100D20000E200490FFE7BDF82A00402803D1FFE71A
:100D30000F200490FFE70020059006900790089090
:100D400009900D980B9A01A904F08AFA0EB080BDA3
:100D500084B08DF80F000291ADF806209DF80F00C9
:100D60000146009123281DD80099DFE801F01213F5
:100D70001415161B1B1B1B1B1B1B1B1B1B1B1B1BD5
:100D80001B1B1B1B1B1B1B1B1B1B1B1B1B1B1718BA
:100D9000191A08E007E006E005E004E003E002E0DD
:100DA00001E000E0FFE7002004B070470000000011
:100DB000002070470000000080B582B044F65C500F
:100DC000C2F20040009041F6D871C2F20041002208
:100DD000019211F09DFF009841F2D871C2F20041DA
:100DE00011F076FF019802B080BD00000000000005
:100DF00080B584B003900291039944F65C50C2F22E
:100E00000040009011F064FF009811F005FF039975
:100E10000298026840F22050C2F200400190303047
:100E2000FFF7CEFB019802990968A0F86010426EA6
:100E30000398029909689047002004B080BD000023
:100E400083B0029001918DF8032000208DF80200FC
:100E50009DF9020003B0704780B586B00490ADF8EC
:100E60000E1000208DF80D0044F65C50C2F20040D8
:100E7000D0F8BC0202900298D0F8140220B1FFE72B
:100E800001208DF8170013E00499BDF80E2044F6F8
:100E90005C50C2F20040019011F03AFF019812F04C
:100EA00043F88DF80D009DF80D008DF81700FFE751
:100EB0009DF8170006B080BD80B545F22810C2F23B
:100EC000004002F015F880BD80B545F2B000C2F2D6
:100ED000004002F00DF880BD80B545F23800C2F246
:100EE000004002F005F880BD80B545F2F830C2F24E
:100EF000004001F0FDFF80BD80B545F27040C2F2B8
:100F0000004001F0F5FF80BD80B545F2A010C2F2AF
:100F1000004001F0EDFF80BD80B545F21820C2F21F
:100F2000004001F0E5FF80BD80B545F29020C2F29F
:100F3000004001F0DDFF80BD80B545F20830C2F20F
:100F4000004001F0D5FF80BD80B545F28030C2F28F
:100F5000004001F0CDFF80BD83B00290029801688F
:100F600001201022C4F202029142009000F0A380FE
:100F7000FFE70298016801202822C4F20202914290
:100F8000009000F09880FFE702980168012040225D
:100F9000C4F202029142009000F08D80FFE70298B7
:100FA000016801205822C4F202029142009000F030
:100FB0008280FFE70298016801207022C4F20202D9
:100FC0009142009077D0FFE70298016801208822C3
:100FD000C4F20202914200906DD0FFE702980168CE
:100FE0000120A022C4F202029142009063D0FFE7E8
:100FF000029801680120B822C4F2020291420090D6
:1010000059D0FFE702980168012040F21042C4F273
:101010000202914200904ED0FFE702980168012041
:1010200040F22842C4F202029142009043D0FFE70E
:1010300002980168012040F24042C4F2020291424B
:10104000009038D0FFE702980168012040F2584232
:10105000C4F20202914200902DD0FFE7029801688D
:10106000012040F27042C4F202029142009022D06C
:10107000FFE702980168012040F28842C4F20202B0
:101080009142009017D0FFE702980168012040F2DA
:10109000A042C4F20202914200900CD0FFE70298F5
:1010A00000684FF64831CBF6FD710844B0FA80F085
:1010B00040090090FFE70098C00740B3FFE702989F
:1010C000007810384AF6AB21CAF6AA21A0FB01101D
:1010D00000090190019800F0070146F6B400C0F63F
:1010E0000200405C0299C8650198042807D3FFE715
:1010F00002990868042262F30900886506E00299F3
:10110000086840F2FF3290438865FFE705E00299E6
:10111000086820F0FF008865FFE70298806D03B043
:10112000704700000000000084B00390039800683E
:10113000019003980168012045F20842C5F60202B9
:10114000914200904ED0FFE703980168012045F2DC
:101150001C42C5F602029142009043D0FFE703987B
:101160000168012045F23042C5F60202914200902A
:1011700038D0FFE703980168012045F24442C5F6E4
:101180000202914200902DD0FFE7039801680120F0
:1011900045F25842C5F602029142009022D0FFE784
:1011A00003980168012045F26C42C5F602029142A3
:1011B000009017D0FFE703980168012045F28042B4
:1011C000C5F60202914200900CD0FFE70398006838
:1011D0004AF66C31CAF2FD710844B0FA80F0400959
:1011E0000090FFE70098C00710B3FFE7039800786E
:1011F00008384CF6CD41CCF6CC41A0FB01100009DB
:101200000290029945F60000C5F6020000EB81004D
:1012100003990866039945F68000C5F60200486602
:10122000029800F01F01012088400399886635E08C
:101230000398007810384AF6AB21CAF6AA21A0FB21
:10124000011000090290019840F2B841C4F2020175
:1012500088420CD8FFE7019840F21041C4F2020125
:10126000884204D3FFE7029808300290FFE7029912
:1012700040F60000C4F2020000EB8100039908660A
:10128000039940F68000C4F202004866029800F01C
:101290001F010120884003998866FFE704B070476A
:1012A00083B002900298007901900198002800F024
:1012B0008A80FFE70198082800F28580FFE70298FE
:1012C0000168012045F20842C5F6020291420090F1
:1012D0004ED0FFE702980168012045F21C42C5F696
:1012E00002029142009043D0FFE70298016801207A
:1012F00045F23042C5F602029142009038D0FFE735
:1013000002980168012045F24442C5F6020291426A
:1013100000902DD0FFE702980168012045F2584265
:10132000C5F602029142009022D0FFE702980168C0
:10133000012045F26C42C5F602029142009017D09E
:10134000FFE702980168012045F28042C5F60202DB
:10135000914200900CD0FFE7029800684AF66C3189
:10136000CAF2FD710844B0FA80F040090090FFE72E
:101370000098C00780B1FFE7019945F6FC00C5F66B
:10138000020000EB81000299C866029945F6401000
:10139000C5F6020008670FE0019940F6FC00C4F2B0
:1013A000020000EB81000299C866029940F64010E5
:1013B000C4F202000867FFE70198411E012088403F
:1013C00002994867FFE703B0704700000000000083
:1013D00085B0049000208DF80F000498806918BB38
:1013E000FFE70498806A029003281BD80299DFE87F
:1013F00001F0020D0218049890F82F00C00720B1E8
:10140000FFE701208DF80F00FFE70CE00498C06AA9
:10141000B0F1C07F04D1FFE701208DF80F00FFE796
:1014200001E000E0FFE747E004988069B0F5005F65
:1014300026D1FFE70498806A019003281ED80199FD
:10144000DFE801F00206021101208DF80F0016E01E
:10145000049890F82F00C00720B1FFE701208DF815
:101460000F00FFE70BE00498C06AB0F1C07F04D121
:10147000FFE701208DF80F00FFE700E0FFE71AE02B
:101480000498806A0090032804D3FFE7009803289B
:1014900004D00EE001208DF80F000BE0049890F8C6
:1014A0002F00C00720B1FFE701208DF80F00FFE7F4
:1014B00000E0FFE7FFE7FFE79DF80F0005B070478A
:1014C00089B008900791069205930898806D049062
:1014D0000898806D03900898016801201022C4F2DA
:1014E00002029142029000F00381FFE70898016830
:1014F00001202822C4F202029142029000F0F880FA
:10150000FFE70898016801204022C4F202029142DC
:10151000029000F0ED80FFE7089801680120582252
:10152000C4F202029142029000F0E280FFE70898C4
:10153000016801207022C4F202029142029000F080
:10154000D780FFE70898016801208822C4F20202D0
:101550009142029000F0CC80FFE7089801680120DA
:10156000A022C4F202029142029000F0C180FFE783
:10157000089801680120B822C4F202029142029048
:1015800000F0B680FFE708980168012040F21042A1
:10159000C4F202029142029000F0AA80FFE708988C
:1015A0000168012040F22842C4F2020291420290F6
:1015B00000F09E80FFE708980168012040F2404259
:1015C000C4F202029142029000F09280FFE7089874
:1015D0000168012040F25842C4F202029142029096
:1015E00000F08680FFE708980168012040F2704211
:1015F000C4F20202914202907AD0FFE70898016893
:10160000012040F28842C4F20202914202906FD05F
:10161000FFE708980168012040F2A042C4F20202EC
:101620009142029064D0FFE708980168012040F2DF
:10163000B842C4F202029142029059D0FFE70898E2
:101640000168012045F20842C5F60202914202906B
:101650004ED0FFE708980168012045F21C42C5F60C
:1016600002029142029043D0FFE7089801680120EE
:1016700045F23042C5F602029142029038D0FFE7AF
:1016800008980168012045F24442C5F602029142E1
:1016900002902DD0FFE708980168012045F25842DA
:1016A000C5F602029142029022D0FFE70898016835
:1016B000012045F26C42C5F602029142029017D019
:1016C000FFE708980168012045F28042C5F6020252
:1016D000914202900CD0FFE7089800684AF66C31FE
:1016E000CAF2FD710844B0FA80F040090290FFE7A9
:1016F0000298C00770B1FFE70898416E806E48609D
:101700000898C06E28B1FFE70898016F406F4860E5
:10171000FFE7FFE70898016801201022C4F20202E7
:101720009142019000F0A380FFE708980168012032
:101730002822C4F202029142019000F09880FFE753
:101740000898016801204022C4F2020291420190EF
:1017500000F08D80FFE70898016801205822C4F24C
:1017600002029142019000F08280FFE70898016830
:1017700001207022C4F202029142019077D0FFE76B
:101780000898016801208822C4F202029142019067
:101790006DD0FFE7089801680120A022C4F2020280
:1017A0009142019063D0FFE7089801680120B822B8
:1017B000C4F202029142019059D0FFE708980168F3
:1017C000012040F21042C4F20202914201904ED038
:1017D000FFE708980168012040F22842C4F20202A3
:1017E0009142019043D0FFE708980168012040F240
:1017F0004042C4F202029142019038D0FFE70898BB
:101800000168012040F25842C4F202029142019064
:101810002DD0FFE708980168012040F27042C4F221
:1018200002029142019022D0FFE70898016801204E
:1018300040F28842C4F202029142019017D0FFE7C1
:1018400008980168012040F2A042C4F202029142CD
:1018500001900CD0FFE7089800684FF64831CBF6AE
:10186000FD710844B0FA80F040090190FFE701984B
:10187000C00750B3FFE70898C06D00F01F013F207C
:1018800088400499886008980168086820F48020DE
:101890000860059808990968486008988068402899
:1018A00009D1FFE7069808990968886007980899A0
:1018B0000968C86008E00798089909688860069870
:1018C00008990968C860FFE782E00898016801206C
:1018D00045F20842C5F60202914200904ED0FFE761
:1018E00008980168012045F21C42C5F602029142A7
:1018F000009043D0FFE708980168012045F230428C
:10190000C5F602029142009038D0FFE708980168BE
:10191000012045F24442C5F60202914200902DD0CA
:10192000FFE708980168012045F25842C5F6020217
:101930009142009022D0FFE708980168012045F20B
:101940006C42C5F602029142009017D0FFE708985A
:101950000168012045F28042C5F6020291420090E2
:101960000CD0FFE7089800684AF66C31CAF2FD71A6
:101970000844B0FA80F040090090FFE70098C007E3
:1019800020B3FFE70898C06D00F01F0101208840D8
:101990000399486005980899096848600898806824
:1019A000402809D1FFE706980899096888600798D8
:1019B00008990968C86008E007980899096888606C
:1019C000069808990968C860FFE700E0FFE7FFE7AD
:1019D00009B070470000000081B000904EF6FC5145
:1019E000CEF20001086840F08070086041F6B071E6
:1019F000CEF2000108684CF65562CCF2AC521043AE
:101A0000086041F20401CEF200010020086041F2BA
:101A10000002CEF20002116841F00101116000994C
:101A200044F24022C0F20F024A4340F26441C2F243
:101A300000410A600A6844F6D353C1F26203A2FB74
:101A40000332920940F26843C2F200431A60096807
:101A50004DF68362C4F21B32A1FB0221890C40F2D5
:101A60006C42C2F20042116040F27C41C2F200417D
:101A7000086001B0704700007047000000000000DF
:101A800080B54FF4806004F03BFE4FF4805004F0CA
:101A900037FE80BD0000000081B0EFF3108072B609
:101AA0000090FFE7FEE7000080B545F2E840C2F293
:101AB000004003F0E1FE80BD80B545F28850C2F2DF
:101AC000004003F0D9FE80BD80B545F22860C2F227
:101AD000004003F0D1FE80BD84B002900298406BBC
:101AE000009002980068D0F884004FF6FC7188439B
:101AF000009940EA810002990968C1F884000298BF
:101B00000068D0F8840020F47F00029A1168926B7C
:101B100040EA0240C1F884000298816B00980844B2
:101B2000009002980068D0F888006FF38F00009949
:101B300040EA810002990968C1F8880002980068AB
:101B4000D0F8880020F4FE00029A1168D26B40EAB7
:101B50000240C1F888000298C16B009800EB410078
:101B6000009002980068D0F8A0006FF38F000099F1
:101B700040EA810002990968C1F8A0000298006853
:101B8000D0F8A00020F4FE00029A1168126C40EA1E
:101B90000240C1F8A0000299086C496C009A00FB51
:101BA0000120009002980068D0F8B0006FF38F0019
:101BB000009940EA810002990968C1F8B0000298D2
:101BC0000068D0F8B00020F4FE00029A1168926C10
:101BD00040EA0240C1F8B0000299886CC96C009AD2
:101BE00000FB0120009002980068D0F8AC006FF371
:101BF0008F00009940EA810002990968C1F8AC00A1
:101C00000299086D496D009A00FB0120009002982E
:101C10000068D0F8F0006FF38F00009940EA81006F
:101C200002990968C1F8F00002980068D0F8F00045
:101C300020F47C10029A1168926D40EA0240C1F8CB
:101C4000F0000298816D009800EB4100009002982E
:101C50000068D0F8C0006FF38F00009940EA81005F
:101C600002990968C1F8C00002980068D0F8C00065
:101C700020F47C10029A1168D26D40EA0240C1F84B
:101C8000C00002980068D0F8C00020F07C50029A92
:101C90001168126E40EA0260C1F8C00002994A6BF6
:101CA0004AF60040C4F2000000EB8200C8660299C8
:101CB0008A6BC86E00EB820008670299CA6B086FD6
:101CC00000EBC200486702990A6C4B6C486F5A439C
:101CD00000EB8200886702998A6CCB6C886F5A434C
:101CE00000EB8200C86702990A6D4B6DC86F5A43BA
:101CF00000EB8200C1F8800002998A6DD1F8800063
:101D000000EBC200C1F884000299CA6D8B6ED1F855
:101D100084005A4300EB8200C1F8880002990A6EE1
:101D20008B6ED1F888005A4300EB8200C1F8900016
:101D30000298D0F890004DF2FD31C4F200018842C3
:101D40000FD3FFE70299D1F89C0040F02000C1F8C2
:101D50009C000299032081F8980001208DF80F0063
:101D600017E00298C06E0190FFE701980299D1F840
:101D70009010884208D2FFE7019900200860FFE731
:101D8000019804300190F0E7FFE700208DF80F0084
:101D9000FFE79DF80F0004B070470000000000004E
:101DA00088B007900691059204930698406848B958
:101DB000FFE70698016882680069104340EA8140A5
:101DC000039009E00698016882680069104308439F
:101DD00040F080400390FFE70698D0F820C0C1682B
:101DE00042698369C06940EA0C601843104340EAC5
:101DF000014002900798826ED0F884000499514304
:101E000000EB81000190039801990860019804306B
:101E10000190029801990860019804300190002017
:101E20000090FFE700980699CA6846F6A401C0F63C
:101E30000201895C88420DD2FFE70598009940585D
:101E400001990860019804300190FFE70098043080
:101E50000090E7E708B0704780B584B04EF6000008
:101E6000C1F6F170006803904EF60400C1F6F170FF
:101E7000006802904EF60800C1F6F170006801900B
:101E80000199039808440390039888B1FFE70398E9
:101E900040F28411C2F200410091023108220CF09C
:101EA0003FFC00990298123104220CF039FCFFE744
:101EB00004B080BD0000000080B58AB0089004F036
:101EC0003BFE0490089828B9FFE701208DF8270011
:101ED00000F0AABC089890F8350002280ED0FFE761
:101EE000089980204865FFE70899002081F83400B0
:101EF000FFE701208DF8270000F096BC08980168E4
:101F000001201022C4F202029142039000F0A3804B
:101F1000FFE70898016801202822C4F202029142DA
:101F2000039000F09880FFE70898016801204022A4
:101F3000C4F202029142039000F08D80FFE70898FE
:101F4000016801205822C4F202029142039000F07D
:101F50008280FFE70898016801207022C4F2020223
:101F60009142039077D0FFE708980168012088220A
:101F7000C4F20202914203906DD0FFE70898016815
:101F80000120A022C4F202029142039063D0FFE735
:101F9000089801680120B822C4F20202914203901D
:101FA00059D0FFE708980168012040F21042C4F2BE
:101FB0000202914203904ED0FFE708980168012089
:101FC00040F22842C4F202029142039043D0FFE75C
:101FD00008980168012040F24042C4F20202914296
:101FE000039038D0FFE708980168012040F258427A
:101FF000C4F20202914203902DD0FFE708980168D5
:10200000012040F27042C4F202029142039022D0B9
:10201000FFE708980168012040F28842C4F20202FA
:102020009142039017D0FFE708980168012040F221
:10203000A042C4F20202914203900CD0FFE708983C
:1020400000684FF64831CBF6FD710844B0FA80F0D5
:1020500040090390FFE70398C00780B1FFE70898A5
:102060000168086820F01E00086008980168486947
:1020700020F08000486108980068059009E0089801
:102080000168086820F00E00086008980068059054
:10209000FFE70898016801201022C4F20202914271
:1020A000029000F00381FFE70898016801202822D0
:1020B000C4F202029142029000F0F880FFE7089813
:1020C000016801204022C4F202029142029000F015
:1020D000ED80FFE70898016801205822C4F202024F
:1020E0009142029000F0E280FFE708980168012029
:1020F0007022C4F202029142029000F0D780FFE702
:102100000898016801208822C4F2020291420290DC
:1021100000F0CC80FFE7089801680120A022C4F2FB
:1021200002029142029000F0C180FFE70898016826
:102130000120B822C4F202029142029000F0B6805F
:10214000FFE708980168012040F21042C4F2020241
:102150009142029000F0AA80FFE7089801680120F0
:1021600040F22842C4F202029142029000F09E80A6
:10217000FFE708980168012040F24042C4F20202E1
:102180009142029000F09280FFE7089801680120D8
:1021900040F25842C4F202029142029000F086805E
:1021A000FFE708980168012040F27042C4F2020281
:1021B000914202907AD0FFE708980168012040F22E
:1021C0008842C4F20202914202906FD0FFE7089861
:1021D0000168012040F2A042C4F202029142029042
:1021E00064D0FFE708980168012040F2B842C4F2C9
:1021F00002029142029059D0FFE70898016801203D
:1022000045F20842C5F60202914202904ED0FFE725
:1022100008980168012045F21C42C5F6020291426D
:10222000029043D0FFE708980168012045F2304250
:10223000C5F602029142029038D0FFE70898016883
:10224000012045F24442C5F60202914202902DD08F
:10225000FFE708980168012045F25842C5F60202DE
:102260009142029022D0FFE708980168012045F2D0
:102270006C42C5F602029142029017D0FFE708981F
:102280000168012045F28042C5F6020291420290A7
:102290000CD0FFE7089800684AF66C31CAF2FD716D
:1022A0000844B0FA80F040090290FFE70298C007A6
:1022B00038B1FFE70898016E086820F48070086064
:1022C000FFE7089800681021C4F20201884200F07C
:1022D0008180FFE7089800682821C4F20201884243
:1022E00078D0FFE7089800684021C4F202018842D4
:1022F00070D0FFE7089800685821C4F202018842B4
:1023000068D0FFE7089800687021C4F20201884293
:1023100060D0FFE7089800688821C4F20201884273
:1023200058D0FFE708980068A021C4F20201884253
:1023300050D0FFE708980068B821C4F20201884233
:1023400048D0FFE70898006840F21041C4F202014B
:1023500088423FD0FFE70898006840F22841C4F265
:102360000201884236D0FFE70898006840F24041F9
:10237000C4F2020188422DD0FFE70898006840F2BD
:102380005841C4F20201884224D0FFE7089800684F
:1023900040F27041C4F2020188421BD0FFE7089866
:1023A000006840F28841C4F20201884212D0FFE77F
:1023B0000898006840F2A041C4F20201884209D0A6
:1023C000FFE70898006840F2B841C4F20201884271
:1023D00007D1FFE708980168086820F0010008604D
:1023E00006E008980168086820F001000860FFE72F
:1023F000FFE705980068C007C8B1FFE704F09CFB41
:102400000499401A062811D3FFE70899202048654F
:102410000899032081F83500FFE70899002081F82A
:102420003400FFE701208DF82700FDE1E1E708987F
:10243000016801201022C4F202029142019000F0D2
:10244000A380FFE70898016801202822C4F2020255
:102450009142019000F09880FFE708980168012000
:102460004022C4F202029142019000F08D80FFE709
:102470000898016801205822C4F20202914201909A
:1024800000F08280FFE70898016801207022C4F202
:1024900002029142019077D0FFE70898016801207D
:1024A0008822C4F20202914201906DD0FFE70898A1
:1024B00001680120A022C4F202029142019063D07F
:1024C000FFE7089801680120B822C4F20202914295
:1024D000019059D0FFE708980168012040F21042AE
:1024E000C4F20202914201904ED0FFE708980168C1
:1024F000012040F22842C4F202029142019043D0EE
:10250000FFE708980168012040F24042C4F202024D
:102510009142019038D0FFE708980168012040F20D
:102520005842C4F20202914201902DD0FFE7089870
:102530000168012040F27042C4F20202914201900F
:1025400022D0FFE708980168012040F28842C4F2D7
:1025500002029142019017D0FFE70898016801201C
:1025600040F2A042C4F20202914201900CD0FFE777
:10257000089800684FF64831CBF6FD710844B0FA70
:1025800080F040090190FFE70198C00760B1FFE7C4
:102590000898806D07900898C06D00F01F013F20DB
:1025A0008840079988600BE00898806D069008982D
:1025B000C06D00F01F010120884006994860FFE7C8
:1025C0000898016801201022C4F202029142009092
:1025D00000F00381FFE70898016801202822C4F277
:1025E00002029142009000F0F880FFE7089801682D
:1025F00001204022C4F202029142009000F0ED80DE
:10260000FFE70898016801205822C4F202029142B3
:10261000009000F0E280FFE7089801680120702236
:10262000C4F202029142009000F0D780FFE70898C0
:10263000016801208822C4F202029142009000F059
:10264000CC80FFE7089801680120A022C4F20202B2
:102650009142009000F0C180FFE7089801680120D6
:10266000B822C4F202029142009000F0B680FFE767
:1026700008980168012040F21042C4F2020291421F
:10268000009000F0AA80FFE708980168012040F25E
:102690002842C4F202029142009000F09E80FFE7BF
:1026A00008980168012040F24042C4F202029142BF
:1026B000009000F09280FFE708980168012040F246
:1026C0005842C4F202029142009000F08680FFE777
:1026D00008980168012040F27042C4F2020291425F
:1026E00000907AD0FFE708980168012040F2884204
:1026F000C4F20202914200906FD0FFE7089801688F
:10270000012040F2A042C4F202029142009064D043
:10271000FFE708980168012040F2B842C4F20202C3
:102720009142009059D0FFE708980168012045F2D6
:102730000842C5F60202914200904ED0FFE7089889
:102740000168012045F21C42C5F602029142009048
:1027500043D0FFE708980168012045F23042C5F6F2
:1027600002029142009038D0FFE7089801680120EA
:1027700045F24442C5F60202914200902DD0FFE797
:1027800008980168012045F25842C5F602029142BC
:10279000009022D0FFE708980168012045F26C42C2
:1027A000C5F602029142009017D0FFE70898016831
:1027B000012045F28042C5F60202914200900CD001
:1027C000FFE7089800684AF66C31CAF2FD710844C8
:1027D000B0FA80F040090090FFE70098C007A0B170
:1027E000FFE70898416E806E48600898C06E58B147
:1027F000FFE70898C16E086820F4807008600898A8
:10280000016F406F4860FFE7FFE70899012081F8FA
:102810003500FFE70899002081F83400FFE7FFE763
:1028200000208DF82700FFE79DF827000AB080BD43
:1028300080B586B00490049820B9FFE701208DF898
:10284000170046E3049890F83500022807D0FFE708
:1028500004998020486501208DF8170039E3049819
:10286000016801201022C4F202029142029000F09D
:10287000A380FFE70498016801202822C4F2020225
:102880009142029000F09880FFE7049801680120CF
:102890004022C4F202029142029000F08D80FFE7D4
:1028A0000498016801205822C4F202029142029069
:1028B00000F08280FFE70498016801207022C4F2D2
:1028C00002029142029077D0FFE70498016801204C
:1028D0008822C4F20202914202906DD0FFE7049870
:1028E00001680120A022C4F202029142029063D04A
:1028F000FFE7049801680120B822C4F20202914265
:10290000029059D0FFE704980168012040F210427C
:10291000C4F20202914202904ED0FFE7049801688F
:10292000012040F22842C4F202029142029043D0B8
:10293000FFE704980168012040F24042C4F202021D
:102940009142029038D0FFE704980168012040F2DC
:102950005842C4F20202914202902DD0FFE704983F
:102960000168012040F27042C4F2020291420290DA
:1029700022D0FFE704980168012040F28842C4F2A7
:1029800002029142029017D0FFE7049801680120EB
:1029900040F2A042C4F20202914202900CD0FFE742
:1029A000049800684FF64831CBF6FD710844B0FA40
:1029B00080F040090290FFE70298C007002800F06D
:1029C0009D80FFE70499042081F835000498006891
:1029D0001021C4F20201884200F08180FFE70498D0
:1029E00000682821C4F20201884278D0FFE70498E9
:1029F00000684021C4F20201884270D0FFE70498C9
:102A000000685821C4F20201884268D0FFE70498A8
:102A100000687021C4F20201884260D0FFE7049888
:102A200000688821C4F20201884258D0FFE7049868
:102A30000068A021C4F20201884250D0FFE7049848
:102A40000068B821C4F20201884248D0FFE7049828
:102A5000006840F21041C4F2020188423FD0FFE713
:102A60000498006840F22841C4F20201884236D03E
:102A7000FFE70498006840F24041C4F20201884236
:102A80002DD0FFE70498006840F25841C4F20201DB
:102A9000884224D0FFE70498006840F27041C4F2F5
:102AA000020188421BD0FFE70498006840F2884189
:102AB000C4F20201884212D0FFE70498006840F295
:102AC000A041C4F20201884209D0FFE704980068DF
:102AD00040F2B841C4F20201884207D1FFE70498EE
:102AE0000168086820F00100086006E004980168A9
:102AF000086820F001000860FFE7E5E1049801683C
:102B0000086820F00E000860049800681021C4F2E4
:102B10000201884200F08180FFE7049800682821C4
:102B2000C4F20201884278D0FFE70498006840218F
:102B3000C4F20201884270D0FFE70498006858216F
:102B4000C4F20201884268D0FFE70498006870214F
:102B5000C4F20201884260D0FFE70498006888212F
:102B6000C4F20201884258D0FFE704980068A0210F
:102B7000C4F20201884250D0FFE704980068B821EF
:102B8000C4F20201884248D0FFE70498006840F28E
:102B90001041C4F2020188423FD0FFE70498006868
:102BA00040F22841C4F20201884236D0FFE704987F
:102BB000006840F24041C4F2020188422DD0FFE794
:102BC0000498006840F25841C4F20201884224D0BF
:102BD000FFE70498006840F27041C4F202018842A5
:102BE0001BD0FFE70498006840F28841C4F202015C
:102BF000884212D0FFE70498006840F2A041C4F276
:102C00000201884209D0FFE70498006840F2B84109
:102C1000C4F20201884207D1FFE7049801680868FE
:102C200020F00100086006E004980168086820F0C0
:102C300001000860FFE70498016801201022C4F237
:102C400002029142019000F00381FFE704980168BD
:102C500001202822C4F202029142019000F0F88083
:102C6000FFE70498016801204022C4F20202914269
:102C7000019000F0ED80FFE70498016801205822E0
:102C8000C4F202029142019000F0E280FFE7049852
:102C9000016801207022C4F202029142019000F00A
:102CA000D780FFE70498016801208822C4F202025D
:102CB0009142019000F0CC80FFE704980168012068
:102CC000A022C4F202029142019000F0C180FFE70D
:102CD000049801680120B822C4F2020291420190D6
:102CE00000F0B680FFE704980168012040F210422E
:102CF000C4F202029142019000F0AA80FFE704981A
:102D00000168012040F22842C4F20202914201907F
:102D100000F09E80FFE704980168012040F24042E5
:102D2000C4F202029142019000F09280FFE7049801
:102D30000168012040F25842C4F20202914201901F
:102D400000F08680FFE704980168012040F270429D
:102D5000C4F20202914201907AD0FFE70498016820
:102D6000012040F28842C4F20202914201906FD0E9
:102D7000FFE704980168012040F2A042C4F2020279
:102D80009142019064D0FFE704980168012040F26D
:102D9000B842C4F202029142019059D0FFE7049870
:102DA0000168012045F20842C5F6020291420190F5
:102DB0004ED0FFE704980168012045F21C42C5F699
:102DC00002029142019043D0FFE70498016801207C
:102DD00045F23042C5F602029142019038D0FFE739
:102DE00004980168012045F24442C5F6020291426E
:102DF00001902DD0FFE704980168012045F2584268
:102E0000C5F602029142019022D0FFE704980168C2
:102E1000012045F26C42C5F602029142019017D0A2
:102E2000FFE704980168012045F28042C5F60202DE
:102E3000914201900CD0FFE7049800684AF66C318B
:102E4000CAF2FD710844B0FA80F040090190FFE732
:102E50000198C00728B3FFE70498016E086820F4C2
:102E6000807008600498806D03900498C06D00F035
:102E70001F0101208840039948600498416E806ECC
:102E800048600498C06E58B1FFE70498C16E0868A6
:102E900020F4807008600498016F406F4860FFE77D
:102EA000FFE70499012081F83500FFE7049900202D
:102EB00081F83400FFE70498006D20B1FFE7049823
:102EC000016D8847FFE7FFE7FFE700208DF8170057
:102ED000FFE79DF8170006B080BD0000000000006D
:102EE00081B000900098406D01B070470000000074
:102EF00080B590B00F9000200B9040F2C800C2F255
:102F00000040006848F2B511C1F64E31A0FB011037
:102F1000800A0A900F98806D09900F98806D089034
:102F2000099800680E90089800680D900F98016845
:102F300001201022C4F202029142079000F0A38007
:102F4000FFE70F98016801202822C4F20202914293
:102F5000079000F09880FFE70F9801680120402259
:102F6000C4F202029142079000F08D80FFE70F98B3
:102F7000016801205822C4F202029142079000F039
:102F80008280FFE70F98016801207022C4F20202DC
:102F90009142079077D0FFE70F98016801208822BF
:102FA000C4F20202914207906DD0FFE70F980168CA
:102FB0000120A022C4F202029142079063D0FFE7F1
:102FC0000F9801680120B822C4F2020291420790D2
:102FD00059D0FFE70F980168012040F21042C4F277
:102FE0000202914207904ED0FFE70F98016801203E
:102FF00040F22842C4F202029142079043D0FFE718
:103000000F980168012040F24042C4F2020291424E
:10301000079038D0FFE70F980168012040F258422E
:10302000C4F20202914207902DD0FFE70F98016889
:10303000012040F27042C4F202029142079022D075
:10304000FFE70F980168012040F28842C4F20202B3
:103050009142079017D0FFE70F980168012040F2D6
:10306000A042C4F20202914207900CD0FFE70F98F1
:1030700000684FF64831CBF6FD710844B0FA80F095
:1030800040090790FFE70798C007002800F0138564
:10309000FFE70E980F99C96D01F01F01C8400007A6
:1030A000002840F1B080FFE70F9800681021C4F2BB
:1030B0000201884200F08180FFE70F980068282114
:1030C000C4F20201884278D0FFE70F9800684021DF
:1030D000C4F20201884270D0FFE70F9800685821BF
:1030E000C4F20201884268D0FFE70F98006870219F
:1030F000C4F20201884260D0FFE70F98006888217F
:10310000C4F20201884258D0FFE70F980068A0215E
:10311000C4F20201884250D0FFE70F980068B8213E
:10312000C4F20201884248D0FFE70F98006840F2DD
:103130001041C4F2020188423FD0FFE70F980068B7
:1031400040F22841C4F20201884236D0FFE70F98CE
:10315000006840F24041C4F2020188422DD0FFE7EE
:103160000F98006840F25841C4F20201884224D00E
:10317000FFE70F98006840F27041C4F202018842F4
:103180001BD0FFE70F98006840F28841C4F20201AB
:10319000884212D0FFE70F98006840F2A041C4F2C5
:1031A0000201884209D0FFE70F98006840F2B84159
:1031B000C4F20201884207D1FFE70F980068006857
:1031C00000F00400069006E00F980068006800F028
:1031D00008000690FFE70698A0B1FFE70F98016886
:1031E000086820F0040008600F98C06D00F01F010F
:1031F00008208840099988600F99486D40F00100C7
:103200004865FFE7FFE70E980F99C96D01F01F01B0
:10321000C840C007002800F0A980FFE70F980068A9
:103220001021C4F20201884200F08180FFE70F986C
:1032300000682821C4F20201884278D0FFE70F9885
:1032400000684021C4F20201884270D0FFE70F9865
:1032500000685821C4F20201884268D0FFE70F9845
:1032600000687021C4F20201884260D0FFE70F9825
:1032700000688821C4F20201884258D0FFE70F9805
:103280000068A021C4F20201884250D0FFE70F98E5
:103290000068B821C4F20201884248D0FFE70F98C5
:1032A000006840F21041C4F2020188423FD0FFE7BB
:1032B0000F98006840F22841C4F20201884236D0DB
:1032C000FFE70F98006840F24041C4F202018842D3
:1032D0002DD0FFE70F98006840F25841C4F2020178
:1032E000884224D0FFE70F98006840F27041C4F292
:1032F000020188421BD0FFE70F98006840F2884126
:10330000C4F20201884212D0FFE70F98006840F231
:10331000A041C4F20201884209D0FFE70F9800687B
:1033200040F2B841C4F20201884207D1FFE70F988A
:103330000068406900F08000059005E00F98006883
:10334000006800200590FFE7059870B1FFE70F982F
:10335000C06D00F01F0101208840099988600F9915
:10336000486D40F002004865FFE7FFE70E980F99AF
:10337000C96D01F01F01C8404007002840F1A98035
:10338000FFE70F9800681021C4F20201884200F0A4
:103390008180FFE70F9800682821C4F2020188426B
:1033A00078D0FFE70F9800684021C4F202018842FC
:1033B00070D0FFE70F9800685821C4F202018842DC
:1033C00068D0FFE70F9800687021C4F202018842BC
:1033D00060D0FFE70F9800688821C4F2020188429C
:1033E00058D0FFE70F980068A021C4F2020188427C
:1033F00050D0FFE70F980068B821C4F2020188425C
:1034000048D0FFE70F98006840F21041C4F2020173
:1034100088423FD0FFE70F98006840F22841C4F28D
:103420000201884236D0FFE70F98006840F2404121
:10343000C4F2020188422DD0FFE70F98006840F2E5
:103440005841C4F20201884224D0FFE70F98006877
:1034500040F27041C4F2020188421BD0FFE70F988E
:10346000006840F28841C4F20201884212D0FFE7AE
:103470000F98006840F2A041C4F20201884209D0CE
:10348000FFE70F98006840F2B841C4F20201884299
:1034900007D1FFE70F980068006800F00200049071
:1034A00005E00F980068006800200490FFE704988A
:1034B00070B1FFE70F98C06D00F01F010420884035
:1034C000099988600F99486D40F004004865FFE74E
:1034D000FFE70E980F99C96D01F01F01C840C006A3
:1034E000002840F1DE80FFE70F9800681021C4F249
:1034F0000201884200F08180FFE70F9800682821D0
:10350000C4F20201884278D0FFE70F98006840219A
:10351000C4F20201884270D0FFE70F98006858217A
:10352000C4F20201884268D0FFE70F98006870215A
:10353000C4F20201884260D0FFE70F98006888213A
:10354000C4F20201884258D0FFE70F980068A0211A
:10355000C4F20201884250D0FFE70F980068B821FA
:10356000C4F20201884248D0FFE70F98006840F299
:103570001041C4F2020188423FD0FFE70F98006873
:1035800040F22841C4F20201884236D0FFE70F988A
:10359000006840F24041C4F2020188422DD0FFE7AA
:1035A0000F98006840F25841C4F20201884224D0CA
:1035B000FFE70F98006840F27041C4F202018842B0
:1035C0001BD0FFE70F98006840F28841C4F2020167
:1035D000884212D0FFE70F98006840F2A041C4F281
:1035E0000201884209D0FFE70F98006840F2B84115
:1035F000C4F20201884207D1FFE70F980068006813
:1036000000F00800039006E00F980068006800F0E2
:1036100004000390FFE70398002841D0FFE70F98CC
:10362000C06D00F01F0110208840099988600F9834
:1036300000680068400300281AD5FFE70F9800686B
:1036400000680003002809D4FFE70F98006C20B140
:10365000FFE70F98016C8847FFE708E00F98806C40
:1036600020B1FFE70F98816C8847FFE7FFE716E07E
:103670000F9800680068C005002807D4FFE70F987E
:103680000168086820F008000860FFE70F98006CE8
:1036900020B1FFE70F98016C8847FFE7FFE7FFE7DE
:1036A000FFE70E980F99C96D01F01F01C840800611
:1036B000002840F12681FFE70F9800681021C4F22E
:1036C0000201884200F08180FFE70F9800682821FE
:1036D000C4F20201884278D0FFE70F9800684021C9
:1036E000C4F20201884270D0FFE70F9800685821A9
:1036F000C4F20201884268D0FFE70F980068702189
:10370000C4F20201884260D0FFE70F980068882168
:10371000C4F20201884258D0FFE70F980068A02148
:10372000C4F20201884250D0FFE70F980068B82128
:10373000C4F20201884248D0FFE70F98006840F2C7
:103740001041C4F2020188423FD0FFE70F980068A1
:1037500040F22841C4F20201884236D0FFE70F98B8
:10376000006840F24041C4F2020188422DD0FFE7D8
:103770000F98006840F25841C4F20201884224D0F8
:10378000FFE70F98006840F27041C4F202018842DE
:103790001BD0FFE70F98006840F28841C4F2020195
:1037A000884212D0FFE70F98006840F2A041C4F2AF
:1037B0000201884209D0FFE70F98006840F2B84143
:1037C000C4F20201884207D1FFE70F980068006841
:1037D00000F01000029006E00F980068006800F00A
:1037E00002000290FFE70298002800F08980FFE7BE
:1037F0000F98C06D00F01F01202088400999886053
:103800000F9890F83500042837D1FFE70F9801682A
:10381000086820F0160008600F980168486920F0D9
:10382000800048610F98006C20B9FFE70F98806C0A
:1038300038B1FFE70F980168086820F008000860B9
:10384000FFE70F98C06D00F01F013F2088400999E5
:1038500088600F99012081F83500FFE70F9900205B
:1038600081F83400FFE70F98006D20B1FFE70F9853
:10387000016D8847FFE700F019BC0F9800680068E9
:10388000400300281AD5FFE70F980068006800037E
:10389000002809D4FFE70F98406C20B1FFE70F988C
:1038A000416C8847FFE708E00F98C06B20B1FFE745
:1038B0000F98C16B8847FFE7FFE720E00F9800688B
:1038C0000068C005002811D4FFE70F980168086858
:1038D00020F0100008600F99012081F83500FFE703
:1038E0000F99002081F83400FFE7FFE70F98C06BC5
:1038F00020B1FFE70F98C16B8847FFE7FFE7FFE7BD
:10390000FFE70F98406D002800F0D480FFE70F9884
:10391000406DC007002800F0C480FFE70F99042025
:1039200081F835000F9800681021C4F20201884226
:1039300000F08180FFE70F9800682821C4F202019F
:10394000884278D0FFE70F9800684021C4F2020156
:10395000884270D0FFE70F9800685821C4F2020136
:10396000884268D0FFE70F9800687021C4F2020116
:10397000884260D0FFE70F9800688821C4F20201F6
:10398000884258D0FFE70F980068A021C4F20201D6
:10399000884250D0FFE70F980068B821C4F20201B6
:1039A000884248D0FFE70F98006840F21041C4F207
:1039B000020188423FD0FFE70F98006840F228419B
:1039C000C4F20201884236D0FFE70F98006840F247
:1039D0004041C4F2020188422DD0FFE70F980068F1
:1039E00040F25841C4F20201884224D0FFE70F9808
:1039F000006840F27041C4F2020188421BD0FFE728
:103A00000F98006840F28841C4F20201884212D047
:103A1000FFE70F98006840F2A041C4F2020188421B
:103A200009D0FFE70F98006840F2B841C4F20201E4
:103A3000884207D1FFE70F980168086820F001006D
:103A4000086006E00F980168086820F0010008602F
:103A5000FFE7FFE70B9801300B900A99884201D9E4
:103A6000FFE707E0FFE70F9800680068C00700283D
:103A7000F0D1FFE70F9800680068C00728B1FFE7A2
:103A80000F99032081F8350004E00F99012081F897
:103A90003500FFE7FFE70F99002081F83400FFE7CA
:103AA000FFE70F98C06C20B1FFE70F98C16C884703
:103AB000FFE7FFE7FAE20F980168012045F20842AC
:103AC000C5F60202914201904ED0FFE70F980168BF
:103AD000012045F21C42C5F602029142019043D0FA
:103AE000FFE70F980168012045F23042C5F6020257
:103AF0009142019038D0FFE70F980168012045F20C
:103B00004442C5F60202914201902DD0FFE70F9882
:103B10000168012045F25842C5F602029142019027
:103B200022D0FFE70F980168012045F26C42C5F6EC
:103B300002029142019017D0FFE70F98016801201F
:103B400045F28042C5F60202914201900CD0FFE797
:103B50000F9800684AF66C31CAF2FD710844B0FA59
:103B600080F040090190FFE70198C007002800F0AD
:103B70009B82FFE70F98006800680C900D980F99E2
:103B8000C96D01F01F01C8404007002840F1D780EF
:103B9000FFE79DF830004007002840F1D080FFE7A4
:103BA0000F98C06D00F01F010420884008994860FC
:103BB0009DF831000006002818D5FFE79DF8320077
:103BC000C00748B9FFE70F98806C20B1FFE70F9856
:103BD000816C8847FFE708E00F98006C20B1FFE791
:103BE0000F98016C8847FFE7FFE7A7E09DF83000DA
:103BF0008006002800F19980FFE70F9800681021E7
:103C0000C4F20201884200F08180FFE70F9800684B
:103C10002821C4F20201884278D0FFE70F9800689B
:103C20004021C4F20201884270D0FFE70F9800687B
:103C30005821C4F20201884268D0FFE70F9800685B
:103C40007021C4F20201884260D0FFE70F9800683B
:103C50008821C4F20201884258D0FFE70F9800681B
:103C6000A021C4F20201884250D0FFE70F980068FB
:103C7000B821C4F20201884248D0FFE70F980068DB
:103C800040F21041C4F2020188423FD0FFE70F9892
:103C9000006840F22841C4F20201884236D0FFE7B2
:103CA0000F98006840F24041C4F2020188422DD0D2
:103CB000FFE70F98006840F25841C4F202018842C1
:103CC00024D0FFE70F98006840F27041C4F202016F
:103CD00088421BD0FFE70F98006840F28841C4F289
:103CE0000201884212D0FFE70F98006840F2A0411D
:103CF000C4F20201884209D0FFE70F98006840F241
:103D0000B841C4F20201884207D1FFE70F98016869
:103D1000086820F00800086006E00F98016808684D
:103D200020F004000860FFE7FFE70F98006C20B167
:103D3000FFE70F98016C8847FFE7FFE7B3E10D98B5
:103D40000F99C96D01F01F01C8408007002840F19C
:103D5000E180FFE79DF830008007002840F1DA801D
:103D6000FFE70F98C06D00F01F01022088400899FE
:103D700048609DF831000006002818D5FFE79DF83F
:103D80003200C00748B9FFE70F98406C20B1FFE749
:103D90000F98416C8847FFE708E00F98C06B20B18F
:103DA000FFE70F98C16B8847FFE7FFE7B1E09DF899
:103DB00030008006002800F1A380FFE70F9800681C
:103DC0001021C4F20201884200F08180FFE70F98C1
:103DD00000682821C4F20201884278D0FFE70F98DA
:103DE00000684021C4F20201884270D0FFE70F98BA
:103DF00000685821C4F20201884268D0FFE70F989A
:103E000000687021C4F20201884260D0FFE70F9879
:103E100000688821C4F20201884258D0FFE70F9859
:103E20000068A021C4F20201884250D0FFE70F9839
:103E30000068B821C4F20201884248D0FFE70F9819
:103E4000006840F21041C4F2020188423FD0FFE70F
:103E50000F98006840F22841C4F20201884236D02F
:103E6000FFE70F98006840F24041C4F20201884227
:103E70002DD0FFE70F98006840F25841C4F20201CC
:103E8000884224D0FFE70F98006840F27041C4F2E6
:103E9000020188421BD0FFE70F98006840F288417A
:103EA000C4F20201884212D0FFE70F98006840F286
:103EB000A041C4F20201884209D0FFE70F980068D0
:103EC00040F2B841C4F20201884207D1FFE70F98DF
:103ED0000168086820F01400086006E00F98016887
:103EE000086820F00A000860FFE70F99012081F8B8
:103EF0003500FFE70F99002081F83400FFE7FFE766
:103F00000F98C06B20B1FFE70F98C16B8847FFE7A0
:103F1000FFE7C7E00D980F99C96D01F01F01C84078
:103F20000007002840F1BC80FFE79DF83000000743
:103F3000002840F1B580FFE70F9800681021C4F217
:103F40000201884200F08180FFE70F980068282175
:103F5000C4F20201884278D0FFE70F980068402140
:103F6000C4F20201884270D0FFE70F980068582120
:103F7000C4F20201884268D0FFE70F980068702100
:103F8000C4F20201884260D0FFE70F9800688821E0
:103F9000C4F20201884258D0FFE70F980068A021C0
:103FA000C4F20201884250D0FFE70F980068B821A0
:103FB000C4F20201884248D0FFE70F98006840F23F
:103FC0001041C4F2020188423FD0FFE70F98006819
:103FD00040F22841C4F20201884236D0FFE70F9830
:103FE000006840F24041C4F2020188422DD0FFE750
:103FF0000F98006840F25841C4F20201884224D070
:10400000FFE70F98006840F27041C4F20201884255
:104010001BD0FFE70F98006840F28841C4F202010C
:10402000884212D0FFE70F98006840F2A041C4F226
:104030000201884209D0FFE70F98006840F2B841BA
:10404000C4F20201884207D1FFE70F9801680868AF
:1040500020F01C00086006E00F980168086820F056
:104060000E000860FFE70F98C06D00F01F010120EF
:1040700000FA01F1089A51600F9948650F9981F88B
:104080003500FFE70F99002081F83400FFE70F9813
:10409000C06C20B1FFE70F98C16C8847FFE700E0D4
:1040A000FFE7FFE7FFE700E0FFE7FFE710B080BDB5
:1040B00010B58EB00C9002F03FFD0A900C9828B914
:1040C000FFE701208DF8370000F09EBC0C980168D6
:1040D00001201022C4F202029142079000F0A38056
:1040E000FFE70C98016801202822C4F202029142E5
:1040F000079000F09880FFE70C98016801204022AB
:10410000C4F202029142079000F08D80FFE70C9804
:10411000016801205822C4F202029142079000F087
:104120008280FFE70C98016801207022C4F202022D
:104130009142079077D0FFE70C9801680120882210
:10414000C4F20202914207906DD0FFE70C9801681B
:104150000120A022C4F202029142079063D0FFE73F
:104160000C9801680120B822C4F202029142079023
:1041700059D0FFE70C980168012040F21042C4F2C8
:104180000202914207904ED0FFE70C98016801208F
:1041900040F22842C4F202029142079043D0FFE766
:1041A0000C980168012040F24042C4F202029142A0
:1041B000079038D0FFE70C980168012040F2584280
:1041C000C4F20202914207902DD0FFE70C980168DB
:1041D000012040F27042C4F202029142079022D0C4
:1041E000FFE70C980168012040F28842C4F2020205
:1041F0009142079017D0FFE70C980168012040F228
:10420000A042C4F20202914207900CD0FFE70C9842
:1042100000684FF64831CBF6FD710844B0FA80F0E3
:1042200040090790FFE70798C007002800F0788151
:10423000FFE70C98406A08B1FFE7FFE70C990220FE
:1042400081F83500FFE70C99002081F83400FFE782
:104250000C9800681021C4F20201884200F08180AD
:10426000FFE70C9800682821C4F20201884278D048
:10427000FFE70C9800684021C4F20201884270D028
:10428000FFE70C9800685821C4F20201884268D008
:10429000FFE70C9800687021C4F20201884260D0E8
:1042A000FFE70C9800688821C4F20201884258D0C8
:1042B000FFE70C980068A021C4F20201884250D0A8
:1042C000FFE70C980068B821C4F20201884248D088
:1042D000FFE70C98006840F21041C4F202018842E6
:1042E0003FD0FFE70C98006840F22841C4F2020179
:1042F000884236D0FFE70C98006840F24041C4F293
:10430000020188422DD0FFE70C98006840F2584126
:10431000C4F20201884224D0FFE70C98006840F202
:104320007041C4F2020188421BD0FFE70C9800687C
:1043300040F28841C4F20201884212D0FFE70C9893
:10434000006840F2A041C4F20201884209D0FFE7B0
:104350000C98006840F2B841C4F20201884207D1CB
:10436000FFE70C980168086820F00100086006E08B
:104370000C980168086820F001000860FFE7FFE77B
:104380000C9800680068C00798B1FFE702F0D4FB02
:104390000A99401A06280BD3FFE70C99202048659C
:1043A0000C99032081F8350001208DF837002BE3AC
:1043B000E6E70C98006800680B900B9848F23F0104
:1043C000CFF6106108400B900C998868D1F80CC0AA
:1043D0000B694A6940EA0C00184310438A6910438C
:1043E000CA691043096A01430B9808430B900C9863
:1043F000406A042808D1FFE70C99C86A096B014399
:104400000B9808430B90FFE70C984068292807D3C6
:10441000FFE70C98416801202F29069036D3FFE76B
:104420000C9840683F2807D3FFE70C9841680120AB
:10443000432906902AD3FFE70C984068472807D302
:10444000FFE70C9841680120492906901ED3FFE739
:104450000C9840684F2807D3FFE70C98416801206B
:104460005329069012D3FFE70C9841680020742965
:10447000059008D3FFE70C9841680020782938BFE1
:1044800001200590FFE705980690FFE70698C00712
:1044900028B1FFE70B9840F480100B90FFE70B98D2
:1044A0000C99096808600C98006840690B900B989B
:1044B00020F007000B900C98416A0B9808430B9072
:1044C0000C98406A04281AD1FFE70C98816A0B986F
:1044D00008430B900C98C06A80B1FFE70C98FCF77A
:1044E00077FF50B1FFE70C99402048650C990120F7
:1044F00081F835008DF8370086E2FFE7FFE70B987B
:104500000C99096848610C98FCF726FD09900C98F5
:10451000C06D00F01F013F2088400999886026E1A6
:104520000C980168012045F20842C5F6020291424A
:1045300004904ED0FFE70C980168012045F21C4220
:10454000C5F602029142049043D0FFE70C9801683F
:10455000012045F23042C5F602029142049038D063
:10456000FFE70C980168012045F24442C5F60202BB
:10457000914204902DD0FFE70C980168012045F28C
:104580005842C5F602029142049022D0FFE70C98EF
:104590000168012045F26C42C5F602029142049086
:1045A00017D0FFE70C980168012045F28042C5F65C
:1045B0000202914204900CD0FFE70C9800684AF682
:1045C0006C31CAF2FD710844B0FA80F040090490E1
:1045D000FFE70498C007002800F0BD80FFE70C98B3
:1045E0000168012045F20842C5F60202914203909B
:1045F0004ED0FFE70C980168012045F21C42C5F639
:1046000002029142039043D0FFE70C980168012019
:1046100045F23042C5F602029142039038D0FFE7DE
:104620000C980168012045F24442C5F6020291420D
:1046300003902DD0FFE70C980168012045F2584205
:10464000C5F602029142039022D0FFE70C98016860
:10465000012045F26C42C5F602029142039017D048
:10466000FFE70C980168012045F28042C5F602027E
:10467000914203900CD0FFE70C9800684AF66C3129
:10468000CAF2FD710844B0FA80F040090390FFE7D8
:104690000398C00708B1FFE7FFE70C99022081F8F3
:1046A0003500FFE70C99002081F83400FFE70C98F3
:1046B000006800680B900B986FF310100B900C982B
:1046C0008068402803D1FFE71020029008E00C9892
:1046D00080688038B0FA80F0400980030290FFE7DC
:1046E00002980C99CA680B69D1F814C0D1F818E087
:1046F000CC694EEA040E4CEA0E0C43EA0C031A4352
:1047000040EAD200096A40EA11110B9808430B9065
:104710000B980C99096808600C9908684AF6F832F9
:10472000CAF2FD7210444CF6CD42CCF6CC42A0FB4E
:1047300002026FF0030000EA9200C8650C98FCF7D3
:104740000BFC08900C98C06D00F01F010120884000
:10475000089948600AE00C99402048650C990320AC
:1047600081F8350001208DF837004DE1FFE70C9806
:10477000016801201022C4F202029142019000F06F
:104780000381FFE70C98016801202822C4F202028D
:104790009142019000F0F880FFE70C980168012039
:1047A0004022C4F202029142019000F0ED80FFE746
:1047B0000C98016801205822C4F202029142019033
:1047C00000F0E280FFE70C98016801207022C4F23B
:1047D00002029142019000F0D780FFE70C98016837
:1047E00001208822C4F202029142019000F0CC80A4
:1047F000FFE70C9801680120A022C4F20202914256
:10480000019000F0C180FFE70C9801680120B822F8
:10481000C4F202029142019000F0B680FFE70C98CA
:104820000168012040F21042C4F20202914201905C
:1048300000F0AA80FFE70C980168012040F22842AE
:10484000C4F202029142019000F09E80FFE70C98B2
:104850000168012040F24042C4F2020291420190FC
:1048600000F09280FFE70C980168012040F2584266
:10487000C4F202029142019000F08680FFE70C989A
:104880000168012040F27042C4F20202914201909C
:104890007AD0FFE70C980168012040F28842C4F208
:1048A0000202914201906FD0FFE70C98016801204D
:1048B00040F2A042C4F202029142019064D0FFE7AC
:1048C0000C980168012040F2B842C4F20202914201
:1048D000019059D0FFE70C980168012045F2084289
:1048E000C5F60202914201904ED0FFE70C98016894
:1048F000012045F21C42C5F602029142019043D0CC
:10490000FFE70C980168012045F23042C5F602022B
:104910009142019038D0FFE70C980168012045F2E0
:104920004442C5F60202914201902DD0FFE70C9857
:104930000168012045F25842C5F6020291420190F9
:1049400022D0FFE70C980168012045F26C42C5F6C1
:1049500002029142019017D0FFE70C9801680120F4
:1049600045F28042C5F60202914201900CD0FFE769
:104970000C9800684AF66C31CAF2FD710844B0FA2E
:1049800080F040090190FFE70198C00790B3FFE76E
:104990000C98FCF7C9FB0C988068802804D1FFE7CD
:1049A0000C9900204860FFE70C990879096E0860AF
:1049B0000C98416E806E48600C98406888B1FFE7A3
:1049C0000C98406808280CD8FFE70C98FCF768FCA6
:1049D0000C98C16E002008600C98016F406F486011
:1049E00007E00C990020C8660C9908670C99486785
:1049F000FFE7FFE70C99002048650C9A012182F837
:104A000035108DF83700FFE79DF837000EB010BD68
:104A100080B588B0069005910492039300208DF82C
:104A20000B00069820B9FFE701208DF81F006CE30A
:104A3000FFE7069890F83400012804D1FFE7022030
:104A40008DF81F0061E30699012081F83400FFE72B
:104A5000FFE7069890F83500012840F04383FFE710
:104A60000699022081F835000699002048650698CD
:104A700000681021C4F20201884200F08180FFE743
:104A8000069800682821C4F20201884278D0FFE726
:104A9000069800684021C4F20201884270D0FFE706
:104AA000069800685821C4F20201884268D0FFE7E6
:104AB000069800687021C4F20201884260D0FFE7C6
:104AC000069800688821C4F20201884258D0FFE7A6
:104AD00006980068A021C4F20201884250D0FFE786
:104AE00006980068B821C4F20201884248D0FFE766
:104AF0000698006840F21041C4F2020188423FD09B
:104B0000FFE70698006840F22841C4F2020188429B
:104B100036D0FFE70698006840F24041C4F2020137
:104B200088422DD0FFE70698006840F25841C4F251
:104B30000201884224D0FFE70698006840F27041E5
:104B4000C4F2020188421BD0FFE70698006840F2D9
:104B50008841C4F20201884212D0FFE7069800683B
:104B600040F2A041C4F20201884209D0FFE7069852
:104B7000006840F2B841C4F20201884207D1FFE761
:104B800006980168086820F00100086006E00698B1
:104B90000168086820F001000860FFE706980599A1
:104BA000049A039BFCF78CFC0698016801201022F4
:104BB000C4F202029142019000F0A380FFE7069840
:104BC000016801202822C4F202029142019000F003
:104BD0009880FFE70698016801204022C4F2020293
:104BE0009142019000F08D80FFE706980168012056
:104BF0005822C4F202029142019000F08280FFE745
:104C00000698016801207022C4F2020291420190CC
:104C100077D0FFE70698016801208822C4F20202DB
:104C2000914201906DD0FFE7069801680120A02213
:104C3000C4F202029142019063D0FFE70698016836
:104C40000120B822C4F202029142019059D0FFE73C
:104C500006980168012040F21042C4F2020291421B
:104C600001904ED0FFE706980168012040F22842EB
:104C7000C4F202029142019043D0FFE70698016816
:104C8000012040F24042C4F202029142019038D029
:104C9000FFE706980168012040F25842C4F2020280
:104CA000914201902DD0FFE706980168012040F263
:104CB0007042C4F202029142019022D0FFE70698AE
:104CC0000168012040F28842C4F202029142019040
:104CD00017D0FFE706980168012040F2A042C4F215
:104CE0000202914201900CD0FFE7069800684FF64F
:104CF0004831CBF6FD710844B0FA80F040090190CC
:104D0000FFE70198C007A8B1FFE7069800680068B0
:104D10000B2161F344000699096808600698006C4D
:104D200038B1FFE706980168086840F0080008609D
:104D3000FFE714E0069800680068052161F343006E
:104D40000699096808600698006C38B1FFE7069874
:104D50000168086840F004000860FFE7FFE7069874
:104D6000016801201022C4F202029142009000F07A
:104D70000381FFE70698016801202822C4F202029D
:104D80009142009000F0F880FFE70698016801204A
:104D90004022C4F202029142009000F0ED80FFE751
:104DA0000698016801205822C4F202029142009044
:104DB00000F0E280FFE70698016801207022C4F24B
:104DC00002029142009000F0D780FFE70698016848
:104DD00001208822C4F202029142009000F0CC80AF
:104DE000FFE7069801680120A022C4F20202914266
:104DF000009000F0C180FFE7069801680120B8220A
:104E0000C4F202029142009000F0B680FFE70698DB
:104E10000168012040F21042C4F202029142009067
:104E200000F0AA80FFE706980168012040F22842BE
:104E3000C4F202029142009000F09E80FFE70698C3
:104E40000168012040F24042C4F202029142009007
:104E500000F09280FFE706980168012040F2584276
:104E6000C4F202029142009000F08680FFE70698AB
:104E70000168012040F27042C4F2020291420090A7
:104E80007AD0FFE706980168012040F28842C4F218
:104E90000202914200906FD0FFE70698016801205E
:104EA00040F2A042C4F202029142009064D0FFE7B7
:104EB00006980168012040F2B842C4F20202914211
:104EC000009059D0FFE706980168012045F208429A
:104ED000C5F60202914200904ED0FFE706980168A5
:104EE000012045F21C42C5F602029142009043D0D7
:104EF000FFE706980168012045F23042C5F602023C
:104F00009142009038D0FFE706980168012045F2F1
:104F10004442C5F60202914200902DD0FFE7069868
:104F20000168012045F25842C5F602029142009004
:104F300022D0FFE706980168012045F26C42C5F6D1
:104F400002029142009017D0FFE706980168012005
:104F500045F28042C5F60202914200900CD0FFE774
:104F6000069800684AF66C31CAF2FD710844B0FA3E
:104F700080F040090090FFE70098C007D0B1FFE73C
:104F80000698006E0068C003002807D5FFE7069862
:104F9000016E086840F480700860FFE70698C06EF4
:104FA00038B1FFE70698C16E086840F48070086069
:104FB000FFE7FFE7069800681021C4F2020188426B
:104FC00000F08180FFE7069800682821C4F2020102
:104FD000884278D0FFE7069800684021C4F20201B9
:104FE000884270D0FFE7069800685821C4F2020199
:104FF000884268D0FFE7069800687021C4F2020179
:10500000884260D0FFE7069800688821C4F2020158
:10501000884258D0FFE706980068A021C4F2020138
:10502000884250D0FFE706980068B821C4F2020118
:10503000884248D0FFE70698006840F21041C4F269
:10504000020188423FD0FFE70698006840F22841FD
:10505000C4F20201884236D0FFE70698006840F2A9
:105060004041C4F2020188422DD0FFE70698006853
:1050700040F25841C4F20201884224D0FFE706986A
:10508000006840F27041C4F2020188421BD0FFE781
:105090000698006840F28841C4F20201884212D0AA
:1050A000FFE70698006840F2A041C4F2020188427E
:1050B00009D0FFE70698006840F2B841C4F2020147
:1050C000884207D1FFE706980168086840F00100B0
:1050D000086006E006980168086840F00100086072
:1050E000FFE70DE006994FF400604865FFE7069979
:1050F000002081F83400FFE701208DF80B00FFE766
:105100009DF80B008DF81F00FFE79DF81F0008B009
:1051100080BD00000000000080B584B0039001F065
:105120000BFD0290039801900198013048B1FFE710
:1051300040F2CC10C2F2004001780198084401907E
:10514000FFE7FFE701F0F8FC0299401A0199884255
:1051500001D2FFE7F6E704B080BD000000000000C8
:1051600085B0039002910192039890F898008DF811
:1051700003009DF80300012805D0FFE79DF8030018
:1051800002285DD1FFE7029803990968896D0842FA
:1051900007D1FFE703980168C86D40F00100C865BA
:1051A00015E0029803990968896D084002998842C0
:1051B00007D1FFE703980168C86D40F00200C86599
:1051C00004E0039801680320C865FFE7FFE79DF846
:1051D00009008007002809D5FFE7019A03980168B4
:1051E000D1F8E0001043C1F8E000FFE79DF80900A6
:1051F0004007002809D5FFE7019A03980168D1F814
:10520000E4001043C1F8E400FFE7FFE702984FF61F
:10521000FF71C3F6CF7100EA010203980168486D7F
:1052200010434865029A4AF61401C4F20001086866
:1052300040EA92700860FFE700208DF813000AE052
:105240000399D1F89C0040F00200C1F89C000120B5
:105250008DF81300FFE79DF8130005B070470000BC
:1052600080B586B00490039102920398406808B913
:10527000FFE700E0FFE7049890F89800022845D186
:10528000FFE704980068D0F8C00010F07C5F0BD1F5
:10529000FFE70499D1F89C0040F02000C1F89C0081
:1052A00001208DF817003CE004980068D0F8C40095
:1052B000800200280BD5FFE70499D1F89C0040F448
:1052C0000070C1F89C0001208DF8170029E00498B7
:1052D0000068D0F8C400C0F304400190049803991A
:1052E000029A019BFCF75CFD0199012000FA01F193
:1052F000049A1268C2F8D010019988400499C1F844
:105300009400FFE700208DF817000AE00499D1F817
:105310009C0040F00800C1F89C0001208DF81700A7
:10532000FFE79DF8170006B080BD000000000000F8
:1053300082B00190009102B07047000000000000B0
:1053400084B0029001910092019808B9FFE700E053
:10535000FFE7029890F89800012836D1FFE70198FE
:1053600070B9FFE702980068D0F8F00020F07C5098
:10537000009940EA016002990968C1F8F00020E054
:10538000019801280ED1FFE702980068D0F8A0002C
:1053900020F0FE40009940EA016002990968C1F8D6
:1053A000A0000DE002980068D0F8B00020F0FE40A8
:1053B000009940EA016002990968C1F8B000FFE76E
:1053C000FFE700208DF80F000AE00299D1F89C0059
:1053D00040F00400C1F89C0001208DF80F00FFE7A9
:1053E0009DF80F0004B0704787B0059004910598B0
:1053F00090F898008DF803009DF80300012805D06F
:10540000FFE79DF8030002286AD1FFE70498C0680F
:10541000072801D1FFE7FFE70498006878BBFFE7A2
:105420000498C068072801D0FFE7FFE70498C06828
:1054300007280CD1FFE7049A10699169D26900042A
:1054400040EA0220084340F0605003900CE00499C9
:105450008868CB680A694969800740EAC36040EA06
:10546000024008430390FFE70598C06E049949681D
:1054700000EB810001900398019908602CE00498EA
:10548000C068072801D0FFE7FFE70498C1680069FA
:1054900040EA417003900498C068072804D1FFE7F0
:1054A00004988069029006E004988168406940EAA7
:1054B00081700290FFE70598006F0499496800EB3E
:1054C000C10001900398019908600198043001908F
:1054D000029801990860FFE700208DF81B000AE0A0
:1054E0000599D1F89C0040F00200C1F89C00012011
:1054F0008DF81B00FFE79DF81B0007B07047000008
:1055000085B0DDF814C003900291019200930398D6
:1055100090F89800012812D1FFE702980001019944
:1055200040EA8100009940EA410005990843039947
:105530000968C1F8800000208DF813000AE0039983
:10554000D1F89C0040F00400C1F89C0001208DF8C7
:105550001300FFE79DF8130005B07047000000003E
:1055600081B0009001B0704782B00190009102B00C
:1055700070470000000000008AB008900791069272
:10558000059300200190089890F898008DF803008A
:105590009DF80300022840F05C81FFE7079840284F
:1055A00051D1FFE708980068D0F8A00010F4FE0F72
:1055B0000BD1FFE70899D1F89C0040F02000C1F81A
:1055C0009C0001208DF827004EE108980068D0F873
:1055D000A400400658B9FFE70899D1F89C0040F4B0
:1055E0008070C1F89C0001208DF827003CE10898EC
:1055F0000068D0F8A40000F080710120B0EB116FBA
:105600000DD1FFE708980068D0F8A0100120B0EB9A
:10561000D17F03D1FFE701200190FFE7FFE7089862
:105620000068D0F8A40000F47C51019800EB112030
:1056300001900898426C406F0199514300EB810042
:105640000490FFE770E00798412851D1FFE70898E0
:105650000068D0F8B00010F4FE0F0BD1FFE70899F6
:10566000D1F89C0040F02000C1F89C0001208DF88A
:105670002700F9E008980068D0F8B400400658B94F
:10568000FFE70899D1F89C0040F48070C1F89C00B5
:1056900001208DF82700E7E008980068D0F8B400F2
:1056A00000F080710120B0EB116F0DD1FFE7089879
:1056B0000068D0F8B0100120B0EBD17F03D1FFE734
:1056C00001200190FFE7FFE708980068D0F8B400D8
:1056D00000F47C51019800EB112001900898C26CF5
:1056E000806F0199514300EB81000490FFE71AE0BD
:1056F00007980899096D88420BD3FFE70899D1F8FC
:105700009C0040F02000C1F89C0001208DF827008B
:10571000AAE00898426DC06F0799514300EB8100E1
:105720000490FFE7FFE7FFE70498006800F080407F
:10573000069948600698406838B9FFE70498006801
:10574000C0F38A400699086006E00498006820F0DB
:10575000604006990860FFE70498006800F0005078
:10576000069988600498006800F000400699086176
:10577000049804300490049800880699C86104983D
:105780000068C0F303400699C8600498006800F4FC
:105790008010069948610498006800F4001006998A
:1057A000886104980068C0F306600699086204984E
:1057B0000068C00F06994862049804300490049869
:1057C000039000200290FFE702980699CA6846F607
:1057D000A401C0F60201895C88420AD2FFE703985F
:1057E000029A805C05998854FFE702980130029084
:1057F000EAE70798402806D1FFE701980899096869
:10580000C1F8A80021E00798412806D1FFE70198D8
:1058100008990968C1F8B80016E007981F2808D849
:10582000FFE707990120884008990968C1F89800A6
:1058300009E0079800F01F010120884008990968D5
:10584000C1F89C00FFE7FFE7FFE700208DF8270085
:105850000AE00899D1F89C0040F00800C1F89C00CB
:1058600001208DF82700FFE79DF827000AB0704758
:1058700081B0009001B0704780B594B013904AF6A3
:105880001000C4F200000068800712904AF614006D
:10589000C4F200000168129800EA81701290139817
:1058A0000068006D00F47040119013980068416D1D
:1058B00011980840119013980068006D00F00F00D7
:1058C000109013980068416D10980840109013983C
:1058D0000068006D00F0F0000F9013980068416DB3
:1058E0000F9808400F9013980068006D00F07150F9
:1058F0000E9013980068416D0E9808400E90139812
:105900000068006D00F060700D9013980068416DA4
:105910000D9808400D9013980068406D03901398FF
:105920000068006D01909DF80D00C007B8B1FFE759
:105930009DF80500C00788B1FFE7FFE713980168ED
:105940004FF4807008654AF61001C4F2000100208F
:105950000860FFE71398FFF78BFFFFE7FFE79DF86D
:105960000D0000F004010020B0EB910F28D0FFE7FC
:105970009DF8050000F004010020B0EB910F1ED04F
:10598000FFE713980068D0F8DC000B9013980068CC
:10599000D0F8E4100B9808400B90FFE713980168CB
:1059A0004FF4806008654AF61001C4F2000100203F
:1059B0000860FFE713980B9900F07AFEFFE7FFE716
:1059C0001298B8B1FFE7FFE712984FF6FF71C3F6E0
:1059D000CF7108401399096808651298800F4AF63C
:1059E0001001C4F200010860FFE713981299FFF755
:1059F0009FFCFFE71198B8B1FFE7FFE711984FF65A
:105A0000FF71C3F6CF7108401399096808651198B2
:105A1000800F4AF61001C4F200010860FFE71398F6
:105A2000119900F059FEFFE71098B8B1FFE7FFE7C2
:105A300010984FF6FF71C3F6CF71084013990968AB
:105A400008651098800F4AF61001C4F20001086042
:105A5000FFE71398109900F023FDFFE70F98B8B106
:105A6000FFE7FFE70F984FF6FF71C3F6CF710840CD
:105A70001399096808650F98800F4AF61001C4F25F
:105A800000010860FFE713980F9900F065FDFFE73C
:105A90009DF80D0000F008010020B0EBD10F1BD0E5
:105AA000FFE79DF8050000F008010020B0EBD10FE2
:105AB00011D0FFE7FFE7139801684FF40060086515
:105AC0004AF61001C4F2000100200860FFE71398B5
:105AD00000F00AFEFFE7FFE79DF80D0000F002016D
:105AE0000020B0EB510F28D0FFE79DF8050000F033
:105AF00002010020B0EB510F1ED0FFE713980068A1
:105B0000D0F8D8000C9013980068D0F8E0100C98EA
:105B100008400C90FFE7139801684FF40070086587
:105B20004AF61001C4F2000100200860FFE7139854
:105B30000C9900F0C5FDFFE7FFE79DF80E0000F0AF
:105B400008010020B0EBD10F1BD0FFE79DF8060045
:105B500000F008010020B0EBD10F11D0FFE7FFE704
:105B6000139801684FF4002008654AF61001C4F24A
:105B7000000100200860FFE7139800F08DFCFFE7AC
:105B8000FFE79DF80E00C007B8B1FFE79DF80600DB
:105B9000C00788B1FFE7FFE7139801684FF4803032
:105BA00008654AF61001C4F2000100200860FFE712
:105BB000139800F079FDFFE7FFE79DF80E0000F075
:105BC00004010020B0EB910F1BD0FFE79DF8060009
:105BD00000F004010020B0EB910F11D0FFE7FFE7C8
:105BE000139801684FF4802008654AF61001C4F24A
:105BF000000100200860FFE7139800F051FDFFE767
:105C0000FFE79DF80E0000F002010020B0EB510FFD
:105C10001FD0FFE79DF8060000F002010020B0EB66
:105C2000510F15D0FFE7FFE7139801684FF40030DC
:105C300008654AF61001C4F2000100200860FFE781
:105C40001399D1F89C0040F08000C1F89C00FFE758
:105C5000FFE70D98B8B1FFE7FFE70D984FF6FF712A
:105C6000C3F6CF7108401399096808650D98800F35
:105C70004AF61001C4F200010860FFE713980D997D
:105C8000FFF772FCFFE70E98D0B1FFE7FFE70E9831
:105C90004FF6FF71C3F6CF71084013990968086584
:105CA0000E98800F4AF61001C4F200010860FFE769
:105CB0000E9A1399D1F89C001043C1F89C00FFE79D
:105CC000139800684AF20001C4F20001884240F0D3
:105CD000B980FFE71398406880688007002800F0CB
:105CE000B080FFE713984068006A00F00F000A9048
:105CF00013984068416A0A9808400A9013984068CF
:105D0000006A00F03000099013984068416A0998D1
:105D10000840099013984068006A00F4C070089029
:105D200013984068416A08980840089013984068A2
:105D3000006A00F4FC40079013984068416A079895
:105D40000840079013984068006A00F4F02006901D
:105D500013984068416A0698084006901398406876
:105D6000406A029013984068006A00900A9848B10F
:105D7000FFE70A9813994968086213980A9900F096
:105D800077FCFFE7099848B1FFE70998139949683C
:105D900008621398099900F07BFCFFE79DF8080062
:105DA00000F040010020B0EB911F1FD0FFE79DF8ED
:105DB000000000F040010020B0EB911F15D0FFE77C
:105DC00013984068C06B000C059013984068C06B36
:105DD00000F03F0004901398416840200862139837
:105DE0000599049A00F04CFCFFE7FFE7089848B1DA
:105DF000FFE708981399496808621398089900F01A
:105E00002FFCFFE7079860B1FFE7079813994968EF
:105E10000862079A1399D1F89C001043C1F89C00BE
:105E2000FFE7069860B1FFE7069813994968086292
:105E3000069A1399D1F89C001043C1F89C00FFE723
:105E4000FFE7FFE71398D0F89C0020B1FFE7139815
:105E5000FFF786FBFFE714B080BD000000000000E4
:105E600080B598B0169046F64801C0F6020101A828
:105E70004C22FAF7EAFB169820B9FFE701208DF8CB
:105E80005F00D9E1169800684AF20001C4F20001EF
:105E9000884206D1FFE71699086800F580704860CF
:105EA000FFE716988068B0F5407F01D1FFE7FFE774
:105EB0001698006C08B1FFE7FFE71698806C08B1F0
:105EC000FFE7FFE71698006D08B1FFE7FFE71698B8
:105ED000006E08B1FFE7FFE71699C86D096E084428
:105EE00008B1FFE7FFE7169890F8980040B9FFE780
:105EF0001699002081F89900169800F0A1F9FFE7A3
:105F000016980168886920F01000886100F014FE7E
:105F10001590FFE71698006880690007002817D5DC
:105F2000FFE700F009FE1599401A0B280FD3FFE791
:105F30001699D1F89C0040F00100C1F89C00169918
:105F4000032081F8980001208DF85F0074E1E1E7FB
:105F500016980168886940F00100886100F0ECFD46
:105F60001590FFE7169800688069C007B8B9FFE789
:105F700000F0E2FD1599401A0B280FD3FFE71699A0
:105F8000D1F89C0040F00100C1F89C001699032054
:105F900081F8980001208DF85F004DE1E2E7169846
:105FA0000168886940F0020088611698007C012829
:105FB00007D1FFE716980168886920F040008861E2
:105FC00006E016980168886940F040008861FFE7A4
:105FD0001698407C012807D1FFE716980168886968
:105FE00040F48040886106E016980168886920F4D2
:105FF00080408861FFE71698807C012807D1FFE781
:1060000016980168886920F48050886106E0169827
:106010000168886940F480508861FFE7169800683D
:10602000806920F44070169A116892681043886164
:1060300016980168886920F0A400886116980168A4
:10604000086920F0100008611698C068012807D17F
:10605000FFE716980168886940F0040088612BE02A
:106060001698C06830B3FFE71698C068022819D0A8
:10607000FFE716980168886940F0800088611698EB
:106080000168086940F0100008611698C06803288C
:1060900007D1FFE716980168886940F02000886101
:1060A000FFE706E016980168886940F020008861E3
:1060B000FFE700E0FFE7FFE7169A11685369906970
:1060C000D2F81CE0A0F1010C6FF0FF0000EB0E20F5
:1060D00040EA4C60126A013A10430022CFF6FF7288
:1060E00002EB03421043C86116988068B0F5407F08
:1060F0001CD1FFE7169A1168536A906AD2F82CE017
:1061000001386FF0FF0C0CEB0E2C40EA0C00D2F8BB
:1061100030C06FF00F0202EB0C1210430022CFF6DA
:10612000FF7202EB03421043C860FFE71698006E4F
:1061300048B1FFE716980168426ED1F8C0001043DD
:10614000C1F8C000FFE71699C86D096E084480B118
:10615000FFE716980068D0F8C80020F00700169AEC
:106160001168936E01AA52F823201043C1F8C800A9
:10617000FFE71698006C80B1FFE716980068D0F82A
:10618000BC0020F00700169A1168536C01AA52F85F
:1061900023201043C1F8BC00FFE71698806C88B13B
:1061A000FFE716980068D0F8BC0020F07000169A3F
:1061B0001168D36C01AA52F8232040EA0210C1F8FA
:1061C000BC00FFE71698006D88B1FFE716980068DD
:1061D000D0F8BC0020F4E060169A1168536D01AA53
:1061E00052F8232040EA0220C1F8BC00FFE71698CD
:1061F00000684AF20001C4F20001884207D1FFE7BB
:1062000016984168886820F003008860FFE71699B7
:106210000020C1F894001699C1F89C00169901203D
:1062200081F898001698FBF757FC8DF853009DF8FD
:1062300053008DF85F00FFE79DF85F0018B080BD48
:1062400080B5C0B03F9000203E903D903C903B9088
:106250003A900CA8B821FAF74CFA3F9800684AF235
:106260000001C4F20001884255D1FFE700200D90E3
:106270004FF400400C904FF0805027900CA802F093
:1062800023FA18B1FFE7FBF707FCFFE740F288406D
:10629000C2F200400168013101600068012810D19C
:1062A000FFE7FFE744F2EC40C5F60200016841F465
:1062B00080710160006800F480700B900B98FFE71C
:1062C000FFE7FFE744F2E040C5F60200016841F055
:1062D00008010160006800F008000A900A98FFE7D2
:1062E00003203A9002203B90002004903C903D9087
:1062F00009203E9040F60040C5F602003AA900F0A1
:106300001BFA049A13200590012100F0E1FC059886
:1063100000F0D2FCBEE03F9800684AF20041C4F2AF
:106320000001884255D1FFE700200D904FF4004056
:106330000C904FF0805027900CA802F0C5F918B1CE
:10634000FFE7FBF7A9FBFFE740F28840C2F20040FD
:106350000168013101600068012810D1FFE7FFE703
:1063600044F2EC40C5F60200016841F4807101601E
:10637000006800F4807009900998FFE7FFE7FFE7E5
:1063800044F2E040C5F60200016841F002010160FC
:10639000006800F0020008900898FFE760203A903B
:1063A00002203B90002002903C903D9009203E90BE
:1063B00040F20040C5F602003AA900F0BDF9029A89
:1063C00014200390012100F083FC039800F074FC7A
:1063D0005FE03F9800684DF20041C4F2000188423E
:1063E00056D1FFE700200D904FF400400C904FF085
:1063F000805027900CA802F067F918B1FFE7FBF76F
:106400004BFBFFE740F28840C2F2004001680131D7
:1064100001600068012810D1FFE7FFE744F2EC407B
:10642000C5F60200016841F480710160006800F463
:10643000807007900798FFE7FFE7FFE744F2E0402E
:10644000C5F60200016841F008010160006800F033
:10645000080006900698FFE74FF440503A9002205B
:106460003B90002000903C903D9005203E9040F6EF
:106470000040C5F602003AA900F05EF9009A9F209C
:106480000190114600F024FC019800F015FCFFE794
:10649000FFE7FFE740B080BD81B0009001B07047DA
:1064A00080B588B007900691079800684AF200010D
:1064B000C4F20001884212D1FFE7079840F2D821C8
:1064C000C2F2004104910A1D059201F12C03402102
:1064D000FFF752F804990598496B884737E0079809
:1064E00000684AF20041C4F20001884212D1FFE77D
:1064F000079840F2A831C2F2004102910A1D0392AE
:1065000001F12C034021FFF737F802990398496BFA
:1065100088471BE0079800684DF20041C4F2000173
:10652000884212D1FFE7079840F22041C2F20041B1
:1065300000910A1D019201F12C034021FFF71CF884
:1065400000990198496B8847FFE7FFE7FFE708B02C
:1065500080BD00000000000080B588B00790069163
:10656000079800684AF20001C4F20001884212D183
:10657000FFE7079840F2D821C2F2004104910A1DBA
:10658000059201F12C034121FEF7F6FF04990598CD
:10659000496B884737E0079800684AF20041C4F227
:1065A0000001884212D1FFE7079840F2A831C2F2F9
:1065B000004102910A1D039201F12C034121FEF7D3
:1065C000DBFF02990398496B88471BE00798006836
:1065D0004DF20041C4F20001884212D1FFE7079852
:1065E00040F22041C2F2004100910A1D019201F1E6
:1065F0002C034121FEF7C0FF00990198496B8847A1
:10660000FFE7FFE7FFE708B080BD000000000000E3
:1066100082B00090009890F89800012811D1FFE70F
:106620000099022081F8980000980168886920F09C
:106630000100886100990020C1F89C008DF80700D6
:106640000AE00099D1F89C0040F00400C1F89C00D9
:1066500001208DF80700FFE79DF8070002B07047A2
:1066600082B00190009102B070470000000000006D
:1066700082B00190009102B070470000000000005D
:1066800083B002900191009203B0704700000000B7
:1066900082B00190009102B070470000000000003D
:1066A00081B0009001B0704781B0009001B0704798
:1066B00082B00190009102B070470000000000001D
:1066C00082B00190009146F2AC01C2F2004108682C
:1066D0000130086002B0704782B00190009102B0B2
:1066E000704700000000000081B0009001B07047CA
:1066F00081B0ADF8020001B070470000000000005A
:1067000080B582B0ADF806008820C5F600000068AC
:10671000BDF8061008420BD0FFE7BDF8060088213F
:10672000C5F600010860BDF80600FFF7E1FFFFE7CE
:1067300002B080BD000000008FB00E900D910020CF
:106740000C908020C5F600000990FFE70D980068C6
:106750000C99C840002800F0C181FFE70D9800683F
:106760000C9A0121914008400B900B98002800F0F2
:10677000B181FFE70D98406800F00300012807D0C1
:10678000FFE70D98406800F0030002282FD1FFE7D3
:106790000E9880680A900C984100032000FA01F1DD
:1067A0000A9888430A900D98C0680C99490000FA2D
:1067B00001F10A9808430A900A980E9988600E9889
:1067C00040680A900C99012000FA01F10A98884368
:1067D0000A900D984068C0F300100C9900FA01F17E
:1067E0000A9808430A900A980E994860FFE70D98A6
:1067F000406800F00300032818D0FFE70E98C06837
:106800000A900C984100032000FA01F10A9888438D
:106810000A900D9880680C99490000FA01F10A98D5
:1068200008430A900A980E99C860FFE70D984068DF
:1068300000F00300022826D1FFE70E980C996FF0B4
:10684000030202EA51010844006A0A900C9800F021
:10685000070081000F2000FA01F10A9888430A908E
:106860000D9800690C9901F00701890000FA01F107
:106870000A9808430A900A980E990C9B02EA530260
:1068800011440862FFE70E9800680A900C984100D6
:10689000032000FA01F10A9888430A900D98406895
:1068A00000F003000C99490000FA01F10A9808432E
:1068B0000A900A980E9908600D9880798007002840
:1068C00000F00781FFE7FFE744F2F440C5F602005D
:1068D000016841F002010160006800F002000890C8
:1068E0000898FFE70C9820F0030040F20841C5F635
:1068F000000140580A900C9800F0030081000F201E
:1069000000FA01F10A9888430A900E980021C5F612
:106910000201884203D1FFE7002007906CE00E9847
:1069200040F20041C5F60201884203D1FFE7012091
:1069300006905EE00E9840F60001C5F6020188421E
:1069400003D1FFE70220059050E00E9840F6004189
:10695000C5F60201884203D1FFE70320049042E01C
:106960000E9841F20001C5F60201884203D1FFE70B
:106970000420039034E00E9841F20041C5F6020174
:10698000884203D1FFE70520029026E00E9841F6E9
:106990000001C5F60201884203D1FFE706200190FD
:1069A00018E00E9841F60041C5F60201884203D175
:1069B000FFE7072000900AE00E9942F20042C5F678
:1069C00002020A20914208BF09200090FFE70098C8
:1069D0000190FFE701980290FFE702980390FFE71C
:1069E00003980490FFE704980590FFE70598069048
:1069F000FFE706980790FFE707980C9901F003015D
:106A0000890000FA01F10A9808430A900A980C9943
:106A100021F0030140F20842C5F6000288504FF011
:106A2000B04000680A900B990A9888430A900D9824
:106A30008079C006002805D5FFE70B990A9808431E
:106A40000A90FFE70A984FF0B04108600420C5F6AD
:106A5000000000680A900B990A9888430A900D98E4
:106A600080798006002805D5FFE70B990A9808432E
:106A70000A90FFE70A980421C5F60001086009980A
:106A800040680A900B990A9888430A900D9880797B
:106A90008007002805D5FFE70B990A9808430A905C
:106AA000FFE70A9809994860099800680A900B99CD
:106AB0000A9888430A900D988079C00728B1FFE7AB
:106AC0000B990A9808430A90FFE70A980999086009
:106AD000FFE7FFE70C9801300C9037E60FB07047E6
:106AE00083B00290ADF80610029840690090009AB9
:106AF000BDF8060002EA0001904340EA0140029915
:106B0000886103B07047000082B00190ADF80210B8
:106B10008DF801209DF8010028B1FFE7BDF80200C3
:106B20000199886105E0BDF80200000401998861BF
:106B3000FFE702B07047000046F2BC00C2F200401E
:106B4000006870470000000081B000900098016864
:106B50004AF6AA200860002001B07047000000003B
:106B600040F2CC10C2F20040027846F2BC01C2F200
:106B700000410868104408607047000000000000F1
:106B800080B582B0032000F0BBF803F035F844F282
:106B90001842C5F602021168C1F3032346F69401B8
:106BA000C0F60201CB5C03F01F03D84000900098B0
:106BB000126802F00F02895C01F01F01C84040F228
:106BC000CC01C2F200410860009840F2C801C2F254
:106BD00000410860072000F013F820B1FFE7012012
:106BE0008DF8070005E000F04FF800208DF8070051
:106BF000FFE79DF8070002B080BD00000000000024
:106C000080B582B0009040F2CC10C2F20040007813
:106C100020B9FFE701208DF8070030E040F2C800FE
:106C2000C2F20040006840F2CC11C2F200410A7882
:106C30004FF47A71B1FBF2F1B0FBF1F005F038F8E6
:106C400020B1FFE701208DF8070018E000980F2819
:106C50000DD8FFE700994FF0FF30002200F038F820
:106C6000009840F2D011C2F20041086003E0012018
:106C70008DF8070003E000208DF80700FFE79DF87E
:106C8000070002B080BD000080B582B0FFE744F28B
:106C9000F440C5F60200016841F00201016000689D
:106CA00000F0020001900198FFE7042000F028F8AE
:106CB00002B080BD0000000080B582B0ADF80600D3
:106CC000BDF906001DF0C0FC02B080BD0000000050
:106CD00080B586B0ADF81600049103921DF0CCFC8F
:106CE0000290BDF91600019002980499039A08F0E9
:106CF00077FA014601981DF0C7FC06B080BD000080
:106D000080B582B0019001981DF0E2FC02B080BD18
:106D100082B0019001980068009001990120C1F8AB
:106D2000D8040199002081F8CC04009A916941F0BF
:106D300000619161009A516D0323C1F20003194370
:106D4000516502B07047000082B001908DF80310C9
:106D500002B070470000000082B00190ADF8021050
:106D6000BDF80200019909684862002002B070472E
:106D700084B003908DF80B10ADF8082003980068DC
:106D8000406A00909DF80B0048B9FFE7BDF8081075
:106D9000009840EA014003990968886233E003984B
:106DA0000068816A009800EB1140009000208DF887
:106DB0000700FFE79DF807009DF80B100139884296
:106DC00013D2FFE7039800689DF8071000EB8100DD
:106DD000D0F80411009800EB11400090FFE79DF8F7
:106DE000070001308DF80700E4E7BDF808100098AF
:106DF00040EA0140039909689DF80B2001EB8201EC
:106E0000C1F80001FFE7002004B070470000000057
:106E100080B582B001900198D0F8E0040CF06CFFCE
:106E200002B080BD0000000080B582B001908DF8F6
:106E30000310019AD2F8E0049DF8031001EBC1039E
:106E400002EB8302126A0CF0B3FD02B080BD0000B9
:106E500080B582B001908DF80310019AD2F8E00459
:106E60009DF8031001EBC10302EB8302D2F860220C
:106E70000CF066FE02B080BD80B582B00190019832
:106E8000D0F8E0040CF040FF02B080BD000000002C
:106E900080B584B003908DF80B109DF80B000006B0
:106EA00000280CD5FFE703989DF80B1001F00F01A7
:106EB00001EBC10100EB8100143001900CE003985C
:106EC0009DF80B1001F00F0101EBC10100EB8100F7
:106ED00000F515700190FFE70398006801990EF026
:106EE000C7FC8DF80A009DF80A0004B080BD0000C0
:106EF00080B584B002908DF807109DF80700000659
:106F000000280FD5FFE702989DF8071001F00F0148
:106F100001EBC10100EB81001430009000990120C9
:106F200048700FE002989DF8071001F00F0101EB87
:106F3000C10100EB810000F5157000900099002060
:106F40004870FFE79DF8070000F00F0000990870F7
:106F5000FFE7029890F89404012804D1FFE702208B
:106F60008DF80F0014E00299012081F89404FFE7E6
:106F7000FFE70298006800990DF06AFFFFE70299A9
:106F8000002081F89404FFE700208DF80F00FFE750
:106F90009DF80F0004B080BD80B584B002908DF8DC
:106FA00007109DF8070000F00F0002990979884248
:106FB00004D9FFE701208DF80F004DE09DF8070090
:106FC000000600280FD5FFE702989DF8071001F092
:106FD0000F0101EBC10100EB81001430009000991A
:106FE000012048700FE002989DF8071001F00F0192
:106FF00001EBC10100EB810000F5157000900099D4
:1070000000204870FFE70099002088709DF8070075
:1070100000F00F0000990870FFE7029890F89404C0
:10702000012804D1FFE702208DF80F0014E0029937
:10703000012081F89404FFE7FFE7029800680099B7
:107040000EF076F9FFE70299002081F89404FFE73B
:1070500000208DF80F00FFE79DF80F0004B080BD01
:1070600082B001908DF8031001989DF8031001F093
:107070000F0101EBC10100EB8100D0F8680202B002
:10708000704700000000000080B586B004908DF8C5
:107090000F10ADF80C208DF80B3000208DF80A0091
:1070A0009DF80F00000600280FD5FFE704989DF813
:1070B0000F1001F00F0101EBC10100EB8100143052
:1070C00001900199012048700FE004989DF80F107D
:1070D00001F00F0101EBC10100EB810000F515701B
:1070E0000190019900204870FFE79DF80F0000F023
:1070F0000F0001990870BDF80C006FF3DF200199B3
:1071000088609DF80B00019908710198407820B1C2
:10711000FFE7019908784883FFE79DF80B000228F4
:1071200004D1FFE7019900204871FFE7FFE70498C9
:1071300090F89404012804D1FFE702208DF817008D
:1071400015E00499012081F89404FFE7FFE7049813
:10715000006801990DF040FDFFE70499002081F8D7
:107160009404FFE79DF80A008DF81700FFE79DF8EB
:10717000170006B080BD000080B586B005908DF880
:1071800013100392029305989DF8131001F00F015C
:1071900001EBC10100EB810000F51570019003982F
:1071A0000199C8600298019908610199002048611D
:1071B000019948709DF8130000F00F0001990870C4
:1071C00005988079012804D1FFE703980199C861E7
:1071D000FFE7059A1068019992790EF04DF90020A9
:1071E00006B080BD0000000080B584B002908DF82C
:1071F00007109DF8070000F00F00029909798842F6
:1072000004D9FFE701208DF80F0058E09DF8070032
:10721000000600280FD5FFE702989DF8071001F03F
:107220000F0101EBC10100EB8100143000900099C7
:10723000012048700DE002989DF8071001EBC10194
:1072400000EB810000F51570009000990020487057
:10725000FFE70099012088709DF8070000F00F00FB
:1072600000990870FFE7029890F89404012804D16F
:10727000FFE702208DF80F0021E00299012081F83C
:107280009404FFE7FFE70298006800990EF0A0F869
:107290009DF80700000740B9FFE7029A106891794E
:1072A00002F29C420DF0F4FFFFE7FFE70299002095
:1072B00081F89404FFE700208DF80F00FFE79DF8A8
:1072C0000F0004B080BD000080B586B005908DF839
:1072D00013100392029305989DF8131001F00F010B
:1072E00001EBC10100EB810014300190039801997A
:1072F000C8600298019908610199002048610199CC
:10730000012048709DF8130000F00F0001990870EB
:1073100005988079012804D1FFE703980199C86195
:10732000FFE7059A1068019992790EF0A5F8002000
:1073300006B080BD0000000080B58CB00B900B98AB
:1073400000680A900A9809900B9800680EF0D0FB2C
:10735000002840F03484FFE70B9800680EF040FCF2
:1073600010B9FFE700F02BBC0998D0F80808C0F36B
:107370000D200B99C1F8D4040B9800680EF030FC76
:107380008007002807D5FFE70B980168486900F0DF
:1073900002004861FFE70B9800680EF021FCC00670
:1073A000002862D5FFE70B980168886920F010007B
:1073B00088610A98006A02900B98029901F00F0107
:1073C00001EBC10100EB810000F5157008900298F7
:1073D00000F4F0110220B0EB514F23D1FFE7BDF8CC
:1073E000080047F6F07108421BD0FFE70A98089999
:1073F000C968029AC2F30A120EF002FC029847F61C
:10740000F07100EA0103089AD06800EB1310D06015
:10741000029800EA01020899486900EB12104861DD
:10742000FFE71BE0029800F4F0110620B0EB514F8B
:1074300012D1FFE70A980B9901F29C4108220EF045
:10744000DFFB029847F6F07100EA010208994869EB
:1074500000EB1210486100E0FFE7FFE70B980168BE
:10746000886940F010008861FFE70B9800680EF013
:10747000B7FB0003002840F1A680FFE7002004903E
:107480000B9800680EF058FB0690FFE7069800285E
:1074900000F09880FFE79DF81800C007002800F072
:1074A0008A80FFE70B9800689DF810100EF080FBB3
:1074B00005909DF81400C00760B1FFE70998049992
:1074C00000EB41110120C1F8080B0B98049907F05B
:1074D0000FFFFFE79DF81400000700280CD5FFE719
:1074E0000998049900EB41110820C1F8080B0B988A
:1074F000049907F0B5FEFFE79DF81400C0060028C8
:1075000008D5FFE70998049900EB41111020C1F854
:10751000080BFFE79DF81400800700282DD5FFE732
:107520000A9840690006002808D5FFE70999D1F8B4
:10753000040840F48060C1F80408FFE70B98049940
:1075400001EBC10100EB810000F51570089008986F
:10755000C078012809D1FFE708990020C8700B986E
:107560009DF8101000F040FBFFE70998049900EB2C
:1075700041110220C1F8080BFFE79DF814008006B6
:10758000002808D5FFE70998049900EB4111202055
:10759000C1F8080BFFE79DF815008006002809D503
:1075A000FFE70998049900EB41114FF40050C1F82E
:1075B000080BFFE7FFE704980130049006984008A5
:1075C000069063E7FFE70B9800680EF009FB4003A5
:1075D000002840F1C680FFE70B9800680EF098FA8B
:1075E000069000200490FFE70698002800F0B8807D
:1075F000FFE79DF81800C007002800F0AA80FFE709
:107600000B9800689DF810100EF0AAFA05909DF8EE
:107610001400C00700283ED0FFE7049800F00F01D7
:10762000012000FA01F10391039B099AD2F8341862
:107630009943C2F834180999049A01EB4211C1F830
:1076400008090B98807901281FD1FFE70B9804994E
:1076500001EBC10100EB8101CA69086A10440862AC
:10766000049888B9FFE70B98049901EBC10100EB7E
:107670008100406A40B9FFE70B99086801F29C421B
:1076800001210DF005FEFFE7FFE70B989DF81010B4
:10769000FFF7CAFBFFE79DF814000007002808D594
:1076A000FFE70998049900EB41110820C1F8080987
:1076B000FFE79DF81400C006002808D5FFE70998E9
:1076C000049900EB41111020C1F80809FFE79DF86B
:1076D00014004006002808D5FFE70998049900EB3C
:1076E00041114020C1F80809FFE79DF81400800708
:1076F000002822D5FFE70A9804990EF091F90B981B
:10770000049901EBC10100EB810014300890089846
:10771000C078012809D1FFE708990020C8700B98AC
:107720009DF8101000F050FAFFE70998049900EB5B
:1077300041110220C1F80809FFE79DF81400000676
:10774000002805D5FFE70B98049907F0B5FEFFE781
:10775000FFE704980130049006984008069043E73C
:10776000FFE70B9800680EF03BFAC00F00B3FFE78D
:107770000999D1F8040820F00100C1F804080B9819
:1077800090F8CC04012808D1FFE70B98002180F87D
:10779000CC140B98FFF7D8FA03E00B9800F0BCFB71
:1077A000FFE70B980168486900F000404861FFE777
:1077B0000B9800680EF014FA0005002811D5FFE7B9
:1077C0000998D0F80808C00720B1FFE70B9800F02F
:1077D00037FCFFE70B980168486900F400604861D6
:1077E000FFE70B9800680EF0FBF90001002820D598
:1077F000FFE70B980168486900F0006048610B984A
:1078000090F8CC0480B9FFE70B98012180F8CC14E4
:107810000B980068406DC0F383000B9AC2F8D00447
:107820000B98FFF791FA03E00B9800F009FCFFE7D3
:10783000FFE70B9800680EF0D3F9C004002840F170
:107840008680FFE70999D1F8040820F00100C1F80B
:1078500004080B98006810210EF0E2F80020079051
:10786000FFE707980B990979884231D2FFE7099819
:10787000079900EB41114FF67F30C1F808090999CB
:10788000079A01EB4212D2F8001921F40011C2F854
:1078900000190999079A01EB4211C1F8080B0998E0
:1078A000079900EB4111D1F8000B20F40010C1F84A
:1078B000000B0998079900EB4111D1F8000B40F03B
:1078C0000060C1F8000BFFE7079801300790C8E798
:1078D0000999D1F81C0840F00110C1F81C080B9858
:1078E000C07B78B1FFE70999D1F8840840F00B001C
:1078F000C1F884080999D1F8440840F00B00C1F898
:1079000044080FE00999D1F8140842F22B02104301
:10791000C1F814080999D1F8100840F00B00C1F81B
:107920001008FFE70999D1F8000820F4FE60C1F8BB
:1079300000080B9A1068917902F29C420DF0A8FCA5
:107940000B980168486900F480504861FFE70B9884
:1079500000680EF045F9800400281FD5FFE70B985A
:1079600000680DF0A9F90B9800680EF099F80B99D2
:10797000C8710B980068019002F0EAF8014601987E
:107980000B9AD2790EF038FA0B9800F099FA0B980E
:107990000168486900F400504861FFE70B980068EF
:1079A0000EF01EF9000700280AD5FFE70B9800F03B
:1079B000BFFA0B980168486900F008004861FFE7CA
:1079C0000B9800680EF00CF90006002825D5FFE79B
:1079D0000A99886920F08000886101200490FFE7FF
:1079E00004980B990979884216D2FFE70B980499FD
:1079F00001EBC10100EB810090F85702012806D18C
:107A0000FFE70B989DF81010FFF742FAFFE7FFE73A
:107A1000049801300490E3E7FFE70B9800680EF04C
:107A2000DFF8C00200283CD5FFE701200490FFE703
:107A300004980B99097988422CD2FFE70998049998
:107A400000EB4110D0F8000902900B98049901EB6B
:107A5000C10100EB8100007E012816D1FFE79DF8EF
:107A60000B000006002810D5FFE70B98049901EBE6
:107A7000C10100EB81010120C8750B989DF8101021
:107A800041F08001FFF704FAFFE7FFE704980130B7
:107A90000490CDE70B980168486900F480104861B4
:107AA000FFE70B9800680EF09BF88002002856D57F
:107AB000FFE701200490FFE704980B9909798842B9
:107AC00046D2FFE70998049900EB4110D0F8000B6B
:107AD00002900B98049901EBC10100EB810090F832
:107AE000580201282FD1FFE79DF80B00000600285F
:107AF00029D5FFE7029800F480310B98D0F8D40420
:107B000000F00100B0EB114F1DD1FFE70B98049975
:107B100001EBC10100EB8101012081F857020A99B4
:107B2000886940F0800088610A9840690006002852
:107B300008D4FFE70999D1F8040840F40070C1F8AF
:107B4000040805E0FFE7FFE7049801300490B3E77D
:107B50000B980168486900F400104861FFE70B9832
:107B600000680EF03DF8400000280AD5FFE70B98AA
:107B7000FFF74EF90B980168486900F080404861B2
:107B8000FFE70B9800680EF02BF84007002815D58A
:107B9000FFE70B980068406802909DF808004007D6
:107BA000002804D5FFE70B98FFF766F9FFE7029A74
:107BB0000B980168486810434860FFE7FFE70CB086
:107BC00080BD00000000000080B582B001908DF8FB
:107BD00003100198D0F8E0049DF803100CF038F978
:107BE00002B080BD0000000080B582B001908DF829
:107BF00003100198D0F8E0049DF803100CF060F930
:107C000002B080BD0000000080B58CB00A900A98D8
:107C100020B9FFE701208DF82F000EE10A9890F8B7
:107C2000950440B9FFE70A99002081F894040A9866
:107C300000F00AF9FFE70A99032081F895040A98F1
:107C400000680DF019FB0A9B1868197C8DF820104C
:107C500059689A68DB680793069205910599069A18
:107C6000079BDDF820C0EE46CEF800C00DF03CF8D2
:107C700040B1FFE70A99022081F8950401208DF8B0
:107C80002F00DAE00A98006800210EF015F840B1E4
:107C9000FFE70A99022081F8950401208DF82F0052
:107CA000CBE000208DF82700FFE79DF827000A9918
:107CB0000979884241DAFFE70A989DF8271001EB1D
:107CC000C10100EB8101012048759DF827000A9948
:107CD00000EBC00201EB820108759DF827000A99AC
:107CE00000EBC00201EB8201C8850A989DF82710BD
:107CF00001EBC10100EB8101002008760A999DF893
:107D0000272002EBC20201EB8201C8610A999DF8AB
:107D1000272002EBC20201EB820108620A999DF85A
:107D2000272002EBC20201EB82014862FFE79DF8C7
:107D3000270001308DF82700B7E700208DF82700D5
:107D4000FFE79DF827000A99097988423EDAFFE7A4
:107D50000A989DF8271001EBC10100EB810100207A
:107D600081F855029DF827100A9A01EBC10302EB36
:107D7000830282F854120A999DF8272002EBC2026E
:107D800001EB820181F858020A999DF8272002EB45
:107D9000C20201EB8201C1F85C020A999DF827201A
:107DA00002EBC20201EB8201C1F860020A999DF860
:107DB000272002EBC20201EB8201C1F86402FFE757
:107DC0009DF8270001308DF82700BAE70A9B186854
:107DD000197C8DF8101059689A68DB680393029239
:107DE00001910199029A039BDDF810C0EE46CEF88E
:107DF00000C00DF0F9F840B1FFE70A99022081F8C0
:107E0000950401208DF82F0017E00A99002048748E
:107E10000A99012081F895040A98007B012804D171
:107E2000FFE70A98FEF774FFFFE70A9800680DF075
:107E3000C3F800208DF82F00FFE79DF82F000CB04D
:107E400080BD00000000000080B5B2B0319002A8F3
:107E5000B821F8F74EFC319800680021C4F2040103
:107E600088422BD1FFE7002003904FF4802002903E
:107E70004FF44010239002A800F026FC18B1FFE751
:107E8000F9F70AFEFFE700F04FF9FFE744F2D840A8
:107E9000C5F60200016841F000710160006800F061
:107EA000007001900198FFE74D20009000221146DC
:107EB000FEF70EFF0098FEF7FFFEFFE732B080BD31
:107EC00080B582B0019001208DF803000198C0793F
:107ED00020B9FFE700208DF803000CE00198C0797D
:107EE000022804D1FFE701208DF8030002E0F9F732
:107EF000D3FDFFE7FFE70198D0F8E0049DF80310F9
:107F00000CF0E6F80198D0F8E0040CF05DF802B04F
:107F100080BD00000000000080B582B00190019893
:107F2000D0F8E0040CF0A0F802B080BD0000000022
:107F300080B582B001900198D0F8E0040CF0A8F868
:107F400002B080BD0000000080B584B002908DF8C2
:107F50000710FFE7029890F89404012804D1FFE786
:107F600002208DF80F0019E00299012081F8940495
:107F7000FFE7FFE79DF80700029948740298006840
:107F80009DF807100DF008FFFFE70299002081F827
:107F90009404FFE700208DF80F00FFE79DF80F0025
:107FA00004B080BD0000000080B582B0019001994E
:107FB000D1F8E00401F29C410CF0B6F802B080BDAB
:107FC00080B584B00290029800680190FFE70298A3
:107FD00090F89404012804D1FFE702208DF80F00E7
:107FE00028E00299012081F89404FFE7FFE7019857
:107FF000C068400600280BD5FFE70298407B0128A7
:1080000006D1FFE70199886B40F480308863FFE771
:10801000029800680DF0BCFC029800680CF0B4FFF8
:10802000FFE70299002081F89404FFE700208DF813
:108030000F00FFE79DF80F0004B080BD00000000B6
:1080400080B582B001900198D0F8E0040CF0F4F80B
:1080500001980168D1F8000E40F00100C1F8000E4F
:108060000198C07A48B1FFE74EF61051CEF20001F8
:10807000086840F006000860FFE702B080BD00001D
:1080800080B584B0029044F60C00C5F6020000688A
:1080900000F004010020B0EB910F13D1FFE744F68C
:1080A0000C00C5F60200006800F007000299884243
:1080B00004D0FFE701208DF80F002EE000208DF89E
:1080C0000F002AE044F60C01C5F60201086820F012
:1080D0000700029A10430860FEF72EFD0190FFE7AB
:1080E00044F60400C5F60200006800F400510020C8
:1080F000B0EB513F0DD1FFE7FEF71EFD0199401A8D
:10810000B0F57A7F04D9FFE701208DF80F0004E075
:10811000E6E700208DF80F00FFE79DF80F0004B0A0
:1081200080BD00000000000044F60C01C5F602010D
:10813000086840F080700860704700000000000090
:1081400080B501F005FD44F22041C5F60201096841
:10815000C1F3021246F69401C0F60201895C01F0F7
:108160001F01C84080BD000088B0079044F228403D
:10817000C5F60200016801F0030106910068C0F332
:108180000530059044F22C40C5F602000068C0F3AB
:1081900000100490049844F23C41C5F602010968BD
:1081A00089B2C908484300EE100AB8EE400A8DEDC6
:1081B000020A0598002800F01B81FFE7069800904E
:1081C00048B1FFE70098012869D0FFE7009802282E
:1081D00000F08980ABE044F20040C5F60200006880
:1081E00000F020010020B0EB511F33D0FFE744F234
:1081F0000040C5F602000068C0F3C10149F200006A
:10820000C0F2D030C84003909DED030AB8EE400A9A
:108210009DED051AB8EE411A80EE010A44F238408D
:10822000C5F6020000686FF35F2001EE100AB8EE99
:10823000411A9DED022A9FED743A82EE032A31EE37
:10824000021AB7EE002A31EE021A20EE010A8DED75
:10825000010A23E09DED050AB8EE401A9FED6C0A75
:1082600080EE010A44F23840C5F6020000686FF360
:108270005F2001EE100AB8EE411A9DED022A9FED33
:10828000623A82EE032A31EE021AB7EE002A31EE8C
:10829000021A20EE010A8DED010AFFE76BE09DED69
:1082A000050AB8EE401A9FED590A80EE010A44F221
:1082B0003840C5F6020000686FF35F2001EE100A37
:1082C000B8EE411A9DED022A9FED4F3A82EE032A45
:1082D00031EE021AB7EE002A31EE021A20EE010A40
:1082E0008DED010A47E09DED050AB8EE401A9FEDBD
:1082F000450A80EE010A44F23840C5F602000068E3
:108300006FF35F2001EE100AB8EE411A9DED022ACC
:108310009FED3D3A82EE032A31EE021AB7EE002AB3
:1083200031EE021A20EE010A8DED010A23E09DEDE7
:10833000050AB8EE401A9FED350A80EE010A44F2B4
:108340003840C5F6020000686FF35F2001EE100AA6
:10835000B8EE411A9DED022A9FED2B3A82EE032AD8
:1083600031EE021AB7EE002A31EE021A20EE010AAF
:108370008DED010AFFE79DED010A44F23840C5F694
:108380000200016889B2490A01EE101AB8EE411ADA
:10839000B7EE002A31EE021A80EE010A0799BCEE10
:1083A000C00A81ED000A9DED010A0168C1F3064192
:1083B00001EE101AB8EE411A31EE021A80EE010AEF
:1083C0000799BCEEC00A81ED010A9DED010A006823
:1083D000C0F3066001EE100AB8EE411A31EE021A3F
:1083E00080EE010A0798BCEEC00A80ED020A07E0A1
:1083F0000799002008600799486007998860FFE79F
:1084000008B07047001BB74B000000460024744AB8
:108410000024744C0000000088B0079044F228400B
:10842000C5F60200016801F0030106910068C0F37F
:108430000550059044F22C40C5F602000068C0F3D8
:1084400000200490049844F24441C5F602010968F2
:1084500089B2C908484300EE100AB8EE400A8DED13
:10846000020A0598002800F01B81FFE7069800909B
:1084700048B1FFE70098012869D0FFE7009802287B
:1084800000F08980ABE044F20040C5F602000068CD
:1084900000F020010020B0EB511F33D0FFE744F281
:1084A0000040C5F602000068C0F3C10149F20000B7
:1084B000C0F2D030C84003909DED030AB8EE400AE8
:1084C0009DED051AB8EE411A80EE010A44F24040D3
:1084D000C5F6020000686FF35F2001EE100AB8EEE7
:1084E000411A9DED022A9FED743A82EE032A31EE85
:1084F000021AB7EE002A31EE021A20EE010A8DEDC3
:10850000010A23E09DED050AB8EE401A9FED6C0AC2
:1085100080EE010A44F24040C5F6020000686FF3A5
:108520005F2001EE100AB8EE411A9DED022A9FED80
:10853000623A82EE032A31EE021AB7EE002A31EED9
:10854000021A20EE010A8DED010AFFE76BE09DEDB6
:10855000050AB8EE401A9FED590A80EE010A44F26E
:108560004040C5F6020000686FF35F2001EE100A7C
:10857000B8EE411A9DED022A9FED4F3A82EE032A92
:1085800031EE021AB7EE002A31EE021A20EE010A8D
:108590008DED010A47E09DED050AB8EE401A9FED0A
:1085A000450A80EE010A44F24040C5F60200006828
:1085B0006FF35F2001EE100AB8EE411A9DED022A1A
:1085C0009FED3D3A82EE032A31EE021AB7EE002A01
:1085D00031EE021A20EE010A8DED010A23E09DED35
:1085E000050AB8EE401A9FED350A80EE010A44F202
:1085F0004040C5F6020000686FF35F2001EE100AEC
:10860000B8EE411A9DED022A9FED2B3A82EE032A25
:1086100031EE021AB7EE002A31EE021A20EE010AFC
:108620008DED010AFFE79DED010A44F24040C5F6D9
:108630000200016889B2490A01EE101AB8EE411A27
:10864000B7EE002A31EE021A80EE010A0799BCEE5D
:10865000C00A81ED000A9DED010A0168C1F30641DF
:1086600001EE101AB8EE411A31EE021A80EE010A3C
:108670000799BCEEC00A81ED010A9DED010A006870
:10868000C0F3066001EE100AB8EE411A31EE021A8C
:1086900080EE010A0798BCEEC00A80ED020A07E0EE
:1086A0000799002008600799486007998860FFE7EC
:1086B00008B07047001BB74B000000460024744A06
:1086C0000024744C0000000080B59AB0189000207F
:1086D0008DF857008DF856001898C07800070028CC
:1086E00048D5FFE71898406E149078B1FFE71498CA
:1086F000B0F5801F13D0FFE71498B0F5001F16D017
:10870000FFE71498B0F5401F19D019E044F22C414E
:10871000C5F60201086840F40030086014E01898BB
:108720000830022106F068FF8DF857000CE0189819
:108730002830022107F048F88DF8570004E003E0E4
:1087400001208DF85700FFE79DF8570060B9FFE75B
:1087500044F25041C5F60201086820F44010189A0E
:10876000526E1043086004E09DF857008DF85600E3
:10877000FFE7FFE718984078C007002840D0FFE7E0
:108780001898806D1390042820D81399DFE801F021
:10879000030C141C1D0044F22C41C5F602010868AC
:1087A00040F40030086015E018980830002106F009
:1087B00023FF8DF857000DE018982830002107F0AE
:1087C00003F88DF8570005E004E003E001208DF880
:1087D0005700FFE79DF8570060B9FFE744F25041AA
:1087E000C5F60201086820F00700189A926D104340
:1087F000086004E09DF857008DF85600FFE7FFE79A
:10880000189840784007002856D5FFE71898D0F808
:10881000A4001290C8B1FFE71298B0F5001F1DD058
:10882000FFE71298B0F5800F20D0FFE71298B0F55F
:10883000C00F23D0FFE71298B0F5000F1FD0FFE75D
:108840001298B0F5200F1BD01BE044F22C41C5F666
:108850000201086840F40030086016E018980830FB
:10886000002106F0C9FE8DF857000EE01898283058
:10887000002106F0A9FF8DF8570006E005E004E0AE
:1088800003E001208DF85700FFE79DF8570068B915
:10889000FFE744F25841C5F60201086820F4600081
:1088A000189AD2F8A4201043086004E09DF85700FD
:1088B0008DF85600FFE7FFE718984078000700287A
:1088C00056D5FFE71898D0F8A8001190C8B1FFE777
:1088D0001198B0F1807F1DD0FFE71198B0F1007FB3
:1088E00020D0FFE71198B0F1407F23D0FFE7119827
:1088F000B0F1806F1FD0FFE71198B0F1A06F1BD0CF
:108900001BE044F22C41C5F60201086840F4003037
:10891000086016E018980830002106F06DFE8DF80A
:1089200057000EE018982830002106F04DFF8DF812
:10893000570006E005E004E003E001208DF8570051
:10894000FFE79DF8570068B9FFE744F25841C5F6C4
:108950000201086820F0E060189AD2F8A8201043BD
:10896000086004E09DF857008DF85600FFE7FFE728
:108970001898C078800700283ED5FFE71898C06C8B
:108980001090F0B1FFE71098102808D0FFE710987A
:1089900020280DD0FFE71098302811D012E044F2C3
:1089A0002C41C5F60201086840F4003008600DE073
:1089B00018980830022106F01FFE8DF8570005E0D8
:1089C00004E003E001208DF85700FFE79DF8570011
:1089D00060B9FFE744F24C41C5F60201086820F097
:1089E0003000189AD26C1043086004E09DF85700DC
:1089F0008DF85600FFE7FFE718984078C00600287A
:108A00004ED5FFE71898C06D0F90A0B1FFE70F9803
:108A1000B0F5805F18D0FFE70F98B0F5005F1BD06E
:108A2000FFE70F98B0F5405F1ED0FFE70F98B0F555
:108A3000804F1AD01AE044F22C41C5F602010868B2
:108A400040F40030086015E018980830002106F066
:108A5000D3FD8DF857000DE018982830002106F05E
:108A6000B3FE8DF8570005E004E003E001208DF827
:108A70005700FFE79DF8570060B9FFE744F2504107
:108A8000C5F60201086820F4E040189AD26D104340
:108A9000086004E09DF857008DF85600FFE7FFE7F7
:108AA00018984078800600284CD5FFE71898006E8B
:108AB0000E90C8B1FFE70E98B0F5803F15D0FFE7E4
:108AC0000E98B0F5003F18D0FFE70E98B0F5403F84
:108AD0001BD0FFE70E98B0F5802F17D0FFE70E9858
:108AE000B0F5A02F13D013E016E01898083001213C
:108AF00006F082FD8DF857000EE01898283001210D
:108B000006F062FE8DF8570006E005E004E003E0A1
:108B100001208DF85700FFE79DF8570060B9FFE787
:108B200044F25041C5F60201086820F4E020189A8A
:108B3000126E1043086004E09DF857008DF856004F
:108B4000FFE7FFE718984078400600284ED5FFE77A
:108B50001898D0F8AC000D90C8B1FFE70D98B0F1AF
:108B6000805F15D0FFE70D98B0F1005F18D0FFE7E8
:108B70000D98B0F1405F1BD0FFE70D98B0F1804F2A
:108B800017D0FFE70D98B0F1A04F13D013E016E017
:108B900018980830012106F02FFD8DF857000EE0DF
:108BA00018982830012106F00FFE8DF8570006E0D6
:108BB00005E004E003E001208DF85700FFE79DF891
:108BC000570068B9FFE744F25841C5F6020108684A
:108BD00020F0E040189AD2F8AC201043086004E07E
:108BE0009DF857008DF85600FFE7FFE7189840788A
:108BF000000600283BD5FFE71898C06E0C90D8B14E
:108C0000FFE70C98B0F1805F05D0FFE70C98B0F15A
:108C1000005F09D011E044F22C41C5F6020108685A
:108C200040F4003008600CE018980830012106F08C
:108C3000E3FC8DF8570004E003E001208DF85700B5
:108C4000FFE79DF8570060B9FFE744F25041C5F6D1
:108C50000201086820F04050189AD26E1043086054
:108C600004E09DF857008DF85600FFE7FFE71898DD
:108C7000C078C007002837D0FFE71898806C0B90A9
:108C8000032817D80B99DFE801F014020B1344F204
:108C90002C41C5F60201086840F4003008600DE080
:108CA00018980830022106F0A7FC8DF8570005E05F
:108CB00004E003E001208DF85700FFE79DF857001E
:108CC00060B9FFE744F24C41C5F60201086820F0A4
:108CD0000300189A926C1043086004E09DF8570056
:108CE0008DF85600FFE7FFE71898807840060028C7
:108CF00040F1B480FFE744F60001C5F602010868C0
:108D000040F480700860FDF717FF1690FFE744F607
:108D10000000C5F602000068C00500280CD4FFE77B
:108D2000FDF70AFF1699401A652804D3FFE70320D0
:108D30008DF8570000E0EAE79DF85700002840F062
:108D40008780FFE744F27040C5F60200006800F437
:108D500040701899D1F8B01001F44071884213D0D6
:108D6000FFE744F27041C5F60201086820F4407044
:108D70001790086840F480300860086820F480305C
:108D8000086017980860FFE71898D0F8B000B0F5B1
:108D9000807F1FD1FFE7FDF7CFFE1690FFE744F27B
:108DA0007040C5F60200006800F002010020B0EB40
:108DB000510F0ED1FFE7FDF7BFFE1699401A41F2A1
:108DC0008931884204D3FFE703208DF8570000E083
:108DD000E5E7FFE79DF85700A0BBFFE7FFE718981E
:108DE000D0F8B00000F44070B0F5407F13D1FFE739
:108DF00044F21041C5F60201086820F47C50189A2C
:108E0000D2F8B0204FF6F043C0F6FF731A4040EAA4
:108E10001210086008E044F21041C5F6020108682B
:108E200020F47C500860FFE71898D0F8B0206FF36A
:108E30001F3244F27041C5F6020108681043086011
:108E4000FFE704E09DF857008DF85600FFE704E0C7
:108E50009DF857008DF85600FFE7FFE71898006867
:108E6000C007002800F04C80FFE71898806F0A9038
:108E700028282BD80A99DFE801F015292929292962
:108E8000292916292929292929291E292929292970
:108E90002929262929292929292927292929292947
:108EA0002929280016E018980830012106F0A4FBB3
:108EB0008DF857000EE018982830012106F084FC48
:108EC0008DF8570006E005E004E003E001208DF88E
:108ED0005700FFE79DF8570060B9FFE744F254419F
:108EE000C5F60201086820F03800189A926F104306
:108EF000086004E09DF857008DF85600FFE7FFE793
:108F0000189800788007002839D5FFE71898406F37
:108F10000990052819D80999DFE801F003040C1419
:108F2000151616E018980830012106F065FB8DF83B
:108F300057000EE018982830012106F045FC8DF806
:108F4000570006E005E004E003E001208DF857003B
:108F5000FFE79DF8570060B9FFE744F25441C5F6BA
:108F60000201086820F00700189A526F1043086049
:108F700004E09DF857008DF85600FFE7FFE71898CA
:108F80000078400700283BD5FFE71898D0F89000FC
:108F90000890052819D80899DFE801F003040C149B
:108FA000151616E018980830012106F025FB8DF8FB
:108FB00057000EE018982830012106F005FC8DF8C6
:108FC000570006E005E004E003E001208DF85700BB
:108FD000FFE79DF8570068B9FFE744F25841C5F62E
:108FE0000201086820F00700189AD2F89020104378
:108FF000086004E09DF857008DF85600FFE7FFE792
:1090000018980078800600284ED5FFE71898D0F809
:109010008C000790C8B1FFE70798B0F1805F15D0CA
:10902000FFE70798B0F1005F18D0FFE70798B0F1AD
:10903000405F1BD0FFE70798B0F1804F17D0FFE7E4
:109040000798B0F1A04F13D013E016E0189808303D
:10905000002106F0D1FA8DF857000EE0189828305C
:10906000022106F0B1FB8DF8570006E005E004E0B0
:1090700003E001208DF85700FFE79DF8570068B91D
:10908000FFE744F25441C5F60201086820F0E040D1
:10909000189AD2F88C201043086004E09DF857001D
:1090A0008DF85600FFE7FFE7189800784006002883
:1090B0004ED5FFE71898D0F898000690C8B1FFE7A2
:1090C0000698B0F5806F15D0FFE70698B0F5006FF1
:1090D00018D0FFE70698B0F5406F1BD0FFE7069861
:1090E000B0F5805F17D0FFE70698B0F5A05F13D00A
:1090F00013E016E018980830002106F07DFA8DF88C
:1091000057000EE018982830022106F05DFB8DF81C
:10911000570006E005E004E003E001208DF8570069
:10912000FFE79DF8570068B9FFE744F25841C5F6DC
:109130000201086820F4E050189AD2F898201043F1
:10914000086004E09DF857008DF85600FFE7FFE740
:1091500018980078000600284ED5FFE71898D0F838
:109160009C000590C8B1FFE70598B0F5005F15D0E9
:10917000FFE70598B0F5804F18D0FFE70598B0F5E8
:10918000C04F1BD0FFE70598B0F5004F17D0FFE7A1
:109190000598B0F5204F13D013E016E0189808306A
:1091A000002106F029FA8DF857000EE018982830B3
:1091B000022106F009FB8DF8570006E005E004E007
:1091C00003E001208DF85700FFE79DF8570068B9CC
:1091D000FFE744F25841C5F60201086820F46040F8
:1091E000189AD2F89C201043086004E09DF85700BC
:1091F0008DF85600FFE7FFE7189800780007002871
:1092000020D5FFE71898D0F88000B0F5805F0CD12A
:10921000FFE718982830022106F0D6FA20B1FFE7C0
:1092200001208DF85600FFE7FFE744F25441C5F6F0
:109230000201086820F44050189AD2F880201043A8
:109240000860FFE718980078C006002820D5FFE7DF
:109250001898D0F89400B0F5807F0CD1FFE71898EB
:109260002830022106F0B0FA20B1FFE701208DF886
:109270005600FFE7FFE744F25841C5F602010868CF
:1092800020F44070189AD2F8942010430860FFE749
:1092900018988078000700283CD5FFE71898D0F888
:1092A000A000049050B1FFE70498B0F5803F0DD0C6
:1092B000FFE70498B0F5003F10D010E01898083090
:1092C000002106F099F98DF857000CE01898283025
:1092D000022106F079FA8DF8570004E003E001203E
:1092E0008DF85700FFE79DF8570068B9FFE744F293
:1092F0005841C5F60201086820F44030189AD2F8A7
:10930000A0201043086004E09DF857008DF8560037
:10931000FFE7FFE718988078400700283FD5FFE770
:109320001898D0F884000390B0F5801F0AD0FFE7AA
:109330000398B0F5001F0ED0FFE70398B0F5401F6B
:1093400011D011E044F22C41C5F60201086840F446
:10935000003008600CE018982830012106F034FA3B
:109360008DF8570004E003E001208DF85700FFE777
:109370009DF8570068B9FFE744F25441C5F6020171
:10938000086820F44010189AD2F88420104308602E
:1093900004E09DF857008DF85600FFE7FFE71898A6
:1093A0008078C007A8B3FFE71898006D029028B135
:1093B000FFE70298B0F5803F09D010E044F22C415D
:1093C000C5F60201086840F4003008600BE0189808
:1093D0000830022106F010F98DF8570003E0012053
:1093E0008DF85700FFE79DF8570060B9FFE744F29A
:1093F0004C41C5F60201086820F48030189A126DBD
:109400001043086004E09DF857008DF85600FFE710
:10941000FFE71898C078800600280CD5FFE7189859
:109420002830022106F0D0F920B1FFE701208DF8A5
:109430005600FFE7FFE718988078800700283AD5A4
:10944000FFE71898C06F0190D0B1FFE70198B0F521
:10945000807F0AD0FFE70198B0F5007F0ED0FFE7CC
:109460000198B0F5407F0AD00BE044F22C41C5F6DC
:109470000201086840F40030086006E005E004E0FE
:1094800003E001208DF85700FFE79DF8570060B911
:10949000FFE744F25441C5F60201086820F4407029
:1094A000189AD26F1043086004E09DF857008DF8B9
:1094B0005600FFE7FFE718988078C00600280CD513
:1094C000FFE744F25041C5F60201086820F0004071
:1094D000189A126F10430860FFE71898807880068A
:1094E00000280CD5FFE744F25041C5F60201086898
:1094F00020F08070189A926E10430860FFE7189869
:10950000C0784006002811D5FFE7FFE744F210417C
:10951000C5F60201086820F4004008601898D0F8E9
:10952000B420086810430860FFE7FFE71898C07888
:10953000000600280CD5FFE744F24C41C5F60201B5
:10954000086820F04050189A526D10430860FFE7F9
:1095500018988078000600280DD5FFE744F25441A2
:10956000C5F60201086820F44000189AD2F8882055
:1095700010430860FFE718980079C00790B1FFE733
:1095800018980830002106F037F88DF857009DF83C
:10959000570008B9FFE704E09DF857008DF8560022
:1095A000FFE7FFE7189800798007002812D5FFE74A
:1095B00018980830012106F01FF88DF857009DF823
:1095C000570008B9FFE704E09DF857008DF85600F2
:1095D000FFE7FFE7189800794007002812D5FFE75A
:1095E00018980830022106F007F88DF857009DF80A
:1095F000570008B9FFE704E09DF857008DF85600C2
:10960000FFE7FFE7189800790007002812D5FFE769
:1096100018982830002106F0D7F88DF857009DF8EB
:10962000570008B9FFE704E09DF857008DF8560091
:10963000FFE7FFE718980079C006002812D5FFE77A
:1096400018982830012106F0BFF88DF857009DF8D2
:10965000570008B9FFE704E09DF857008DF8560061
:10966000FFE7FFE7189800798006002812D5FFE78A
:1096700018982830022106F0A7F88DF857009DF8B9
:10968000570008B9FFE704E09DF857008DF8560031
:10969000FFE7FFE79DF8560020B9FFE700208DF8AF
:1096A000670003E001208DF86700FFE79DF8670081
:1096B0001AB080BD0000000080B586B00490039110
:1096C000049820B9FFE701208DF817003CE20398C9
:1096D00042F20001C5F20021096801F00F01884241
:1096E00016D9FFE742F20000C5F20020016821F020
:1096F0000F01039A11430160006800F00F00039905
:10970000884204D0FFE701208DF817001CE2FFE734
:10971000049800784007002819D5FFE704980069ED
:1097200044F21841C5F60201096801F0700188424F
:109730000CD9FFE744F21841C5F60201086820F091
:109740007000049A126910430860FFE7FFE704986D
:1097500000780007002819D5FFE70498406944F213
:109760001C41C5F60201096801F0700188420CD95C
:10977000FFE744F21C41C5F60201086820F07000C2
:10978000049A526910430860FFE7FFE704980078E5
:10979000C006002819D5FFE70498806944F21C41EF
:1097A000C5F60201096801F4E06188420CD9FFE7BF
:1097B00044F21C41C5F60201086820F4E060049AF6
:1097C000926910430860FFE7FFE70498007880067D
:1097D000002819D5FFE70498C06944F22041C5F676
:1097E0000201096801F0700188420CD9FFE744F2D8
:1097F0002041C5F60201086820F07000049AD26981
:1098000010430860FFE7FFE704980078800700280E
:1098100019D5FFE70498C06844F21841C5F6020163
:10982000096801F00F0188420CD9FFE744F21841A2
:10983000C5F60201086820F00F00049AD2681043B0
:109840000860FFE7FFE704980078C007002800F0F1
:109850008C80FFE744F21841C5F60201086820F445
:109860007060049A92681043086004984068022867
:1098700011D1FFE744F20040C5F60200006800F491
:1098800000310020B0EB514F04D1FFE701208DF8EB
:10989000170059E13EE004984068032811D1FFE722
:1098A00044F20040C5F60200006800F0007100209C
:1098B000B0EB516F04D1FFE701208DF8170043E1B1
:1098C00027E004984068012811D1FFE744F20040E6
:1098D000C5F60200006800F480710020B0EB112F83
:1098E00004D1FFE701208DF817002DE110E044F2CC
:1098F0000040C5F60200006800F004010020B0EB53
:10990000910F04D1FFE701208DF817001CE1FFE75C
:10991000FFE7FFE744F21041C5F60201086820F0B6
:109920000700049A526810430860FDF705F901909A
:10993000FFE744F21040C5F60200006800F038006E
:1099400004994968B0EBC10F0ED0FFE7FDF7F4F8BA
:109950000199401A41F28931884204D3FFE703207C
:109960008DF81700F0E0E4E7FFE70498007880073F
:10997000002819D5FFE70498C06844F21841C5F6DD
:109980000201096801F00F0188420CD2FFE744F29E
:109990001841C5F60201086820F00F00049AD26849
:1099A00010430860FFE7FFE7039842F20001C5F2A9
:1099B0000021096801F00F01884216D2FFE742F248
:1099C0000000C5F20020016821F00F01039A114345
:1099D0000160006800F00F000399884204D0FFE79F
:1099E00001208DF81700AFE0FFE7049800784007EA
:1099F000002819D5FFE70498006944F21841C5F61C
:109A00000201096801F0700188420CD2FFE744F2BC
:109A10001841C5F60201086820F07000049A126926
:109A200010430860FFE7FFE704980078000700286C
:109A300019D5FFE70498406944F21C41C5F60201BC
:109A4000096801F0700188420CD2FFE744F21C4122
:109A5000C5F60201086820F07000049A52691043AC
:109A60000860FFE7FFE704980078C006002819D5D2
:109A7000FFE70498806944F21C41C5F602010968B9
:109A800001F4E06188420CD2FFE744F21C41C5F6C4
:109A90000201086820F4E060049A926910430860AB
:109AA000FFE7FFE7049800788006002819D5FFE754
:109AB0000498C06944F22041C5F60201096801F02A
:109AC000700188420CD2FFE744F22041C5F6020142
:109AD000086820F07000049AD26910430860FFE71C
:109AE000FFE700F089F844F21842C5F60202116857
:109AF000C1F3032346F69401C0F60201CB5C03F0E8
:109B00001F03D84000900098126802F00F02895C91
:109B100001F01F01C84040F2CC01C2F200410860D0
:109B2000009840F2C801C2F20041086040F2D01033
:109B3000C2F200400068FDF763F88DF80B009DF855
:109B40000B008DF81700FFE79DF8170006B080BDE9
:109B500080B582B000F050F844F21842C5F6020217
:109B60001168C1F3032346F69401C0F60201CB5CF1
:109B700003F01F03D84001900198126802F00F0211
:109B8000895C01F01F0120FA01F140F2CC00C2F221
:109B900000400160019940F2C802C2F20042116027
:109BA000006802B080BD000080B5FFF7D1FF44F22D
:109BB0001C41C5F602010968C1F3021246F6940180
:109BC000C0F60201895C01F01F01C84080BD0000A1
:109BD00080B5FFF7BDFF44F21C41C5F602010968DC
:109BE000C1F3022246F69401C0F60201895C01F03D
:109BF0001F01C84080BD00008AB044F21040C5F685
:109C00000200006800F0380001460191182800F2B7
:109C100069810199DFE811F01900660166016601AA
:109C200066016601660166013A0066016601660129
:109C30006601660166016601400066016601660113
:109C40006601660166016601460044F20040C5F601
:109C50000200006800F020010020B0EB511F0ED080
:109C6000FFE744F20040C5F602000068C0F3C101FE
:109C700049F20000C0F2D030C840029005E049F23D
:109C80000000C0F2D0300290FFE731E140F6001052
:109C9000C0F23D0002902BE143F20060C0F26E1072
:109CA000029025E144F22840C5F60200016801F067
:109CB000030108910068C0F30510079044F22C409E
:109CC000C5F60200006800F001000690069844F214
:109CD0003441C5F60201096889B2C908484300EE5B
:109CE000100AB8EE400A8DED040A0798002800F02B
:109CF000F580FFE70898009048B1FFE70098012839
:109D000069D0FFE70098022800F08980ABE044F2B8
:109D10000040C5F60200006800F020010020B0EB12
:109D2000511F33D0FFE744F20040C5F6020000683F
:109D3000C0F3C10149F20000C0F2D030C840059024
:109D40009DED050AB8EE400A9DED071AB8EE411ADE
:109D500080EE010A44F23040C5F6020000686FF35D
:109D60005F2001EE100AB8EE411A9DED042A9FED26
:109D7000633A82EE032A31EE021AB7EE002A31EE80
:109D8000021A20EE010A8DED030A23E09DED070A79
:109D9000B8EE401A9FED5B0A80EE010A44F23040B3
:109DA000C5F6020000686FF35F2001EE100AB8EEFE
:109DB000411A9DED042A9FED513A82EE032A31EEBD
:109DC000021AB7EE002A31EE021A20EE010A8DEDDA
:109DD000030AFFE76BE09DED070AB8EE401A9FED1E
:109DE000480A80EE010A44F23040C5F602000068DD
:109DF0006FF35F2001EE100AB8EE411A9DED042AC0
:109E00009FED3E3A82EE032A31EE021AB7EE002AA7
:109E100031EE021A20EE010A8DED030A47E09DEDB6
:109E2000070AB8EE401A9FED340A80EE010A44F2A8
:109E30003040C5F6020000686FF35F2001EE100AA3
:109E4000B8EE411A9DED042A9FED2C3A82EE032ACA
:109E500031EE021AB7EE002A31EE021A20EE010AA4
:109E60008DED030A23E09DED070AB8EE401A9FED41
:109E7000240A80EE010A44F23040C5F60200006870
:109E80006FF35F2001EE100AB8EE411A9DED042A2F
:109E90009FED1A3A82EE032A31EE021AB7EE002A3B
:109EA00031EE021A20EE010A8DED030AFFE744F2BB
:109EB0003040C5F60200006881B2012000EB51205D
:109EC00009909DED030A9DED091AB8EE411A80EE46
:109ED000010ABCEEC00A8DED020A02E000200290E9
:109EE000FFE705E040F60010C0F23D000290FFE7FA
:109EF00002980AB0704700BF001BB74B0000004635
:109F00000024744A0024744C80B58CB00A900A98DE
:109F100028B9FFE701208DF82F0000F001BD0A9855
:109F20000078C007002800F0B980FFE744F2104035
:109F3000C5F60200006800F03800069044F22840A0
:109F4000C5F6020000680590069810280AD0FFE7C1
:109F5000069818281CD1FFE7059800F00300022896
:109F600016D1FFE744F20040C5F60200006800F495
:109F700000310020B0EB514F09D0FFE70A9840684C
:109F800028B9FFE701208DF82F0000F0C9BC84E05C
:109F9000FFE70A984068B0F5803F09D1FFE744F237
:109FA0000041C5F60201086840F48030086032E0E4
:109FB0000A98406868B9FFE744F20041C5F602011B
:109FC000086820F480300860086820F48020086069
:109FD00020E00A984068B0F5A02F0DD1FFE744F2C9
:109FE0000041C5F60201086840F480200860086856
:109FF00040F4803008600CE044F20041C5F60201F4
:10A00000086820F480300860086820F48020086028
:10A01000FFE7FFE7FFE7FFE70A984068F0B1FFE7D7
:10A02000FCF78AFD0990FFE744F20040C5F6020004
:10A03000006800F400310020B0EB514F0DD1FFE774
:10A04000FCF77AFD0999401A652805D3FFE703203C
:10A050008DF82F0000F064BCE6E71DE0FCF76CFD16
:10A060000990FFE744F20040C5F60200006800F4E2
:10A0700000310020B0EB514F0DD0FFE7FCF75CFD45
:10A080000999401A652805D3FFE703208DF82F00B2
:10A0900000F046BCE6E7FFE7FFE7FFE70A98007835
:10A0A0008007002840F1C580FFE744F21040C5F664
:10A0B0000200006800F03800049044F22840C5F621
:10A0C000020000680390049850B1FFE70498182834
:10A0D00050D1FFE79DF80C00800700284AD1FFE728
:10A0E00044F20040C5F60200006800F004010020C0
:10A0F000B0EB910F09D0FFE70A98C06828B9FFE7D5
:10A1000001208DF82F0000F00BBC44F20041C5F691
:10A110000201086820F019000A9AD268104308600A
:10A12000FCF70AFD0990FFE744F20040C5F6020083
:10A13000006800F004010020B0EB910F0CD1FFE7A4
:10A14000FCF7FAFC0999401A032804D3FFE703201F
:10A150008DF82F00E4E3E7E744F20441C5F602017D
:10A16000086820F0FE400A9A126940EA026008601E
:10A17000FFE75DE00A98C068A0B3FFE744F2004142
:10A18000C5F60201086820F019000A9AD268104347
:10A190000860FCF7D1FC0990FFE744F20040C5F6E7
:10A1A0000200006800F004010020B0EB910F0CD118
:10A1B000FFE7FCF7C1FC0999401A032804D3FFE725
:10A1C00003208DF82F00ABE3E7E744F20441C5F626
:10A1D0000201086820F0FE400A9A126940EA026013
:10A1E000086024E044F20041C5F60201086820F04E
:10A1F00001000860FCF7A0FC0990FFE744F2004072
:10A20000C5F60200006800F004010020B0EB910FD9
:10A210000CD0FFE7FCF790FC0999401A032804D3FF
:10A22000FFE703208DF82F007AE3E7E7FFE7FFE77A
:10A23000FFE70A980078C006002840F1A080FFE7F9
:10A2400044F21040C5F60200006800F038000290A9
:10A2500044F22840C5F602000068019002980828E0
:10A260000AD0FFE7029818282BD1FFE7019800F0E9
:10A270000300012825D1FFE744F20040C5F60200A3
:10A28000006800F480710020B0EB112F09D0FFE7C7
:10A290000A98C069802804D0FFE701208DF82F00BC
:10A2A0003EE3FFE744F20C41C5F60201086820F0E6
:10A2B0007C500A9A126A40EA02600860FFE7FFE7F2
:10A2C0005CE00A98C06998B3FFE744F20041C5F624
:10A2D0000201086840F080000860FCF72DFC09903E
:10A2E000FFE744F20040C5F60200006800F4807108
:10A2F0000020B0EB112F0CD1FFE7FCF71DFC0999F2
:10A30000401A032804D3FFE703208DF82F0007E34A
:10A31000E7E7FFE744F20C41C5F60201086820F0C8
:10A320007C500A9A126A40EA02600860FFE724E063
:10A3300044F20041C5F60201086820F08000086080
:10A34000FCF7FAFB0990FFE744F20040C5F6020073
:10A35000006800F480710020B0EB112F0CD0FFE7F3
:10A36000FCF7EAFB0999401A032804D3FFE703200E
:10A370008DF82F00D4E2E7E7FFE7FFE7FFE70A9851
:10A380000078000700284FD5FFE70A98406928B3F6
:10A39000FFE744F27441C5F60201086840F001008D
:10A3A0000860FCF7C9FB0990FFE744F27440C5F66A
:10A3B0000200006800F002010020B0EB510F0CD148
:10A3C000FFE7FCF7B9FB0999401A032804D3FFE71C
:10A3D00003208DF82F00A3E2E7E724E044F2744164
:10A3E000C5F60201086820F001000860FCF7A4FB34
:10A3F0000990FFE744F27440C5F60200006800F0DF
:10A4000002010020B0EB510F0CD0FFE7FCF794FBEA
:10A410000999401A032804D3FFE703208DF82F0081
:10A420007EE2E7E7FFE7FFE70A980078800600286A
:10A430004FD5FFE70A98806928B3FFE744F200414F
:10A44000C5F60201086840F480500860FCF774FB10
:10A450000990FFE744F20040C5F60200006800F4EE
:10A4600000510020B0EB513F0CD1FFE7FCF764FB3B
:10A470000999401A032804D3FFE703208DF82F0021
:10A480004EE2E7E724E044F20041C5F60201086825
:10A4900020F480500860FCF74FFB0990FFE744F27E
:10A4A0000040C5F60200006800F400510020B0EB47
:10A4B000513F0CD0FFE7FCF73FFB0999401A0328F6
:10A4C00004D3FFE703208DF82F0029E2E7E7FFE739
:10A4D000FFE70A9800784007002840F1A780FFE7CF
:10A4E00044F60001C5F60201086840F48070086077
:10A4F000FCF722FB0990FFE744F60000C5F60200D6
:10A500000068C00500280CD4FFE7FCF715FB09998B
:10A51000401A652804D3FFE703208DF82F00FFE1E0
:10A52000EAE7FFE70A988068012809D1FFE744F2CB
:10A530007041C5F60201086840F00100086031E092
:10A540000A98806868B9FFE744F27041C5F60201D5
:10A55000086820F001000860086820F00400086026
:10A560001FE00A98806805280DD1FFE744F270418A
:10A57000C5F60201086840F004000860086840F071
:10A58000010008600CE044F27041C5F60201086861
:10A5900020F001000860086820F004000860FFE770
:10A5A000FFE7FFE7FFE70A988068F8B1FFE7FCF7ED
:10A5B000C3FA0990FFE744F27040C5F60200006854
:10A5C00000F002010020B0EB510F0ED1FFE7FCF7C5
:10A5D000B3FA0999401A41F28931884204D3FFE75E
:10A5E00003208DF82F009BE1E5E71EE0FCF7A4FABD
:10A5F0000990FFE744F27040C5F60200006800F0E1
:10A6000002010020B0EB510F0ED0FFE7FCF794FAE7
:10A610000999401A41F28931884204D3FFE70320A7
:10A620008DF82F007CE1E5E7FFE7FFE70A98406A35
:10A63000002800F07181FFE744F21040C5F60200E7
:10A64000006800F03800182800F0E080FFE70A9862
:10A65000406A022840F0B480FFE744F20041C5F6AA
:10A660000201086820F080700860FCF765FA099024
:10A67000FFE744F20040C5F60200006800F00071F8
:10A680000020B0EB516F0CD0FFE7FCF755FA0999A9
:10A69000401A032804D3FFE703208DF82F003FE181
:10A6A000E7E7FFE744F22841C5F60201086840F2F7
:10A6B000F33290430A9B9A6ADB6A42EA0312104320
:10A6C00008600A99086BD1F834C08B6BCA6B0138EB
:10A6D0006FF35F204FF60061CFF6FF7101EB4C2165
:10A6E00089B208440021CFF6FF7101EB034101F468
:10A6F000FE0108444FF07F4101EB026101F0FE4191
:10A70000084444F23041C5F602010860FFE744F214
:10A710002C41C5F602010091086820F00100086094
:10A7200044F23442C5F6020210684FF6F8739843BB
:10A730000A9B9B6C40EAC3001060086820F00C0084
:10A740000A9A126C10430860086820F002000A9A06
:10A75000526C10430860086840F480300860086854
:10A7600040F400300860086840F480200860086801
:10A7700040F00100086044F20041C5F6020108689B
:10A7800040F080700860FCF7D7F90990FFE744F2C9
:10A790000040C5F60200006800F000710020B0EB38
:10A7A000516F0CD1FFE7FCF7C7F90999401A03284C
:10A7B00004D3FFE703208DF82F00B1E0E7E724E0A2
:10A7C00044F20041C5F60201086820F0807008607C
:10A7D000FCF7B2F90990FFE744F20040C5F6020029
:10A7E000006800F000710020B0EB516F0CD0FFE763
:10A7F000FCF7A2F90999401A032804D3FFE70320C4
:10A800008DF82F008CE0E7E7FFE784E044F2284072
:10A81000C5F602000068089044F23040C5F6020018
:10A82000006807900A98406A012837D0FFE7089827
:10A8300000F003000A99896A88422FD1FFE708983F
:10A8400000F47C710A98C06AB0EB111F26D1FFE7B3
:10A8500007986FF35F200A99096B013988421DD16F
:10A86000FFE7BDF81C100A98406B0138B0EB512F80
:10A8700014D1FFE7079800F4FE010A98806B0138B5
:10A88000B0EB114F0AD1FFE7079800F0FE410A989C
:10A89000C06B0138B0EB116F04D0FFE701208DF8D9
:10A8A0002F003DE044F23440C5F60200006880B25B
:10A8B000C00808900A98806C0899884229D0FFE760
:10A8C00044F22C41C5F60201086820F0010008603E
:10A8D000FCF732F90990FFE7FCF72EF90999401AC5
:10A8E00008B9FFE7F8E744F23441C5F60201086809
:10A8F0004FF6F87290430A9A926C40EAC2000860E0
:10A9000044F22C41C5F60201086840F001000860DD
:10A91000FFE7FFE7FFE7FFE700208DF82F00FFE7E5
:10A920009DF82F000CB080BD81B0009001B0704741
:10A9300080B588B00790079800680069069007986E
:10A9400000684069059006980599084004900798AA
:10A9500000688068039000200290079890F88100BA
:10A960008DF8070007980068303000909DF81500BA
:10A970000007002810D5FFE79DF818000007002801
:10A980000AD5FFE707980168886940F4006088618C
:10A99000079800F0C1FB91E19DF8100040060028E7
:10A9A00015D4FFE79DF81000800600280FD4FFE7BC
:10A9B0009DF810004007002809D5FFE70798416F70
:10A9C00088470798016F884701200290FFE79DF8AC
:10A9D00010004006002811D4FFE79DF81000C007C2
:10A9E00060B1FFE79DF810004007002806D4FFE79C
:10A9F0000798016F884701200290FFE79DF810003B
:10AA00008006002812D4FFE79DF810008007002878
:10AA10000CD5FFE79DF810004007002806D4FFE79B
:10AA20000798416F884701200290FFE7029808B11C
:10AA3000FFE743E19DF810000007002840F18980FE
:10AA4000FFE707980168886940F008008861079867
:10AA50000168886940F0100088610798016888697A
:10AA600040F40060886107980168086920F00800D8
:10AA7000086107980068806810F4404F3AD1FFE7FA
:10AA8000FFE70798B0F86A0098B3FFE70798C06837
:10AA900010280BD3FFE707980068006B0799496EF1
:10AAA00008600799486E043048661BE00798C06844
:10AAB00008280AD3FFE7009800880799496E0880A4
:10AAC0000799486E023048660BE00798006890F8D6
:10AAD00030000799496E08700799486E0130486642
:10AAE000FFE7FFE70799B1F86A000138A1F86A00AB
:10AAF000C7E7FFE7079804F057FF0799012081F89F
:10AB000081000798D0F8840020B1FFE70798FFF78D
:10AB10000BFFD3E09DF80700052804D1FFE7079855
:10AB200001F056F814E09DF80700042804D1FFE76F
:10AB3000079800F0EDFA0AE09DF80700032804D119
:10AB4000FFE7079801F040F800E0FFE7FFE7FFE7C5
:10AB5000B4E0BDF8100010F4587F00F0AF80FFE7BC
:10AB60009DF81000400600280ED5FFE70799D1F8A0
:10AB7000840040F00400C1F88400079801688869E7
:10AB800040F040008861FFE79DF811008007002831
:10AB90000ED5FFE70799D1F8840040F00100C1F815
:10ABA000840007980168886940F400708861FFE7B5
:10ABB0009DF81100C00770B1FFE70799D1F8840034
:10ABC00040F00800C1F8840007980168886940F4E3
:10ABD00080708861FFE79DF81000800600280ED580
:10ABE000FFE70799D1F8840040F08000C1F88400A5
:10ABF00007980168886940F020008861FFE707989E
:10AC0000D0F88400002858D0FFE70798016808684A
:10AC100020F00100086007980168086940F26B3273
:10AC200090430861039800F44040B0F5404F3BD199
:10AC3000FFE707980168886820F44040886007981B
:10AC4000C06FB0B1FFE70798C16F4FF6C120C0F6E3
:10AC5000000008650798C06FF7F7EAFD40B1FFE70D
:10AC60000799D1F8840040F04000C1F88400FFE764
:10AC7000FFE70798806FB0B1FFE70798816F4FF645
:10AC8000C120C0F6000008650798806FF7F7D0FD77
:10AC900040B1FFE70799D1F8840040F04000C1F8C7
:10ACA0008400FFE7FFE707E00799012081F88100B2
:10ACB0000798FFF739FEFFE7FFE7FFE708B080BD21
:10ACC00080B586B00490049820B9FFE701208DF884
:10ACD00017003AE10498406A08B9FFE7FFE70499D2
:10ACE000002088620498006843F20001C4F2010168
:10ACF00088421BD0FFE70498006843F60001C4F2C5
:10AD00000001884212D0FFE70498006843F6004132
:10AD1000C4F20001884209D0FFE70498C0681028F7
:10AD200004D3FFE701208DF817000EE1049804F02A
:10AD30002FFF02900498006843F20001C4F2010161
:10AD4000884216D0FFE70498006843F60001C4F279
:10AD5000000188420DD0FFE70498006843F60041E7
:10AD6000C4F20001884204D0FFE7029808281FD8E7
:10AD7000FFE70498006843F20001C4F20101884231
:10AD800012D0FFE70498006843F60001C4F2000106
:10AD9000884209D0FFE70498006843F60041C4F2F6
:10ADA0000001884208D1FFE70298112804D3FFE789
:10ADB00001208DF81700C8E0049890F8810040B990
:10ADC000FFE70499002081F88000049800F0C4F89F
:10ADD000FFE70499022081F881000498016808685F
:10ADE00020F00100086004980068806800F4F81002
:10ADF000039004988069B0F1806F1BD1FFE704983D
:10AE00004068B0F5800F04D1FFE70498806B50B123
:10AE1000FFE70498406868B9FFE70498806BB0F1D9
:10AE2000805F07D1FFE704980168086840F480500C
:10AE30000860FFE7049880794006002810D5FFE7F6
:10AE40000498C06807280BD3FFE7049800680068DF
:10AE500020F48070049A1168126D1043086006E0B7
:10AE600004980168086820F480700860FFE7049B7C
:10AE70001968DA68D869D3F828C040EA0C00DDF810
:10AE80000CC040EA0C00DB6B184310438860049A46
:10AE90000192506B516A0843916B084391690843D2
:10AEA0001168D2F804C09368D2F810E040EA0E00AE
:10AEB000D2F814E040EA0E00D2F820E040EA0E009A
:10AEC00040EA0C00D2F84CC040EA0C001843936CE6
:10AED0001843926D1043C8600498406898B9FFE722
:10AEE000049800688068012161F3CC200499096806
:10AEF0008860049800688068022161F34A20049900
:10AF000009688860FFE704980168086D20F0010077
:10AF1000086504988079400600280BD5FFE704985F
:10AF20000068C06820F00040049A1168526D104318
:10AF3000C860FFE704990020C1F88400049A012149
:10AF400082F881108DF81700FFE79DF8170006B012
:10AF500080BD00000000000080B5C0B03F90002020
:10AF60003E903D903C903B903A900CA8B821F5F76C
:10AF7000C0FB3F98006843F60001C4F2000188421C
:10AF800040F0C480FFE700200D904FF480510C91F9
:10AF900023900CA8FDF798FB18B1FFE7F6F77CFDAE
:10AFA000FFE7FFE744F2E840C5F60200016841F41C
:10AFB00080410160006800F480400B900B98FFE72F
:10AFC000FFE744F2E040C5F60200016841F00401E9
:10AFD0000160006800F004000A900A98FFE7FFE7AC
:10AFE00044F2E040C5F60200016841F00201016050
:10AFF000006800F0020009900998FFE706203A90E7
:10B00000022003903B90002007903C900320049086
:10B010003D90052005903E9040F60000C5F60200E8
:10B020003AA90691FBF788FBDDF80CC0049A059855
:10B030000699079B4FF4005ECDF8E8E0CDF8ECC030
:10B040003C933D923E9040F20040C5F60200FBF773
:10B0500073FB079945F23800C2F200400890402285
:10B06000C4F202020260272242608160C1604FF494
:10B070008062026141618161C1614FF440320262CC
:10B080004162F9F715F818B1FFE7F6F705FDFFE79C
:10B09000FFE73F9845F23801C2F20041C1673F988F
:10B0A0008863FFE745F2B000C2F200400290282119
:10B0B000C4F2020101602821416040218160002129
:10B0C000C1604FF48062026141618161C1614FF4EE
:10B0D000003202624162F8F7EBFF18B1FFE7F6F7C2
:10B0E000DBFCFFE7FFE73F9845F2B001C2F2004109
:10B0F00081673F988863FFE7242001900022114672
:10B10000FBF7E6FD0198FBF7D7FDFFE740B080BDF8
:10B1100081B0009001B0704781B0009001B07047DD
:10B1200080B590B0DDF848C00E900D910C92ADF84E
:10B130002E300E98006820300A900E98006830304B
:10B1400009900E98C16B012000EB5110ADF8120070
:10B15000FBF7F2FC0890BDF82E00ADF81600BDF824
:10B160002E00ADF814000E9890F88100012804D04C
:10B17000FFE702208DF83F0050E30D9838B1FFE75C
:10B180000C9820B1FFE7BDF82E0020B9FFE70120A1
:10B190008DF83F0042E3FFE70E9890F88000012809
:10B1A00004D1FFE702208DF83F0037E30E9901201C
:10B1B00081F88000FFE7FFE70E99052081F8810004
:10B1C0000E990020C1F884000C990E9A5166BDF8C2
:10B1D0002E100E9AA2F86A10BDF82E100E9AA2F840
:10B1E00068100D990E9AD165BDF82E100E9AA2F82E
:10B1F0006210BDF82E100E9AA2F860100E99086722
:10B200000E9948670E980068C06820F4C0200E9917
:10B210000968C8600E98006843F20001C4F2010199
:10B22000884212D0FFE70E98006843F60001C4F28E
:10B230000001884209D0FFE70E98006843F60041FC
:10B24000C4F20001884203D1FFE71020079002E01A
:10B2500008200790FFE70E98006840684FF6FF71DE
:10B260008843BDF82E1008440E99096848600E986E
:10B270000168086840F0010008600E984068B0F569
:10B28000800F07D1FFE70E980168086840F400704E
:10B290000860FFE70E98C0681028C0F0B580FFE78F
:10B2A000079880080790FFE7BDF81610012003906B
:10B2B00039B9FFE7BDF81400002818BF012003903A
:10B2C000FFE70398C007002800F09D80FFE70E9875
:10B2D000006840698007002822D5FFE7BDF8160006
:10B2E000F0B1FFE7BDF81400BDF81610079A11443D
:10B2F000884215D2FFE70E980168C06D00680862A9
:10B300000E99C86D0430C8650E99B1F86200013815
:10B31000A1F862000E98B0F86200ADF81600FFE7E1
:10B320000E98006840690690BDF81400002869D0A6
:10B33000FFE70E9800684069C007B0B1FFE70E98BC
:10B340000068006B0E99496E08600E99486E0430D3
:10B3500048660E99B1F86A000138A1F86A000E98A3
:10B36000B0F86A00ADF814004BE0BDF81400BDF869
:10B37000121088421CDAFFE79DF819000006002829
:10B3800016D5FFE70E980068006B0E99496E0860AD
:10B390000E99486E043048660E99B1F86A0001387B
:10B3A000A1F86A000E98B0F86A00ADF8140027E022
:10B3B000FBF7C2FB0899401A1299884204D3FFE7B1
:10B3C0001298013018B9FFE71298C0B9FFE70E983C
:10B3D00004F0EAFA0E99D1F8840040F48070C1F8C4
:10B3E00084000E99012081F88100FFE70E9900206A
:10B3F00081F88000FFE703208DF83F000EE2FFE7B1
:10B40000FFE7FFE750E7DCE10E98C0680828C0F0CE
:10B41000DE80FFE7079840080790FFE7BDF81610A9
:10B420000120029039B9FFE7BDF81400002818BFC9
:10B4300001200290FFE70298C007002800F0C680B4
:10B44000FFE70E98006840698007002822D5FFE7D3
:10B45000BDF81600F0B1FFE7BDF81400BDF81610F6
:10B46000079A1144884215D2FFE70E98C06D0088F4
:10B470000A9908800E99C86D0230C8650E99B1F816
:10B4800062000138A1F862000E98B0F86200ADF8D1
:10B490001600FFE70E98006840690690BDF814009A
:10B4A000002800F09280FFE70E9800684069C0070E
:10B4B000A8B1FFE7099800880E99496E08800E9997
:10B4C000486E023048660E99B1F86A000138A1F85A
:10B4D0006A000E98B0F86A00ADF8140074E0BDF888
:10B4E0001400BDF81210884224DAFFE79DF8190015
:10B4F000000600281ED5FFE7099800880E99496EBE
:10B5000008800E99486E02304866099800880E99A6
:10B51000496E08800E99486E023048660E99B1F85F
:10B520006A000238A1F86A000E98B0F86A00ADF817
:10B53000140048E0BDF8140001281BD1FFE79DF876
:10B5400019008006002815D5FFE7099800880E9994
:10B55000496E08800E99486E023048660E99B1F81F
:10B560006A000138A1F86A000E98B0F86A00ADF8D8
:10B57000140027E0FBF7E0FA0899401A1299884274
:10B5800004D3FFE71298013018B9FFE71298C0B949
:10B59000FFE70E9804F008FA0E99D1F8840040F401
:10B5A0008070C1F884000E99012081F88100FFE7C6
:10B5B0000E99002081F88000FFE703208DF83F00FE
:10B5C0002CE1FFE7FFE7FFE7FFE727E7F8E0FFE70A
:10B5D000BDF816100120019039B9FFE7BDF814003D
:10B5E000002818BF01200190FFE70198C00700283C
:10B5F00000F0E580FFE70E980068406980070028AA
:10B6000023D5FFE7BDF81600F8B1FFE7BDF8140039
:10B61000BDF81610079A1144884216D2FFE70E981B
:10B620000168C06D007881F820000E99C86D013066
:10B63000C8650E99B1F862000138A1F862000E9851
:10B64000B0F86200ADF81600FFE70E980068406998
:10B650000690BDF81400002800F0B080FFE70E98B7
:10B6600000684069C007B8B1FFE70E98006890F81D
:10B6700030000E99496E08700E99486E0130486688
:10B680000E99B1F86A000138A1F86A000E98B0F876
:10B690006A00ADF8140090E0BDF81400BDF8121077
:10B6A00088423EDAFFE79DF819000006002838D5E9
:10B6B000FFE70E98006890F830000E99496E087008
:10B6C0000E99486E013048660E98006890F8300078
:10B6D0000E99496E08700E99486E013048660E98B2
:10B6E000006890F830000E99496E08700E99486E07
:10B6F000013048660E98006890F830000E99496E47
:10B7000008700E99486E013048660E99B1F86A00CB
:10B710000438A1F86A000E98B0F86A00ADF8140079
:10B720004AE0BDF8140003281DD8FFE79DF8190072
:10B7300010F0600F17D0FFE70E98006890F8300007
:10B740000E99496E08700E99486E013048660E9940
:10B75000B1F86A000138A1F86A000E98B0F86A00E2
:10B76000ADF8140027E0FBF7E7F90899401A1299A1
:10B77000884204D3FFE71298013018B9FFE7129806
:10B78000C0B9FFE70E9804F00FF90E99D1F88400C4
:10B7900040F48070C1F884000E99012081F8810086
:10B7A000FFE70E99002081F88000FFE703208DF865
:10B7B0003F0033E0FFE7FFE7FFE7FFE708E7FFE7CA
:10B7C000FFE70E98129B08996A4611600821002233
:10B7D00004F0C6FA40B1FFE70E99D1F8840040F0BA
:10B7E0002000C1F88400FFE70E9804F0DDF80E9900
:10B7F000012081F88100FFE70E99002081F8800088
:10B80000FFE70E98D0F8840020B1FFE701208DF803
:10B810003F0003E000208DF83F00FFE79DF83F0068
:10B8200010B080BD0000000080B586B00490039188
:10B830000292ADF80630049890F88100012804D0F7
:10B84000FFE702208DF81700B9E1039838B1FFE750
:10B85000029820B1FFE7BDF8060020B9FFE70120FC
:10B860008DF81700ABE1FFE7049890F880000128FD
:10B8700004D1FFE702208DF81700A0E10499012010
:10B8800081F88000FFE7FFE70499052081F8810037
:10B8900004990020C1F884000399049AD165BDF889
:10B8A0000610049AA2F86010BDF80610049AA2F8D7
:10B8B00062100299049A5166BDF80610049AA2F823
:10B8C0006810BDF80610049AA2F86A100499086777
:10B8D0000499486704980068C06820F4C02004995F
:10B8E0000968C86004980168886820F4404088604E
:10B8F0000498C06810280ED3FFE70498C06F8069D1
:10B90000B0F5804F28D1FFE70498806F8069B0F5CB
:10B91000804F21D1FFE70498C068082826D3FFE7AD
:10B920000498C06F8069B0F5005F07D0FFE7049806
:10B93000C06F8069B0F5804F0ED1FFE70498806F2B
:10B940008069B0F5005F11D0FFE70498806F8069CF
:10B95000B0F5804F0AD0FFE7FFE70499002081F897
:10B960008000FFE701208DF8170028E10498C068E7
:10B97000072841D8FFE70498806F8069B0F5005F21
:10B9800009D1FFE70498B0F862000130400804993B
:10B99000A1F86200FFE70498806F8069B0F5804FDE
:10B9A00009D1FFE70498B0F86200033080080499D9
:10B9B000A1F86200FFE70498C06F8069B0F5005FEE
:10B9C00009D1FFE70498B0F86A00013040080499F3
:10B9D000A1F86A00FFE70498C06F8069B0F5804F56
:10B9E00009D1FFE70498B0F86A0003308008049991
:10B9F000A1F86A00FFE727E00498C0680F2821D863
:10BA0000FFE70498806F8069B0F5804F09D1FFE7A8
:10BA10000498B0F86200013040080499A1F862006F
:10BA2000FFE70498C06F8069B0F5804F09D1FFE748
:10BA30000498B0F86A00013040080499A1F86A003F
:10BA4000FFE700E0FFE7FFE70498C16F4FF63130F2
:10BA5000C0F6000008640498C16F4FF64930C0F684
:10BA60000000C8630498C16F4FF6F120C0F60000D3
:10BA7000C8640498C16F00200865049B19685A6E59
:10BA8000D86F3031B3F86A30F8F7C2FFA8B1FFE7DA
:10BA90000499D1F8840040F01000C1F884000499A2
:10BAA000012081F88100FFE70499002081F88000DF
:10BAB000FFE701208DF8170081E00498016888688D
:10BAC00040F4804088600498816F002008640499E5
:10BAD000896FC8630499896F08650498816F4FF670
:10BAE000F120C0F60000C864049B1A68D96D986FF5
:10BAF0002032B3F86230F8F78BFFC8B1FFE7049843
:10BB0000C06FF6F7D9F90499D1F8840040F010001D
:10BB1000C1F884000499012081F88100FFE70499AD
:10BB2000002081F88000FFE701208DF8170046E033
:10BB30000498806FC069B0F5807F0AD1FFE7049850
:10BB4000006840684FF6FF718843049909684860AF
:10BB50000CE00498006840684FF6FF718843BDF818
:10BB600006100844049909684860FFE704980168D2
:10BB7000886840F40040886004980168086940F4CF
:10BB80005870086104980168086840F00100086076
:10BB900004984068B0F5800F07D1FFE7049801686A
:10BBA000086840F400700860FFE7FFE70499002090
:10BBB00081F88000FFE700208DF81700FFE79DF86F
:10BBC000170006B080BD000081B0009001B0704742
:10BBD00080B584B003900398006843F20001C4F27A
:10BBE0000101884213D1FFE740F28851C2F20041BF
:10BBF000029148680989FAF773FF0299D1F8103168
:10BC0000B1F80A2101F10A008A31984739E0039816
:10BC1000006843F60001C4F20001884213D1FFE737
:10BC200040F29C61C2F20041019148680989FAF72B
:10BC300057FF0199D1F81031B1F80A2101F10A003A
:10BC40008A3198471CE00398006843F60041C4F22B
:10BC50000001884213D1FFE740F2B071C2F2004107
:10BC6000009148680989FAF73BFF0099D1F8103133
:10BC7000B1F80A2101F10A008A319847FFE7FFE78E
:10BC8000FFE704B080BD000081B0009001B07047B4
:10BC900082B00190009140F20441C5F600010868AD
:10BCA000019A9043009A1043086002B07047000068
:10BCB00080B582B00190019804F0A6F802B080BD72
:10BCC00081B0009001B0704781B0009001B0704722
:10BCD00081B0009001B0704785B003900291FFE7FA
:10BCE000039890F83C00012804D1FFE702208DF86A
:10BCF0001300ABE00399012081F83C00FFE7FFE768
:10BD00000399022081F83D00039800684068019083
:10BD10000398006880680090039800680021C4F2CE
:10BD20000101884209D0FFE70398006840F2004112
:10BD3000C4F2010188420AD1FFE7019820F47000A3
:10BD4000019002984168019808430190FFE701982B
:10BD500020F070000190029801680198084301905A
:10BD60000198039909684860039800680021C4F2AB
:10BD7000010188424ED0FFE703980068B0F1804F80
:10BD800048D0FFE70398006840F20041C4F2000188
:10BD900088423FD0FFE70398006840F60001C4F2F4
:10BDA0000001884236D0FFE70398006840F6004162
:10BDB000C4F2000188422DD0FFE70398006840F2EA
:10BDC0000041C4F20101884224D0FFE703980068D3
:10BDD00041F60001C4F2000188421BD0FFE703983E
:10BDE000006844F20001C4F20101884212D0FFE76A
:10BDF000039800684EF20001C4F20001884209D0A5
:10BE0000FFE7039800684EF20041C4F20001884247
:10BE10000ED1FFE7009820F0800000900298816822
:10BE20000098084300900098039909688860FFE72C
:10BE30000399012081F83D00FFE70399002081F874
:10BE40003C00FFE700208DF81300FFE79DF813008A
:10BE500005B070470000000080B582B000900098E7
:10BE600020B9FFE701208DF8070045E0009890F821
:10BE70003D0040B9FFE70099002081F83C000098A0
:10BE800000F03EF8FFE70099022081F83D0000999C
:10BE900051F8040B04F004F90099012081F84800DE
:10BEA000FFE70099012081F83E00009981F83F00EA
:10BEB000009981F84000009981F84100009981F8CB
:10BEC0004200009981F84300FFE7FFE70099012055
:10BED00081F84400009981F84500009981F84600F6
:10BEE000009981F84700FFE70099012081F83D00A3
:10BEF00000208DF80700FFE79DF8070002B080BD25
:10BF000080B586B005900598006840F20041C4F203
:10BF10000001884210D1FFE7FFE744F2E840C5F690
:10BF20000200016841F002010160006800F00200B7
:10BF300004900498FFE745E00598006840F600018A
:10BF4000C4F20001884219D1FFE7FFE744F2E8405C
:10BF5000C5F60200016841F004010160006800F0CC
:10BF6000040003900398FFE71E20019002210022A5
:10BF7000FAF7AEFE0198FAF79FFE22E005980068F6
:10BF800040F60041C4F20001884219D1FFE7FFE703
:10BF900044F2E840C5F60200016841F00801016082
:10BFA000006800F0080002900298FFE7322000903D
:10BFB00001210022FAF78CFE0098FAF77DFEFFE7D8
:10BFC000FFE7FFE706B080BD83B00190019890F8CD
:10BFD0003D00012804D0FFE701208DF80B0083E02D
:10BFE0000199022081F83D0001980168C86840F07D
:10BFF0000100C860019800680021C4F20101884274
:10C000004ED0FFE701980068B0F1804F48D0FFE7BD
:10C010000198006840F20041C4F2000188423FD01C
:10C02000FFE70198006840F60001C4F20001884271
:10C0300036D0FFE70198006840F60041C4F20001E5
:10C0400088422DD0FFE70198006840F20041C4F219
:10C050000101884224D0FFE70198006841F6000101
:10C06000C4F2000188421BD0FFE70198006844F247
:10C070000001C4F20101884212D0FFE70198006874
:10C080004EF20001C4F20001884209D0FFE7019896
:10C0900000684EF20041C4F20001884219D1FFE766
:10C0A0000198006880680721C0F2010108400090F3
:10C0B000009806280CD0FFE70098B0F5803F07D025
:10C0C000FFE701980168086840F001000860FFE799
:10C0D00006E001980168086840F001000860FFE789
:10C0E00000208DF80B00FFE79DF80B0003B07047B0
:10C0F00080B586B00490039100208DF80B00FFE717
:10C10000049890F83C00012804D1FFE702208DF844
:10C110001700D1E00499012081F83C00FFE7FFE718
:10C120000499022081F83D0004980068806801901D
:10C1300001984FF68871CFF6CE71084001900198B2
:10C1400020F47F4001900198049909688860039861
:10C1500000680090002800F09580FFE70098102804
:10C1600000F09080FFE70098202800F08B80FFE728
:10C170000098302800F08680FFE70098402874D0AF
:10C18000FFE70098502856D0FFE7009860285FD05E
:10C19000FFE7009870282AD0FFE70098B0F5805F8D
:10C1A00024D0FFE70098B0F5005F35D0FFE7009896
:10C1B000B0F5801F66D0FFE70098B0F1101F61D086
:10C1C000FFE700982021C0F2100188425AD0FFE713
:10C1D00000983021C0F21001884253D0FFE7009848
:10C1E0004021C0F2100188424CD052E055E0049842
:10C1F0000068039B5A689968DB6804F0D1F80498DA
:10C20000006880680190019840F0770001900198E3
:10C2100004990968886040E004980068039B5A68A4
:10C220009968DB6804F0BCF804980168886840F4F9
:10C230008040886031E004980068039A5168D268B1
:10C2400004F0D6FC04980068502104F0C5F824E0FE
:10C2500004980068039A5168D26804F0F1FC0498CD
:10C260000068602104F0B8F817E004980068039AA9
:10C270005168D26804F0BCFC04980068402104F0C6
:10C28000ABF80AE0049800680399096804F0A4F880
:10C2900003E001208DF80B00FFE70499012081F8ED
:10C2A0003D00FFE70499002081F83C00FFE79DF87E
:10C2B0000B008DF81700FFE79DF8170006B080BD52
:10C2C00081B0009001B0704780B584B003900398AE
:10C2D0000068C068029003980068006901909DF8AA
:10C2E00004008007002824D5FFE79DF80800800798
:10C2F00000281DD5FFE7039801686FF00200086170
:10C30000039901200877039800688069800720B1AD
:10C31000FFE70398FFF7D4FF06E0039800F030F939
:10C32000039800F061FAFFE7039900200877FFE720
:10C33000FFE79DF804004007002825D5FFE79DF89A
:10C340000800400700281ED5FFE7039801686FF03A
:10C350000400086103990220087703980068806947
:10C3600010F4407F04D0FFE70398FFF7A9FF06E031
:10C37000039800F005F9039800F036FAFFE70399F7
:10C3800000200877FFE7FFE79DF80400000700287A
:10C3900024D5FFE79DF80800000700281DD5FFE71A
:10C3A000039801686FF0080008610399042008777A
:10C3B00003980068C069800720B1FFE70398FFF782
:10C3C0007FFF06E0039800F0DBF8039800F00CFA1A
:10C3D000FFE7039900200877FFE7FFE79DF80400D7
:10C3E000C006002825D5FFE79DF80800C0060028F4
:10C3F0001ED5FFE7039801686FF0100008610399EC
:10C400000820087703980068C06910F4407F04D0C2
:10C41000FFE70398FFF754FF06E0039800F0B0F839
:10C42000039800F0E1F9FFE7039900200877FFE7A0
:10C43000FFE79DF80400C00778B1FFE79DF808000A
:10C44000C00748B1FFE7039801686FF00100086179
:10C45000039800F021FBFFE7FFE7019800F0800060
:10C46000802806D0FFE79DF805008006002810D53B
:10C47000FFE79DF808000006002809D5FFE70398AC
:10C4800001686FF4025008610398FFF71DFCFFE795
:10C49000FFE79DF80500C00780B1FFE79DF80800A1
:10C4A0000006002809D5FFE7039801686FF4807043
:10C4B00008610398FFF704FCFFE7FFE79DF804001D
:10C4C0004006002810D5FFE79DF808004006002828
:10C4D00009D5FFE7039801686FF0400008610398F1
:10C4E00000F062FBFFE7FFE79DF8040080060028EC
:10C4F00010D5FFE79DF808008006002809D5FFE762
:10C50000039801686FF0200008610398FFF7E0FBD3
:10C51000FFE7FFE704B080BD80B588B0079000203A
:10C52000069005900490039002900798006840F2EE
:10C530000041C4F2000188421ED1FFE7FFE744F248
:10C54000E040C5F60200016841F0020101600068A8
:10C5500000F0020001900198FFE702200290039092
:10C56000002104910591069040F20040C5F60200BA
:10C5700002A9FAF7E1F8FFE708B080BD000000006B
:10C5800081B0009001B0704780B586B004900391EF
:10C59000029200208DF80700FFE7049890F83C0015
:10C5A000012804D1FFE702208DF81700C0E00499AC
:10C5B000012081F83C00FFE7FFE702980090142873
:10C5C00000F2A7800099DFE801F00BA4A4A424A442
:10C5D000A4A43EA4A4A457A4A4A471A4A4A48A00BF
:10C5E00004980068039903F0A7FF0498016888691C
:10C5F00040F00800886104980168886920F0040010
:10C600008861039802690498016888691043886109
:10C6100083E004980068039904F036F804980168F0
:10C62000886940F40060886104980168886920F492
:10C63000806088610398026904980168886940EA0B
:10C640000220886169E004980068039904F0D4F836
:10C6500004980168C86940F00800C861049801683E
:10C66000C86920F00400C861039802690498016851
:10C67000C8691043C86150E004980068039904F049
:10C6800073F904980168C86940F40060C8610498AF
:10C690000168C86920F48060C86103980269049841
:10C6A0000168C86940EA0220C86136E00498006861
:10C6B000039904F0C9F904980168486D40F0080036
:10C6C000486504980168486D20F0040048650398A7
:10C6D000026904980168486D104348651DE004989C
:10C6E0000068039904F018FA04980168486D40F452
:10C6F0000060486504980168486D20F480604865D2
:10C700000398026904980168486D40EA0220486570
:10C7100003E001208DF80700FFE7FFE70499002000
:10C7200081F83C00FFE79DF807008DF81700FFE750
:10C730009DF8170006B080BD80B582B000900098CB
:10C7400020B9FFE701208DF8070045E0009890F838
:10C750003D0040B9FFE70099002081F83C000098B7
:10C7600000F03EF8FFE70099022081F83D000099B3
:10C7700051F8040B03F094FC0099012081F8480063
:10C78000FFE70099012081F83E00009981F83F0001
:10C79000009981F84000009981F84100009981F8E2
:10C7A0004200009981F84300FFE7FFE7009901206C
:10C7B00081F84400009981F84500009981F846000D
:10C7C000009981F84700FFE70099012081F83D00BA
:10C7D00000208DF80700FFE79DF8070002B080BD3C
:10C7E00081B0009001B0704781B0009001B07047F7
:10C7F00080B590B00E900D910D9828B9FFE70E9876
:10C8000090F83E000B9034E00D98042805D1FFE726
:10C810000E9890F83F000A9028E00D98082805D15E
:10C82000FFE70E9890F8400009901CE00D980C2846
:10C8300005D1FFE70E9890F84100089010E00D98A0
:10C84000102805D1FFE70E9890F84200079004E009
:10C850000E9890F843000790FFE707980890FFE7CD
:10C8600008980990FFE709980A90FFE70A980B904B
:10C87000FFE70B98012804D0FFE701208DF83F0067
:10C8800003E10D9828B9FFE70E99022081F83E00D8
:10C8900038E00D98042806D1FFE70E99022081F8B0
:10C8A0003F0006902CE00D98082806D1FFE70E996E
:10C8B000022081F8400005901FE00D980C2806D159
:10C8C000FFE70E99022081F84100049012E00D98D4
:10C8D000102806D1FFE70E99022081F8420003904C
:10C8E00005E00E99022081F843000390FFE70398CA
:10C8F0000490FFE704980590FFE705980690FFE78E
:10C900000698FFE70E9800680D990122019203F046
:10C910002BFD01980E9909680022C4F20102914290
:10C9200002902DD0FFE70E980168012040F20042EE
:10C93000C4F201029142029022D0FFE70E980168F2
:10C94000012044F20002C4F201029142029017D089
:10C95000FFE70E980168012044F20042C4F2010290
:10C96000914202900CD0FFE70E9800684BF6000150
:10C97000CBF6FE710844B0FA80F040090290FFE760
:10C980000298C00738B1FFE70E980168486C40F480
:10C9900000404864FFE70E9800680021C4F20101DE
:10C9A00088424ED0FFE70E980068B0F1804F48D023
:10C9B000FFE70E98006840F20041C4F2000188428F
:10C9C0003FD0FFE70E98006840F60001C4F2000176
:10C9D000884236D0FFE70E98006840F60041C4F266
:10C9E000000188422DD0FFE70E98006840F2004118
:10C9F000C4F20101884224D0FFE70E98006841F696
:10CA00000001C4F2000188421BD0FFE70E980068C5
:10CA100044F20001C4F20101884212D0FFE70E98EF
:10CA200000684EF20001C4F20001884209D0FFE71D
:10CA30000E9800684EF20041C4F20001884219D1FC
:10CA4000FFE70E98006880680721C0F201010840E6
:10CA50000C900C9806280CD0FFE70C98B0F5803F9E
:10CA600007D0FFE70E980168086840F001000860F1
:10CA7000FFE706E00E980168086840F001000860D2
:10CA8000FFE700208DF83F00FFE79DF83F0010B062
:10CA900080BD00000000000080B582B001900198C8
:10CAA00000680021C4F20101884207D1FFE740F687
:10CAB000D400C2F200404068804773E001980068EB
:10CAC000B0F1804F07D1FFE740F6DC00C2F2004032
:10CAD0004068804765E00198006840F20041C4F278
:10CAE0000001884207D1FFE740F6E400C2F20040AF
:10CAF0004068804754E00198006840F60001C4F2A5
:10CB00000001884207D1FFE740F6EC00C2F2004086
:10CB10004068804743E00198006840F60041C4F255
:10CB20000001884207D1FFE740F6F400C2F200405E
:10CB30004068804732E00198006841F20001C4F289
:10CB40000001884207D1FFE740F6FC00C2F2004036
:10CB50004068804721E00198006841F20041C4F23A
:10CB60000001884207D1FFE740F60410C2F20040FE
:10CB70004068804710E00198006840F20041C4F22C
:10CB80000101884207D1FFE740F60C10C2F20040D5
:10CB900040688047FFE7FFE7FFE7FFE7FFE7FFE7C2
:10CBA000FFE7FFE702B080BD81B0009001B07047A1
:10CBB00083B00190FFE7019890F88400012804D128
:10CBC000FFE702208DF80B002CE00199012081F88D
:10CBD0008400FFE7FFE701992420C1F8880001984D
:10CBE00000680068009001980168086820F0010062
:10CBF0000860009820F000500090019900204866DD
:10CC0000009801990968086001992020C1F88800FE
:10CC1000FFE70199002081F88400FFE700208DF8EC
:10CC20000B00FFE79DF80B0003B070470000000009
:10CC300080B586B004900391ADF80A200498D0F82E
:10CC40008C00202844D1FFE7039820B1FFE7BDF80E
:10CC50000A0020B9FFE701208DF817003CE0049995
:10CC60000120C86604990020086704980399BDF85C
:10CC70000A2005F075FB8DF809009DF8090010BB2E
:10CC8000FFE70498C06E012818D1FFE704980168F7
:10CC900010200862FFE7FFE70498006850E8000FE3
:10CCA00040F010000190FFE701990498026842E803
:10CCB00000100028F0D1FFE7FFE703E001208DF826
:10CCC0000900FFE7FFE79DF809008DF8170003E072
:10CCD00002208DF81700FFE79DF8170006B080BD11
:10CCE00080B588B00790ADF81A100798006841F237
:10CCF0000001C4F20101884211D1FFE7BDF81A001A
:10CD000040F62421C2F20041A1F808010798B1F8C9
:10CD100004215200843192B2FFF78AFF7DE2079826
:10CD2000006845F20001C4F20001884240F0F98039
:10CD3000FFE7BDF81A0040F66461C2F20041A1F8B5
:10CD40000801B1F80801B1F8041188420BDCFFE7D3
:10CD500040F66460C2F20040D0F80C21BDF81A1011
:10CD600084309047FFE7079840F66461C2F20041C3
:10CD7000B1F804215200843192B2FFF759FF45F215
:10CD80002810C2F2004000681021C4F2020188425B
:10CD900000F0B280FFE745F22810C2F200400068C0
:10CDA0002821C4F20201884200F0A680FFE745F284
:10CDB0002810C2F2004000684021C4F202018842FB
:10CDC00000F09A80FFE745F22810C2F200400068A8
:10CDD0005821C4F20201884200F08E80FFE745F23C
:10CDE0002810C2F2004000687021C4F2020188429B
:10CDF00000F08280FFE745F22810C2F20040006890
:10CE00008821C4F20201884276D0FFE745F228105B
:10CE1000C2F200400068A021C4F2020188426BD037
:10CE2000FFE745F22810C2F200400068B821C4F2C2
:10CE30000201884260D0FFE745F22810C2F20040AC
:10CE4000006840F21041C4F20201884254D0FFE76A
:10CE500045F22810C2F20040006840F22841C4F2B6
:10CE60000201884248D0FFE745F22810C2F2004094
:10CE7000006840F24041C4F2020188423CD0FFE722
:10CE800045F22810C2F20040006840F25841C4F256
:10CE90000201884230D0FFE745F22810C2F200407C
:10CEA000006840F27041C4F20201884224D0FFE7DA
:10CEB00045F22810C2F20040006840F28841C4F2F6
:10CEC0000201884218D0FFE745F22810C2F2004064
:10CED000006840F2A041C4F2020188420CD0FFE792
:10CEE00045F22810C2F20040006840F2B841C4F296
:10CEF000020188420AD1FFE745F22810C2F2004041
:10CF00000168086820F00800086009E045F2281070
:10CF1000C2F200400168086820F004000860FFE7E2
:10CF20007AE10798006847F60001C4F200018842E0
:10CF300040F0EA80FFE7BDF81A1041F28400C2F227
:10CF400000400490A0F80811D0F80C21BDF81A1088
:10CF5000843005909047049A05990798B2F8042107
:10CF6000FFF766FE45F2A010C2F2004000681021F3
:10CF7000C4F20201884200F0B280FFE745F2A0103F
:10CF8000C2F2004000682821C4F20201884200F089
:10CF9000A680FFE745F2A010C2F2004000684021E1
:10CFA000C4F20201884200F09A80FFE745F2A01027
:10CFB000C2F2004000685821C4F20201884200F029
:10CFC0008E80FFE745F2A010C2F200400068702199
:10CFD000C4F20201884200F08280FFE745F2A0100F
:10CFE000C2F2004000688821C4F20201884276D073
:10CFF000FFE745F2A010C2F200400068A021C4F291
:10D00000020188426BD0FFE745F2A010C2F2004057
:10D010000068B821C4F20201884260D0FFE745F2FF
:10D02000A010C2F20040006840F21041C4F20201B8
:10D03000884254D0FFE745F2A010C2F200400068D9
:10D0400040F22841C4F20201884248D0FFE745F28D
:10D05000A010C2F20040006840F24041C4F2020158
:10D0600088423CD0FFE745F2A010C2F200400068C1
:10D0700040F25841C4F20201884230D0FFE745F245
:10D08000A010C2F20040006840F27041C4F20201F8
:10D09000884224D0FFE745F2A010C2F200400068A9
:10D0A00040F28841C4F20201884218D0FFE745F2FD
:10D0B000A010C2F20040006840F2A041C4F2020198
:10D0C00088420CD0FFE745F2A010C2F20040006891
:10D0D00040F2B841C4F2020188420AD1FFE745F2AA
:10D0E000A010C2F200400168086820F00800086043
:10D0F00009E045F2A010C2F200400168086820F083
:10D1000004000860FFE786E00798006847F60041E2
:10D11000C4F20001884223D1FFE7BDF81A0041F2B2
:10D120009411C2F200410391A1F808010798B1F8E7
:10D1300004218431FFF77CFD0399B1F80801B1F8AF
:10D14000041188420BDCFFE741F29410C2F2004068
:10D15000D0F80C21BDF81A1084309047FFE759E051
:10D160000798006841F60001C4F20101884223D10A
:10D17000FFE7BDF81A0041F2A421C2F2004102917A
:10D18000A1F808010798B1F804218431FFF750FD98
:10D190000299B1F80801B1F8041188420BDCFFE7ED
:10D1A00041F2A420C2F20040D0F80C21BDF81A10C0
:10D1B00084309047FFE72CE00798006841F6004173
:10D1C000C4F20101884223D1FFE7BDF81A0040F6FE
:10D1D0001411C2F200410191A1F808010798B1F8B9
:10D1E00004218431FFF724FD0199B1F80801B1F859
:10D1F000041188420BDCFFE740F61410C2F2004035
:10D20000D0F80C21BDF81A1084309047FFE7FFE7F3
:10D21000FFE7FFE7FFE7FFE7FFE708B080BD00009B
:10D2200081B0009001B0704780B584B00290019148
:10D23000FFE7029890F88400012804D1FFE702205C
:10D240008DF80F0032E00299012081F88400FFE799
:10D25000FFE702992420C1F888000298006800685E
:10D26000009002980168086820F0010008600298A8
:10D270000068806820F0606001990843029909689D
:10D280008860029803F0C8FD009802990968086058
:10D2900002992020C1F88800FFE70299002081F858
:10D2A0008400FFE700208DF80F00FFE79DF80F00D6
:10D2B00004B080BD0000000080B584B002900191F0
:10D2C000FFE7029890F88400012804D1FFE70220CC
:10D2D0008DF80F0032E00299012081F88400FFE709
:10D2E000FFE702992420C1F88800029800680068CE
:10D2F000009002980168086820F001000860029818
:10D300000068806820F0604001990843029909682C
:10D310008860029803F080FD00980299096808600F
:10D3200002992020C1F88800FFE70299002081F8C7
:10D330008400FFE700208DF80F00FFE79DF80F0045
:10D3400004B080BD0000000081B0009001B07047C3
:10D3500081B0009001B0704780B586B00490049809
:10D36000D0F8880003900498D0F88C0002900498BC
:10D37000006880680006002836D5FFE7039821285A
:10D3800032D1FFE7FFE7FFE70498006850E8020F9B
:10D3900020F080000190FFE701990498026842E8BC
:10D3A00002100028F0D1FFE7FFE70498C06FB8B182
:10D3B000FFE70498C06FF4F77FFD80B1FFE70498A2
:10D3C000C06FF5F78DFD202808D1FFE704991020E4
:10D3D000C1F8900003208DF8170049E0FFE7FFE750
:10D3E000049804F001F8FFE704980068806840069C
:10D3F000002839D5FFE70298222835D1FFE7FFE75B
:10D40000FFE70498006850E8020F20F04000009009
:10D41000FFE700990498026842E802100028F0D162
:10D42000FFE7FFE70498D0F88000C8B1FFE7049851
:10D43000D0F88000F4F740FD88B1FFE70498D0F8F9
:10D440008000F5F74DFD202808D1FFE70499102052
:10D45000C1F8900003208DF8170009E0FFE7FFE70F
:10D46000049803F04DFFFFE700208DF81700FFE759
:10D470009DF8170006B080BD80B584B00390039876
:10D48000006847F60001C4F20001884240F0EE80D7
:10D49000FFE703990020C1F8900041F28400C2F236
:10D4A00000400190B0F80411A0F80811D0F80C2148
:10D4B000B0F80411843002909047019A02990398C1
:10D4C000B2F80421FFF7B4FB45F2A010C2F200400D
:10D4D00000681021C4F20201884200F0B280FFE728
:10D4E00045F2A010C2F2004000682821C4F20201F7
:10D4F000884200F0A680FFE745F2A010C2F200408B
:10D5000000684021C4F20201884200F09A80FFE7DF
:10D5100045F2A010C2F2004000685821C4F2020196
:10D52000884200F08E80FFE745F2A010C2F2004072
:10D5300000687021C4F20201884200F08280FFE797
:10D5400045F2A010C2F2004000688821C4F2020136
:10D55000884276D0FFE745F2A010C2F20040006892
:10D56000A021C4F2020188426BD0FFE745F2A0106F
:10D57000C2F200400068B821C4F20201884260D0C3
:10D58000FFE745F2A010C2F20040006840F21041EF
:10D59000C4F20201884254D0FFE745F2A010C2F263
:10D5A0000040006840F22841C4F20201884248D09D
:10D5B000FFE745F2A010C2F20040006840F240418F
:10D5C000C4F2020188423CD0FFE745F2A010C2F24B
:10D5D0000040006840F25841C4F20201884230D055
:10D5E000FFE745F2A010C2F20040006840F270412F
:10D5F000C4F20201884224D0FFE745F2A010C2F233
:10D600000040006840F28841C4F20201884218D00C
:10D61000FFE745F2A010C2F20040006840F2A041CE
:10D62000C4F2020188420CD0FFE745F2A010C2F21A
:10D630000040006840F2B841C4F2020188420AD1B9
:10D64000FFE745F2A010C2F200400168086820F030
:10D650000800086009E045F2A010C2F2004001682D
:10D66000086820F004000860FFE7FFE704B080BD11
:10D6700080B592B0119011980068C069109011980F
:10D68000006800680F901198006880680E901098EC
:10D6900040F60F0108400D900D98E0B9FFE79DF8A6
:10D6A00040008006002815D5FFE79DF83C00800665
:10D6B000002806D4FFE79DF83B00C006002809D5E6
:10D6C000FFE71198406F20B1FFE71198416F88473D
:10D6D000FFE74AE3FFE70D98002800F00C81FFE721
:10D6E0000E980121C1F20001084209D1FFE70F980D
:10D6F00040F22011C0F20041084200F0FC80FFE738
:10D700009DF84000C00788B1FFE79DF83D00C007C5
:10D7100060B1FFE711980168012008621199D1F802
:10D72000900040F00100C1F89000FFE79DF8400034
:10D730008007002811D5FFE79DF83800C00760B1C9
:10D74000FFE711980168022008621199D1F8900052
:10D7500040F00400C1F89000FFE79DF8400040074A
:10D76000002811D5FFE79DF83800C00760B1FFE73A
:10D7700011980168042008621199D1F8900040F0D6
:10D780000200C1F89000FFE79DF840000007002864
:10D7900019D5FFE79DF83C008006002807D4FFE775
:10D7A0000E980121C1F2000108420CD0FFE7119848
:10D7B0000168082008621199D1F8900040F0080033
:10D7C000C1F89000FFE79DF841000007002813D53D
:10D7D000FFE79DF83F00400700280DD5FFE71198AF
:10D7E00001684FF4006008621199D1F8900040F090
:10D7F0002000C1F89000FFE71198D0F890000028B1
:10D8000078D0FFE79DF840008006002815D5FFE797
:10D810009DF83C008006002806D4FFE79DF83B00F9
:10D82000C006002809D5FFE71198406F20B1FFE737
:10D830001198416F8847FFE7FFE71198D0F89000F3
:10D840000C9011980068806800F04000402806D0D5
:10D85000FFE79DF8300010F0280F42D0FFE7119845
:10D8600003F04EFD1198006880684006002833D50B
:10D87000FFE7FFE7FFE71198006850E8020F20F08C
:10D8800040000B90FFE70B991198026842E80210E4
:10D890000028F0D1FFE7FFE71198D0F88000B0B181
:10D8A000FFE71198D0F8801041F23110C0F6010066
:10D8B00008651198D0F88000F4F7BAFF30B1FFE79F
:10D8C0001198D0F88000016D8847FFE703E01198B8
:10D8D000FFF7D2FDFFE703E01198FFF7CDFDFFE76B
:10D8E00007E01198FFF7C8FD11990020C1F89000DA
:10D8F000FFE7FFE739E21198C06E012840F0D681BA
:10D90000FFE79DF84000C006002840F1CF81FFE707
:10D910009DF83C00C006002840F1C881FFE711983F
:10D92000016810200862119800688068400600288D
:10D9300040F15A81FFE71198D0F88000006810216B
:10D94000C4F20201884200F0A280FFE71198D0F8EB
:10D95000800000682821C4F20201884200F097800C
:10D96000FFE71198D0F8800000684021C4F202015E
:10D97000884200F08C80FFE71198D0F880000068A2
:10D980005821C4F20201884200F08180FFE711981B
:10D99000D0F8800000687021C4F20201884276D07D
:10D9A000FFE71198D0F8800000688821C4F20201D6
:10D9B00088426CD0FFE71198D0F880000068A02161
:10D9C000C4F20201884262D0FFE71198D0F88000CB
:10D9D0000068B821C4F20201884258D0FFE71198CC
:10D9E000D0F88000006840F21041C4F20201884281
:10D9F0004DD0FFE71198D0F88000006840F2284130
:10DA0000C4F20201884242D0FFE71198D0F88000AA
:10DA1000006840F24041C4F20201884237D0FFE77B
:10DA20001198D0F88000006840F25841C4F2020119
:10DA300088422CD0FFE71198D0F88000006840F2AF
:10DA40007041C4F20201884221D0FFE71198D0F85A
:10DA50008000006840F28841C4F20201884216D07A
:10DA6000FFE71198D0F88000006840F2A041C4F2AE
:10DA7000020188420BD0FFE71198D0F880000068BF
:10DA800040F2B841C4F20201884207D1FFE7119881
:10DA9000D0F8800000684068019006E01198D0F846
:10DAA0008000006840680190FFE70198ADF82A0007
:10DAB000BDF82A0000287BD0FFE7BDF82A001199A5
:10DAC000B1F85C10884273DAFFE7BDF82A001199BB
:10DAD000A1F85E001198D0F88000C069B0F5807F91
:10DAE00059D0FFE7FFE7FFE71198006850E8000F03
:10DAF00020F480700990FFE709991198026842E8C4
:10DB000000100028F0D1FFE7FFE7FFE7FFE71198DB
:10DB1000006850E8020F20F001000890FFE7089924
:10DB20001198026842E802100028F0D1FFE7FFE7F1
:10DB3000FFE7FFE71198006850E8020F20F040006F
:10DB40000790FFE707991198026842E80210002841
:10DB5000F0D1FFE7FFE711992020C1F88C0011995F
:10DB60000020C866FFE7FFE71198006850E8000F43
:10DB700020F010000690FFE706991198026842E82D
:10DB800000100028F0D1FFE7FFE71198D0F88000DF
:10DB9000F4F792F9FFE71199022008671198B0F89D
:10DBA0005C10B0F85E20891A89B2FFF799F81AE084
:10DBB000BDF82A001199B1F85C10884212D1FFE734
:10DBC0001198D0F88000C069B0F5807F09D1FFE7D7
:10DBD0001199022008671198B0F85C10FFF780F8DF
:10DBE000FFE7FFE7FFE7C0E01199B1F85C00B1F88B
:10DBF0005E10401AADF816001198B0F85E000028CB
:10DC000053D0FFE7BDF8160000284ED0FFE7FFE72E
:10DC1000FFE71198006850E8000F20F4907004901E
:10DC2000FFE704991198026842E800100028F0D13B
:10DC3000FFE7FFE7FFE7FFE71198006850E8020FF2
:10DC40004FF6FE71CEF6FF7108400390FFE703998F
:10DC50001198026842E802100028EDD1FFE7FFE7C3
:10DC600011992020C1F88C0011990020C8661199E3
:10DC70004867FFE7FFE71198006850E8000F20F0C1
:10DC800010000290FFE702991198026842E8001024
:10DC90000028F0D1FFE7FFE71199022008671198EB
:10DCA000BDF81610FFF71CF8FFE75EE09DF8420094
:10DCB000C00600280FD5FFE79DF83A00400600286F
:10DCC00009D5FFE7119801684FF480100862119898
:10DCD000FFF73EFB49E09DF840000006002815D5FF
:10DCE000FFE79DF83C000006002806D4FFE79DF8FA
:10DCF0003A000006002809D5FFE71198806F20B18F
:10DD0000FFE71198816F8847FFE72EE09DF84000FC
:10DD1000400600280AD5FFE79DF83C004006002891
:10DD200004D5FFE7119803F03BFB1EE09DF842008D
:10DD3000000600280AD5FFE79DF83F0040060028AE
:10DD400004D5FFE71198FFF7FFFA0EE09DF84300B6
:10DD5000C00750B1FFE79DF83F000006002804D53A
:10DD6000FFE71198FFF75CFAFFE712B080BD0000F3
:10DD700080B582B00090009820B9FFE701208DF8AF
:10DD8000070046E00098806908B1FFE700E0FFE780
:10DD90000098D0F8880040B9FFE70099002081F88A
:10DDA0008400009800F03CF8FFE700992420C1F8B7
:10DDB000880000980168086820F001000860009859
:10DDC000806A20B1FFE7009803F06AF8FFE7009847
:10DDD00003F09EFD012804D1FFE701208DF8070024
:10DDE00017E000980168486820F490404860009867
:10DDF0000168886820F02A00886000980168086837
:10DE000040F001000860009803F0EEF88DF807007C
:10DE1000FFE79DF8070002B080BD00000000000091
:10DE200080B5DCB05B9000205A9059905890579084
:10DE3000569028A8B821F2F75CFC5B98006845F280
:10DE40000001C4F20001884240F09680FFE7002004
:10DE5000299002212891459028A8FAF735FC18B19D
:10DE6000FFE7F3F719FEFFE7FFE744F2E840C5F6E6
:10DE70000200016841F480110160006800F4801024
:10DE800027902798FFE7FFE744F2E040C5F602003D
:10DE9000016841F004010160006800F00400269070
:10DEA0002698FFE7FFE744F2E040C5F6020001686C
:10DEB00041F008010160006800F0080025902598F5
:10DEC000FFE74FF4805056900220169057900020A4
:10DED000199058905990082017905A9040F60000D9
:10DEE000C5F6020056A91891F8F726FC169B17985C
:10DEF0001899199A4FF0040CCDF858C157935892BD
:10DF000059925A9040F60040C5F60200F8F714FC0A
:10DF1000199945F22810C2F200401A901022C4F25A
:10DF200002020260412242608160C1604FF480625F
:10DF3000026141618161C1614FF44032026241621C
:10DF4000F6F7B6F818B1FFE7F3F7A6FDFFE7FFE72E
:10DF50005B9845F22811C2F20041C0F880105B982E
:10DF60008863FFE73520159000221146F8F7B0FED0
:10DF70001598F8F7A1FECDE25B98006847F600011E
:10DF8000C4F2000188426FD1FFE7002029900221EE
:10DF90002891459028A8FAF797FB18B1FFE7F3F707
:10DFA0007BFDFFE7FFE744F2E840C5F602000168A9
:10DFB00041F080410160006800F080402490249886
:10DFC000FFE7FFE744F2E040C5F60200016841F0D8
:10DFD00010010160006800F0100023902398FFE713
:10DFE0004FF4C07056900220579000201390589024
:10DFF000599007205A9041F20000C5F6020056A938
:10E00000F8F79AFB139945F2A010C2F20040149061
:10E010008822C4F2020202604F2242608160C16025
:10E020004FF48062026141618161C16101624162BC
:10E03000F6F73EF818B1FFE7F3F72EFDFFE7FFE72D
:10E040005B9845F2A011C2F20041C0F880105B98C5
:10E050008863FFE75220129001221146F8F738FE3C
:10E060001298F8F729FE54E25B98006847F60041E1
:10E07000C4F20001884240F09980FFE70020299017
:10E0800002212891459028A8FAF71EFB18B1FFE756
:10E09000F3F702FDFFE7FFE744F2E840C5F60200B0
:10E0A000016841F000410160006800F000402290EA
:10E0B0002298FFE7FFE744F2E040C5F6020001685E
:10E0C00041F010010160006800F0100021902198DB
:10E0D000FFE70320569002205790002010905890A0
:10E0E000599008205A9041F20000C5F6020056A946
:10E0F000F8F722FB109945F21820C2F20040119067
:10E10000A022C4F202020260512242608160C1601A
:10E110004FF480620261416181614FF48072C2619B
:10E1200001624162F5F7C4FF18B1FFE7F3F7B4FCF1
:10E13000FFE7FFE75B9845F21821C2F20041C0F803
:10E1400080105B988863FFE745F29020C2F20040A0
:10E150000F90B821C4F202010160522141604021B8
:10E1600081600021C1604FF4806202614161816180
:10E17000C16101624162F5F79BFF18B1FFE7F3F758
:10E180008BFCFFE7FFE75B9845F29021C2F200416C
:10E19000C1675B988863FFE753200E900022114609
:10E1A000F8F796FD0E98F8F787FDB1E15B980068E7
:10E1B00041F60001C4F20101884240F09C80FFE773
:10E1C0000020299001212891469028A8FAF77CFA8E
:10E1D00018B1FFE7F3F760FCFFE7FFE744F2F04018
:10E1E000C5F60200016841F040010160006800F0DE
:10E1F000400020902098FFE7FFE744F2E040C5F69A
:10E200000200016841F008010160006800F00800A8
:10E210001F901F98FFE74FF4404056900220579000
:10E2200000200C90589059900B205A9040F60040D6
:10E23000C5F6020056A9F8F77FFA0C9945F20830A6
:10E24000C2F200400D9040F21042C4F2020202609D
:10E25000742242608160C1604FF48062026141615A
:10E2600081614FF48072C26101624162F5F720FF63
:10E2700018B1FFE7F3F710FCFFE7FFE75B9845F203
:10E280000831C2F20041C0F880105B988863FFE754
:10E2900045F28030C2F200400B9040F22841C4F2B7
:10E2A0000201016075214160402181600021C1604F
:10E2B0004FF48062026141618161C161016241622A
:10E2C000F5F7F6FE18B1FFE7F3F7E6FBFFE7FFE728
:10E2D0005B9845F28031C2F20041C1675B98886368
:10E2E000FFE79B200A9000221146F8F7F1FC0A98FC
:10E2F000F8F7E2FC0BE15B98006841F20001C4F220
:10E300000101884270D1FFE7002029900121289166
:10E31000469028A8FAF7D8F918B1FFE7F3F7BCFB45
:10E32000FFE7FFE744F2F040C5F60200016841F064
:10E3300010010160006800F010001E901E98FFE7B9
:10E34000FFE744F2E040C5F60200016841F0010138
:10E350000160006800F001001D901D98FFE74FF478
:10E36000C060569002205790002008905890599015
:10E3700007205A900020C5F6020056A9F8F7DCF9EC
:10E38000089945F27040C2F2004009907022C4F230
:10E3900002020260292242608160C1604FF4806203
:10E3A0000261416181614FF48072C2610162416228
:10E3B000F5F77EFE18B1FFE7F3F76EFBFFE7FFE727
:10E3C0005B9845F27041C2F20041C0F880105B9842
:10E3D0008863FFE72520079001221146F8F778FCB3
:10E3E0000798F8F769FC91E05B98006841F60041F6
:10E3F000C4F20101884240F08880FFE700202990A4
:10E4000001212891469028A8FAF75EF918B1FFE794
:10E41000F3F742FBFFE7FFE744F2F040C5F60200E6
:10E42000016841F080010160006800F080001C90EC
:10E430001C98FFE7FFE744F2E040C5F602000168E0
:10E4400041F010010160006800F010001B901B9863
:10E45000FFE704200490569002210191579100217A
:10E460000591589159915A9041F20000C5F6020069
:10E47000029056A90391F8F75FF9019B029803995E
:10E48000059A4FF0080CCDF858C1579358925992FD
:10E490000B225A92F8F750F9049A059945F2F83090
:10E4A000C2F2004006905823C4F2020303607623B0
:10E4B00043608160C1604FF48063036141618161A9
:10E4C0004FF48073C3610162426203228262C162BF
:10E4D0000163F5F7EDFD18B1FFE7F3F7DDFAFFE7AC
:10E4E000FFE75B9845F2F831C2F20041C0F88010B6
:10E4F0005B988863FFE79C20009000221146F8F7A4
:10E50000E7FB0098F8F7D8FBFFE7FFE7FFE7FFE737
:10E51000FFE7FFE75CB080BD80B584B0039003984F
:10E52000006847F60001C4F20001884240F0EA802A
:10E53000FFE741F28400C2F200400190B0F80411FC
:10E54000A0F80811D0F80C21B0F804118430029022
:10E550009047019A02990398B2F80421FEF768FBEC
:10E5600045F2A010C2F2004000681021C4F202017E
:10E57000884200F0B280FFE745F2A010C2F20040EE
:10E5800000682821C4F20201884200F0A680FFE75B
:10E5900045F2A010C2F2004000684021C4F202011E
:10E5A000884200F09A80FFE745F2A010C2F20040D6
:10E5B00000685821C4F20201884200F08E80FFE713
:10E5C00045F2A010C2F2004000687021C4F20201BE
:10E5D000884200F08280FFE745F2A010C2F20040BE
:10E5E00000688821C4F20201884276D0FFE745F234
:10E5F000A010C2F200400068A021C4F202018842CB
:10E600006BD0FFE745F2A010C2F200400068B821CD
:10E61000C4F20201884260D0FFE745F2A010C2F2C6
:10E620000040006840F21041C4F20201884254D018
:10E63000FFE745F2A010C2F20040006840F2284116
:10E64000C4F20201884248D0FFE745F2A010C2F2AE
:10E650000040006840F24041C4F2020188423CD0D0
:10E66000FFE745F2A010C2F20040006840F25841B6
:10E67000C4F20201884230D0FFE745F2A010C2F296
:10E680000040006840F27041C4F20201884224D088
:10E69000FFE745F2A010C2F20040006840F2884156
:10E6A000C4F20201884218D0FFE745F2A010C2F27E
:10E6B0000040006840F2A041C4F2020188420CD040
:10E6C000FFE745F2A010C2F20040006840F2B841F6
:10E6D000C4F2020188420AD1FFE745F2A010C2F25B
:10E6E00000400168086820F00800086009E045F271
:10E6F000A010C2F200400168086820F00400086021
:10E70000FFE7FFE704B080BD81B0009001B0704723
:10E7100081B0009001B07047FFE7FEE70000000005
:10E7200083B0029001918DF8032000208DF8020043
:10E730008DF80200FFE79DF802009DF80310884263
:10E7400029DAFFE70298000F092809D8FFE70298A5
:10E75000000F303001999DF8022001F8120009E005
:10E760000299372000EB117001999DF8022001F801
:10E770001200FFE702980001029001989DF8021034
:10E7800000EB410100204870FFE79DF802000130D6
:10E790008DF80200CFE703B07047000000000000D2
:10E7A00080B58EB0FFE744F2D840C5F6020001689C
:10E7B00041F001010160006800F001000D900D982A
:10E7C000FFE7FFE744F2D840C5F60200016841F0D8
:10E7D00002010160006800F002000C900C98FFE755
:10E7E0000B20019000220A921146F8F771FA019865
:10E7F000F8F762FA0A9A0C2002901146F8F768FAC4
:10E800000298F8F759FA0A9A0D2003901146F8F782
:10E810005FFA0398F8F750FA0A9A0E20049011460E
:10E82000F8F756FA0498F8F747FA0A9A0F20059075
:10E830000121F8F74DFA0598F8F73EFA0A9A1020E8
:10E8400006901146F8F744FA0698F8F735FA0A9A4E
:10E85000112007901146F8F73BFA0798F8F72CFAC1
:10E860000A9A2F2008901146F8F732FA0898F8F71C
:10E8700023FA0A9A382009901146F8F729FA0998DC
:10E88000F8F71AFA0A9A39200B901146F8F720FA8D
:10E890000B98F8F711FA0EB080BD000000000000E0
:10E8A00080B582B045F2E840C2F2004000904AF2E2
:10E8B0000001C4F200010160002201928260C26086
:10E8C00002744274012181744FF0030EC0F814E009
:10E8D0000A2383614FF01D0CC0F81CC00362C0F80E
:10E8E00024E08362C0F82CC0036342638163C26387
:10E8F0000C230364042141648264C16402654165A0
:10E900008265C265036642668166F7F7A9FA18B1A7
:10E91000FFE7F3F7C1F8FFE702B080BD0000000099
:10E9200080B582B045F28850C2F2004000904AF2B1
:10E930000041C4F200010160002201928260C260C5
:10E9400002744274012181744FF0030EC0F814E088
:10E950000A2383614FF01D0CC0F81CC00362C0F88D
:10E9600024E08362C0F82CC0036340F25633436353
:10E970008163C2630264042141640C238364C16423
:10E98000026541658265C265036642668166F7F786
:10E9900067FA18B1FFE7F3F77FF8FFE702B080BD31
:10E9A00080B582B045F22860C2F2004000904DF27E
:10E9B0000041C4F200010160002201928260C26045
:10E9C00002744274012181744FF0030EC0F814E008
:10E9D0000A2383614FF01D0CC0F81CC00362C0F80D
:10E9E00024E08362C0F82CC0036340F2AB6343634E
:10E9F0008163C2630C230364042141648264C164A3
:10EA0000026541658265C265036642668166F7F705
:10EA100027FA18B1FFE7F3F73FF8FFE702B080BD30
:10EA200080B590B000200F900E900D900C900B9040
:10EA3000FFE744F2E040C5F60200016841F0100132
:10EA40000160006800F010000A900A98FFE7FFE7F5
:10EA500044F2E040C5F60200016841F004010160A3
:10EA6000006800F0040009900998FFE7FFE744F20E
:10EA7000E040C5F60200016841F0800101600068D5
:10EA800000F0800008900898FFE7FFE744F2E040BC
:10EA9000C5F60200016841F002010160006800F063
:10EAA000020007900798FFE7FFE744F2E040C5F651
:10EAB0000200016841F008010160006800F00800F0
:10EAC00006900698FFE7FFE744F2E040C5F6020033
:10EAD000016841F001010160006800F0010005904B
:10EAE0000598FFE740F60000C5F60200009048F2E6
:10EAF000090101220192F8F707F8009801994FF4F3
:10EB000000420B920C91002103910D910E910BA9E3
:10EB10000291F7F711FE0098019A029909230B93CD
:10EB20000C920D9202220E92F7F706FE01980299BE
:10EB30004FF4A0520B924FF404120C920D9041F23C
:10EB40000000C5F60200F7F7F7FD03994FF00060EB
:10EB5000FDF79EF8039A282004901146F8F7B8F8BC
:10EB60000498F8F7A9F810B080BD0000000000007C
:10EB700080B582B045F6BC30C2F20040009043F64A
:10EB80000001C4F2000101604FF4800141600021E6
:10EB9000019181600722C2604FF0007202614FF064
:10EBA000807242614FF0806282614FF04052C261D8
:10EBB000016241628162C1624FF0804242638163BF
:10EBC000C163016441648164C1640165416581651B
:10EBD000FCF776F818B1FFE7F2F75EFFFFE702B047
:10EBE00080BD00000000000080B590B000210191C0
:10EBF0000F910E910D910C910B910A910991089131
:10EC000007910691059104910391029145F64440C4
:10EC1000C2F2004040F20042C4F200020260172239
:10EC20004260816042F20F72C260016180218161A5
:10EC3000FDF712F918B1FFE7F2F72EFFFFE74FF4E7
:10EC400080500C9045F64440C2F200400CA9FDF7FC
:10EC50004FFA18B1FFE7F2F71FFFFFE745F6444010
:10EC6000C2F20040FDF768FD18B1FFE7F2F714FFAC
:10EC7000FFE7002009900B9045F64440C2F20040A7
:10EC800009A9FDF729F818B1FFE7F2F705FFFFE73B
:10EC900060200290002003900490069045F64440C6
:10ECA000C2F2004002A90C22FDF76EFC18B1FFE78A
:10ECB000F2F7F2FEFFE745F64440C2F20040FDF7EE
:10ECC0002BFC10B080BD000080B588B00021009101
:10ECD000079106910591049103910291019145F6E6
:10ECE0009040C2F2004040F60002C4F2000202600E
:10ECF000EF224260816040F2E732C26001618161CF
:10ED0000FDF7AAF818B1FFE7F2F7C6FEFFE74FF4E8
:10ED10008050049045F69040C2F2004004A9FDF7EF
:10ED2000E7F918B1FFE7F2F7B7FEFFE7002001901F
:10ED3000039045F69040C2F2004001A9FCF7CCFFD9
:10ED400018B1FFE7F2F7A8FEFFE708B080BD0000AA
:10ED500080B588B00021009107910691059104913A
:10ED600003910291019145F6DC40C2F2004040F669
:10ED70000042C4F200020260EF224260816040F271
:10ED8000E732C26001618161FDF766F818B1FFE703
:10ED9000F2F782FEFFE74FF48050049045F6DC4026
:10EDA000C2F2004004A9FDF7A3F918B1FFE7F2F79A
:10EDB00073FEFFE700200190039045F6DC40C2F2AD
:10EDC000004001A9FCF788FF18B1FFE7F2F764FEE5
:10EDD000FFE708B080BD000080B582B045F6506006
:10EDE000C2F20040019045F20001C4F2000101604E
:10EDF00048F2A061C0F2010141604FF4805181608E
:10EE00004FF40051C1604FF4806101610C214161F8
:10EE100000218161C161016241628162FEF7A8FF48
:10EE200018B1FFE7F2F738FEFFE745F65060C2F28F
:10EE300000400021FEF740FA18B1FFE7F2F72CFE80
:10EE4000FFE745F65060C2F200400021FEF7ECF902
:10EE500018B1FFE7F2F720FEFFE745F65060C2F277
:10EE60000040FDF7A5FE18B1FFE7F2F715FEFFE73A
:10EE700002B080BD0000000080B582B045F6E460BD
:10EE8000C2F20040009047F60001C4F200010160A8
:10EE90004FF4E1314160002101918160C160016165
:10EEA0000C2242618161C161016241628162FEF7AF
:10EEB0005FFF18B1FFE7F2F7EFFDFFE745F6E4600B
:10EEC000C2F200400021FEF7F7F918B1FFE7F2F7B0
:10EED000E3FDFFE745F6E460C2F200400021FEF7E3
:10EEE000A3F918B1FFE7F2F7D7FDFFE745F6E460B5
:10EEF000C2F20040FDF75CFE18B1FFE7F2F7CCFD6F
:10EF0000FFE702B080BD000080B582B045F67870A2
:10EF1000C2F20040009047F60041C4F200010160D7
:10EF20004FF4E1314160002101918160C1600161D4
:10EF30000C2242618161C161016241628162FEF71E
:10EF400017FF18B1FFE7F2F7A7FDFFE745F6787066
:10EF5000C2F200400021FEF7AFF918B1FFE7F2F767
:10EF60009BFDFFE745F67870C2F200400021FEF7F6
:10EF70005BF918B1FFE7F2F78FFDFFE745F6787010
:10EF8000C2F20040FDF714FE18B1FFE7F2F784FD6E
:10EF9000FFE702B080BD000080B582B046F20C00F1
:10EFA000C2F20040009041F60001C4F2010101608C
:10EFB0004FF4E1314160002101918160C160016144
:10EFC0000C2242618161C161016241628162FEF78E
:10EFD000CFFE18B1FFE7F2F75FFDFFE746F20C0046
:10EFE000C2F200400021FEF767F918B1FFE7F2F71F
:10EFF00053FDFFE746F20C00C2F200400021FEF78D
:10F0000013F918B1FFE7F2F747FDFFE746F20C00EE
:10F01000C2F20040FDF7CCFD18B1FFE7F2F73CFD6E
:10F02000FFE702B080BD000080B582B045F6BC505D
:10F03000C2F20040019041F60041C4F201010160BA
:10F040004FF4E131416000218160C16001610C2217
:10F0500042618161C16101624162102181624FF4AC
:10F060008051C163FEF784FE18B1FFE7F2F714FD8B
:10F07000FFE745F6BC50C2F200400021FEF71CF944
:10F0800018B1FFE7F2F708FDFFE745F6BC50C2F202
:10F0900000400021FEF7C8F818B1FFE7F2F7FCFCCA
:10F0A000FFE745F6BC50C2F20040FDF781FD18B104
:10F0B000FFE7F2F7F1FCFFE702B080BD00000000BF
:10F0C00080B582B045F62850C2F20040009041F26F
:10F0D0000001C4F2010101604FF4E13141600021FF
:10F0E00001918160C16001610C2242618161C16155
:10F0F000016241628162FEF73BFE18B1FFE7F2F761
:10F10000CBFCFFE745F62850C2F200400021FEF795
:10F11000D3F818B1FFE7F2F7BFFCFFE745F6285038
:10F12000C2F200400021FEF77FF818B1FFE7F2F7C6
:10F13000B3FCFFE745F62850C2F20040FDF738FD6A
:10F1400018B1FFE7F2F7A8FCFFE702B080BD0000AE
:10F1500080B544F65C50C2F2004040F21401C2F2A5
:10F160000041012204F0ACFB18B1FFE7F2F794FC78
:10F17000FFE744F65C50C2F2004040F2D001C2F218
:10F18000004105F0C9F818B1FFE7F2F785FCFFE789
:10F1900044F65C50C2F2004040F26C11C2F20041F1
:10F1A00003F07AFD18B1FFE7F2F776FCFFE744F6CB
:10F1B0005C50C2F2004005F03FFA18B1FFE7F2F7E9
:10F1C0006BFCFFE7F8F7B0FF80BD00000000000017
:10F1D000FFE7FEE700000000FFE7FEE70000000099
:10F1E00088B0079006910592079800F007000490F8
:10F1F0000498C0F10700052803D3FFE7042001901D
:10F2000004E00498C0F107000190FFE70198039023
:10F2100004980430062803D8FFE70020009003E09C
:10F22000049803380090FFE700980290069803992D
:10F23000012202FA01F101390840029B9840059928
:10F240009A40013A1140084308B07047000000009E
:10F2500080B545F2D860C2F20040F8F76DF880BD85
:10F2600080B586B0059004910598006803900398D6
:10F2700002900398006C01900298049900EB4110F1
:10F28000D0F8080B0090019843F20B01C4F65471BA
:10F2900088420FD3FFE79DF801000006002809D53A
:10F2A000FFE70298049900EB41114FF40040C1F8C8
:10F2B000080BFFE70598F8F777FE019843F20B017A
:10F2C000C4F6547188420DD3FFE705988079012870
:10F2D00008D1FFE70599086801F29C42012105F079
:10F2E000D7FFFFE7002006B080BD0000000000004F
:10F2F00080B588B00790069107980068049004983C
:10F3000003900498006C02900398069900EB41105A
:10F31000D0F8080B019007988079012840F081808F
:10F32000FFE79DF804000007002818D5FFE70298C2
:10F3300043F20B01C4F6547188420FD3FFE79DF8E6
:10F3400005000006002809D5FFE70398069900EBA1
:10F3500041114FF40040C1F8080BFFE760E09DF851
:10F3600004008006002808D5FFE70398069900EB03
:10F3700041112020C1F8080B51E09DF8040010F065
:10F38000280F4AD1FFE7029843F20B01C4F65471EB
:10F3900088420FD3FFE79DF805000006002809D535
:10F3A000FFE70398069900EB41114FF40040C1F8C4
:10F3B000080B31E00798069901EBC10100EB8100D1
:10F3C00000F5157005900598006A0399069A01EBFF
:10F3D0004211D1F8101B6FF3DF41401A05994861C3
:10F3E000069898B9FFE70598006940B9FFE70799C3
:10F3F000086801F29C42012105F04AFF05E00599E9
:10F40000C8684A691044C860FFE7FFE707989DF89D
:10F410001810F7F71DFDFFE700E0FFE7FFE7FFE744
:10F4200047E0029843F20A11C4F65471884224D18D
:10F43000FFE79DF805000006002809D5FFE70398BF
:10F44000069900EB41114FF40040C1F8080B13E09E
:10F450009DF804008006002808D5FFE70398069968
:10F4600000EB41112020C1F8080BFFE707989DF839
:10F470001810F7F7EDFCFFE71AE0069890B9FFE7E0
:10F480000798069901EBC10100EB8100D0F86402F6
:10F4900040B9FFE70799086801F29C42002105F096
:10F4A000F7FEFFE707989DF81810F7F7D1FCFFE784
:10F4B000FFE7002008B080BD80B58CB00A900991AC
:10F4C0000A9800680890089807900A98099901EB33
:10F4D000C10100EB81001430069006980169406973
:10F4E000884204D9FFE701208DF82F0079E00699C2
:10F4F00008694969401A0590059806998968884203
:10F5000004D9FFE7069880680590FFE70598033067
:10F5100080080490FFE70798099900EB4110D0F8A4
:10F52000180981B2049A0020914202900FD3FFE79C
:10F5300006980269416900209142029007D2FFE7D4
:10F5400006980069002818BF01200290FFE7029882
:10F55000C00770B3FFE7069908694969401A05902A
:10F56000059806998968884204D9FFE7069880685B
:10F570000590FFE7059803308008049008980699E5
:10F58000C9689DF82420BDF81430DDF828C09CF827
:10F5900006C0EE46CEF800C006F00EFD059A0699AC
:10F5A000C8681044C860059A0699486910444861C3
:10F5B000B1E706990869496988420ED8FFE70998BA
:10F5C00000F00F01012088400390039A0799D1F8B9
:10F5D00034089043C1F83408FFE700208DF82F006D
:10F5E000FFE79DF82F000CB080BD00000000000078
:10F5F000704700000000000080B586B004900391C1
:10F6000000208DF8070044F22840C5F6020000688B
:10F6100000F00300032804D1FFE701208DF8170054
:10F62000CBE044F20041C5F60201086820F080609A
:10F630000860F7F781FA0290FFE744F20040C5F650
:10F640000200006800F000610020B0EBD16F0CD028
:10F65000FFE7F7F771FA0299401A032804D3FFE78E
:10F6600003208DF81700A8E0E7E7FFE744F2284100
:10F67000C5F60201086820F47C30049A126840EA5A
:10F680000230086004994868D1F808C0CB680A695C
:10F6900001386FF35F204FF60061CFF6FF7101EB89
:10F6A0004C2189B208440021CFF6FF7101EB0341E0
:10F6B00001F4FE0108444FF07F4101EB026101F0CB
:10F6C000FE41084444F23841C5F602010860FFE7F4
:10F6D00044F22C41C5F602010091086820F0C000F8
:10F6E000049A526910430860086820F02000049AC8
:10F6F000926910430860086820F01000086044F226
:10F700003C42C5F6020210684FF6F8739843049B1A
:10F71000DB6940EAC3001060086840F01000086030
:10F72000039848B9FFE744F22C41C5F60201086886
:10F7300040F40020086016E00398012809D1FFE793
:10F7400044F22C41C5F60201086840F480100860BC
:10F7500008E044F22C41C5F60201086840F40010AC
:10F760000860FFE7FFE744F20041C5F602010868C0
:10F7700040F080600860F7F7DFF90290FFE744F29D
:10F780000040C5F60200006800F000610020B0EB08
:10F79000D16F0CD1FFE7F7F7CFF90299401A032890
:10F7A00004D3FFE703208DF8170006E0E7E7FFE743
:10F7B0009DF807008DF81700FFE79DF8170006B0C9
:10F7C00080BD00000000000080B586B00490039169
:10F7D00000208DF8070044F22840C5F602000068BA
:10F7E00000F00300032804D1FFE701208DF8170083
:10F7F000CBE044F20041C5F60201086820F08050D9
:10F800000860F7F799F90290FFE744F20040C5F667
:10F810000200006800F000510020B0EB517F0CD0D6
:10F82000FFE7F7F789F90299401A032804D3FFE7A5
:10F8300003208DF81700A8E0E7E7FFE744F228412E
:10F84000C5F60201086820F07C70049A126840EA4C
:10F850000250086004994868D1F808C0CB680A696A
:10F8600001386FF35F204FF60061CFF6FF7101EBB7
:10F870004C2189B208440021CFF6FF7101EB03410E
:10F8800001F4FE0108444FF07F4101EB026101F0F9
:10F89000FE41084444F24041C5F602010860FFE71A
:10F8A00044F22C41C5F602010091086820F4406042
:10F8B000049A526910430860086820F40070049AA2
:10F8C000926910430860086820F48070086044F270
:10F8D0004442C5F6020210684FF6F8739843049B41
:10F8E000DB6940EAC3001060086840F4807008607B
:10F8F000039848B9FFE744F22C41C5F602010868B5
:10F9000040F48000086016E00398012809D1FFE761
:10F9100044F22C41C5F60201086840F4000008607A
:10F9200008E044F22C41C5F60201086840F08070FE
:10F930000860FFE7FFE744F20041C5F602010868EE
:10F9400040F080500860F7F7F7F80290FFE744F2C4
:10F950000040C5F60200006800F000510020B0EB46
:10F96000517F0CD1FFE7F7F7E7F80299401A032817
:10F9700004D3FFE703208DF8170006E0E7E7FFE771
:10F980009DF807008DF81700FFE79DF8170006B0F7
:10F9900080BD00000000000080B545F6BC30C2F21A
:10F9A0000040FAF7C5FF80BD82B001900198006861
:10F9B0004069009001980168886940F008008861FA
:10F9C00001980168886940F0100088610198016819
:10F9D000086820F00100086001980168086940F299
:10F9E0006F329043086101980168886820F44040B4
:10F9F0008860019890F88100042815D0FFE79DF8F1
:10FA00000000800600280ED5FFE70199D1F8840098
:10FA100040F08000C1F8840001980168886940F0D6
:10FA200020008861FFE7FFE7019890F88100032834
:10FA300015D0FFE79DF80000400600280ED5FFE72F
:10FA40000199D1F8840040F00400C1F884000198C5
:10FA50000168886940F040008861FFE7FFE79DF892
:10FA60000100800700280ED5FFE70199D1F8840036
:10FA700040F00100C1F8840001980168886940F4F1
:10FA800000708861FFE79DF80100C00770B1FFE7D3
:10FA90000199D1F8840040F00800C1F88400019871
:10FAA0000168886940F480708861FFE7019900204F
:10FAB000A1F862000199A1F86A0002B07047000045
:10FAC00080B582B001900198806B00900099002071
:10FAD000A1F86A000099A1F862000099012081F85C
:10FAE00081000098FAF720FF02B080BD00000000FE
:10FAF00080B582B001900198806B00900198F3F777
:10FB0000EFF9022812D0FFE70098FFF74DFF0099A8
:10FB1000D1F8840040F01000C1F884000099012061
:10FB200081F881000098FAF7FFFEFFE702B080BD80
:10FB300080B582B001900198806B00900098FCF72E
:10FB4000A3F802B080BD000080B582B0019001989A
:10FB5000806B0090009890F88100072813D0FFE791
:10FB60000098806FC069B0F5807F04D1FFE70098EE
:10FB7000FCF72EF806E000980168086940F00800DC
:10FB80000861FFE7FFE702B080BD00000000000051
:10FB900083B002900298C16B012000EB51100190DC
:10FBA0000298C0680130009000980730C0080090AB
:10FBB00000980199484303B070470000000000001E
:10FBC00082B0019000910198006843F20001C4F2F4
:10FBD000010188420AD1FFE7019840F28851C2F240
:10FBE000004108600098C1F8100127E00198006802
:10FBF00043F60001C4F2000188420AD1FFE70198F0
:10FC000040F29C61C2F2004108600098C1F8100106
:10FC100013E00198006843F60041C4F200018842F5
:10FC20000AD1FFE7019840F2B071C2F200410860CA
:10FC30000098C1F81001FFE7FFE7FFE702B0704747
:10FC400080B586B084460898CDF810C00391ADF811
:10FC50000A20ADF80830ADF806000498006843F2B9
:10FC60000001C4F2010188421FD1FFE7039840F26E
:10FC70008852C2F200425060BDF80A001081BDF8FF
:10FC80000800A2F80A01BDF80600A2F80C010498C9
:10FC90006B464FF47A71196002F10A018A3201232E
:10FCA000FBF73EFA8DF8170054E00498006843F61D
:10FCB0000001C4F2000188421FD1FFE7039840F21F
:10FCC0009C62C2F200425060BDF80A001081BDF88B
:10FCD0000800A2F80A01BDF80600A2F80C01049879
:10FCE0006B464FF47A71196002F10A018A320123DE
:10FCF000FBF716FA8DF817002CE00498006843F61D
:10FD00000041C4F20001884220D1FFE7039840F28D
:10FD1000B072C2F200425060BDF80A001081BDF816
:10FD20000800A2F80A01BDF80600A2F80C01049828
:10FD3000BDF80810BDF8063019448BB202F10A0173
:10FD40008A32FBF771FD8DF8170003E000208DF873
:10FD50001700FFE79DF8170006B080BD0000000007
:10FD600080B586B0DDF820C0049003918DF80B209B
:10FD70000193FFE704980068406903990840401A1E
:10FD8000B0FA80F040099DF80B10884214D1FFE7CB
:10FD9000F6F7D2FE0899401A0199884204D3FFE78A
:10FDA0000198013018B9FFE7019820B9FFE7032057
:10FDB0008DF8170004E0DDE700208DF81700FFE75D
:10FDC0009DF8170006B080BD7047000000000000DD
:10FDD00084B003900398009000980078ADF8080074
:10FDE00000980130009000980078ADF80600BDF84A
:10FDF0000610BDF8080040EA0120ADF80A00BDF881
:10FE00000A0004B07047000080B582B000900098EE
:10FE10000138B0F1807F03D3FFE70120019019E0A2
:10FE2000009801384EF21401CEF2000108604FF044
:10FE3000FF300F2114F028FC4EF21801CEF2000121
:10FE4000002008604EF21002CEF20002072111607D
:10FE50000190FFE7019802B080BD000000000000A3
:10FE600080B5F6F77DFE80BD80B59EB00BA84C2115
:10FE7000F0F73FFC002001900A900990089007904D
:10FE800006900590049003900220F8F7F9F8FFE738
:10FE90000020029044F61800C5F60200016821F423
:10FEA00040410160006800F4404002900298FFE782
:10FEB000FFE744F61800C5F60200006800F40050A1
:10FEC000B0F5005F01D0FFE7F3E729200B904FF476
:10FED00080300C9001211091119102201490159006
:10FEE0001690282217921891042119911A900C202B
:10FEF0001B9000201C901D900BA8FAF705F818B174
:10FF0000FFE7F1F7C9FDFFE73F20039003210491CC
:10FF100000200590082006904020079008904FF49C
:10FF2000806209920A9003A8F9F7C6FB18B1FFE7AF
:10FF3000F1F7B2FDFFE71EB080BD00000000000039
:10FF40004EF68851CEF20001086840F47000086057
:10FF500042F20000C5F20020006800F00F00062801
:10FF60000AD8FFE742F20001C5F200210868072223
:10FF700062F303000860FFE744F20041C5F60201A6
:10FF8000086840F00100086044F21042C5F6020221
:10FF90000020106008684EF67F52CEF6F622104020
:10FFA000086042F20000C5F20020006800F00F0077
:10FFB00008280AD3FFE742F20001C5F200210868D1
:10FFC000072262F303000860FFE744F21841C5F618
:10FFD00002010020086044F21C41C5F602010860DD
:10FFE00044F22041C5F60201086044F22842C5F6F9
:10FFF000020240F20021C0F20221116044F22C42C0
:020000040801F1
:10000000C5F602020021C0F2FF11116044F2304235
:10001000C5F6020240F28021C0F20111116044F2E3
:100020003442C5F60202106044F23842C5F60202BC
:10003000116044F23C42C5F60202106044F24042B4
:10004000C5F60202116044F24441C5F6020108609F
:1000500044F20042C5F60202116821F480211160C9
:1000600044F26041C5F60201086044F20001C5F2A5
:10007000002143F2D2000860704700000000000039
:1000800080B545F69040C2F20040FCF71DF980BDF6
:1000900080B545F6DC40C2F20040FCF715F980BDA2
:1000A00083B00290019102980068009002980021AC
:1000B000C4F20101884225D0FFE70298B0F1804FD9
:1000C00020D0FFE7029840F20041C4F200018842CC
:1000D00018D0FFE7029840F60001C4F20001884200
:1000E00010D0FFE7029840F60041C4F200018842B8
:1000F00008D0FFE7029840F20041C4F201018842B3
:100100000AD1FFE7009820F0700000900198416844
:10011000009808430090FFE702980021C4F2010113
:1001200088424DD0FFE70298B0F1804F48D0FFE7FA
:10013000029840F20041C4F20001884240D0FFE73B
:10014000029840F60001C4F20001884238D0FFE76F
:10015000029840F60041C4F20001884230D0FFE727
:10016000029840F20041C4F20101884228D0FFE722
:10017000029844F20001C4F20101884220D0FFE756
:10018000029844F20041C4F20101884218D0FFE70E
:10019000029844F60001C4F20101884210D0FFE742
:1001A00002984EF20001C4F20001884208D0FFE735
:1001B00002984EF20041C4F2000188420AD1FFE7E2
:1001C000009820F4407000900198C168009808439E
:1001D0000090FFE7009820F08000019949690843EA
:1001E0000090019880680299C8620198006802999D
:1001F000886202980021C4F20101884220D0FFE702
:10020000029840F20041C4F20101884218D0FFE791
:10021000029844F20001C4F20101884210D0FFE7C5
:10022000029844F20041C4F20101884208D0FFE77D
:10023000029844F60001C4F20101884205D1FFE7AB
:100240000198006902990863FFE70299086840F085
:100250000400086002990120486100980299086032
:1002600003B070470000000080B584B045F2E8405C
:10027000C2F20040009040F27822C2F200424FF4F5
:10028000FF7108230293F0F707FD029B009840F2EC
:100290008822C2F200424FF400710191F0F7FCFC99
:1002A0000199029B45F28850C2F20040039040F24F
:1002B0005832C2F20042F0F7EFFC029B039840F282
:1002C0001032C2F2004240F24111F0F7E5FC42F672
:1002D0009420C2F2004001780131017042F695226B
:1002E000C2F2004211780131117042F69622C2F238
:1002F00000421178013111700078052813D1FFE711
:1003000042F69421C2F200410020087045F2885064
:10031000C2F2004040F21842C2F2004277210823A4
:10032000F0F7BAFCFFE742F69520C2F200400078F1
:100330000A2807D1FFE742F69521C2F200410020CA
:100340000870FFE742F69620C2F2004000781428B9
:1003500007D1FFE742F69621C2F200410020087063
:10036000FFE704B080BD000084B0039002910192C9
:10037000029800F01F01012088400090009A039924
:10038000086A904308620198029901F01F0100FA7F
:1003900001F20399086A1043086204B07047000034
:1003A00085B00490039102920193049880680090B4
:1003B000009820F47F40009003980299019A41EA46
:1003C0000221014300980843009000980499886036
:1003D00005B070470000000083B0029001910298C0
:1003E0008068009000984FF68F71CFF6CF7108406B
:1003F000009001980099084340F007000090009891
:100400000299886003B0704782B001900091019812
:1004100000680021C4F20101884209D1FFE7019878
:1004200040F6D401C2F2004108600098486081E0C3
:1004300001980068B0F1804F09D1FFE7019840F6BC
:10044000DC01C2F2004108600098486071E0019848
:10045000006840F20041C4F20001884209D1FFE780
:10046000019840F6E401C2F200410860009848603B
:100470005EE00198006840F60001C4F20001884285
:1004800009D1FFE7019840F6EC01C2F20041086093
:10049000009848604BE00198006840F60041C4F2C3
:1004A0000001884209D1FFE7019840F6F401C2F249
:1004B000004108600098486038E00198006841F207
:1004C0000001C4F20001884209D1FFE7019840F61B
:1004D000FC01C2F2004108600098486025E00198E4
:1004E000006841F20041C4F20001884209D1FFE7EF
:1004F000019840F60411C2F200410860009848607B
:1005000012E00198006840F20041C4F20101884203
:1005100009D1FFE7019840F60C11C2F200410860D2
:1005200000984860FFE7FFE7FFE7FFE7FFE7FFE727
:10053000FFE7FFE702B0704785B00490039104988D
:10054000006A01900499086A20F00100086204988A
:100550004068009004988069029002984FF68F716D
:10056000CFF6FE7108400290029820F0030002903E
:1005700003980168029808430290019820F0020055
:100580000190039881680198084301900498002124
:10059000C4F20101884220D0FFE7049840F20041F4
:1005A000C4F20101884218D0FFE7049844F2000128
:1005B000C4F20101884210D0FFE7049844F20041E0
:1005C000C4F20101884208D0FFE7049844F6000114
:1005D000C4F2010188420ED1FFE7019820F0080023
:1005E00001900398C168019808430190019820F098
:1005F00004000190FFE704980021C4F20101884241
:1006000020D0FFE7049840F20041C4F20101884283
:1006100018D0FFE7049844F20001C4F201018842B7
:1006200010D0FFE7049844F20041C4F2010188426F
:1006300008D0FFE7049844F60001C4F201018842A3
:1006400013D1FFE7009820F480700090009820F408
:100650000070009003984169009808430090039847
:100660008169009808430090FFE70098049948606A
:100670000298049988610398406804994863019836
:100680000499086205B0704785B0049003910498FE
:10069000006A01900499086A20F01000086204982A
:1006A00040680090049880690290029848F6FF71B3
:1006B000CFF6FF6108400290029820F4407002904B
:1006C00003980168029840EA01200290019820F006
:1006D0002000019003988168019840EA0110019080
:1006E00004980021C4F20101884229D0FFE7049850
:1006F00040F20041C4F20101884221D0FFE7049892
:1007000044F20001C4F20101884203D1FFE7002056
:10071000B0B9FFE7049844F20041C4F201018842F5
:1007200003D1FFE7002058B9FFE7049844F6000121
:10073000C4F20101884212D1FFE7012078B9FFE736
:10074000019820F0800001900398C168019840EA68
:1007500001100190019820F040000190FFE70498FB
:100760000021C4F20101884220D0FFE7049840F242
:100770000041C4F20101884218D0FFE7049844F216
:100780000001C4F20101884210D0FFE7049844F24E
:100790000041C4F20101884208D0FFE7049844F602
:1007A0000001C4F20101884215D1FFE7009820F44E
:1007B00080600090009820F40060009003984169E8
:1007C000009840EA8100009003988169009840EA0F
:1007D00081000090FFE7009804994860029804990E
:1007E00088610398406804998863019804990862B5
:1007F00005B070470000000085B004900391049894
:10080000006A01900499086A20F4807008620498D4
:10081000406800900498C069029002984FF68F716A
:10082000CFF6FE7108400290029820F0030002907B
:1008300003980168029808430290019820F4007020
:10084000019003988168019840EA01200190049882
:100850000021C4F20101884229D0FFE7049840F248
:100860000041C4F20101884221D0FFE7049844F21C
:100870000001C4F20101884203D1FFE70020B0B9B2
:10088000FFE7049844F20041C4F20101884203D119
:10089000FFE7002058B9FFE7049844F60001C4F2CE
:1008A0000101884212D1FFE7012078B9FFE70198E2
:1008B00020F4006001900398C168019840EA01208B
:1008C0000190019820F480600190FFE704980021D6
:1008D000C4F20101884220D0FFE7049840F20041B1
:1008E000C4F20101884218D0FFE7049844F20001E5
:1008F000C4F20101884210D0FFE7049844F200419D
:10090000C4F20101884208D0FFE7049844F60001D0
:10091000C4F20101884215D1FFE7009820F480500D
:100920000090009820F400500090039841690098CE
:1009300040EA0110009003988169009840EA011094
:100940000090FFE700980499486002980499C861F4
:10095000039840680499C86301980499086205B037
:10096000704700000000000085B0049003910498D7
:10097000006A01900499086A20F480500862049883
:10098000406800900498C0690290029848F6FF7190
:10099000CFF6FF6108400290029820F44070029068
:1009A00003980168029840EA01200290019820F41F
:1009B0000050019003988168019840EA013001904D
:1009C00004980021C4F20101884220D0FFE7049876
:1009D00040F20041C4F20101884218D0FFE70498B8
:1009E00044F20001C4F20101884210D0FFE70498EC
:1009F00044F20041C4F20101884208D0FFE70498A4
:100A000044F60001C4F2010188420BD1FFE70098CF
:100A100020F48040009003984169009840EA8110DA
:100A20000090FFE700980499486002980499C86113
:100A3000039840680499086401980499086205B015
:100A4000704700000000000085B0049003910498F6
:100A5000006A01900499086A20F4803008620498C2
:100A6000406800900498406D029002984FF68F7194
:100A7000CFF6FE710840029003980168029808437F
:100A80000290019820F40030019003988168019849
:100A900040EA0140019004980021C4F2010188421B
:100AA00020D0FFE7049840F20041C4F201018842DF
:100AB00018D0FFE7049844F20001C4F20101884213
:100AC00010D0FFE7049844F20041C4F201018842CB
:100AD00008D0FFE7049844F60001C4F201018842FF
:100AE0000BD1FFE7009820F4803000900398416913
:100AF000009840EA01200090FFE7009804994860C0
:100B0000029804994865039840680499886501989B
:100B10000499086205B0704785B004900391049869
:100B2000006A01900499086A20F480100862049811
:100B3000406800900498406D0290029848F6FF715A
:100B4000CFF6FF610840029003980168029840EADE
:100B500001200290019820F4001001900398816810
:100B6000019840EA0150019004980021C4F201016B
:100B7000884220D0FFE7049840F20041C4F201010E
:100B8000884218D0FFE7049844F20001C4F2010142
:100B9000884210D0FFE7049844F20041C4F20101FA
:100BA000884208D0FFE7049844F60001C4F201012E
:100BB00088420BD1FFE7009820F480200090039832
:100BC0004169009840EA81200090FFE7009804996D
:100BD0004860029804994865039840680499C8657C
:100BE00001980499086205B07047000000000000F9
:100BF00085B00490039102920498006A00900499D1
:100C0000086A20F001000862049880690190019848
:100C100020F0F00001900299019840EA0110019043
:100C2000009820F00A000090039900980843009073
:100C300001980499886100980499086205B070478A
:100C400085B00490039102920498006A0090049980
:100C5000086A20F0100008620498806901900198E9
:100C600020F4704001900299019840EA013001900F
:100C7000009820F0A00000900399009840EA01102D
:100C8000009001980499886100980499086205B061
:100C900070470000000000007047000000000000E6
:100CA00080B582B001900198B0F86210023189B22B
:100CB000F0F7D2F802B080BD80B582B04FF4F0708A
:100CC000F0F78AFE45F2E840C2F2004048F259517E
:100CD000C0F60101EFF748FF45F28850C2F200402C
:100CE00048F22961C0F60101EFF73EFF45F22860A6
:100CF000C2F2004048F2D961C0F60101EFF734FFBB
:100D000045F6BC30C2F2004047F2A951C0F60101DD
:100D1000FEF756FF45F65060C2F2004047F201511F
:100D2000C0F60101122200F08FFB40F22050C2F207
:100D3000004047F28951C0F6010104F0E1FE45F69A
:100D40007870C2F2004047F28171C0F6010138228A
:100D500000F07AFB45F6BC50C2F2004047F6F13194
:100D6000C0F60101802200F06FFB45F6E460C2F29C
:100D7000004047F2B951C0F601011C2200F064FBAB
:100D800045F69040C2F20040009047F61141C0F68F
:100D90000101FFF739FB45F6DC40C2F2004001904B
:100DA00047F60901C0F60101FFF72EFB42F6483075
:100DB000C2F200409FED050A0CF0A2FC0098FBF780
:100DC00003F90198FBF700F902B080BDCDCC4C3D92
:100DD000704700000000000080B545F65060C2F288
:100DE0000040FCF745FC80BD80B545F6E460C2F2EA
:100DF0000040FCF73DFC80BD80B545F67870C2F23E
:100E00000040FCF735FC80BD80B546F20C00C2F214
:100E10000040FCF72DFC80BD82B001900198406E2F
:100E200040B9FFE701990120A1F86A000199A1F8F2
:100E3000680032E010208DF803008DF80200019860
:100E400000688068C0F342608DF801000198006876
:100E50008068400F8DF800009DF802009DF800208A
:100E600046F6C403C0F60203995C484346F6BC014B
:100E7000C0F602018A5CB0FBF2F0019AA2F86A00A7
:100E80009DF803009DF801209B5C5843895CB0FBF2
:100E9000F1F00199A1F86800FFE702B07047000087
:100EA00081B00090009890F82800000700280BD52A
:100EB000FFE700980068406820F40040009A11683D
:100EC000926B10434860FFE7009890F82800C00735
:100ED00058B1FFE700980068406820F40030009A9D
:100EE0001168D26A10434860FFE7009890F8280024
:100EF000800700280BD5FFE700980068406820F4C1
:100F00008030009A1168126B10434860FFE7009828
:100F100090F82800400700280BD5FFE700980068EC
:100F2000406820F48020009A1168526B104348609A
:100F3000FFE7009890F82800C00600280BD5FFE7CF
:100F400000980068806820F48050009A1168D26B85
:100F500010438860FFE7009890F82800800600287A
:100F60000BD5FFE700980068806820F40050009AD5
:100F70001168126C10438860FFE7009890F8280011
:100F8000400600281CD5FFE700980068406820F460
:100F90008010009A1168526C104348600098406CB1
:100FA000B0F5801F0BD1FFE700980068406820F47F
:100FB000C000009A1168926C10434860FFE7FFE799
:100FC000009890F82800000600280BD5FFE700984D
:100FD0000068406820F40020009A1168D26C104329
:100FE0004860FFE701B0704780B588B00690069969
:100FF0000020C1F89000F5F79FFD05900698006865
:101000000068000700282FD5FFE70698059B6A4671
:101010006FF07E4111604FF40011002201F038FAA8
:1010200008B3FFE7FFE7FFE70698006850E8000F06
:1010300020F080000490FFE704990698026842E8D7
:1010400000100028F0D1FFE7FFE706992020C1F843
:101050008800FFE70699002081F88400FFE703205D
:101060008DF81F005FE0FFE7069800680068400702
:10107000002842D5FFE70698059B6A466FF07E413F
:1010800011604FF48001002201F002FAA0B3FFE7E3
:10109000FFE7FFE70698006850E8000F20F4907023
:1010A0000390FFE703990698026842E800100028C1
:1010B000F0D1FFE7FFE7FFE7FFE70698006850E899
:1010C000020F20F001000290FFE7029906980268E3
:1010D00042E802100028F0D1FFE7FFE70699202040
:1010E000C1F88C00FFE70699002081F88400FFE733
:1010F00003208DF81F0016E0FFE706992020C1F8B5
:1011000088000699C1F88C0006990020C8660699E7
:101110000867FFE70699002081F88400FFE70020B8
:101120008DF81F00FFE79DF81F0008B080BD00008C
:1011300080B582B001900198806B009000990020EA
:10114000A1F85E000098FCF797F902B080BD00009E
:1011500080B584B003900398806B02900298D0F819
:10116000880001900298D0F88C00009002980068E6
:101170008068000600280CD5FFE70198212808D1D7
:10118000FFE702990020A1F85600029800F02CF920
:10119000FFE7029800688068400600280CD5FFE74A
:1011A0000098222808D1FFE702990020A1F85E00EC
:1011B000029800F0A5F8FFE70299D1F8900040F0FE
:1011C0001000C1F890000298FCF756F904B080BDF9
:1011D00080B586B005900598806B04900598C0692D
:1011E000B0F5807F5BD0FFE704990020A1F85E0096
:1011F000FFE7FFE70498006850E8000F20F48070D4
:101200000390FFE703990498026842E80010002861
:10121000F0D1FFE7FFE7FFE7FFE70498006850E839
:10122000020F20F001000290FFE702990498026883
:1012300042E802100028F0D1FFE7FFE7FFE7FFE7F1
:101240000498006850E8020F20F040000190FFE78A
:1012500001990498026842E802100028F0D1FFE7E3
:10126000FFE704992020C1F88C000498C06E012883
:1012700014D1FFE7FFE7FFE70498006850E8000F8C
:1012800020F010000090FFE700990498026842E8FF
:1012900000100028F0D1FFE7FFE7FFE7FFE7049920
:1012A000002008670498C06E012806D1FFE7049863
:1012B000B0F85C10FBF714FD03E00498FDF72CF97F
:1012C000FFE706B080BD000080B582B001900198B4
:1012D000806B00900099012008670098C06E01287B
:1012E00007D1FFE70098B0F85C104908FBF7F8FC5D
:1012F00003E00098FDF708FAFFE702B080BD0000A8
:1013000084B00390FFE7FFE70398006850E8000F00
:1013100020F490700290FFE702990398026842E877
:1013200000100028F0D1FFE7FFE7FFE7FFE7039891
:10133000006850E8020F4FF6FE71CEF6FF710840CC
:101340000190FFE701990398026842E80210002823
:10135000EDD1FFE7FFE70398C06E012814D1FFE746
:10136000FFE7FFE70398006850E8000F20F0100047
:101370000090FFE700990398026842E800100028F7
:10138000F0D1FFE7FFE7FFE703992020C1F88C00C9
:1013900003990020C8660399486704B070470000AD
:1013A00080B582B00190FFE7FFE70198006850E840
:1013B000000F20F040000090FFE7009901980268BC
:1013C00042E800100028F0D1FFE7FFE70199202054
:1013D000C1F888000199002088670198FDF798F905
:1013E00002B080BD0000000083B00290FFE7FFE77D
:1013F0000298006850E8000F20F0C0000190FFE75D
:1014000001990298026842E800100028F0D1FFE735
:10141000FFE7FFE7FFE70298006850E8020F20F4BB
:1014200000000090FFE700990298026842E802106D
:101430000028F0D1FFE7FFE702992020C1F88800DB
:1014400003B070470000000080B584B003900291A3
:10145000ADF806200398006841F20001C4F20101D2
:10146000884214D1FFE7039840F62421C2F20041DC
:1014700008600298C1F80C01BDF80600A1F804014B
:101480000398B1F804218431FBF7D2FB3BE20398C7
:10149000006845F20001C4F20001884240F0E88093
:1014A000FFE7039840F66461C2F2004108600298C9
:1014B000C1F80C01BDF80600A1F804010398B1F8C9
:1014C00004215200843192B2FBF7B2FB45F228109E
:1014D000C2F2004000681021C4F20201884200F00C
:1014E000B280FFE745F22810C2F2004000682821D0
:1014F000C4F20201884200F0A680FFE745F22810FE
:10150000C2F2004000684021C4F20201884200F0AB
:101510009A80FFE745F22810C2F200400068582187
:10152000C4F20201884200F08E80FFE745F22810E5
:10153000C2F2004000687021C4F20201884200F04B
:101540008280FFE745F22810C2F20040006888213F
:10155000C4F20201884276D0FFE745F22810C2F2B9
:1015600000400068A021C4F2020188426BD0FFE76E
:1015700045F22810C2F200400068B821C4F202010E
:10158000884260D0FFE745F22810C2F200400068B0
:1015900040F21041C4F20201884254D0FFE745F204
:1015A0002810C2F20040006840F22841C4F2020153
:1015B000884248D0FFE745F22810C2F20040006898
:1015C00040F24041C4F2020188423CD0FFE745F2BC
:1015D0002810C2F20040006840F25841C4F20201F3
:1015E000884230D0FFE745F22810C2F20040006880
:1015F00040F27041C4F20201884224D0FFE745F274
:101600002810C2F20040006840F28841C4F2020192
:10161000884218D0FFE745F22810C2F20040006867
:1016200040F2A041C4F2020188420CD0FFE745F22B
:101630002810C2F20040006840F2B841C4F2020132
:1016400088420AD1FFE745F22810C2F20040016843
:10165000086820F00800086009E045F22810C2F28E
:1016600000400168086820F004000860FFE749E1D5
:101670000398006847F60001C4F20001884240F078
:10168000E680FFE7039841F28401C2F2004108605E
:101690000298C1F80C01BDF80600A1F804010398F6
:1016A000B1F804218431FBF7C3FA45F2A010C2F26D
:1016B000004000681021C4F20201884200F0B280AC
:1016C000FFE745F2A010C2F2004000682821C4F2F2
:1016D0000201884200F0A680FFE745F2A010C2F2A6
:1016E000004000684021C4F20201884200F09A8064
:1016F000FFE745F2A010C2F2004000685821C4F292
:101700000201884200F08E80FFE745F2A010C2F28D
:10171000004000687021C4F20201884200F082801B
:10172000FFE745F2A010C2F2004000688821C4F231
:101730000201884276D0FFE745F2A010C2F20040D5
:101740000068A021C4F2020188426BD0FFE745F295
:10175000A010C2F200400068B821C4F20201884221
:1017600060D0FFE745F2A010C2F20040006840F2EE
:101770001041C4F20201884254D0FFE745F2A010A4
:10178000C2F20040006840F22841C4F202018842DF
:1017900048D0FFE745F2A010C2F20040006840F2D6
:1017A0004041C4F2020188423CD0FFE745F2A0105C
:1017B000C2F20040006840F25841C4F2020188427F
:1017C00030D0FFE745F2A010C2F20040006840F2BE
:1017D0007041C4F20201884224D0FFE745F2A01014
:1017E000C2F20040006840F28841C4F2020188421F
:1017F00018D0FFE745F2A010C2F20040006840F2A6
:10180000A041C4F2020188420CD0FFE745F2A010CB
:10181000C2F20040006840F2B841C4F202018842BE
:101820000AD1FFE745F2A010C2F200400168086843
:1018300020F00800086009E045F2A010C2F2004064
:101840000168086820F004000860FFE759E0039889
:10185000006847F60041C4F20001884214D1FFE756
:10186000039841F29411C2F2004108600298C1F855
:101870000C01BDF80600A1F804010398B1F8042199
:101880008431FBF7D5F93BE00398006841F600018D
:10189000C4F20101884214D1FFE7039841F2A42168
:1018A000C2F2004108600298C1F80C01BDF80600C0
:1018B000A1F804010398B1F804218431FBF7B8F9C9
:1018C0001DE00398006841F60041C4F2010188421E
:1018D00014D1FFE7039840F61411C2F200410860EA
:1018E0000298C1F80C01BDF80600A1F804010398A4
:1018F000B1F804218431FBF79BF9FFE7FFE7FFE72D
:10190000FFE7FFE7FFE704B080BD00000000000034
:1019100080B59EB01D9000208DF867001D9800686E
:1019200040F60041C5F60001884201D1FFE700E022
:10193000FFE71D9988680B694A69C9691843104314
:1019400008431C901D980068006846F6F311CCF619
:10195000FF7108401C9908431D99096808601D988B
:101960000068406820F440501D9A1168D268104306
:1019700048601D9880691C901D98006840F60041E1
:10198000C5F60001884206D0FFE71D98016A1C9841
:1019900008431C90FFE71D98006880684FF2FF41E4
:1019A000C1F2FF1108401C9908431D99096888601D
:1019B0001D980068C06A20F00F001D9A1168526AD5
:1019C0001043C862FFE71D98006841F20001C4F2AD
:1019D0000101884240F04180FFE744F25440C5F6DF
:1019E0000200006800F038000146109128282FD826
:1019F0001099DFE801F0152D2D2D2D2D2D2D192DF0
:101A00002D2D2D2D2D2D1D2D2D2D2D2D2D2D212D22
:101A10002D2D2D2D2D2D252D2D2D2D2D2D2D29002F
:101A200001208DF86D0017E004208DF86D0013E0A3
:101A300008208DF86D000FE010208DF86D000BE090
:101A400020208DF86D0007E040208DF86D0003E048
:101A500080208DF86D00FFE76CE21D98006844F26D
:101A60000041C4F2000188422ED1FFE744F2544005
:101A7000C5F60200006800F0070001460F91052836
:101A80001DD80F99DFE801F003070B0F1317002093
:101A90008DF86D0017E004208DF86D0013E008202C
:101AA0008DF86D000FE010208DF86D000BE0202008
:101AB0008DF86D0007E040208DF86D0003E0802078
:101AC0008DF86D00FFE734E21D98006844F60001D0
:101AD000C4F2000188422ED1FFE744F25440C5F61B
:101AE0000200006800F0070001460E9105281DD88D
:101AF0000E99DFE801F003070B0F131700208DF894
:101B00006D0017E004208DF86D0013E008208DF8BB
:101B10006D000FE010208DF86D000BE020208DF897
:101B20006D0007E040208DF86D0003E080208DF807
:101B30006D00FFE7FCE11D98006844F60041C4F227
:101B4000000188422ED1FFE744F25440C5F602005E
:101B5000006800F0070001460D9105281DD80D9979
:101B6000DFE801F003070B0F131700208DF86D005D
:101B700017E004208DF86D0013E008208DF86D004B
:101B80000FE010208DF86D000BE020208DF86D0027
:101B900007E040208DF86D0003E080208DF86D0097
:101BA000FFE7C4E11D98006845F20001C4F200019E
:101BB00088422ED1FFE744F25440C5F60200006887
:101BC00000F0070001460C9105281DD80C99DFE8AC
:101BD00001F003070B0F131700208DF86D0017E0BD
:101BE00004208DF86D0013E008208DF86D000FE0E3
:101BF00010208DF86D000BE020208DF86D0007E0BF
:101C000040208DF86D0003E080208DF86D00FFE727
:101C10008CE11D98006841F20041C4F20101884244
:101C200040F04180FFE744F25440C5F602000068EE
:101C300000F0380001460B9128282FD80B99DFE8D7
:101C400001F0152D2D2D2D2D2D2D192D2D2D2D2D59
:101C50002D2D1D2D2D2D2D2D2D2D212D2D2D2D2DD0
:101C60002D2D252D2D2D2D2D2D2D290001208DF8EB
:101C70006D0017E004208DF86D0013E008208DF84A
:101C80006D000FE010208DF86D000BE020208DF826
:101C90006D0007E040208DF86D0003E080208DF896
:101CA0006D00FFE741E11D98006847F60001C4F2AE
:101CB000000188422ED1FFE744F25440C5F60200ED
:101CC000006800F0070001460A9105281DD80A990E
:101CD000DFE801F003070B0F131700208DF86D00EC
:101CE00017E004208DF86D0013E008208DF86D00DA
:101CF0000FE010208DF86D000BE020208DF86D00B6
:101D000007E040208DF86D0003E080208DF86D0025
:101D1000FFE709E11D98006847F60041C4F20001A1
:101D200088422ED1FFE744F25440C5F60200006815
:101D300000F007000146099105281DD80999DFE840
:101D400001F003070B0F131700208DF86D0017E04B
:101D500004208DF86D0013E008208DF86D000FE071
:101D600010208DF86D000BE020208DF86D0007E04D
:101D700040208DF86D0003E080208DF86D00FFE7B6
:101D8000D1E01D98006841F60001C4F201018842CB
:101D900040F04180FFE744F25440C5F6020000687D
:101DA00000F038000146089128282FD80899DFE86C
:101DB00001F0152D2D2D2D2D2D2D192D2D2D2D2DE8
:101DC0002D2D1D2D2D2D2D2D2D2D212D2D2D2D2D5F
:101DD0002D2D252D2D2D2D2D2D2D290001208DF87A
:101DE0006D0017E004208DF86D0013E008208DF8D9
:101DF0006D000FE010208DF86D000BE020208DF8B5
:101E00006D0007E040208DF86D0003E080208DF824
:101E10006D00FFE786E01D98006841F60041C4F2BE
:101E20000101884240F04180FFE744F25440C5F68A
:101E30000200006800F038000146079128282FD8DA
:101E40000799DFE801F0152D2D2D2D2D2D2D192DA4
:101E50002D2D2D2D2D2D1D2D2D2D2D2D2D2D212DCE
:101E60002D2D2D2D2D2D252D2D2D2D2D2D2D2900DB
:101E700001208DF86D0017E004208DF86D0013E04F
:101E800008208DF86D000FE010208DF86D000BE03C
:101E900020208DF86D0007E040208DF86D0003E0F4
:101EA00080208DF86D00FFE73BE01D98006840F64C
:101EB0000041C5F6000188422ED1FFE744F25840A8
:101EC000C5F60200006800F00700014606910528EB
:101ED0001DD80699DFE801F003070B0F1317022046
:101EE0008DF86D0017E004208DF86D0013E00820D8
:101EF0008DF86D000FE010208DF86D000BE02020B4
:101F00008DF86D0007E040208DF86D0003E0802023
:101F10008DF86D00FFE703E080208DF86D00FFE78E
:101F2000FFE7FFE7FFE7FFE7FFE7FFE7FFE7FFE781
:101F3000FFE7FFE7FFE71D98006840F60041C5F6A0
:101F40000001884240F0B480FFE79DF86D00014633
:101F50000591022814D0FFE70598042814D0FFE764
:101F60000598082816D0FFE70598102818D0FFE735
:101F70000598202835D0FFE70598402837D03AE06B
:101F8000F6F7DEF811903CE015A8F6F7EDF8169894
:101F9000119036E012A8F6F73FFA1398119030E04E
:101FA00044F20040C5F60200006800F02001002065
:101FB000B0EB511F0ED0FFE744F20040C5F602001F
:101FC0000068C0F3C10149F20000C0F2D030C8403F
:101FD000119005E049F20000C0F2D0301190FFE707
:101FE0000FE040F60010C0F23D00119009E04FF400
:101FF0000040119005E00020119001208DF867004D
:10200000FFE71198002852D0FFE711981D994A6AFE
:1020100046F6CC01C0F6020131F81210B0FBF1F027
:10202000189018981D99496801EB4101884207D31F
:10203000FFE718981D994968B0EB013F04D9FFE705
:1020400001208DF8670031E011981D994A680392CC
:102050004A6A46F6CC01C0F6020131F8122000238C
:1020600004931946EEF734FA039A049B090241EAF5
:102070001061000210EB520041F10001EEF728FA66
:102080001A901A98B0F5407F0BD3FFE71A990020F9
:10209000B0EB115F05D1FFE71A981D990968C86078
:1020A00003E001208DF86700FFE7FFE7FFE746E167
:1020B0001D98C069B0F5004F40F0A880FFE79DF87B
:1020C0006D0001460291402800F263800299DFE82A
:1020D00001F021256060296060602F6060606060B1
:1020E000606035606060606060606060606060601B
:1020F00060605660606060606060606060606060EA
:1021000060606060606060606060606060606060CF
:1021100060605C00F7F748FD119040E0F7F758FD6C
:1021200011903CE015A8F6F71FF81698119036E0CC
:1021300012A8F6F771F91398119030E044F20040BC
:10214000C5F60200006800F020010020B0EB511F2E
:102150000ED0FFE744F20040C5F602000068C0F36D
:10216000C10149F20000C0F2D030C840119005E032
:1021700049F20000C0F2D0301190FFE70FE040F6C6
:102180000010C0F23D00119009E04FF400401190A2
:1021900005E00020119001208DF86700FFE71198FD
:1021A00098B3FFE711981D9A5168536A46F6CC021E
:1021B000C0F6020232F81320B0FBF2F0400000EB50
:1021C0005100B0FBF1F01A901A98102818D3FFE7CD
:1021D000BDF86A00A0B9FFE71A9820F00F00ADF82B
:1021E0006E001A9800F00E01BDF86E0040EA510032
:1021F000ADF86E00BDF86E001D990968C86003E077
:1022000001208DF86700FFE7FFE797E09DF86D007C
:1022100001460191402800F263800199DFE801F056
:1022200021256060296060602F6060606060606090
:1022300035606060606060606060606060606060C9
:102240005660606060606060606060606060606098
:10225000606060606060606060606060606060607E
:102260005C00F7F7A1FC119040E0F7F7B1FC11908A
:102270003CE015A8F5F778FF1698119036E012A803
:10228000F6F7CAF81398119030E044F20040C5F612
:102290000200006800F020010020B0EB511F0ED0BA
:1022A000FFE744F20040C5F602000068C0F3C10138
:1022B00049F20000C0F2D030C840119005E049F268
:1022C0000000C0F2D0301190FFE70FE040F60010A0
:1022D000C0F23D00119009E04FF40040119005E07C
:1022E0000020119001208DF86700FFE7119820B3BE
:1022F000FFE711981D9A5168536A46F6CC02C0F662
:10230000020232F81320B0FBF2F000EB5100B0FBF8
:10231000F1F01A901A9810280AD3FFE7BDF86A0066
:1023200030B9FFE7BDF868001D990968C86003E08F
:1023300001208DF86700FFE7FFE7FFE7FFE71D9942
:102340000120A1F86A001D99A1F868001D990020DC
:1023500048671D9988679DF867001EB080BD000022
:1023600080B588B006900591ADF8122005980699C1
:102370008865BDF812000699A1F85C000699002056
:10238000C1F8900006992220C1F88C000698D0F878
:102390008000B0B3FFE70698D0F8801041F2D1106A
:1023A000C0F60100C8630698D0F8801041F2C92039
:1023B000C0F6010008640698D0F8801041F2511070
:1023C000C0F60100C8640698D0F8801000200865A7
:1023D00006980168826DD0F880002431BDF8123073
:1023E000F2F716FB60B1FFE706991020C1F89000E4
:1023F00006992020C1F88C0001208DF81F0042E0D2
:10240000FFE706980069A0B1FFE7FFE7FFE706983E
:10241000006850E8000F40F480700390FFE70399D4
:102420000698026842E800100028F0D1FFE7FFE7B5
:10243000FFE7FFE7FFE70698006850E8020F40F06B
:1024400001000290FFE702990698026842E8021034
:102450000028F0D1FFE7FFE7FFE7FFE706980068F5
:1024600050E8020F40F040000190FFE70199069804
:10247000026842E802100028F0D1FFE7FFE70020E1
:102480008DF81F00FFE79DF81F0008B080BD000019
:1024900080B586B0DDF820C0049003918DF80B2044
:1024A0000193FFE704980068C06903990840401A47
:1024B000B0FA80F040099DF80B10884266D1FFE722
:1024C00008980130002860D0FFE7F4F735FB019948
:1024D000401A0899884203D8FFE7089820B9FFE717
:1024E00003208DF8170055E0049800680068400745
:1024F000002849D5FFE70398802845D0FFE70398D7
:10250000402841D0FFE704980068C06900F0080146
:102510000120B0EBD10F16D1FFE704980168082025
:10252000009008620498FEF7EBFE00980499C1F849
:102530009000FFE70499002081F88400FFE7012064
:102540008DF8170026E004980068C06900F4006167
:102550000120B0EBD12F16D1FFE7049801684FF4AA
:10256000006008620498FEF7CBFE04992020C1F8B1
:102570009000FFE70499002081F88400FFE7032022
:102580008DF8170006E0FFE7FFE78BE700208DF8E6
:102590001700FFE79DF8170006B080BD000000009F
:1025A00080B545F6BC50C2F20040FBF761F880BD33
:1025B00080B545F62850C2F20040FBF759F880BDBF
:1025C00080B586B004908DF80F100498D0F8C8023A
:1025D00001900498D0F8D41200EB8100D0F8C0022A
:1025E00020B9FFE703208DF817005FE00498D0F8CA
:1025F000D41200EB8100D0F8C002029004989DF83C
:102600000F1001F00F0101EB810100EB81008069E7
:1026100040B3FFE704989DF80F1001F00F0101EBA4
:10262000810200EB82008269019801EBC10100EB9D
:102630008100C169B2FBF1F000FB112090B9FFE706
:1026400004989DF80F1001F00F0101EB810100EBE0
:1026500081000023836104989DF80F101A4601F051
:1026600003FE1FE002990020C1F814020498D0F87C
:10267000D41200EB8100D0F8C402006988B1FFE7F2
:102680000498D0F8D41200EB8100D0F8C40203699A
:102690000299D1F8080201F504719DF80F209847BE
:1026A000FFE7FFE700208DF81700FFE79DF8170010
:1026B00006B080BD0000000080B584B002908DF8A7
:1026C00007100298D0F8D41200EB8100D0F8C002B5
:1026D00000900298D0F8D41200EB8100D0F8C0022C
:1026E00020B9FFE703208DF80F0019E002989DF84C
:1026F000071001F029FB0099C1F80C020298D0F8EC
:10270000D41200EB8100D0F8C402C2680099D1F85D
:10271000040201F50371904700208DF80F00FFE7D8
:102720009DF80F0004B080BD80B586B005908DF88F
:102730001310059840F20901C2F200410091097896
:1027400001F016F900990598097801F00F0101EBE5
:10275000810100EB8101002003908884059840F2FC
:102760000A01C2F200410191097801F001F9019AD0
:1027700003980599127802F00F0202EB820201EB36
:102780008201A1F86401059840F20801C2F20041FB
:102790000291097801F0ECF8029A039805991378F0
:1027A00003F00F0303EB830301EB83018884059996
:1027B000127802F00F0202EB820201EB8201C88460
:1027C0000598D0F8D41200EB8100D0F8C002F0B127
:1027D000FFE70598D0F8D41200EB8100D0F8C402CE
:1027E000406880470598D0F8D41200EB8100D0F8FB
:1027F000C00202F0E5F90598D0F8D41200EB81018F
:102800000020C1F8C0020599C1F8BC02FFE7002012
:1028100006B080BD0000000080B584B00290029830
:10282000D0F8D41200EB8100D0F8C00201900198DA
:1028300020B9FFE703208DF80F0025E00298D0F8BB
:10284000D41200EB8100D0F8C402C8B1FFE70198B0
:1028500090F80002FF2813D0FFE70298D0F8D412B6
:1028600000EB8100D0F8C4028368019991F800025E
:1028700091F8012298470199FF2081F80002FFE7B3
:1028800000208DF80F00FFE79DF80F0004B080BD19
:1028900081B0009000990A20088040F24C10C2F2EA
:1028A000004001B07047000080B586B0059040F24E
:1028B0000810C2F200400190822100F019FE01468A
:1028C00001980491012100F013FE01460198039143
:1028D000812100F00DFE0290049820B1FFE70499D9
:1028E00010208871FFE7039820B1FFE7039940208B
:1028F0008880FFE7029820B1FFE702994020888096
:10290000FFE705994320088040F20810C2F200401A
:1029100006B080BD0000000080B586B0059040F292
:102920000810C2F200400190822100F0E1FD014652
:1029300001980491012100F0DBFD0146019803910B
:10294000812100F0D5FD0290049820B1FFE70499A1
:1029500010208871FFE7039828B1FFE703994FF42F
:1029600000708880FFE7029828B1FFE702994FF4D2
:1029700000708880FFE705994320088040F2081026
:10298000C2F2004006B080BD80B586B0059040F22E
:102990000810C2F200400190822100F0A9FD01461A
:1029A00001980491012100F0A3FD014601980391D3
:1029B000812100F09DFD0290049820B1FFE7049969
:1029C00010208871FFE7039820B1FFE703994020AA
:1029D0008880FFE7029820B1FFE7029940208880B5
:1029E000FFE705994320088040F20810C2F200403A
:1029F00006B080BD0000000080B590B00E908DF84C
:102A000037104FF4077002F0DFF80C900C9860B9A3
:102A1000FFE70E98D0F8D41200EB81010020C1F836
:102A2000C00202208DF83F00F0E00C984FF40771CF
:102A3000EDF75FFE0C980E99D1F8D42201EB8201DC
:102A4000C1F8C0020E99D1F8D40201EB8000D0F891
:102A5000C002C1F8BC020E98007C002840D1FFE7FC
:102A60000E9840F20901C2F2004107910978022252
:102A700008924FF40073099301F05AFA0799089AE3
:102A8000099B0E98097801F00F0101EB810100EB21
:102A9000810101200B9088840E9840F20A01C2F255
:102AA00000410A91097801F043FA0A9A0B980E99AD
:102AB000127802F00F0202EB820201EB8201A1F810
:102AC00064010E9840F20801C2F20041097801F059
:102AD0000F0101EB810100EB81011020C8843EE071
:102AE0000E9840F20901C2F20041029109780222D7
:102AF00003924023049301F01BFA0299039A049B6A
:102B00000E98097801F00F0101EB810100EB8101C2
:102B10000120069088840E9840F20A01C2F200411A
:102B20000591097801F004FA059A06980E99127831
:102B300002F00F0202EB820201EB8201A1F86401B4
:102B40000E9840F20801C2F20041097801F00F012D
:102B500001EB810100EB81011020C884FFE70E9892
:102B600040F20801C2F200410091097803220823D3
:102B700001F0DEF900990E98097801F00F0101EBE0
:102B8000810100EB8101012088840C9900200190D3
:102B9000C1F804020E98D0F8D41200EB8100D0F8EE
:102BA000C4020068804701980C99C1F814020C997E
:102BB000C1F818020C98D0F8040220B9FFE70220EF
:102BC0008DF83F0022E00E98007C70B9FFE70E9868
:102BD00040F20A01C2F2004109780C9AD2F80422AC
:102BE0004FF4007301F0CCF90CE00E9840F20A01AA
:102BF000C2F2004109780C9AD2F80422402301F075
:102C0000BFF9FFE700208DF83F00FFE79DF83F0088
:102C100010B080BD0000000080B584B00290029822
:102C2000D0F8D41200EB8100D0F8C00201900298D5
:102C3000D0F8D41200EB8100D0F8C00220B9FFE731
:102C400003208DF80F0022E00298007C70B9FFE7A6
:102C5000029840F20A01C2F200410978019AD2F8C2
:102C600004224FF4007301F08BF90CE0029840F25B
:102C70000A01C2F200410978019AD2F804224023E5
:102C800001F07EF9FFE700208DF80F00FFE79DF8C7
:102C90000F0004B080BD000083B001900091009847
:102CA00020B9FFE703208DF80B000BE00098019995
:102CB000D1F8D42201EB8201C1F8C40200208DF8C2
:102CC0000B00FFE79DF80B0003B070470000000009
:102CD00084B0029001910298D0F8D41200EB8100E8
:102CE000D0F8C0020090009820B9FFE703208DF8CB
:102CF0000F0007E001980099C1F8040200208DF848
:102D00000F00FFE79DF80F0004B0704700000000BF
:102D100085B00390029101920398D0F8D41200EB91
:102D20008100D0F8C0020090009820B9FFE703208E
:102D30008DF813000BE002980099C1F80802019881
:102D40000099C1F8100200208DF81300FFE79DF8EC
:102D5000130005B07047000080B58AB00890079155
:102D60000898D0F8D41200EB8100D0F8C002069089
:102D700000208DF81500ADF812008DF811000698AE
:102D800020B9FFE703208DF82700C7E007980078F7
:102D900000F060000146039100285ED0FFE7039831
:102DA000202840F0AE80FFE70798C088002846D072
:102DB000FFE7079800780006002823D5FFE708986A
:102DC000D0F8D41200EB8100D0F8C4028368079ACF
:102DD00050780699D28898470798C088082803D366
:102DE000FFE70720029003E00798C0880290FFE702
:102DF0000298ADF8160008980699BDF8162000F064
:102E000083F91BE007984078069981F8000207983B
:102E1000C0883F2804D8FFE70798C088019002E0E7
:102E200040200190FFE70198069981F80102089877
:102E3000069991F8012200F037F9FFE70CE00898B5
:102E4000D0F8D41200EB8100D0F8C402836807994F
:102E5000487800229847FFE75BE0079840780146F2
:102E600000910B2844D80099DFE801F00641424266
:102E70004242424242421C32089890F89C02032887
:102E800007D1FFE708980DF11201022200F03CF98A
:102E900007E00898079900F0F7F803208DF8110073
:102EA000FFE72DE0089890F89C02032807D1FFE780
:102EB00008980DF11501012200F026F907E00898A5
:102EC000079900F0E1F803208DF81100FFE717E003
:102ED000089890F89C02032808D0FFE70898079903
:102EE00000F0D2F803208DF81100FFE708E007E0BA
:102EF0000898079900F0C8F803208DF81100FFE743
:102F000007E00898079900F0BFF803208DF811003A
:102F1000FFE79DF811008DF82700FFE79DF82700D7
:102F20000AB080BD0000000080B584B00290029815
:102F3000D0F8D41200EB8100D0F8C002019001203B
:102F40008DF80300019820B9FFE703208DF80F00EA
:102F50002AE00198D0F8140208BBFFE7019901208C
:102F6000C1F814020198D0F81002029A40F2090147
:102F7000C2F200410B7803F00F0303EB830302EB73
:102F80008302906102980978019BD3F80822D3F854
:102F9000103201F069F900208DF80300FFE79DF879
:102FA00003008DF80F00FFE79DF80F0004B080BD0F
:102FB00080B582B001908DF8031000208DF80200DA
:102FC0000198D0F8B8124A689DF80310904720B1D4
:102FD000FFE703208DF80200FFE79DF8020002B032
:102FE00080BD00000000000080B582B0019000911B
:102FF000019890F89C02013802280ED8FFE700984B
:103000004088012808D1FFE701990020C1F8A402F7
:10301000019800F095F8FFE704E00198009900F0AE
:1030200033F8FFE702B080BD82B001908DF8031045
:10303000002002B07047000082B001908DF80310AC
:10304000002002B07047000080B584B00390029168
:1030500001920398029A019B0021009100F090FFD9
:10306000009804B080BD000080B584B00390029148
:1030700001920398029A019B0021009101F0F4F85B
:10308000009804B080BD000080B582B0019000912E
:103090000198802101F094F80198002101F090F846
:1030A00002B080BD0000000080B584B003900291A2
:1030B000019203990320C1F8940201980399C1F881
:1030C000580101980399C1F85C010398029A019B89
:1030D0000021009100F054FF009804B080BD000072
:1030E00080B582B0019001990520C1F89402019841
:1030F0000023009319461A4600F042FF009802B0E0
:1031000080BD00000000000080B584B003900291F3
:10311000019203990220C1F89402019803998861F1
:1031200001980399C8610398029A019B00210091BC
:1031300001F09AF8009804B080BD00000000000083
:1031400080B582B0019001990420C1F894020198E1
:103150000023009319461A4601F086F8009802B041
:1031600080BD00000000000080B584B00390029193
:103170000298C088012805D0FFE703980299FFF75D
:1031800083FF21E0039890F89C12481E01910228C9
:1031900004D3FFE7019803280AD00FE00399002029
:1031A0008860039800F108010122FFF7ADFF0AE0F3
:1031B0000398011D0122FFF7A7FF04E0039802997D
:1031C000FFF762FFFFE7FFE704B080BD00000000EB
:1031D00080B588B0079006910020ADF816000490E5
:1031E0008DF80F000698C0780138014602910E282C
:1031F00000F241810299DFE811F02A003400510009
:103200003E013E010B0123013E013E013E013E0114
:103210003E013E013E010F000798D0F8B402C0699C
:1032200050B1FFE70798D0F8B412CA69007C0DF1DD
:1032300016019047049009E007980699FFF724FFCC
:103240009DF80F0001308DF80F00FFE71DE1079892
:10325000D0F8B4120A68007C0DF116019047049072
:1032600013E10798007C60B9FFE70798D0F8B8022F
:10327000816A0DF116008847049004990220487075
:103280000BE00798D0F8B802C16A0DF11600884724
:103290000490049902204870FFE7F6E006988078D1
:1032A00001460191052800F2A8800199DFE801F0AC
:1032B000031E39546F8A0798D0F8B402406850B1A1
:1032C000FFE70798D0F8B4124A68007C0DF11601A8
:1032D0009047049009E007980699FFF7D5FE9DF8FE
:1032E0000F0001308DF80F00FFE790E00798D0F84D
:1032F000B402806850B1FFE70798D0F8B4128A682A
:10330000007C0DF116019047049009E0079806999A
:10331000FFF7BAFE9DF80F0001308DF80F00FFE7B0
:1033200075E00798D0F8B402C06850B1FFE707987D
:10333000D0F8B412CA68007C0DF1160190470490D1
:1033400009E007980699FFF79FFE9DF80F000130EE
:103350008DF80F00FFE75AE00798D0F8B402006933
:1033600050B1FFE70798D0F8B4120A69007C0DF15C
:1033700016019047049009E007980699FFF784FE2C
:103380009DF80F0001308DF80F00FFE73FE0079830
:10339000D0F8B402406950B1FFE70798D0F8B412F2
:1033A0004A69007C0DF116019047049009E00798E6
:1033B0000699FFF769FE9DF80F0001308DF80F00A8
:1033C000FFE724E00798D0F8B402806950B1FFE726
:1033D0000798D0F8B4128A69007C0DF11601904765
:1033E000049009E007980699FFF74EFE9DF80F003C
:1033F00001308DF80F00FFE709E007980699FFF705
:1034000043FE9DF80F0001308DF80F00FFE73CE010
:103410000798007C48B9FFE70798D0F8B802416BDD
:103420000DF116008847049009E007980699FFF708
:103430002BFE9DF80F0001308DF80F00FFE724E010
:103440000798007C60B9FFE70798D0F8B802016BD5
:103450000DF116008847049004990720487009E090
:1034600007980699FFF710FE9DF80F0001308DF8C0
:103470000F00FFE709E007980699FFF705FE9DF8A2
:103480000F0001308DF80F00FFE79DF80F0008B125
:10349000FFE72AE00698C08818B3FFE7BDF81600DA
:1034A000C8B1FFE7BDF816000699C988884204DA5A
:1034B000FFE7BDF81600009003E00698C088009072
:1034C000FFE70098ADF8160007980499BDF816209C
:1034D000FFF71AFE04E007980699FFF7D5FDFFE70E
:1034E00003E00798FFF72CFEFFE708B080BD00005F
:1034F00080B586B005908DF8131005980390059857
:10350000029000200190029948880978884227DDBE
:10351000FFE702980078ADF80200FFE7BDF802006F
:103520000299498888421ADAFFE703980DF10201EF
:1035300000F036F803900398407805280ED1FFE795
:1035400003980190019880789DF81310884201D16A
:10355000FFE704E000200190FFE7FFE7DEE7FFE779
:10356000019806B080BD000083B0029000208DF865
:10357000070002980090FFE70098007848B1FFE745
:103580009DF8070001308DF8070000980130009089
:10359000F2E79DF8070003B070470000000000004C
:1035A00083B00290019102980090009802780199EE
:1035B000088810440880029800990978084400900F
:1035C000009803B07047000080B582B00190009170
:1035D000019890F89C02013802281FD8FFE7009854
:1035E000C088022805D0FFE701980099FFF74CFD3D
:1035F00019E001990120C8600198D0F8A40230B107
:10360000FFE70199C86840F00200C860FFE7019831
:1036100000F10C010222FFF777FD04E00198009908
:10362000FFF732FDFFE702B080BD000000000000A0
:1036300080B586B005900491039200208DF80B00B0
:10364000059808B9FFE74FE0059801900198FFF74A
:103650008BFF0146022000EB4100B0F5007F04D94A
:10366000FFE74FF40070009008E00198FFF77CFF3F
:103670000146022000EB41000090FFE7009803990B
:1036800008800398007804999DF80B2088549DF8D1
:103690000B0001308DF80B0004999DF80B200320DE
:1036A00088549DF80B0001308DF80B00FFE701985E
:1036B0000078C8B1FFE70198007804999DF80B20C5
:1036C00088540198013001909DF80B0001308DF86D
:1036D0000B0004999DF80B20002088549DF80B00E6
:1036E00001308DF80B00E2E706B080BD000000005D
:1036F00082B08DF8070000208DF806009DF80700C5
:1037000001460091032814D80099DFE801F0020671
:103710000A0E00208DF806000FE003208DF8060049
:103720000BE001208DF8060007E003208DF806006D
:1037300003E003208DF80600FFE79DF8060002B0C5
:10374000704700000000000080B582B08DF80700CF
:1037500000919DF8070060B9FFE7009A47F29400D6
:10376000C0F6020041F2B831C2F20041FFF760FF3B
:103770000BE0009A47F29400C0F6020041F2B83123
:10378000C2F20041FFF754FFFFE741F2B830C2F246
:10379000004002B080BD000082B08DF807000091AB
:1037A00000991220088040F25810C2F2004002B086
:1037B000704700000000000080B582B08DF807005F
:1037C00000919DF8070060B9FFE7009A47F2860074
:1037D000C0F6020041F2B831C2F20041FFF728FF03
:1037E0000BE0009A47F28600C0F6020041F2B831C1
:1037F000C2F20041FFF71CFFFFE741F2B830C2F20E
:10380000004002B080BD000082B08DF8070000913A
:1038100000990420088040F28010C2F2004002B0FB
:10382000704700000000000080B584B08DF80F00E4
:103830000291029A47F29F00C0F6020041F2B831AD
:10384000C2F200410191FFF7F3FE019804B080BD80
:1038500080B582B08DF8070000919DF8070060B92F
:10386000FFE7009A47F2B200C0F6020041F2B83119
:10387000C2F20041FFF7DCFE0BE0009A47F2B20013
:10388000C0F6020041F2B831C2F20041FFF7D0FEAB
:10389000FFE741F2B830C2F2004002B080BD000044
:1038A00080B582B08DF80700009100991A20088039
:1038B000EEF7D2FA40F28410C2F2004002B080BDAE
:1038C00080B584B0029001918DF80320029820B950
:1038D000FFE703208DF80F0023E002990020C1F8D4
:1038E000B8020299C1F8C4020299C1F8D002019845
:1038F00028B1FFE701980299C1F8B402FFE70299E5
:10390000012081F89C029DF803000299087002983A
:1039100000F02AFA8DF802009DF802008DF80F00E1
:10392000FFE79DF80F0004B080BD0000000000001C
:1039300080B582B001908DF8031000208DF8020050
:103940008DF801000198D0F8C8029DF80310F3F734
:1039500023FB8DF802009DF80200FFF7C9FE8DF8E9
:1039600001009DF8010002B080BD000000000000D1
:1039700080B582B001908DF8031000208DF8020010
:103980008DF801000198D0F8C8029DF80310F3F7F4
:10399000AFFA8DF802009DF80200FFF7A9FE8DF83E
:1039A00001009DF8010002B080BD00000000000091
:1039B00080B588B006908DF8171004929DF8170016
:1039C000002874D1FFE70698143003900698D0F8C9
:1039D000940202285DD1FFE703998868C96888428C
:1039E00012D9FFE703998868CA68801A8860069828
:1039F0000499039A9268FFF737FB0698002319464B
:103A00001A4600F0BDFA43E003988168C068884216
:103A10001ED1FFE703994868C968884218D3FFE7B9
:103A2000039840680699D1F89812884210D2FFE7AF
:103A30000698002201921146FFF716FB019B06989B
:103A4000C0F89832069819461A4600F099FA1EE016
:103A5000069890F89C02032811D1FFE70698D0F849
:103A6000B802C06850B1FFE706990020C1F8D4023F
:103A70000698D0F8B812C9688847FFE7FFE70698AC
:103A8000802100F09DFB0698FFF72AFBFFE7FFE788
:103A9000FFE7069890F8A00240B1FFE7069800F013
:103AA00077FC0699002081F8A002FFE740E0069825
:103AB0009DF8171041F08001FFF7B6FA8DF80A0063
:103AC0009DF80A00FF2832D0FFE79DF80A0070BB7E
:103AD000FFE7069890F89C02032827D1FFE7069895
:103AE0009DF80A1000EB8100D0F8B8024069E0B1FF
:103AF000FFE79DF80A000699C1F8D40206989DF8E0
:103B00000A1000EB8101D1F8B8124A699DF817102C
:103B100090478DF80B009DF80B0028B1FFE79DF84A
:103B20000B008DF81F0007E0FFE7FFE7FFE7FFE767
:103B300000208DF81F00FFE79DF81F0008B080BD32
:103B400080B58AB008908DF81F10069200208DF87D
:103B500013009DF81F00002840F08280FFE70898BE
:103B600000F5AA7005900898D0F89402032876D141
:103B7000FFE705998868C96888421DD9FFE705995C
:103B80008868CA68801A886008980290069803902E
:103B900005998868C968884204D2FFE7059880685B
:103BA000019003E00598C0680190FFE7039902982F
:103BB000019AFFF749FA51E0089890F8AA0200F03C
:103BC0001F000146009140B1FFE70098012808D08E
:103BD000FFE7009802280CD013E000208DF81200B7
:103BE00013E0089890F8AE12FFF726FA8DF812004D
:103BF0000BE0089890F8AE12FFF716FA8DF8120055
:103C000003E000208DF81200FFE79DF8120008BBCA
:103C1000FFE7089890F89C0203281AD1FFE708985C
:103C20009DF8121000EB8100D0F8B802006978B15D
:103C3000FFE79DF812000899C1F8D40208989DF892
:103C4000121000EB8101D1F8B81209698847FFE72B
:103C5000FFE7FFE70898FFF773FAFFE7FFE740E0A9
:103C600008989DF81F1001F07F01FFF7DDF98DF82E
:103C700012009DF81200FF2832D0FFE79DF81200D5
:103C800070BBFFE7089890F89C0203281ED1FFE75D
:103C900008989DF8121000EB8100D0F8B8028069F6
:103CA00098B1FFE79DF812000899C1F8D40208986E
:103CB0009DF8121000EB8101D1F8B8128A699DF8C5
:103CC0001F1090478DF81300FFE7FFE79DF81300E2
:103CD00028B1FFE79DF813008DF8270005E0FFE706
:103CE000FFE700208DF82700FFE79DF827000AB0C6
:103CF00080BD00000000000081B00090002001B0F5
:103D0000704700000000000080B582B001900020E4
:103D10008DF803000199012081F89C020198D0F8E8
:103D2000B80268B1FFE70198D0F8B8124A68017983
:103D3000904720B1FFE703208DF80300FFE7FFE77E
:103D40009DF8030002B080BD80B582B001908DF86F
:103D500003100198D0F8C8029DF80310F3F780F91A
:103D600002B080BD0000000080B584B003900398CD
:103D70000078012838D1FFE7039945F2D860C2F2F4
:103D800000400290C0F8E0140399C1F8C802002175
:103D9000C4F204010160092101710222C2710021F3
:103DA000817142728172C17201738173C173017436
:103DB000F3F72AFF18B1FFE7EDF76EFEFFE745F2D4
:103DC000D860C2F20040019080210091F2F7C4FF58
:103DD000009A01980021F2F7CBFF019801214FF4DE
:103DE000BA72F2F7C5FFFFE7002004B080BD000003
:103DF00084B002908DF807100298D0F8C8020090A5
:103E00009DF80700000600280DD5FFE700989DF8F3
:103E1000071001F07F0101EBC10100EB8100807D03
:103E20008DF80F000DE000989DF8071001F07F015C
:103E300001EBC10100EB810090F856028DF80F00F4
:103E4000FFE79DF80F0004B070470000000000007D
:103E500080B584B002908DF807100298D0F8D41283
:103E600000EB8100D0F8B80220B9FFE703208DF8FD
:103E70000F0020E0029890F89C02032817D1FFE77A
:103E80000298D0F8D41200EB8100D0F8B802006A92
:103E900060B1FFE70298D0F8D41200EB8101D1F8AD
:103EA000B8120A6A9DF807109047FFE7FFE7002065
:103EB0008DF80F00FFE79DF80F0004B080BD0000F3
:103EC00080B584B002908DF807100298D0F8D41213
:103ED00000EB8100D0F8B80220B9FFE703208DF88D
:103EE0000F0020E0029890F89C02032817D1FFE70A
:103EF0000298D0F8D41200EB8100D0F8B802406AE2
:103F000060B1FFE70298D0F8D41200EB8101D1F83C
:103F1000B8124A6A9DF807109047FFE7FFE70020B4
:103F20008DF80F00FFE79DF80F0004B080BD000082
:103F300080B584B003908DF80B108DF80A20ADF891
:103F4000083000208DF807008DF806000398D0F89F
:103F5000C8029DF80B10BDF808209DF80A30F3F751
:103F600093F88DF807009DF80700FFF7C1FB8DF867
:103F700006009DF8060004B080BD000000000000AF
:103F800080B586B005908DF813100392029300203F
:103F90008DF807008DF806000598D0F8C8029DF846
:103FA0001310039A029BF3F7E7F88DF807009DF8CA
:103FB0000700FFF79DFB8DF806009DF8060006B090
:103FC00080BD00000000000080B586B00590002094
:103FD0008DF81300059A012182F89C120599C1F809
:103FE0009402059948600599C1F8A402059981F8E1
:103FF000A0020598D0F8B802A0B1FFE70598D0F864
:10400000B802406868B1FFE70598D0F8B8124A686E
:104010000179904720B1FFE703208DF81300FFE7F7
:10402000FFE7FFE705980022019240230393114622
:10403000FFF77EFF019A039B059901200290A1F8EA
:1040400064010598C0F8603105988021FFF770FF82
:1040500002990398059A9184059908629DF81300C6
:1040600006B080BD0000000081B00090009890F87C
:104070009C02042807D1FFE7009890F89D02009960
:1040800081F89C02FFE7002001B0704700000000AB
:1040900080B582B00190019890F89C02032813D15A
:1040A000FFE70198D0F8B80268B1FFE70198D0F8AF
:1040B000B802C06930B1FFE70198D0F8B812C969F9
:1040C0008847FFE7FFE7FFE7002002B080BD000060
:1040D00082B001908DF803109DF8030001990874D7
:1040E000002002B07047000080B582B001908DF8CA
:1040F000031000208DF802008DF801000198D0F81F
:10410000C8029DF80310F3F71FFF8DF802009DF819
:104110000200FFF7EDFA8DF801009DF8010002B0F2
:1041200080BD00000000000080B584B003900291C3
:10413000039800F2AA20029900F0BAF8039901202E
:10414000C1F894020399B1F8B002C1F8980203983B
:1041500090F8AA0200F01F000146009140B1FFE76D
:10416000009801280CD0FFE70098022810D017E033
:10417000039800F2AA2100F067FA8DF8070019E011
:10418000039800F2AA2100F09FFC8DF8070011E0CF
:10419000039800F2AA2100F0BFFA8DF8070009E0A9
:1041A000039890F8AA1201F0800100F009F88DF848
:1041B0000700FFE79DF8070004B080BD0000000085
:1041C00080B582B001908DF8031000208DF80200B8
:1041D0008DF801000198D0F8C8029DF80310F3F79C
:1041E00003F88DF802009DF80200FFF781FA8DF8C0
:1041F00001009DF8010002B080BD00000000000039
:1042000080B582B0019000208DF803008DF8020087
:104210000198D0F8C802F3F7D3FE8DF803009DF89B
:104220000300FFF765FA8DF802009DF8020002B066
:1042300080BD00000000000081B00090009890F860
:104240009C02042807D0FFE7009890F89C02009990
:1042500081F89D02FFE70099042081F89C0200206C
:1042600001B070470000000080B586B005908DF861
:1042700013100392029300208DF807008DF80600BA
:104280000598D0F8C8029DF81310039A029BF3F723
:104290001BF88DF807009DF80700FFF729FA8DF845
:1042A00006009DF8060006B080BD0000000000007A
:1042B00080B584B003900291029801900198007833
:1042C00003990870019801300190019800780399D2
:1042D00048700198013001900198FBF779FD03992E
:1042E00048800198013001900198013001900198B7
:1042F000FBF76EFD039988800198013001900198C9
:10430000013001900198FBF763FD0399C88004B068
:1043100080BD00000000000080B584B002900191D3
:104320000020ADF80200019820B9FFE703208DF8C6
:104330000F0026E001980299C1F8B8020298D0F85F
:10434000D41200EB8100D0F8B802C06A78B1FFE760
:104350000298D0F8D41200EB8100D0F8B802C16AFC
:104360000DF1020088470299C1F8D002FFE70299D7
:10437000D1F8D8020130C1F8D80200208DF80F0022
:10438000FFE79DF80F0004B080BD000000000000B2
:1043900081B00090002001B07047000000000000D4
:1043A00080B584B00390029102988088B8BBFFE783
:1043B0000298C08898BBFFE7029840887F282ED8D3
:1043C000FFE70298807800F07F008DF807000398DF
:1043D00090F89C02032805D1FFE703980299FEF7A5
:1043E00053FE1BE09DF80700039981F89E02039895
:1043F0009DF80710FFF778FE0398FEF7A1FE9DF8E1
:10440000070028B1FFE70399022081F89C0204E02D
:104410000399012081F89C02FFE7FFE704E003987D
:104420000299FEF731FEFFE704B080BD00000000F6
:1044300080B582B001908DF8031000208DF8020045
:104440000198D0F8B80250B1FFE70198D0F8B8123F
:104450000A689DF8031090478DF80200FFE79DF869
:10446000020002B080BD000080B586B004900391C8
:1044700000208DF80B000398817841F2B430C2F22D
:10448000004001700078022808D3FFE704980399E0
:10449000FEF7FAFD03208DF81700A0E0049890F8CD
:1044A0009C0201460191022804D0FFE701980328ED
:1044B0002FD07FE041F2B430C2F20040007818B350
:1044C000FFE741F2B431C2F200410878049A50602B
:1044D00004980978FFF7ACFF8DF80B009DF80B00EE
:1044E00048B1FFE704980399FEF7CEFD0499022036
:1044F00081F89C0207E00498FEF722FE049903204D
:1045000081F89C02FFE703E00498FEF719FEFFE73D
:1045100060E041F2B430C2F20040007898B9FFE7A1
:104520000499022081F89C0241F2B431C2F20041A8
:104530000878049A506004980978FEF739FD0498C9
:10454000FEF7FEFD35E041F2B430C2F200400078E3
:1045500004994968884227D0FFE704980179FEF75B
:1045600027FD41F2B431C2F200410878049A50604C
:1045700004980978FFF75CFF8DF80B009DF80B009D
:1045800068B1FFE704980399FEF77EFD049801796E
:10459000FEF70EFD0499022081F89C0203E00498C6
:1045A000FEF7CEFDFFE703E00498FEF7C9FDFFE745
:1045B000FFE70FE004980399FEF766FD049841F2C7
:1045C000B431C2F200410978FEF7F2FC03208DF805
:1045D0000B00FFE79DF80B008DF81700FFE79DF833
:1045E000170006B080BD000080B582B00190009138
:1045F00000984088012808D1FFE701990120C1F8FF
:10460000A4020198FEF79CFD13E000984088022860
:1046100009D1FFE700984079019981F8A00201983B
:10462000FEF78EFD04E001980099FEF72DFDFFE7EF
:10463000FFE702B080BD000080B582B00190019814
:10464000FFF7DEFD02B080BD80B586B00590049115
:1046500000208DF80F000498007800F060000146FB
:104660000291A8B1FFE70298202804D0FFE7029842
:10467000402846D1FFE70598D0F8D41200EB81011D
:10468000D1F8B8128A68049990478DF80F003DE080
:10469000049840780146019109282CD80199DFE857
:1046A00001F01B252A202A0A052A160F05980499CD
:1046B000FEF78EFD24E005980499FFF771FE1FE0D8
:1046C00005980499FFF7D0FE8DF80F0018E00598C3
:1046D0000499FEF749FD13E005980499FEF774FF6D
:1046E0000EE005980499FFF77FFF09E0059804990B
:1046F000FEF77AFC04E005980499FEF7C5FCFFE795
:1047000004E005980499FEF7BFFCFFE79DF80F0051
:1047100006B080BD0000000080B58CB00B900A91FF
:1047200000208DF821000A9880888DF823000A98CF
:10473000007800F0600001460791B8B3FFE70798E2
:10474000202805D0FFE70798402840F0B281FFE716
:104750000B989DF82310FEF767FC8DF822009DF85A
:104760002200FF2821D0FFE79DF82200E8B9FFE7EB
:104770009DF822000B99C1F8D4020B989DF82210E5
:1047800000EB8100D0F8B802806868B1FFE70B98B1
:104790009DF8221000EB8101D1F8B8128A680A99BD
:1047A00090478DF82100FFE7FFE787E10A984078FE
:1047B00001460691002800F0BD80FFE70698012819
:1047C0004CD0FFE70698032840F06D81FFE70B9877
:1047D00090F89C0201460591022804D0FFE7059855
:1047E000032819D034E09DF8230078B1FFE79DF845
:1047F000230080280AD0FFE70B989DF82310FFF7CD
:10480000DFFC0B988021FFF7DBFC04E00B980A9992
:10481000FEF73AFCFFE720E00A984088A0B9FFE7DE
:104820009DF8230078B1FFE79DF8230080280AD087
:10483000FFE70A98C08830B9FFE70B989DF823106E
:10484000FFF7BEFCFFE7FFE70B98FEF779FC04E0FB
:104850000B980A99FEF718FCFFE729E10B9890F8EE
:104860009C0201460491022804D0FFE70498032823
:1048700019D059E09DF8230078B1FFE79DF8230097
:1048800080280AD0FFE70B989DF82310FFF798FCCB
:104890000B988021FFF794FC04E00B980A99FEF72F
:1048A000F3FBFFE745E00A984088E0BBFFE79DF88F
:1048B0002300400630B1FFE70B989DF82310FFF767
:1048C00037F8FFE70B98FEF73BFC0B989DF8231099
:1048D000FEF7AAFB8DF822009DF82200FF2821D0C8
:1048E000FFE79DF82200E8B9FFE79DF822000B9949
:1048F000C1F8D4020B989DF8221000EB8100D0F88B
:10490000B802806868B1FFE70B989DF8221000EBB1
:104910008101D1F8B8128A680A9990478DF8210070
:10492000FFE7FFE7FFE704E00B980A99FEF7ACFB0F
:10493000FFE7BDE00B9890F89C0201460391022826
:1049400004D0FFE70398032838D0A6E09DF82300A1
:1049500050B1FFE79DF82300802805D0FFE70B98B2
:104960000A99FEF791FB9DE09DF8230000060028C0
:104970000CD5FFE70B989DF8231001F07F0101EBA8
:10498000810100EB8100143002900CE00B989DF83F
:10499000231001F07F0101EB810100EB810000F5A4
:1049A000AA700290FFE70298099009990020086018
:1049B0000B9809990222FEF7A7FB73E09DF82300EC
:1049C0000006002812D5FFE70B989DF8231001F090
:1049D0000F0101EB810100EB8100808C28B9FFE71A
:1049E0000B980A99FEF750FB5CE012E00B989DF8DB
:1049F000231001F00F0101EB810100EB8100B0F801
:104A0000640128B9FFE70B980A99FEF73DFB49E0DE
:104A1000FFE79DF82300000600280CD5FFE70B9860
:104A20009DF8231001F07F0101EB810100EB810073
:104A3000143001900CE00B989DF8231001F07F01D9
:104A400001EB810100EB810000F5AA700190FFE706
:104A5000019809909DF8230028B1FFE79DF82300F5
:104A6000802804D1FFE70999002008600FE00B9827
:104A70009DF82310FFF7BCF920B1FFE70999012049
:104A8000086003E0099900200860FFE7FFE70B9842
:104A900009990222FEF738FB04E00B980A99FEF709
:104AA000F3FAFFE704E00B980A99FEF7EDFAFFE747
:104AB00004E00B980A99FEF7E7FAFFE79DF821005A
:104AC0000CB080BD0000000080B584B0039002915E
:104AD00000208DF807000298007800F06000014681
:104AE000009140B1FFE70098202804D0FFE700982C
:104AF00040285AD1FFE7039890F89C020138022819
:104B00004DD8FFE702980079012842D8FFE70398C3
:104B100002990979FEF790FA8DF806009DF80600D3
:104B2000FF2825D0FFE79DF8060008BBFFE70398A4
:104B30009DF8061000EB8100D0F8B802806890B1B3
:104B4000FFE79DF806000399C1F8D40203989DF889
:104B5000061000EB8101D1F8B8128A6802999047DB
:104B60008DF8070003E003208DF80700FFE703E05E
:104B700003208DF80700FFE70298C08840B9FFE7DF
:104B80009DF8070020B9FFE70398FEF7D9FAFFE781
:104B900004E003980299FEF777FAFFE704E0039830
:104BA0000299FEF771FAFFE704E003980299FEF715
:104BB0006BFAFFE79DF8070004B080BD000000001D
:104BC00081B0009001B0704781B0009041F2B850C0
:104BD000C2F2004001B0704784B003900291039884
:104BE000019002980078009002984078012830D116
:104BF000FFE70298007800F00F01012000FA01F2AF
:104C00000199D1F81C081043C1F81C0801980099BB
:104C100000EB4110D0F800090004002818D4FFE789
:104C2000029988686FF3DF20097940EA8140009A91
:104C300040EA8250019901EB4211D1F8002910435A
:104C400048F20002C1F200021043C1F80009FFE778
:104C50002EE00298007800F00F01012000FA01F226
:104C60000199D1F81C0840EA0240C1F81C080198DB
:104C7000009900EB4110D0F8000B0004002816D476
:104C8000FFE7029988686FF3DF20097940EA8140E5
:104C90000199009A01EB4211D1F8002B104348F220
:104CA0000002C1F200021043C1F8000BFFE7FFE76A
:104CB000002004B07047000082B00190019800907D
:104CC0000099D1F8000940F2FF729043C1F8000941
:104CD0000099D1F8040840F48070C1F8040800205D
:104CE00002B070470000000080B58AB0DDF830C027
:104CF000CDF814C00493039202919DF814108DF81E
:104D000024100299039A049B08930792069101903C
:104D10009DF81D00012823D1FFE70199886B20F43D
:104D2000803088630199C8684FF6BF72CFF6BD72B4
:104D30001040C8600199C86820F44010C8609DF810
:104D40002400012806D1FFE70199C86840F48010CB
:104D5000C860FFE7019800F03FF88DF803001AE003
:104D60000199C86840F04000C860019800F034F82C
:104D70008DF803009DF8210030B9FFE70199886B99
:104D800040F48030886305E00199886B20F480301E
:104D90008863FFE7FFE79DF81A00012816D1FFE7B7
:104DA0000199C86D80B2C8650199C86D0022C0F232
:104DB000EE321043C8650199886840F006008860AB
:104DC0000199886840F020008860FFE79DF80300A3
:104DD0000AB080BD0000000083B001900020009068
:104DE000FFE70098013000900098B0F1706F04D98F
:104DF000FFE703208DF80B0026E0FFE7019800692C
:104E0000C00F0028EDD0FFE700200090019908694D
:104E100040F001000861FFE7009801300090009821
:104E2000B0F1706F04D9FFE703208DF80B000BE0A1
:104E3000FFE70198006900F001000128ECD0FFE7CE
:104E400000208DF80B00FFE79DF80B0003B07047C2
:104E500084B003900291039801900298007800902A
:104E600002984078012845D1FFE70198009900EBAE
:104E70004110D0F80009C00FA8B1FFE701980099D0
:104E800000EB4111D1F8000940F00060C1F80009C1
:104E90000198009900EB4111D1F8000940F08040E1
:104EA000C1F80009FFE70298007800F00F01012027
:104EB00000FA01F3019AD2F83C189943C2F83C1861
:104EC0000299097801F00F0100FA01F20199D1F875
:104ED0001C089043C1F81C080198009900EB41118F
:104EE000D1F8000947F60002CEF633421040C1F86F
:104EF000000946E00198009900EB4110D0F8000B42
:104F0000C00FA8B1FFE70198009900EB4111D1F85B
:104F1000000B40F00060C1F8000B0198009900EB15
:104F20004111D1F8000B40F08040C1F8000BFFE7C1
:104F30000298007800F00F01012000FA01F3019AB5
:104F4000D2F83C1821EA0341C2F83C1802990978CA
:104F500001F00F0100FA01F20199D1F81C0820EAD2
:104F60000240C1F81C080198009900EB4111D1F8EA
:104F7000000B47F60002CEF6F3721040C1F8000BAA
:104F8000FFE7002004B0704782B0019001980090C4
:104F90000099D1F8000E20F00300C1F8000E00992E
:104FA000D1F8040820F00200C1F80408002002B083
:104FB000704700000000000082B00190019800904E
:104FC0000099D1F8000E20F00300C1F8000E0099FE
:104FD000D1F8040840F00200C1F80408002002B033
:104FE000704700000000000080B58CB0DDF838C0CC
:104FF000CDF81CC00693059204919DF81C108DF805
:105000002C100499059A069B0A9309920891039023
:1050100000208DF80B00039901910090FFE70098A4
:105020000E280CD8FFE70398009900EB81010020BF
:10503000C1F80401FFE7009801300090EFE79DF808
:105040002A00B8B9FFE70199D1F8040840F002003E
:10505000C1F804080399886B20F400108863039951
:10506000086840F0400008600399086840F080003C
:10507000086005E00399886B40F400108863FFE73F
:1050800001990020C1F8000E9DF8250001280FD1DC
:10509000FFE79DF8230028B9FFE70398002100F0FF
:1050A00097FE04E00398012100F092FEFFE704E080
:1050B0000398032100F08CFEFFE70398102100F015
:1050C000AFFC20B1FFE701208DF80B00FFE703984C
:1050D00000F06AFC20B1FFE701208DF80B00FFE72C
:1050E00001990020C1F810080199C1F8140801992C
:1050F000C1F81C080090FFE700989DF82010884236
:105100003BD2FFE70198009900EB4110D0F800096D
:10511000C00FB0B1FFE7009848B9FFE701980099C8
:1051200000EB41114FF00060C1F8000908E0019860
:10513000009900EB41114FF09040C1F80009FFE7E2
:1051400007E00198009900EB41110020C1F8000927
:10515000FFE70198009900EB41110020C1F8100908
:105160000198009900EB41114FF67F30C1F8080912
:10517000FFE7009801300090BEE700200090FFE7B5
:1051800000989DF8201088423BD2FFE701980099D3
:1051900000EB4110D0F8000BC00FB0B1FFE7009852
:1051A00048B9FFE70198009900EB41114FF000600A
:1051B000C1F8000B08E00198009900EB41114FF095
:1051C0009040C1F8000BFFE707E00198009900EB61
:1051D00041110020C1F8000BFFE70198009900EB96
:1051E00041110020C1F8100B0198009900EB41110A
:1051F0004FF67F30C1F8080BFFE7009801300090B0
:10520000BEE70199D1F8100820F48070C1F81008A9
:1052100003990020886103996FF0804048619DF8F0
:10522000220030B9FFE70399886940F010008861D7
:10523000FFE70399886943F60002C8F23C02104375
:1052400088619DF8260030B1FFE70399886940F036
:1052500008008861FFE79DF82A00012808D1FFE7D0
:10526000039988690422C4F2000210438861FFE7B1
:105270009DF80B000CB080BD81B00090009988684B
:1052800020F001008860002001B07047000000009D
:1052900086B004908DF80F10029204980190049843
:1052A000006C0090009843F20B01C4F654718842E0
:1052B0000BD3FFE70198D0F8000BC00F20B1FFE738
:1052C00000208DF817002EE0FFE701990020C1F8BB
:1052D000100B0199D1F8100B40F40020C1F8100B0D
:1052E0000199D1F8100B40F01800C1F8100B01998A
:1052F000D1F8100B40F0C040C1F8100B9DF80F0022
:1053000001280CD1FFE702980199C1F8140B01990B
:10531000D1F8000B40F08020C1F8000BFFE700201F
:105320008DF81700FFE79DF8170006B070470000E2
:1053300084B0039002910398019002980078009045
:1053400002984078012820D1FFE70198009900EBEE
:105350004111D1F8000920F40010C1F800090298A9
:105360000079032805D0FFE70298007902280BD1C5
:10537000FFE70198009900EB4111D1F8000940F0D6
:105380008050C1F80009FFE71FE00198009900EB89
:105390004111D1F8000B20F40010C1F8000B029865
:1053A0000079032805D0FFE70298007902280BD185
:1053B000FFE70198009900EB4111D1F8000B40F094
:1053C0008050C1F8000BFFE7FFE7002004B07047F2
:1053D00084B00390029103980190029800780090A5
:1053E00002984078012822D1FFE70198009900EB4C
:1053F0004110D0F80009C00F70B9FFE7009858B10C
:10540000FFE70198009900EB4111D1F8000920F065
:105410008040C1F80009FFE70198009900EB4111B5
:10542000D1F8000940F40010C1F8000921E001980A
:10543000009900EB4110D0F8000BC00F70B9FFE7E6
:10544000009858B1FFE70198009900EB4111D1F89D
:10545000000B20F08040C1F8000BFFE70198009995
:1054600000EB4111D1F8000B40F40010C1F8000B23
:10547000FFE7002004B0704780B588B00790069120
:105480008DF81720079804900698007803900698E6
:105490004078012840F02481FFE706980069F8B9B8
:1054A000FFE70498039900EB4111D1F810096FF35D
:1054B000DC40C1F810090498039900EB4111D1F8C0
:1054C000100940F40020C1F810090498039900EB7A
:1054D0004111D1F810096FF31200C1F8100971E001
:1054E0000498039900EB4111D1F810096FF31200F1
:1054F000C1F810090498039900EB4111D1F8100983
:105500006FF3DC40C1F810090398A8B9FFE70698CB
:1055100081680069884204D9FFE7069988680861B4
:10552000FFE70498039900EB4111D1F8100940F40A
:105530000020C1F8100937E0069881680069084426
:105540000138B0FBF1F0ADF80A00BDF80A100020F8
:10555000C1F6F87000EAC1420498039900EB4111CA
:10556000D1F810091043C1F81009069800790128F4
:1055700019D1FFE70498039900EB4111D1F8100904
:1055800020F0C040C1F81009BDF80A0000F0030285
:105590000498039900EB4111D1F8100940EA4270D8
:1055A000C1F81009FFE7FFE7069802696FF3DF42D1
:1055B0000498039900EB4111D1F810091043C1F888
:1055C0001009FFE79DF8170001283BD1FFE7069877
:1055D000C06948B1FFE70698C0690499039A01EBD6
:1055E0004211C1F81409FFE70698007901281ED17D
:1055F000FFE70498D0F80808C00500280BD4FFE79F
:105600000498039900EB4111D1F8000940F00050D3
:10561000C1F800090AE00498039900EB4111D1F8A0
:10562000000940F08050C1F80009FFE7FFE7049847
:10563000039900EB4111D1F8000940F00440C1F892
:1056400000094CE00498039900EB4111D1F80009DE
:1056500040F00440C1F8000906980079012813D0F1
:10566000FFE70698006970B1FFE70698007800F040
:105670000F01012000FA01F20499D1F83408104317
:10568000C1F83408FFE729E00498D0F80808C005FD
:1056900000280BD4FFE70498039900EB4111D1F8DF
:1056A000000940F00050C1F800090AE0049803998D
:1056B00000EB4111D1F8000940F08050C1F8000919
:1056C000FFE70798069BD9681A781B8A9DF817C0D0
:1056D000EE46CEF800C000F06FFCFFE7FFE7C4E045
:1056E0000498039900EB4111D1F8100B6FF31200ED
:1056F000C1F8100B0498039900EB4111D1F8100B7D
:105700006FF3DC40C1F8100B039818BBFFE7069855
:10571000006920B1FFE7069988680861FFE70699EC
:10572000886808620698026A6FF3DF42049803995A
:1057300000EB4111D1F8100B1043C1F8100B049885
:10574000039900EB4111D1F8100B40F40020C1F88F
:10575000100B49E006980069C0B9FFE70698826817
:105760006FF3DF420498039900EB4111D1F8100B5D
:105770001043C1F8100B0498039900EB4111D1F8C4
:10578000100B40F40020C1F8100B2CE00698816843
:10579000006908440138B0FBF1F0ADF80A00069941
:1057A0008868BDF80A2050430862BDF80A1000203E
:1057B000C1F6F87000EAC1420498039900EB411168
:1057C000D1F8100B1043C1F8100B0698026A6FF362
:1057D000DF420498039900EB4111D1F8100B1043FC
:1057E000C1F8100BFFE7FFE79DF8170001280ED165
:1057F000FFE70698C06848B1FFE70698C0680499BB
:10580000039A01EB4211C1F8140BFFE7FFE706987A
:10581000007901281ED1FFE70498D0F80808C005D8
:1058200000280BD4FFE70498039900EB4111D1F84D
:10583000000B40F00050C1F8000B0AE004980399F7
:1058400000EB4111D1F8000B40F08050C1F8000B83
:10585000FFE7FFE70498039900EB4111D1F8000B33
:1058600040F00440C1F8000BFFE7002008B080BD05
:1058700085B004900391002002908DF807000498F1
:1058800000900398407801283ED1FFE700980399E3
:10589000097800EB4110D0F80009C00F98B3FFE77A
:1058A00000980399097800EB4111D1F8000940F004
:1058B0000060C1F8000900980399097800EB4111D4
:1058C000D1F8000940F08040C1F80009FFE70298D4
:1058D00001300290029842F21171884204D3FFE72E
:1058E00001208DF807000DE0FFE700980399097883
:1058F00000EB4110D0F8000900F00040B0F1004F7B
:10590000E5D0FFE7FFE73DE000980399097800EB59
:105910004110D0F8000BC00F98B3FFE7009803992F
:10592000097800EB4111D1F8000B40F00060C1F89C
:10593000000B00980399097800EB4111D1F8000B96
:1059400040F08040C1F8000BFFE702980130029060
:10595000029842F21171884204D3FFE701208DF8CA
:1059600007000DE0FFE700980399097800EB41106C
:10597000D0F8000B00F00040B0F1004FE5D0FFE799
:10598000FFE7FFE79DF8070005B070470000000043
:1059900081B000900099886840F001008860002084
:1059A00001B070470000000083B00190002000901B
:1059B000FFE70098013000900098B0F1706F04D9B3
:1059C000FFE703208DF80B0024E0FFE70198006952
:1059D000C00F0028EDD0FFE70020009001991020B3
:1059E0000861FFE70098013000900098B0F1706FF7
:1059F00004D9FFE703208DF80B000BE0FFE70198C7
:105A0000006900F010001028ECD0FFE700208DF8AE
:105A10000B00FFE79DF80B0003B07047000000008B
:105A200084B00290019100200090FFE700980130BF
:105A300000900098B0F1706F04D9FFE703208DF853
:105A40000F0026E0FFE702980069C00F0028EDD0A4
:105A5000FFE7002000900198800120300299086142
:105A6000FFE70098013000900098B0F1706F04D902
:105A7000FFE703208DF80F000BE0FFE702980069B5
:105A800000F020002028ECD0FFE700208DF80F0068
:105A9000FFE79DF80F0004B0704700000000000011
:105AA00084B00390039802900298D0F8080800F0A0
:105AB00006000090009820B9FFE700208DF807004D
:105AC00010E00098022804D0FFE70098062804D1CF
:105AD000FFE702208DF8070003E00F208DF8070094
:105AE000FFE7FFE79DF8070004B0704700000000E3
:105AF00081B000900098406900F0010001B070474B
:105B000082B00190009100980199486602B07047F8
:105B100083B00290029801900198D0F81808009084
:105B20000198D0F81C18009808400090BDF80000BB
:105B300003B070470000000083B00290029801900B
:105B40000198D0F8180800900198D0F81C18009817
:105B500008400090BDF8020003B07047000000004C
:105B600086B005908DF81310059803900398D0F82F
:105B7000100801900398D0F83408009000989DF820
:105B8000131001F00F01C84000F00101019840EA34
:105B9000C110019003989DF8131000EB4110D0F84C
:105BA0000809019908400290029806B07047000069
:105BB00084B003908DF80B100398019001989DF824
:105BC0000B1000EB4110D0F8080B00900198D0F8B2
:105BD0001418009808400090009804B07047000026
:105BE00082B0019001984069009001988169009805
:105BF00008400090009802B07047000000000000CC
:105C000089B008900791ADF81A2008980590079878
:105C10000490BDF81A0080080190BDF81A0000F049
:105C20000300ADF8020000200290FFE702980199FE
:105C3000884217D2FFE705984FF4805140580499E5
:105C4000086004980130049004980130049004988E
:105C500001300490049801300490FFE7029801306D
:105C60000290E3E7BDF8020008B3FFE700200290CE
:105C700005984FF4805140580390FFE703989DF832
:105C80000810C900C84004990870029801300290B9
:105C9000049801300490BDF802000138ADF802000C
:105CA000FFE7BDF802000028E8D1FFE7FFE704980E
:105CB00009B070470000000080B586B004908DF8F0
:105CC0000F10002002900499C86820F0C040C860FE
:105CD0009DF80F00012823D1FFE70499C86840F020
:105CE0000050C860FFE70A20EFF716FA02980A3062
:105CF0000290FFE70498FFF7FBFE01460020012910
:105D0000019007D0FFE702990020C82938BF012081
:105D10000190FFE70198C0070028E4D1FFE72AE0DF
:105D20009DF80F0010BBFFE70499C86840F0804061
:105D3000C860FFE70A20EFF7EFF902980A300290F7
:105D4000FFE70498FFF7D4FE01460020009039B128
:105D5000FFE702990020C82938BF01200090FFE723
:105D60000098C0070028E5D1FFE703E001208DF887
:105D700017000CE0FFE70298C82804D1FFE70120D4
:105D80008DF8170003E000208DF81700FFE79DF85D
:105D9000170006B080BD000083B002908DF8071098
:105DA000029800900099D1F8000820F4FE60C1F834
:105DB00000089DF8070000F07F020099D1F8000864
:105DC00040EA0210C1F80008002003B0704700004C
:105DD00083B002908DF80710029800909DF807207C
:105DE0000099D1F800081043C1F80008002003B062
:105DF000704700000000000084B0039002918DF80D
:105E000007209DF80700022840F0B880FFE70298BD
:105E10004AF6C041C0F2D80188420BD3FFE702988E
:105E20004EF2BF11C0F2E401884203D8FFE70F2011
:105E30000090A2E002984EF2C011C0F2E401884244
:105E40000BD3FFE7029842F2FF31C0F2F40188421F
:105E500003D8FFE70E2000908EE0029842F2004146
:105E6000C0F2F40188420BD3FFE7029847F27F317A
:105E7000C0F20611884203D8FFE70D2000907AE0B7
:105E8000029847F28031C0F2061188420BD3FFE737
:105E9000029844F69F11C0F21A11884203D8FFE716
:105EA0000C20009066E0029844F6A011C0F21A118E
:105EB00088420BD3FFE7029842F6FF41C0F231114E
:105EC000884203D8FFE70B20009052E0029842F688
:105ED0000051C0F2311188420BD3FFE702984AF219
:105EE0003F41C0F24C11884203D8FFE70A200090DE
:105EF0003EE002984AF24041C0F24C1188420BD376
:105F0000FFE7029843F2FF51C0F26E11884203D8B6
:105F1000FFE7092000902AE0029843F20061C0F2F6
:105F20006E1188420BD3FFE702984AF61F31C0F288
:105F3000A611884203D8FFE70820009016E00298D7
:105F40004AF62031C0F2A61188420BD3FFE702982F
:105F500044F2FF71C0F2E811884203D8FFE707203E
:105F6000009002E006200090FFE7FFE7FFE7FFE771
:105F7000FFE7FFE7FFE7FFE7FFE70AE09DF807001D
:105F800018B9FFE70920009002E009200090FFE720
:105F9000FFE70399C86820F47050C860009800F0CB
:105FA0000F020399C86840EA8220C860002004B04C
:105FB000704700000000000080B588B084460A9851
:105FC000CDF81CC006918DF81720ADF814308DF86F
:105FD000130007980390069802909DF8130048BBA1
:105FE000FFE7BDF814000330800801900020009006
:105FF000FFE70098019988421BD2FFE702980068EA
:1060000003999DF8172001EB02314FF4805288501C
:1060100002980130029002980130029002980130FB
:106020000290029801300290FFE700980130009042
:10603000DFE7FFE7002008B080BD0000000000009F
:10604000FFE7FEE70000000080B50EF081FD0EF0D6
:1060500047FE80BD0000000080B50EF0C9FD0EF0C7
:106060005FFE0EF08DFE80BD80B50EF099FD0EF046
:1060700047FE80BD0000000080B50EF0E1FD0EF08F
:106080005FFE80BD0000000080B50EF001FE0EF046
:1060900067FE0EF081FE80BD7047826812B1014636
:1060A000012010477047F0B5ADF5397D64AF064665
:1060B000384614460D46EAF71BFC02A9384632461C
:1060C0002B46F5607461009402F026FD02200DF568
:1060D000397DF0BD80B58AB069460EF05AFF02994D
:1060E000002818BF002108460AB080BD80B58AB0DC
:1060F00069460EF04EFF0099002818BF002108469F
:106100000AB080BD70B5ADF5407D62AD044628464D
:10611000EAF7EEFB00206E46E060304629460EF0BE
:106120005CFFB6A930460EF034FF18B103200DF520
:10613000407D70BD6D46B6AEB99B5BB1B698BB995C
:10614000BE9A2165C4E91202002021462A469847DA
:10615000082806D1284631460EF01BFF0028EBD058
:10616000E4E7062802D00928E1D0DFE762A8694603
:106170002246002302F094FB0220D8E710B5ADF5CB
:10618000387D044664A8EAF7B3FBE3683BB964A82A
:1061900002A92246012302F083FBEAF79EFBD4F812
:1061A00014C064A802A92246CDF800C002F0B4FCD5
:1061B000EAF793FB70B5049C16460529054616D0F0
:1061C000012908D059BB0F2E4FF0020013D893B904
:1061D0002846314612E003F0FB0001280AD1012BCA
:1061E00014D10F2E06D828460EF024FF10E056EAF0
:1061F000030001D0022070BD28468F2122460EF0F8
:10620000D6FE002818BF0120400070BD1F2EF1D817
:1062100006F58071284622460EF0A4FEF1E7EAF763
:106220005CFB00002DE9F04F81B09A42044680F0FB
:10623000E88098468A460025EB46202682F0030037
:106240001AF90000571C00285FFA80F90ED4204686
:106250000D215A460EF0ABFE0098B9F1400F4FEAFF
:10626000890125D20844021D26E000BFA9F1800063
:106270000009052800F2D380DFE800F00362404DFA
:10628000246E474580F0CB8087F003014FEA093048
:106290001AF8011080B250EA011300F0C08009F032
:1062A0000800971C45EAD005204600211A4630E038
:1062B00001F0FC01401A021F009220460D210EF051
:1062C000D7FE57E009F0FE00C82840F0A88087F00C
:1062D00003001AF80010A9F1C800B0FA80F04009D4
:1062E0000B0943EA001001F00F0143181F2B00F2C5
:1062F000968041EA0040971C421C36E009F00700F6
:1063000006FA00F0103809F0080140EAC1222046E0
:10631000002100232CE0A9F1B001072958D8092059
:10632000DFE801F06D04315D2D7A7A7A474573D24A
:1063300087F003001AF800300F2B70D8971CB3E7D2
:1063400009F00D000D286AD009F00F0120465A46C9
:106350000EF02DFE009AB0E75FEA09705FD40121CC
:1063600009F00700C0F20801421820460121052368
:1063700000F058F847453A46FFF460AF3FE020464A
:1063800005210022C5E7A94600260020474546D240
:1063900087F003011AF901107D1C01F07F02824091
:1063A0001643073000292F46F0D420460D215A46C7
:1063B0000EF0FDFD00980D2100EB860000F5017246
:1063C000204600920EF054FE2F464D462026D1E77F
:1063D000012109F00700C0F2080142180BE087F024
:1063E00003001AF80000971C00F00F0100F0F00005
:1063F00041EA0030421C204601210123B8E7E807AA
:1064000009D16A4620460E210EF0D1FD009A2046A1
:106410000F210EF02DFE082001B0BDE8F08F0920FD
:10642000FAE700002DE9F04186B01E461546052921
:1064300004465CD001292FD000297DD1002E5FD1E8
:1064400002AA20460D210EF0B2FD002858D10027E7
:106450000DF11408002600BF25FA06F0C00714D07D
:106460000298324650F8041B002302900591204602
:106470000021CDF8008000F061F8002840D1A6F19D
:106480000D00B0FA80F0400907430136102EE3D129
:10649000F80747D0002034E006F0FB0001282FD198
:1064A00005AA20460D210EF082FD48BBA8B2C0B15E
:1064B0002F0C00EB15450DF1080800BF05983A4672
:1064C00000F10801059103C83346CDE902012046D9
:1064D0000121CDF8008000F031F888B90137AF42D2
:1064E000ECD3012E1CD10598021D05921BE055EA44
:1064F000060005D102AA20460D210EF058FD18B164
:10650000022006B0BDE8F081029A204652F8045BF2
:106510000D2102920EF0ACFD20468F212A4604E0A8
:10652000059A00E0029A20460D210EF0A1FD0028F8
:1065300018BF01204000E4E7EAF7CFF970B5049EE8
:1065400015460529044617D0012909D069BB0F2D2E
:106550004FF0020014D89BB932682046294613E058
:1065600003F0FB0001280AD1012B14D10F2D06D80E
:1065700020460EF05FFD10E055EA030001D0022036
:1065800070BD326820468F210EF072FD002818BFC2
:106590000120400070BD1F2DF1D8D6E9002305F57C
:1065A000807120460EF049FDF0E7EAF796F9000009
:1065B00080B584B0039041F20400CEF20000006880
:1065C0000290029803990968401A00EE100AB8EE8A
:1065D000400A40F26440C2F2004090ED001AB8EE6A
:1065E000411A80EE010A8DED010A029803990860B4
:1065F00002F0AAF99DED010A04B080BD0000000080
:1066000083B002908DED010ACDED000A029890ED65
:10661000000A9DED011AB4EE410AF1EE10FA04DA17
:10662000FFE70198029908600FE0029890ED000AD8
:106630009DED001AB4EE410AF1EE10FA04DDFFE719
:10664000009802990860FFE7FFE703B07047000079
:1066500082B00190ADF80210ADF8002001980088DA
:10666000BDF80210884205DAFFE7BDF80200019983
:1066700008800CE001980088BDF80010884205DD14
:10668000FFE7BDF8000001990880FFE7FFE702B0CF
:10669000704700000000000085B004908DF80F10D6
:1066A000049845F2E841C2F2004188423FD1FFE739
:1066B0009DF80F00013801460191072836D801994D
:1066C000DFE801F0040A10161C22282E40F2982060
:1066D000C2F20040029029E040F2A020C2F2004045
:1066E000029023E040F2A820C2F2004002901DE098
:1066F00040F2B020C2F20040029017E040F2B82011
:10670000C2F20040029011E040F2C020C2F200400C
:1067100002900BE040F2C820C2F20040029005E077
:1067200040F2D020C2F200400290FFE747E0049818
:1067300045F28851C2F2004188423FD1FFE79DF8FF
:106740000F00013801460091072836D80099DFE88C
:1067500001F0040A10161C22282E40F26830C2F202
:106760000040029029E040F27030C2F200400290F6
:1067700023E040F27830C2F2004002901DE040F287
:106780008030C2F20040029017E040F28830C2F23E
:106790000040029011E040F29030C2F200400290BE
:1067A0000BE040F29830C2F20040029005E040F267
:1067B000A030C2F200400290FFE7FFE7FFE7029837
:1067C00005B070470000000086B005908DF81310EA
:1067D000059845F2E841C2F2004188423FD1FFE707
:1067E0009DF81300013801460291072836D8029916
:1067F000DFE801F0040A10161C22282E40F238208F
:10680000C2F20040039029E040F24020C2F2004072
:10681000039023E040F24820C2F2004003901DE0C4
:1068200040F25020C2F20040039017E040F258209E
:10683000C2F20040039011E040F26020C2F200403A
:1068400003900BE040F26820C2F20040039005E0A4
:1068500040F27020C2F200400390FFE775E0059817
:1068600045F28851C2F2004188423FD1FFE79DF8CE
:106870001300013801460191072836D80199DFE855
:1068800001F0040A10161C22282E40F21030C2F229
:106890000040039029E040F21830C2F2004003901B
:1068A00023E040F22030C2F2004003901DE040F2AD
:1068B0002830C2F20040039017E040F23030C2F2BC
:1068C0000040039011E040F23830C2F200400390E3
:1068D0000BE040F24030C2F20040039005E040F28D
:1068E0004830C2F200400390FFE72DE0059845F2E2
:1068F0002861C2F20041884225D1FFE79DF81300CC
:1069000001380146009103281CD80099DFE801F006
:1069100002080E1440F2E030C2F20040039011E091
:1069200040F2E830C2F2004003900BE040F2F03059
:10693000C2F20040039005E040F2F830C2F200409D
:106940000390FFE7FFE7FFE7FFE7039806B0704714
:1069500086B005908DF81310059845F2E841C2F213
:10696000004188425BD1FFE79DF8130001380146E2
:1069700002910A2852D80299DFE801F0060C131A96
:1069800021272E353C42490040F28820C2F20040C7
:10699000039043E040F28820C2F2004002300390AE
:1069A0003CE040F28820C2F200400430039035E021
:1069B00040F28820C2F20040063003902EE040F200
:1069C0007820C2F20040039028E040F28020C2F21A
:1069D00000400230039021E040F28020C2F20040EB
:1069E000043003901AE040F28020C2F200400630EA
:1069F000039013E040F29020C2F2004003900DE0BB
:106A000040F29020C2F200400230039006E040F2D3
:106A10009020C2F2004004300390FFE7C7E00598E1
:106A200045F28851C2F2004188425BD1FFE79DF8F0
:106A300013000138014601910A2852D80199DFE874
:106A400001F0060C131A21272E353C42490040F272
:106A50005830C2F20040039043E040F25830C2F296
:106A60000040023003903CE040F25830C2F2004057
:106A70000430039035E040F25830C2F20040063056
:106A800003902EE040F25030C2F20040039028E024
:106A900040F25030C2F200400230039021E040F258
:106AA0005030C2F20040043003901AE040F25030FF
:106AB000C2F200400630039013E040F26030C2F2B0
:106AC000004003900DE040F26030C2F2004002301E
:106AD000039006E040F26030C2F2004004300390C0
:106AE000FFE763E0059845F22861C2F20041884261
:106AF0005BD1FFE79DF813000138014600910A2899
:106B000052D80099DFE801F0060C131A21272E3520
:106B10003C42490040F20840C2F20040039043E08A
:106B200040F20840C2F20040023003903CE040F2E4
:106B30000840C2F200400430039035E040F20840C3
:106B4000C2F20040063003902EE040F20040C2F254
:106B50000040039028E040F20040C2F200400230C2
:106B6000039021E040F20040C2F200400430039064
:106B70001AE040F20040C2F200400630039013E0F9
:106B800040F21040C2F2004003900DE040F210408D
:106B9000C2F200400230039006E040F21040C2F220
:106BA000004004300390FFE7FFE7FFE7FFE70398AB
:106BB00006B070470000000080B582B000F024F8F5
:106BC00040F6CC00C2F2004090ED000AB8EE400A58
:106BD000818801EE101AB8EEC11A9FED092AA1EEC4
:106BE000020AC08801EE100AB8EEC11A9FED052A0C
:106BF000A1EE020A8DED010A9DED010A02B080BDF1
:106C00006F12833ABD378635B0B586B001F09CFE71
:106C100041F20400CEF200000068059040F27C4092
:106C2000C2F2004001680598002302934FF0FF3C38
:106C30001A46E1FB0C0240F27041C2F200410091A1
:106C40004A6008600868496840F26444C2F200443F
:106C50002268E9F73DFC029B02468C46009942F609
:106C60006020C2F20040C0F804C00260D1F800C049
:106C70004968D0F800E042682468AEFB04E502FBF6
:106C80000452BCEB0E0C61EB020242F66821C2F228
:106C900000410391C1F800C04A60006840F6CC0290
:106CA000C2F20042049210600868496840F26842EB
:106CB000C2F2004201921268E9F70AFCDDF804C052
:106CC000029B049A0146039891800168406892886B
:106CD000DCF800C002FB0CF28A1A60F1000042F6F8
:106CE0007021C2F200410A6048600868496840F2B9
:106CF0006C42C2F200421268E9F7EAFB0499C880CC
:106D000006B0B0BD0000000087B08DED060ACDEDE5
:106D1000050A8DED041A039002919DED060A9DED82
:106D2000052A30EE420A9DED041A31EE421A80EE39
:106D3000010A8DED010A9DED011A02990398091AC5
:106D400000EE101AB8EEC02A00EE100AB8EEC00A23
:106D5000A1EE020ABDEEC00A8DED000A009807B050
:106D6000704700000000000087B006900591049273
:106D70008DED030ACDED020A06980599401A00EE42
:106D8000100AB8EEC00A0498401A01EE100AB8EED4
:106D9000C11A80EE010A8DED010A9DED011A9DEDEB
:106DA000022A9DED030A32EE402AA1EE020A8DED81
:106DB000000A9DED000A07B07047000000000000C7
:106DC00083B0029001918DF80320FFE70198411EE6
:106DD000019198B1FFE79DF8030002994A1C0292C5
:106DE000097848408DF802009DF8021046F674506C
:106DF000C0F60200405C8DF80300E7E79DF8030051
:106E000003B070470000000080B58AB009908DF88B
:106E100023108DF822208DF8213046F2B201C2F203
:106E2000004106910420088046F2B001C2F2004100
:106E3000082008809DF82300099908739DF8220016
:106E4000099948739DF821000999887309990020D0
:106E500008749DF82100E9F7E5FA09994861099855
:106E600040699DF82110E9F722FC069800889DF8FA
:106E700021104843E9F7D6FA0699099A90610998D2
:106E8000806909889DF821205143E9F732FC069872
:106E900000889DF821104843E9F7C4FA0699099A39
:106EA000D0610998C06909889DF821205143E9F70C
:106EB00020FC069800889DF823104843E9F7B2FAB1
:106EC0000699099A10620998006A09889DF823209A
:106ED0005143E9F70EFC9DF82100E9F7A3FA09995F
:106EE00048620998406A9DF82110E9F7E0FB06988E
:106EF00000889DF823104843E9F794FA0699099A07
:106F000010600998006809889DF823205143E9F72B
:106F1000F0FB069800889DF821104843E9F782FAB3
:106F20000699099A50600998406809889DF82120BF
:106F30005143E9F7DEFB069800889DF8221048438C
:106F4000E9F770FA0699099A9060099880680988AB
:106F50009DF822205143E9F7CCFB069800889DF864
:106F600023104843E9F75EFA0699099AC2F8E80047
:106F70000998D0F8E80009889DF823205143E9F7E3
:106F8000B8FB099A02F13000117BD2F8E8300122F7
:106F900007920EF0FFF8069800889DF823104843EA
:106FA000E9F740FA0699099AC2F8EC000998D0F876
:106FB000EC0009889DF823205143E9F79AFB079AD2
:106FC000099B03F13800197BD3F8EC300EF0E2F89E
:106FD0009DF8220010B3FFE746F2B200C2F2004073
:106FE000059000889DF822104843E9F71BFA05999F
:106FF000099AC2F8F0000998D0F8F00009889DF8C5
:1070000022205143E9F775FB099A02F14000517BB8
:10701000D2F8F03001220EF0BDF8FFE746F2B200E0
:10702000C2F20040049000889DF821104843E9F71F
:10703000F9F90499099AC2F8F4000998D0F8F40013
:1070400009889DF821205143E9F753FB099A02F181
:107050004800917BD2F8F43001220EF09BF804989E
:1070600000889DF8231048434843E9F7DBF9049969
:10707000099AC2F8F8000998D0F8F80009889DF834
:10708000232051435143E9F734FB099901F15000A2
:107090000A7BD1F8F83011460EF07CF8049800888D
:1070A0009DF8231048434843E9F7BCF90499099A2D
:1070B000C2F8FC000998D0F8FC0009889DF823204C
:1070C00051435143E9F715FB099901F158000A7B37
:1070D000D1F8FC3011460EF05DF8049800889DF858
:1070E000231048434843E9F79DF901460498099A5B
:1070F000C2F8001100889DF8231048434843E9F77F
:1071000091F90499099AC2F804010998D0F800018C
:1071100009889DF8232051435143E9F7EAFA04997D
:107120000998D0F8040109889DF823205143514360
:10713000E9F7DFFA099901F160000A7BD1F8003123
:1071400011460EF027F8099901F168000A7BD1F881
:10715000043111460EF01EF89DF8220040B3FFE7FF
:1071600046F2B200C2F20040039000889DF823105E
:1071700048439DF822104843E9F754F90399099AC6
:10718000C2F808010998D0F8080109889DF8232061
:1071900051439DF822205143E9F7ABFA099B03F1D3
:1071A0007000197B5A7BD3F808310DF0F3FFFFE72D
:1071B00046F2B200C2F20040019000889DF8211012
:1071C00048439DF823104843E9F72CF901460198FC
:1071D000099AC2F80C1100889DF8231048439DF8C5
:1071E00021104843E9F71EF90199099AC2F81001E4
:1071F0000998D0F80C0109889DF8212051439DF889
:1072000023205143E9F775FA01990998D0F8100144
:1072100009889DF8232051439DF821205143E9F727
:1072200068FA099B03F178001A7B997BD3F80C313B
:107230000DF0B0FF099B03F18000197B9A7BD3F816
:1072400010310DF0A7FF019800889DF823104843E6
:107250004843E9F7E7F80199099AC2F81401099837
:10726000D0F8140109889DF8232051435143E9F7D0
:1072700040FA099901F188000A7BD1F814311146CE
:107280000DF088FF019800889DF82110484348437D
:10729000E9F7C8F80199099AC2F818010998D0F8D5
:1072A000180109889DF8212051435143E9F721FA3B
:1072B000099901F190008A7BD1F8183111460DF03F
:1072C00069FF019800889DF8231048439DF821101C
:1072D0004843E9F7A7F80199099AC2F81C010998EF
:1072E000D0F81C0109889DF8232051439DF82120E6
:1072F0005143E9F7FEF9099B03F19800197B9A7B4A
:10730000D3F81C310DF046FF019800880999097BDC
:1073100048434843E9F786F801460198099AC2F8BC
:10732000201100880999097B48434843E9F77AF816
:1073300001460198099AC2F8241100880999097B2D
:1073400048434843E9F76EF801460198099AC2F8A4
:10735000281100880999097B4843E9F763F8014639
:107360000198099AC2F82C1100880999097B4843B1
:10737000E9F758F80999C1F83001099901F1A0001D
:107380000A7BD1F8203111460DF004FF099901F173
:10739000A8000A7BD1F8243111460DF0FBFE0999B3
:1073A00001F1B0000A7BD1F8283111460DF0F2FE50
:1073B000099A02F1B800117BD2F82C310122029215
:1073C0000DF0E8FE029A099B03F1C000197BD3F887
:1073D00030310DF0DFFE0999002081F8280009996D
:1073E00081F82900099981F82A00099981F82B0070
:1073F000099981F82C000AB080BD0000000000004F
:1074000080B582B00190019890F82A00002872D1CE
:10741000FFE7019901F1780080310EF03FF9019901
:1074200081F8C8000199B1F87800A1F8A800019985
:10743000B1F85A00A1F8AA00019A02F1780002F10D
:107440005801A8320EF014F8019981F8C80001998A
:10745000B1F8A800A1F8B0000199B1F88200A1F834
:10746000B200019A02F1A80002F18001B0320DF0E1
:10747000FFFF019981F8C8000199B1F89000A1F8C7
:10748000A0000199B1F89200A1F8A200019A02F1BE
:10749000B00002F19001A0320DF026FE019981F8B2
:1074A000C800019901F1A000B0310DF077FE0199FB
:1074B00081F8C8000199B1F85800A1F8A800019915
:1074C000B1F88200A1F8AA00019A02F1580002F175
:1074D0008001A8320DF0CCFF019981F8C800019A13
:1074E00002F1A80002F1B00198320DF0C1FF01993C
:1074F00081F8C800FFE702B080BD00000000000076
:1075000080B582B00190ADF80210019942F6483082
:10751000C2F2004000F6C85002F092FA02B080BDFC
:1075200084B002900191ADF80220029828B9FFE7DB
:107530004FF6FF70ADF80E0021E0FFE70198411E05
:107540000191B8B1FFE70298411C029100788DF8D3
:107550000100BDF802109DF801004840C2B246F695
:10756000E400C0F6020030F8120080EA1120ADF805
:107570000200E3E7BDF80200ADF80E00FFE7BDF83A
:107580000E0004B07047000080B582B001900091F9
:10759000019942F64830C2F2004000F6E46004F07F
:1075A0007BF902B080BD000083B002900191ADF87C
:1075B000022003B07047000080B582B00190ADF8A2
:1075C0000210019942F64830C2F2004041F268329E
:1075D000104408F099FF02B080BD000000000000D8
:1075E00080B584B003900291039800F0D9F8039815
:1075F000D0F8CC0030B1FFE70398D0F8CC20029946
:107600009047FFE7039801F06BF80398D0F8D0009B
:1076100030B1FFE70398D0F8D02002999047FFE7F8
:10762000039800F059FF0398D0F8D40030B1FFE779
:107630000398D0F8D42002999047FFE70398007C84
:1076400020B9FFE70398C07B00BBFFE70398FFF773
:10765000D7FE0398D0F8D80030B1FFE70398D0F8F0
:10766000D82002999047FFE7039800F0DDFE0398C9
:10767000D0F8DC0030B1FFE70398D0F8DC200299A5
:107680009047FFE7039800F013FA1BE0039BD3F841
:10769000E800D3F8EC1046F2B202C2F200420092C7
:1076A00012881B7B5A43E8F7D0FF009A039BD3F85C
:1076B000F800D3F8FC1012881B7B5A435A43E8F7B2
:1076C000C4FFFFE70398D0F8E00030B1FFE703986C
:1076D000D0F8E02002999047FFE700208DF80700DE
:1076E000FFE79DF807000399097B88422CDAFFE742
:1076F0000398D0F8F8209DF80710037B11FB0313C3
:1077000002EB830292ED000A006A00EB810090ED2B
:10771000001AB4EE410AF1EE10FA0EDAFFE7039B0D
:10772000186A9DF8072050F82200D3F8F8101B7B48
:1077300012FB032241F82200FFE7FFE79DF8070054
:1077400001308DF80700CCE7039B1868D3F8E810E8
:1077500046F2B202C2F2004212881B7B5A43E8F79B
:1077600074FF0398D0F8E40030B1FFE70398D0F835
:10777000E42002999047FFE70398006804B080BDB9
:1077800080B582B00190ADF80210019942F6483000
:10779000C2F2004000F6E46004F0CAF802B080BD16
:1077A00080B582B001900198C07B20B1FFE70198BD
:1077B00001F0EAF816E0019BD3F8F400596846F2AC
:1077C000B202C2F20042009212889B7B5A43E8F751
:1077D0003CFF0099019A50680988927B5143E8F771
:1077E00088FFFFE7019BD3F8F000996846F2B202E8
:1077F000C2F2004212885B7B5A43E8F726FF02B0D0
:1078000080BD00000000000080B546F2A800C2F272
:1078100000400168013101600068B0F5FA6F07D9D6
:10782000FFE746F2B401C2F2004101200870FFE711
:1078300042F64830C2F2004005F0EAFE45F2C86068
:10784000C2F20040EFF780F946F2B400C2F2004005
:107850000078C00700284FD0FFE742F64830C2F258
:10786000004005F0B9FEF8F7FFFC42F67820C2F2BE
:10787000004001680131016042F68022C2F20042FC
:1078800011680131116042F67C22C2F20042116897
:1078900001311160006805280FD1FFE740F2205048
:1078A000C2F20040F9F7FCF9F9F7F6F942F678214F
:1078B000C2F2004100200860FFE742F68020C2F2D9
:1078C00000400068642807D1FFE742F68021C2F239
:1078D000004100200860FFE742F67C20C2F2004031
:1078E0000068442807D1FFE742F67C21C2F200413C
:1078F00000200860FFE7FFE780BD000000000000F7
:1079000080B584B00290019100208DF803000298A8
:1079100020B1FFE70198022803D8FFE70020039079
:1079200014E0029801990139FF22FFF749FA8DF816
:1079300003009DF80300029A0199114411F8011CFB
:10794000401AB0FA80F040090390FFE7039804B0B2
:1079500080BD00000000000080B58AB08DED090AEE
:10796000CDED080A8DED071ACDED061A8DED052A2D
:10797000CDED042A0390039901200870099803991A
:10798000C1F8B40108980399C1F8B80107980399A0
:10799000C1F8BC0103994CF67740C3F22B20C1F823
:1079A000D0010399002081F838010399C1F84401FE
:1079B000C1F840010399C1F84C01C1F8480104988D
:1079C0000399C1F8AC019DED060AB7EE001AB4EEBA
:1079D000410AF1EE10FA04DDFFE74FF07E50069009
:1079E000FFE706980399C1F8D40105980399C1F8F7
:1079F0009001039804300621002200920323FFF730
:107A000003FA039901F5E27001F5E6730122019290
:107A100011460DF0BFFB00990198039AD2F8EC30A3
:107A20004FF07E521A60039AD2F8EC205160039A0C
:107A3000D2F8EC209160039AD2F8EC20D160039A3E
:107A400048F60951C0F60101C2F8D010039A49F274
:107A50003931C0F60101C2F8D410039A48F6A131B9
:107A6000C0F60101C2F8D810039A48F65951C0F681
:107A70000101C2F8DC10039981F82E00039981F806
:107A80002F000398D0F8040146F6E441C0F6020145
:107A900090220292E8F7D9FD029A0398D0F8FC00F0
:107AA00040F23401C2F20041E8F7CFFD0AB080BDD8
:107AB00080B582B00190019890F82C00B0BBFFE730
:107AC0000199B1F89800A1F8A8000199B1F87A00DD
:107AD000A1F8AA000199B1F8A800A1F8B000019995
:107AE000B1F85A00A1F8B200019A02F1980002F12F
:107AF0007801A8320DF0BCFC019981F8C800019A08
:107B000002F1A80002F15801B0320DF0B1FC019968
:107B100081F8C800019A02F1580002F1B001503218
:107B20000DF066FD019981F8C800FFE702B080BD45
:107B300083B0029002980190029800900198017819
:107B4000407840EA01200099088003B070470000A7
:107B500084B00390029103980190029800900198DC
:107B6000407800990870019800780099487004B036
:107B7000704700000000000080B586B004900391BB
:107B80000020ADF80A00049820B1FFE7039802280E
:107B900003D8FFE70020059026E0049803990239F6
:107BA0004FF6FF72FFF7BCFCADF80A009DF80A1013
:107BB000049A0398104410F8022C0020914201907E
:107BC0000DD1FFE79DF80B00049A0399114411F8B9
:107BD000011C401AB0FA80F040090190FFE70198BB
:107BE00000F001000590FFE7059806B080BD000099
:107BF00080B582B00190ADF802100199BDF8022065
:107C000042F64830C2F2004006F09AFC02B080BD55
:107C100080B588B046F2A000C2F200400690FEF7A0
:107C2000C7FC42F64830C2F20040079000F57A6087
:107C30000BF05AF90698FEF7BBFC079840F28C410E
:107C4000C2F2004181ED000A06F03AFC042814D18A
:107C5000FFE742F64830C2F20040059000F6C850F7
:107C600003900621049101F0F3FD0398049901F0BB
:107C700003FE059805F0E8FB25E042F64830C2F225
:107C80000040029042F2D40108440AF029FD029813
:107C900000F6C85001F0CCFD012813D1FFE742F6F1
:107CA0004830C2F2004041F2683108440BF004F859
:107CB000012807D1FFE742F64830C2F2004005F044
:107CC000C3FBFFE7FFE742F64830C2F2004041F253
:107CD000683108440AF0F0FFC8B9FFE742F64830BF
:107CE000C2F20040009041F6984108440021019101
:107CF00004F026FB0098019900F57A6002F0FCFD83
:107D00000098019900F50C700AF062FC09E042F657
:107D10004830C2F2004041F26831084408F064FC87
:107D2000FFE740F6C800C2F200400168013101607F
:107D300090ED000AB8EE400A9FED0A1A20EE010A03
:107D40009FED091A80EE010A0EF0C6F8B2EE0E1A87
:107D500020EE010A40F6C400C2F2004080ED000AA5
:107D600008B080BDE5CB964100007A4400000000D9
:107D700083B002908DED010A029890ED000A9DED0E
:107D8000011A30EE410A8DED000AFFE79DED000A71
:107D90009FED1D1AB4EE410AF1EE10FA13DDFFE774
:107DA000029890ED000A9FED1B1A30EE010A80ED5B
:107DB000000A029890ED000A9DED011A30EE410A8A
:107DC0008DED000AE2E7FFE79DED000A9FED0F1A37
:107DD000B4EE410AF1EE10FA13DAFFE7029890EDE3
:107DE000000A9FED0B1A30EE010A80ED000A02989E
:107DF00090ED000A9DED011A30EE410A8DED000A6A
:107E0000E2E703B0704700BF00003443000034C312
:107E10000000B4430000B4C380B590B009A9069136
:107E200081ED060AC1ED050A81ED041AC1ED031AC0
:107E300081ED022AC1ED012A81ED003A08900898EF
:107E4000007880B9FFE70898B2EE040ADFEDD20AA5
:107E50009FEDD21AF7EE001ADFEDD12AB0EE622ABA
:107E6000FFF77AFDFFE706980999089AC2F8C01152
:107E700090ED060A089991ED581A30EE410A81ED0D
:107E80005B0A90ED050A089991ED591A30EE410A06
:107E900081ED5C0A90ED040A089991ED5A1A30EED2
:107EA000410A81ED5D0A089991ED5B0AB6EE001A70
:107EB00020EE010A90ED002A20EE020A42F6882107
:107EC000C2F20041059181ED000A089991ED5C0A2A
:107ED00020EE010A90ED002A20EE020A42F68C21E3
:107EE000C2F20041049181ED000A089991ED5D0A0A
:107EF00020EE010A90ED001A20EE010A42F69020D1
:107F0000C2F20040039080ED000A0898D0F8040106
:107F100046F6E441C0F602019022E8F796FB039A88
:107F20000499059890ED000AB1EE400A089BD3F839
:107F3000043183ED010A91ED000AB1EE400A089B7D
:107F4000D3F8043183ED020A92ED000AB1EE400A43
:107F5000089BD3F8043183ED030A0368DDF820C0E1
:107F6000DCF804C1CCF818301368DDF820C0DCF868
:107F700004C1CCF8203091ED000AB1EE400A089B14
:107F8000D3F8043183ED090A0B68DDF820C0DCF872
:107F900004C1CCF8303092ED000AB1EE400A089BE3
:107FA000D3F8043183ED0D0A0368DDF820C0DCF856
:107FB00004C1CCF83C301268089BD3F804319A64B1
:107FC0000968089AD2F80421D16490ED000AB1EE54
:107FD000400A0898D0F8040180ED140A0899D1F8F5
:107FE0004801D1F84C11084368B9FFE70C9808998B
:107FF000C1F878010B980899C1F87C010A98089992
:10800000C1F88001FFE70699089890ED5E0A90EDAF
:10801000641A90ED703A20EE010A33EE012A80EEE8
:10802000020A91ED031A21EE031A81EE021A30EED4
:10803000010A80ED5E0A089890ED5F0A90ED641ADF
:1080400090ED703A20EE010A33EE012A80EE020A2A
:1080500091ED021A21EE031A81EE021A30EE010AA6
:1080600080ED5F0A089890ED600A90ED641A90ED3B
:10807000703A20EE010A33EE012A80EE020A91EDF9
:10808000011A21EE031A81EE021A30EE010A80ED88
:10809000600A089890ED5E2A90ED5F0A90ED601AF4
:1080A00020EE000AA2EE020AA1EE010A01F07CFA1B
:1080B00042F68420C2F2004080ED000A00208DF8D4
:1080C0001F00FFE79DF81F0002281BDCFFE7089850
:1080D0009DF81F1000EB810292ED5E0A42F68422A9
:1080E000C2F2004292ED001A20EE010A806800EB15
:1080F000810080ED000AFFE79DF81F0001308DF838
:108100001F00DFE7089890ED5B2A90ED5C0A90ED88
:108110005D1A20EE000AA2EE020AA1EE010A01F0A9
:1081200043FAB0EE401AB7EE000A80EE011A089842
:1081300080ED651A42F68420C2F2004090ED001AEC
:1081400080EE010A089880ED660A089890ED650AAD
:108150009FEDAE1AB4EE410AF1EE10FA22DAFFE713
:10816000089890ED660A9FEDAA1AB4EE410AF1EE66
:1081700010FA17DDFFE7089890ED660A9FEDA51A43
:10818000B4EE410AF1EE10FA0CDAFFE7089901208B
:1081900081F839010BE000BF6F12833A8096184BCB
:1081A000000000000899002081F83901FFE70898D5
:1081B00090ED6D0A90ED701A20EE010AD0F81801CA
:1081C00080ED000A089890ED6D0A90ED701A20EE8F
:1081D000010AD0F8180180ED070A089890ED6D0AA1
:1081E00090ED701A20EE010AD0F8180180ED0E0A09
:1081F000089890ED6D0A90ED701A20EE010AD0F803
:10820000180180ED150A089890ED6E0A90ED701A2D
:1082100020EE010AD0F8180180ED1C0A089890EDB4
:108220006E0A90ED701A20EE010AD0F8180180ED68
:10823000230A0898D0F81C11D0F8BC0108600898EF
:10824000D0F81C11D0F8BC0108610898D0F81C11B6
:10825000D0F8BC0108620899081DFFF7C1F9089918
:1082600048680068C1F85001089948684068C1F83A
:108270005401089948688068C1F85801089948680D
:10828000C068C1F85C01089948680069C1F86001DC
:10829000089948684069C1F864010899D1F8AC01AF
:1082A000C1F86801089890ED542A90ED551A90EDA8
:1082B000560A90ED573A21EE000AA2EE030A30EE7C
:1082C000000A21EE011AA2EE021AB0EE002A8DED8C
:1082D000012AFFEE000ACDED000AE1EE020A0DF0E0
:1082E000FDFBDDED000A9DED012A9FED4B1A8DEDA2
:1082F000021A20EE010A089880ED6A0A089890EDAB
:10830000543A90ED554A90ED560A90ED571A20EEEA
:10831000010AA3EE040A30EE000A21EE011AA3EED0
:10832000031AE1EE020A0DF0D9FB9DED021A20EED0
:10833000010A089880ED690A089890ED540A90EDBA
:10834000551A90ED563A90ED572A20EE030A91EE19
:10835000020AB8EE001A20EE010A0DF029FB9DED8D
:10836000021A20EE010A089880ED680A089890ED3C
:108370006A0A90ED771A30EE410A9FED281AB4EEA2
:10838000410AF1EE10FA07DDFFE70899B1F8D801CC
:108390000138A1F8D80116E0089890ED6A0A90ED2E
:1083A000771A30EE410A9FED1E1AB4EE410AF1EE43
:1083B00010FA07DAFFE70899B1F8D8010130A1F8FF
:1083C000D801FFE7FFE70898B0F9D81100EE101ABE
:1083D000B8EEC01A90ED6A0A9FED122AA1EE020AC9
:1083E00080ED6C0A0899D1F8A801C1F8DC01089960
:1083F000D1F84821D1F84C01013240F10000C1F818
:108400004821C1F84C0110B080BD00BF9A99993E37
:10841000CDCC1441CDCC2441E12E65420000344343
:10842000000034C30000B44380B582B001900198CD
:1084300090F82B0000284BD1FFE70199B1F87800A4
:10844000A1F8B800019901200090A1F8BA00019AA2
:1084500002F1780002F13801B8320DF009F8014656
:108460000098019A82F8C810019AB2F84810A2F850
:10847000C0100199A1F8C200019A02F1480002F16E
:10848000B801C0320DF0B4F801460098019A82F8A4
:10849000C810019AB2F89810A2F8B8100199A1F882
:1084A000BA00019A02F1980002F1C001B8320CF052
:1084B000DFFF019981F8C800019A02F1380002F14A
:1084C000B80130320CF010FE019981F8C800FFE7C6
:1084D00002B080BD0000000080B582B0019001981C
:1084E00090F82900A8BBFFE7019901F1600068310D
:1084F0000DF0D4F8019981F8C800019A02F16000EA
:1085000002F1500158320CF0B3FF019981F8C80014
:108510000199B1F85800A1F8A8000199B1F86A00D2
:10852000A1F8AA00019A02F1580002F16801A832EC
:108530000CF09EFF019981F8C800019A02F1A80091
:1085400002F1880158320CF0CFFD019981F8C80082
:10855000FFE702B080BD000080B582B001900198B5
:1085600000680090A12844D0FFE7009840F2012164
:1085700088420CD0FFE7009840F20221884213D0D5
:10858000FFE7009840F20521884219D04AE001989F
:1085900000F1280142F64830C2F2004041F6646220
:1085A000104408F01DFD3DE0019800F1280142F65D
:1085B0004830C2F2004000F5FC5008F011FD31E0F7
:1085C00042F2D870C2F20040FDF7F2FF42F2DC70D6
:1085D000C2F2004080ED000A019800F1280142F645
:1085E0004830C2F2004041F6C802104409F0ACFD28
:1085F00018E040F26040C2F20040FDF7D9FF40F2BF
:108600008040C2F2004080ED000A019800F128018C
:1086100042F64830C2F2004041F69822104408F079
:1086200067FFFFE702B080BD80B582B0019001987E
:1086300000680090782843D0FFE7009840F241118D
:1086400088421CD0FFE70098B0F5BC7F31D0FFE72F
:108650000098B0F5C47F2CD0FFE7009840F291114C
:10866000884226D0FFE70098A0F5CB70042820D3DD
:10867000FFE7009840F2022188420DD027E00198E0
:1086800000F1280142F64830C2F2004041F23C724B
:10869000104406F051FA1AE0019800F1280142F660
:1086A0004830C2F2004041F65452104408F024FA17
:1086B0000DE042F64830C2F2004004F0FDFE06E054
:1086C00042F64830C2F2004004F0F6FEFFE702B086
:1086D00080BD00000000000081B0009001B0704734
:1086E00080B582B00190019890F82800002846D10A
:1086F000FFE70198407B012834DBFFE70199087B05
:10870000A1F8B800019901200090A1F8BA00019ADF
:1087100002F1600002F13001B8320CF0A9FE01460E
:108720000098019A82F8C810019A117BA2F8C01033
:108730000199A1F8C200019A02F1700002F1400112
:10874000C0320CF095FE019981F8C800019A02F13F
:10875000B80002F1C00138320CF0C6FC019981F872
:10876000C8000BE0019A02F1600002F130013832DA
:108770000CF07EFE019981F8C800FFE7FFE702B028
:1087800080BD00000000000081B08DED000AFFE711
:108790009DED000A9FED141AB4EE410AF1EE10FAB5
:1087A00009DDFFE79DED000A9FED121A30EE010A88
:1087B0008DED000AECE7FFE79DED000A9FED0B1A37
:1087C000B4EE410AF1EE10FA09DAFFE79DED000A76
:1087D0009FED071A30EE010A8DED000AECE79DEDE2
:1087E000000A01B0704700BFDB0F4940DB0F49C0F2
:1087F000DB0FC940DB0FC9C081B08DED000A9DEDD4
:10880000000AB0EEC00A01B070470000000000008E
:1088100082B08DED010A9DED010AB5EE400AF1EE40
:1088200010FA05DDFFE79DED010A8DED000A06E077
:108830009DED010AB1EE400A8DED000AFFE79DEDC6
:10884000000A02B07047000083B08DED020A41F2C9
:108850000400CEF200000068019002980090FFE74B
:1088600041F20400CEF2000000680199401A00EEC7
:10887000100AB8EE400A9DED001A40F26440C2F2C0
:10888000004090ED002AB8EE422A21EE021AB4EE22
:10889000410AF1EE10FA01DAFFE7E1E703B07047B1
:1088A0002DE9F0478CB00C46014620469A46154605
:1088B0000CF093FB01260DF12C080DF1040900BF0B
:1088C0001AF001004FF0010718BF022708D03EB987
:1088D0002A6920464FF0FF310CF0CAFB4FF0000A26
:1088E00020466FF0010142460CF061FB20464946EC
:1088F0000CF04FFB20BB049B7BB101980699099AB1
:108900002965C5E9120238462946224698470828B3
:1089100005D10B98296A884205D0013ED0E7072887
:1089200003D009280CD1E7F7D8FF6A4620464FF05C
:10893000FF310CF03CFB0098286120460CF071FBE5
:108940000CB0BDE8F087000081B041F20400CEF227
:10895000000000680090009840F27841C2F20041A7
:108960000968884208D2FFE740F27C41C2F2004128
:10897000086801300860FFE7009840F27841C2F2D1
:108980000041086001B0704780B584B0039003993E
:10899000002001900874039BD3F8F400596846F254
:1089A000B202C2F20042009212889B7B5A43E7F760
:1089B0004CFE0099039A50680988927B5143E7F76F
:1089C00098FE0099039AD2F818010988927B5143C6
:1089D0005143E7F78EFE0099039AD2F80C010988FB
:1089E000137B927B59435143E7F783FE01988DF83F
:1089F0000B00FFE79DF80B000399897B884243DA5F
:108A0000FFE70398D0F8F4009DF80B1000EB81000D
:108A100090ED000AB5EE400AF1EE10FA2DD0FFE716
:108A2000039AD2F8F4109DF80B0051F82000127C44
:108A300041F822009DF80B00039A516A127C885479
:108A4000DDF80CC0DCF818009DF80BE050F82E00A3
:108A5000DCF80C119CF80C209CF81030DCF814C0E9
:108A60001CF80EC012FB03C201EB820141F8040C9A
:108A70000399087C01300874FFE7FFE79DF80B00BD
:108A800001308DF80B00B5E700208DF80A00FFE7F4
:108A90009DF80A000399097C884216DAFFE7039BD8
:108AA000D869596A9DF80A20895C50F82100D3F8EA
:108AB00018111B7C12FB032241F82200FFE79DF8EE
:108AC0000A0001308DF80A00E2E70399087CA1F85A
:108AD00078000399087BA1F87A000399087BA1F834
:108AE00080000399087CA1F882000399087CA1F812
:108AF00090000399087CA1F892000399087BA1F8E3
:108B000098000399087CA1F89A000399087CA1F8C1
:108B1000480004B080BD00002DE9F0418CB00D4646
:108B2000014628461C4616460CF057FA02A928466C
:108B30000CF02FFA10B10CB0BDE8F081DDF84880E0
:108B400002AF00BF01200A2132463346CDE900586A
:108B5000A0470028EFD1059B8BB1029807990A9A8C
:108B60003165C6E91202092031462A46984707288E
:108B700002D0082803D009E028460CF052FA284613
:108B800039460CF006FA0028DCD0D4E70528D2D10B
:108B900001201A2132463346CDE90058A047CAE7E2
:108BA00080B588B007900691069805900798D0F890
:108BB000EC0090ED000A30EE000A42F69820C2F276
:108BC0000040019080ED000A0798D0F8EC0090ED8D
:108BD000010A30EE000A42F69C20C2F200400290E8
:108BE00080ED000A0798D0F8EC0090ED020A30EE14
:108BF000000A42F6A020C2F20040039080ED000A75
:108C00000798D0F8EC0090ED030A30EE000A42F627
:108C1000A420C2F20040049080ED000A079BD3F824
:108C20000C0146F2B201C2F2004109881A7B9B7B1B
:108C300059435143E7F75DFD019B029A039904985C
:108C400091ED000AB1EE400ADDF81CC0DCF80CC161
:108C50008CED000AD0F800C0DDF81CE0DEF80CE175
:108C6000CEF804C093ED000AB1EE400ADDF81CC056
:108C7000DCF80CC18CED020AD2F800C0DDF81CE073
:108C8000DEF80CE1CEF80CC0D2F800C0DDF81CE034
:108C9000DEF80CE1CEF818C0D3F800C0DDF81CE017
:108CA000DEF80CE1CEF81CC0D0F800C0DDF81CE006
:108CB000DEF80CE1CEF820C0D1F800C0DDF81CE0F1
:108CC000DEF80CE1CEF824C01B68DDF81CC0DCF82F
:108CD0000CC1CCF8303092ED000AB1EE400A079A90
:108CE000D2F80C2182ED0D0A91ED000AB1EE400A96
:108CF0000799D1F80C1181ED0E0A00680799D1F897
:108D00000C11C86308B080BD80B584B00390029197
:108D1000029801900398D0F8F81040F23400C2F2A3
:108D200000409022E7F791FC0398D0F81C1140F224
:108D3000D840C2F2004048220092E7F786FC009A31
:108D40000398D0F80C1140F29040C2F20040E7F7CF
:108D50007CFC04B080BD000080B588B0079006910F
:108D600006980590079901F1780080310CF096FC87
:108D7000079981F8C8000799B1F87800A1F8A80010
:108D80000799B1F85A00A1F8AA00079A02F17800F1
:108D900002F15801A8320CF06BFB079981F8C8006A
:108DA0000799B1F8A800A1F8B0000799B1F88200BE
:108DB000A1F8B200079A02F1A80002F18001B032D6
:108DC0000CF056FB079981F8C8000799B1F890009C
:108DD000A1F8A0000799B1F89200A1F8A200079AA3
:108DE00002F1B00002F19001A0320CF07DF9079978
:108DF00081F8C800079901F1A000B0310CF0CEF95C
:108E0000079981F8C8000798D0F8EC00006842F68E
:108E1000A823C2F2004318600798D0F8EC0040681D
:108E200042F6AC22C2F2004210600798D0F8EC0083
:108E3000806842F6B021C2F2004108600798D0F87D
:108E4000EC00D0F80CC042F6B420C2F20040C0F8EA
:108E500000C0DDF81CE0BEF878C0AEF8B8C0DDF8A0
:108E60001CE04FF0010CAEF8BAC092ED001A90ED84
:108E7000002A93ED000A91ED003A20EE030A91EEEC
:108E8000020A30EE000ADDF81CC0DCF82CC18CEDC3
:108E9000000A93ED001A92ED002A91ED000A90ED80
:108EA000003A20EE030AA1EE020A30EE000ADDF8D5
:108EB0001CC0DCF82CC18CED010A93ED001A92ED78
:108EC000000A20EE000A91EE010A91ED001AA1EECF
:108ED000410A90ED001AA1EE010A0798D0F82C0182
:108EE00080ED020A00208DF81300FFE79DF81300C3
:108EF00002281BDCFFE70798D0F82C019DF813101F
:108F000000EB810090ED000AB0EEC00A0CF0C4FC4A
:108F100005989DF8131000EB810080ED610AFFE7D2
:108F20009DF8130001308DF81300DFE70799B1F8C1
:108F30004800A1F8C000079901200290A1F8C200E2
:108F4000079A02F1480002F1B801C0320CF050FB60
:108F500001460298079A82F8C810079AB2F8C01022
:108F6000A2F8A8100799A1F8AA00079A02F1B00088
:108F700002F1C001A8320CF07BFA01460298079A70
:108F800082F8C8100799A1F8B8000799B1F8C00095
:108F9000A1F8BA00079901F1C000B8310CF07EFBCE
:108FA000079981F8C800079901F1B800A831059A1E
:108FB00002F5E2720CF05CFA079981F8C800059896
:108FC00090ED730A90ED741AB6EE002A21EE021AA3
:108FD000B4EE410AF1EE10FA05DAFFE70599012037
:108FE00081F83801FFE7059890ED730A90ED741A47
:108FF000B4EE410AF1EE10FA52DDFFE7059890F861
:10900000380100284CD0FFE7059890F8390168B185
:10901000FFE70599D1F84021D1F84401013240F130
:109020000000C1F84021C1F8440106E00599002084
:10903000C1F84401C1F84001FFE70598D0F840119C
:10904000D0F84401333970F1000008D3FFE70599E7
:10905000002081F83801079981F82C001FE0079B58
:10906000D3F8E800D3F8EC1046F2B202C2F20042A4
:10907000019212881B7B5A43E7F7E7FA019A079B94
:10908000D3F8F800D3F8FC1012881B7B5A435A43DC
:10909000E7F7DBFA0799012081F82C003FE133E084
:1090A000059890ED730A90ED741A9FED9E2A21EEBB
:1090B000021AB4EE410AF1EE10FA15DDFFE7059849
:1090C00090F8380180B1FFE7059890ED730A90EDB4
:1090D000741A31EE400A9FED942A21EE021A80EEB6
:1090E000010A80ED670A05E005994FF07E50C1F84E
:1090F0009C01FFE705990020C1F84401C1F8400137
:10910000079981F82C00FFE70799B1F85800A1F8FA
:10911000A8000799B1F88200A1F8AA00079A02F105
:10912000580002F18001A8320CF0A2F9079981F8E9
:10913000C800079A02F1A80002F1B00198320CF0C1
:1091400097F9079981F8C80000208DF81200FFE711
:109150009DF81200079AB2F89810B2F89A2051437D
:10916000884217DAFFE7059890ED671A0798D0F85C
:109170001C019DF8121000EB810090ED000A20EE1A
:10918000010A80ED000AFFE79DF8120001308DF81A
:109190001200DDE704208DF81100FFE79DF81100B3
:1091A000052832DCFFE700208DF81000FFE79DF86E
:1091B0001000022822DCFFE705989DF8111000EB53
:1091C000810090ED5D0A9FED5B1A80EE011A079811
:1091D000D0F81C0101EB41019DF81020114400EB77
:1091E000810090ED000A20EE010A80ED000AFFE701
:1091F0009DF8100001308DF81000D8E7FFE79DF8CA
:10920000110001308DF81100C8E70799B1F89800F6
:10921000A1F8B80007990120A1F8BA00079A02F155
:10922000980002F1C001B8320CF022F9079981F8D8
:10923000C800059890F8380100285FD0FFE70420A7
:109240008DF80F00FFE79DF80F00052855DCFFE7BC
:109250000798D0F8BC009DF80F1000EB810090ED4E
:10926000000A059890ED701A9FED302A21EE021A3F
:10927000B4EE410AF1EE10FA11DDFFE7059890ED2A
:10928000700A9FED2A1A20EE010A0798D0F8BC0058
:109290009DF80F1000EB810080ED000AFFE70798B2
:1092A000D0F8BC009DF80F1000EB810090ED000A93
:1092B000059890ED701A9FED1E2A21EE021AB4EE69
:1092C000410AF1EE10FA11DAFFE7059890ED700A05
:1092D0009FED171A20EE010A0798D0F8BC009DF800
:1092E0000F1000EB810080ED000AFFE7FFE79DF81B
:1092F0000F0001308DF80F00A5E7FFE70798D0F8C1
:10930000BC100020C860079A02F1380002F1B801D1
:1093100030320BF0E9FE079981F8C800FFE708B08A
:1093200080BD00BFCDCCCC3D6666663F0AD7233CEE
:109330000AD723BCDA0FC93F80B586B005900491E7
:10934000049803900598D0F8EC00006842F6B82322
:10935000C2F2004318600598D0F8EC00406842F66D
:10936000BC22C2F2004210600598D0F8EC00806880
:1093700042F6C021C2F2004108600598D0F8EC0026
:10938000D0F80CC042F6C420C2F20040C0F800C0C1
:1093900093ED001A92ED000A20EE000AA1EE010AF8
:1093A00091ED001AA1EE010A90ED001AA1EE010A5A
:1093B00000F0FAF842F6C820C2F2004080ED000A40
:1093C00000208DF80B00FFE79DF80B0003281ADC46
:1093D000FFE742F6C820C2F2004090ED001A05985F
:1093E000D0F8EC009DF80B1000EB810090ED000A26
:1093F00020EE010A80ED000AFFE79DF80B00013026
:109400008DF80B00E0E742F6BC20C2F2004090ED80
:10941000000A039991ED701A20EE010AB0EE001ACD
:109420008DED011A80EE010A0599D1F8001181ED48
:10943000040A42F6C021C2F2004191ED000A039AEB
:1094400092ED702A20EE020A80EE010A059AD2F807
:10945000002182ED050A42F6B822C2F2004292EDE6
:10946000000A039B93ED702A20EE420A80EE010A67
:10947000059BD3F8003183ED0A0A42F6C423C2F2F9
:10948000004393ED000ADDF80CC09CED702A20EE3D
:10949000020A80EE010ADDF814C0DCF800C18CED90
:1094A0000B0A93ED000A039B93ED702A20EE420A0B
:1094B00080EE010A059BD3F8003183ED100A92ED8E
:1094C000000A039A92ED702A20EE420A80EE010A09
:1094D000059AD2F8002182ED110A91ED000A039954
:1094E00091ED702A20EE020A80EE010A0599D1F86A
:1094F000001181ED160A90ED000A039890ED702A94
:1095000020EE420A80EE010A0598D0F8000180EDB5
:10951000170A039890ED751A0598D0F8F80090EDA9
:109520001C0A80EE010A80ED1C0A039890ED751A62
:109530000598D0F8F80090ED230A80EE010A80ED3E
:10954000230A0598D0F8F80090ED1C0A9FED141A34
:10955000B4EE410AF1EE10FA09DDFFE70598D0F804
:10956000F81044F20000C4F21C600867FFE7059899
:10957000D0F8F80090ED230A9FED091AB4EE410AE5
:10958000F1EE10FA0ADDFFE70598D0F8F81044F282
:109590000000C4F21C60C1F88C00FFE706B080BD7B
:1095A00000401C460000000084B08DED030A9DEDD4
:1095B000030AB6EE001A20EE010A8DED020A0398A6
:1095C000019001980090009945F68620C5F6377005
:1095D000A0EB61000090009801909DED011A9DEDB7
:1095E000020A20EE012ABFEE080AA2EE010A20EECE
:1095F000410A8DED010A9DED010A04B0704762B188
:10960000884204BF0120704780B540684968E7F789
:1096100047FAB0FA80F0400980BD40684968401AB6
:10962000B0FA80F04009704781B00090009890ED4A
:109630001B0A01B07047000081B00090009890EDC7
:109640001C0A01B07047000081B00090009890EDB6
:10965000190A01B07047000081B00090009890EDA9
:109660001A0A01B07047000087B0069005918DF886
:1096700013208DF812309DF8120001460391012845
:1096800008D0FFE70398022820D0FFE703980328BB
:1096900038D053E09DF8130001460291012808D00C
:1096A000FFE70298022808D0FFE70298032808D0B5
:1096B0000BE005990020087007E005990420087068
:1096C00003E0059901200870FFE737E09DF81300DB
:1096D00001460191012808D0FFE70198022808D02F
:1096E000FFE70198032808D00BE0059902200870D5
:1096F00007E005990620087003E005990520087029
:10970000FFE71BE09DF8130001460091012808D0F7
:10971000FFE70098022808D0FFE70098032808D048
:109720000BE005990220087007E0059904200870F5
:1097300003E0059903200870FFE7FFE707B07047D3
:1097400010B59EB007902698059025980190249812
:1097500002902398039022980690DDF884C0209808
:10976000CDF860C017901693159214910DF1660014
:1097700014A912220492E6F723FFDDF804C0029B2D
:109780000399049ADDF814E00698CDF838E0CDF896
:1097900034C00C930B910A900DF13E000AA9E6F734
:1097A0000FFF0798099009980890DDF866006FF39D
:1097B000DF20DDF83E106FF3DF21884230D1FFE774
:1097C000DDF86600C0F3CA20DDF83E10C1F3CA21FF
:1097D000884225D1FFE7BDF86A10DDF86600800DEC
:1097E00040EA81206FF3DF20BDF84220DDF83E1013
:1097F000890D41EA82216FF3DF21884210D1FFE712
:10980000BDF86A00C0F34A00BDF84210C1F34A0136
:10981000884205D1FFE70899002081F8610004E043
:109820000899012081F86100FFE71EB010BD00001B
:1098300081B00090009890F8600001B0704700007F
:1098400081B00090009890F8740001B0704700005B
:1098500082B001908DF8031001999DF8030081F802
:10986000740002B07047000081B00090009890F83A
:10987000750001B07047000082B001908DF80310B0
:1098800001999DF8030081F8750002B0704700004F
:109890002DE9F043A7B02690269811900168D1F8E1
:1098A0008430D1F88820D1F88CC0D1F890E0C0F88D
:1098B0001CE0C0F818C04261024642F8103F09920D
:1098C000B1F89410018401688431259125990968C3
:1098D0006FF3DF2100EE101AB8EEC00A90ED022AF5
:1098E00090ED031A30EE420A80EE010A80ED190A6B
:1098F00025990968C1F3CA2100EE101AB8EEC00A12
:1099000090ED022A90ED031A30EE420A80EE010A31
:1099100080ED1A0A25998A880968890D41EA822111
:109920006FF3DF2100EE101AB8EEC00A90ED022AA4
:1099300090ED031A30EE420A80EE010A80ED1B0A18
:1099400025998988C1F34A0100EE101AB8EEC00AC1
:1099500090ED022A90ED031A30EE420A80EE010AE1
:1099600080ED1C0A00F17401259A9288920B00F197
:1099700022030893C38C9B0BFFF776FE119800F12E
:109980007501259A9288C38CC3F30133C2F3013267
:10999000FFF76AFE08991198259A128A6FF3DF2261
:1099A00000EE102AB8EEC00A90ED022A90ED031ADC
:1099B00030EE420A80EE010A80ED260A0DF18200A7
:1099C0000A9012220C92E6F7FBFD09990C9A1CA84A
:1099D0000B90E6F7F5FD0A990C9A17A8E6F7F0FD4B
:1099E0000B990C9A17980E9018980F901998109040
:1099F0001A980D901B9C12A8E6F7E2FDDDF834C022
:109A00000E990F9A109B1198129D139E149FDDF8CA
:109A10005480DDF85890EE46CEF81890CEF81480B9
:109A2000CEF81070CEF80C60CEF80850CEF8044096
:109A3000CEF800C0FFF784FE27B0BDE8F083000039
:109A400080B584B00390029103980190C16C0131FC
:109A5000C164FFF71DFF019901F1220009688431FB
:109A60001222E6F7ADFD04B080BD0000000000004A
:109A700082B0019001990091C86C096D884210D1A3
:109A8000FFE70099486D896D88420AD1FFE7009988
:109A9000002081F86000B1F85C000130A1F85C00A2
:109AA00004E00099012081F86000FFE70099C86C8C
:109AB0000865486D886502B070470000000000002E
:109AC00084B003900291019203980090029800687C
:109AD00041F20001C4F20101884207D1FFE7009979
:109AE00040F62420C2F20040086054E0029800686A
:109AF00044F20041C4F20001884207D1FFE7009917
:109B000040F63430C2F20040086043E0029800683A
:109B100044F60001C4F20001884207D1FFE7009932
:109B200040F64440C2F20040086032E0029800680B
:109B300044F60041C4F20001884207D1FFE70099D2
:109B400040F65450C2F20040086021E002980068DC
:109B500045F20001C4F20001884207D1FFE70099F5
:109B600040F66460C2F20040086010E002980068AD
:109B700041F20041C4F20101884207D1FFE7009998
:109B800040F67470C2F200400860FFE7FFE7FFE7AD
:109B9000FFE7FFE7FFE70198006841F20001C4F228
:109BA0000101884207D1FFE7009940F62420C2F264
:109BB0000040486054E00198006844F20041C4F25B
:109BC0000001884207D1FFE7009940F63430C2F225
:109BD0000040486043E00198006844F60001C4F288
:109BE0000001884207D1FFE7009940F64440C2F2E5
:109BF0000040486032E00198006844F60041C4F239
:109C00000001884207D1FFE7009940F65450C2F2A4
:109C10000040486021E00198006845F20001C4F26C
:109C20000001884207D1FFE7009940F66460C2F264
:109C30000040486010E00198006841F20041C4F221
:109C40000101884207D1FFE7009940F67470C2F223
:109C500000404860FFE7FFE7FFE7FFE7FFE7FFE7B8
:109C600004B070470000000081B00090009890EDB3
:109C7000260A01B07047000081B0009000984FF0B4
:109C8000894181600021C4F22541C1600021C16485
:109C9000016541658165A0F85C10A0F85E1080F850
:109CA000601080F8611001B07047000000000000F3
:109CB00082B001908DED000A01990098086402B00D
:109CC000704700000000000082B001908DED000A96
:109CD00001990098486102B0704700000000000040
:109CE00082B001900198009090F8280070B9FFE7C9
:109CF000009890ED060A30EE000A80ED070A90ED1C
:109D0000060A20EE000A80ED080A20E0009890F88C
:109D1000280001281AD1FFE7009890ED061AB0EE4E
:109D2000080A21EE001A80ED071A90ED061A21EEBE
:109D3000000A20EE010A80ED080A90ED061A21EED5
:109D4000010A20EE010A80ED090AFFE7FFE700980B
:109D500090F82900B0B9FFE7009890ED011A90ED56
:109D6000050A9FED9B2A20EE020A20EE010A9FEDD4
:109D7000991A80EE010AB0EE081A80EE010A80ED11
:109D8000040A23E0009890F82900012812D1FFE787
:109D9000009890ED011A90ED050A9FED8B2A20EEB8
:109DA000020A20EE010A9FED891A80EE010A80ED79
:109DB000040A0AE0009890F82900032804D1FFE77C
:109DC000009948690861FFE7FFE7FFE7009890F80E
:109DD0002800002842D1FFE70098007830B9FFE75B
:109DE0000099086C086301200870FFE7009890ED67
:109DF000023A90ED032A90ED041A90ED0C0A90EDD2
:109E00000D4AA4EE030A21EE031A81EE021A30EE87
:109E1000010A80ED0C0A90ED023A90ED071A90EDE0
:109E20000C0A90ED102A21EE031A32EE402AA1EE20
:109E3000020A80ED0C0A90ED022A90ED081A90EDCE
:109E40000C3A90ED0D0A21EE021A90ED102A32EE36
:109E5000432AA1EE020A80ED0D0A64E0009890F812
:109E6000280001285ED1FFE70098007830B9FFE7AD
:109E70000099486CC86201200870FFE7009890EDD7
:109E8000022A90ED0B0A90ED0C1AA1EE020A80ED69
:109E90000B0A90ED023A90ED032A90ED041A90ED32
:109EA0000C0A90ED0D4AA4EE030A21EE031A81EE8E
:109EB000021A30EE010A80ED0C0A90ED023A90EDA4
:109EC000071A90ED0B0A90ED112A21EE031A32EEDB
:109ED000402AA1EE020A80ED0B0A90ED022A90EDD5
:109EE000081A90ED0B3A90ED0C0A21EE021A90ED53
:109EF000112A32EE432AA1EE020A80ED0C0A90EDFF
:109F0000022A90ED091A90ED0B3A90ED0D0A21EE20
:109F1000021A90ED112A32EE432AA1EE020A80EDD8
:109F20000D0AFFE7FFE7009890ED030A90ED0D1A88
:109F300020EE010A80ED0E0A90F82900B0B9FFE783
:109F4000009890ED011A90ED0E0A9FED222A20EE66
:109F5000020AB0EE082A80EE020A9FED212A21EEC5
:109F6000021A80EE010A80ED0F0A2BE0009890F8AB
:109F70002900012816D1FFE7009890ED011A90ED15
:109F80000E0A9FED152A20EE020AB3EE032A20EEF8
:109F9000020A9FED122A21EE021A80EE010A80EDDC
:109FA0000F0A0EE0009890F82900032808D1FFE777
:109FB000009890ED0E0AB1EE400A80ED0F0AFFE71F
:109FC000FFE7FFE702B070479A99993E3333734633
:109FD0002DB23D3F00008046CDCC4C449A9999BEAD
:109FE0002DB23DBF0000000087B006908DED050A40
:109FF000CDED040A8DED031A8DF80B108DF80A20B3
:10A00000CDED011A069800900599C160049981610F
:10A01000039941609DF80B1080F828109DF80A10F4
:10A0200080F829100199816090F8280070B9FFE745
:10A03000009890ED060A30EE000A80ED070A90EDD8
:10A04000060A20EE000A80ED080A20E0009890F849
:10A05000280001281AD1FFE7009890ED061AB0EE0B
:10A06000080A21EE001A80ED071A90ED061A21EE7B
:10A07000000A20EE010A80ED080A90ED061A21EE92
:10A08000010A20EE010A80ED090AFFE7FFE707B0A9
:10A09000704700000000000081B00090009800218F
:10A0A000017001B07047000081B0009000984FF43B
:10A0B000B671018040F2946141804FF08941416066
:10A0C0000021C4F2254181600021818101B07047E7
:10A0D0002DE9F04190B00D46DDE9168101AFCDE9E3
:10A0E0000130CDE9032107F110002721E6F701FB3C
:10A0F00001208DF83B000024D8F800000F948669F9
:10A10000404639462A4601230094B0470A98012860
:10A1100011D0F8B90B99DDE90802069C81F0010124
:10A1200080F0010008430021012A18BF0C460028D6
:10A1300018BF0C460EE00798012801D1059C09E0E4
:10A140000B98002430B90898012803D109980128F8
:10A1500008BF059C204610B0BDE8F0812DE9F04114
:10A1600092B01E46199B0C46002B05D41898D84275
:10A1700018BF0024254623E0991C4FF000051FD08E
:10A180000DF10C08CDE9036008F110002021CDE9A4
:10A190000523E6F7AEFA4FF080704FF0010C1090F7
:10A1A0003068CDF83CC0119547693046414622469B
:10A1B0002346CDE900C5B8470998012808BF2546C0
:10A1C000284612B0BDE8F0812DE9F04192B01D465D
:10A1D000189B002B27D4C71A0E468F424FF000045D
:10A1E00022DB0DF10C0808F110002021CDE9035706
:10A1F000CDE90523E6F77DFA4FF080704FF0010CB2
:10A2000010902868CDF83CC01194D0F814E028468E
:10A21000414632463346CDE900C4F047099C002C44
:10A2200018BF3C4600E00024204612B0BDE8F08193
:10A230000A6852F8083C1944016052F8041CC0E94D
:10A24000011370470AF069B980B5AFF300800821A7
:10A25000BDE880400AF0F3B980B5AFF300800C216F
:10A26000BDE880400AF0EBB903C844F64E42C0F2A4
:10A270004302000A82EA112240EA016042F62B31D1
:10A28000C4F2437148401043B0FA80F0400970476F
:10A2900042F65801C2F20041884238BFE6F7F1B8F1
:10A2A00001F50071884201D201F04EBFE6F7E9B82E
:10A2B00010B582B0044601284FF0000098BF012479
:10A2C000019001A808212246E6F7A5FA019810B9E5
:10A2D000204601F0E3FF02B010BD00002DE9F04F71
:10A2E0008DB00F461821984691468246E6F701FA4E
:10A2F00003205FEAC77B8AF8180008D1B80740F14D
:10A300008B8107F00C000C2805D1022026E017F005
:10A310000E0F40F08181169D2846FBF7DBFEE0B171
:10A320000646CAF80C0000200C900CAC2846002110
:10A330000F2200230094FBF73DFF0C9C2846FBF7FF
:10A34000D5FE16F8011B0546FF290C9609D00CA86E
:10A3500000F0B4F90C9E079004E008208AF8180079
:10A360005AE1079516F8012B24F00100E943FF2A72
:10A370004FF000020C9605970BD0002316F9015BF5
:10A3800005F07F0494402343002D02F10702F5D429
:10A39000F218CDF818A000EB010A711C0C91367868
:10A3A000CDE9089200200022CDE903B811F9013B64
:10A3B00003F07F0585402A43002B00F10700F5D408
:10A3C00001EB020B0BAD0C910B9100BF594524D250
:10A3D0002846314600F072F981462846314600F0A1
:10A3E0006DF980462846314600F068F90B99002344
:10A3F000002200BF11F9014B04F07F079F403A4350
:10A40000002C03F10703F5D4D1450B9103D808EBD9
:10A4100009039A4505D3CA45D8D20898049900F093
:10A420003FF9002800F0B5800799002A08440699F2
:10A43000086100F0B1800BEB0200DDF810B0A0F174
:10A4400001080BF158004FF0000A4FF0FF3607905B
:10A4500000210020C14600BF19F9012B02F07F0343
:10A460008B401843002A01F10701F5D4D2B206FA55
:10A4700001F32029064638BF1E433F2A98BF0646EF
:10A48000012E37DB0998002800F0C980A0EB860078
:10A490000168002900F08680006800BF002800F0F5
:10A4A00081800546089810B3584603C800BF44F69B
:10A4B0004762C4F24C32514042F60132C4F22B32B0
:10A4C00050400843079808BF5BF8240C00280A9006
:10A4D00000F0A9805BF8201C002900F0A480286807
:10A4E0000AAA036928469847002840F0848050460D
:10A4F00030E000BFB6FA86F0400940EA0A004EB3E9
:10A50000059911F0080125D1089800284AD058462D
:10A5100003C800BF44F64762C4F24C32514042F6D1
:10A520000132C4F22B3250400843079C08BF5BF84D
:10A53000244C002C77D05BF8203C002B73D0F5170F
:10A54000099A30462946CDE9004B00F08FF90028E2
:10A55000504659D1002200214B4600BF13F9016B30
:10A5600006F07F0797403943002E02F10702F5D429
:10A57000F3B24FF0FF3606FA02F7202A0A4638BF38
:10A580003A433F2B98BF0A464AB309EB020882467A
:10A590005EE7069908203EE0039A0820002A08BFDB
:10A5A000062038E0069CF017C4E900605846C4F85D
:10A5B000088003C800BF44F64762C4F24C325140E1
:10A5C00042F60132C4F22B325040084304BF5BF81C
:10A5D000240C079007986061062020761CE0082173
:10A5E000C00718BF0621059A0820920758BF0146E8
:10A5F0000698017610E00699F017C1E900600A9804
:10A60000C1F80880486105E00699C1E90065C1F814
:10A6100008804C61062008760DB0BDE8F08F0898E0
:10A62000594600F03DF858460AF096F85BF8140CCD
:10A6300009F074FF10B5044628300AF08DF86069FF
:10A6400009F06CFFF0B583B015460C46029002AEDF
:10A65000084600210022002300960027FBF76EFF2A
:10A660002868002102902046012200230096FBF773
:10A6700065FF2D69204600210F22002302970096D6
:10A68000FBF798FD0298002100F00100284302909A
:10A6900020460F2200230096FBF750FF03B0F0BDC9
:10A6A000B0B5054608460C460AF056F81DB154F8F8
:10A6B000140C09F033FF09F0A9FF000070B5FF2961
:10A6C0001CD001F00F020C2A00F29380D0F800C0D9
:10A6D000DFE802F065532F07178F8F8F8F38280719
:10A6E00017009CF800209CF802309CF803609CF84E
:10A6F000015043EA062342EA05225CE04FF0000ED7
:10A7000075E09CF800209CF802309CF803609CF8EF
:10A71000015043EA062342EA052242EA034E0CF1C5
:10A7200008064CE09CF901209CF8003043EA022E18
:10A7300005E09CF800209CF8013042EA032E0CF161
:10A7400002063CE000230022664600BF16F9014BDA
:10A7500004F07F059D402A43002C03F10703F5D444
:10A760004FF0FF359646E4B29D40202B38BF4EEAAD
:10A77000050E3F2C98BF964621E000224FF0000EB8
:10A78000664600BF16F9013B03F07F0494404EEA91
:10A79000040EB3F1FF3F02F10702F3DD0FE09CF876
:10A7A00000209CF802309CF803509CF8014043EADA
:10A7B000052342EA042242EA034E0CF10406C1F3E7
:10A7C00002123AB1032A05D0012A12D1BEF1000FBC
:10A7D0000AD0E644BEF1000F06D049B2B1F1FF3F06
:10A7E000D8BFDEF800E001E04FF0000E06607046D2
:10A7F00070BDE6F772F810B50AF024F9D0F808E059
:10A80000BEF1000F25D0714651F828CF44F64E42D4
:10A810004B68C0F2430282EA13244FEA1C2242EA48
:10A82000036242F62B33C4F243735A4022430CD1E5
:10A83000DEF82420013ACEF8242008D1DEF82020CA
:10A8400082600020CEF8200001E0002282600846ED
:10A8500010BD09F0DBFE012803D101F158000AF018
:10A860008FB880B551F8140C09F058FE2DE9F0416D
:10A8700082B0E2B1DDF82080C0431C4602EB8000CC
:10A8800001AD00BF076867B1061D006800BF016821
:10A890002A460B692146CDF80480984700283046A7
:10A8A000F0D0B7FA87F0400902B0BDE8F08109980E
:10A8B00009F052FF09F0AAFE81B000900098002133
:10A8C00001614161816101B070470000000000003A
:10A8D00082B001908DED000A01990098C1F8F00C4A
:10A8E00002B070470000000081B00090009890F81E
:10A8F000E40C01B07047000082B001908DF80310A5
:10A9000001999DF8030081F8E40C02B07047000043
:10A9100081B00090009800F6E84090ED000A01B088
:10A92000704700000000000082B001908DED000A29
:10A9300001990098C1F8E80C02B0704700000000CF
:10A9400080B58AB009900998089000F65C410191A1
:10A9500000F57270039008F08FF9019805F0A0FFE0
:10A96000019805F049FF0398089901F68841029182
:10A9700008F09AF9029805F093FF029805F03CFF61
:10A980000198089901F62811059105F081FF0598B5
:10A9900007F0F6FB059807F0FFFB059807F0E4FBCE
:10A9A000089800F29C71079108F066F9079804F086
:10A9B000EFF8089808F068F9079804F0DDF80298B5
:10A9C000089901F6F821069105F062FF069806F055
:10A9D000BBFD039808F078F9069806F0A9FD0898E1
:10A9E00000F022FA0698089901F61441049106F045
:10A9F0006BFD0498FFF768F9069806F091FD04983E
:10AA0000FFF756F90498FFF76BF9059807F0E4FB98
:10AA1000069806F0B1FD079804F0FAF80898FFF7D9
:10AA200063FFD8B1FFE7089800F6F820009006F021
:10AA30006FFD9FED141A80EE010A0BF0A5F908993D
:10AA400000989FED111A20EE010A01F54E6181ED8B
:10AA5000000A91ED000A06F0FFFC0CE0089800F5F2
:10AA60004E610022C0F8E02C00F6F82091ED000ABB
:10AA700006F0F2FCFFE7089800F6F82006F03CFE2E
:10AA80000AB080BD33336542CDCC4C3E000000009F
:10AA900080B598B017901798129008F0A9FB1298FB
:10AAA00000F572709FEDC90A05F07AFE129800F267
:10AAB0009C7003909FEDC60A9FEDC61AB0EE082A5F
:10AAC000F2EE0E2ADFEDC44ACDED114A9FEDC35AD6
:10AAD0008DED155A00210F91F0EE450AF0EE451A62
:10AAE000B0EE453AF0EE453AB0EE454A08F040FE89
:10AAF0000F99DDED114A12989DED155A00F2EC7098
:10AB00009FEDB70A9FEDB72ADFEDB72ACDED0B2AEF
:10AB1000F0EE450AB0EE451AF0EE451AB0EE453AB1
:10AB2000F0EE453AB0EE454A08F022FE039812993D
:10AB300001F63C01019103F0DBFF03988DED020A61
:10AB400003F0D6FF01989DED022A0F99DDED114A21
:10AB50009DED155AF0EE402AB0EE450AF0EE450A9A
:10AB6000B0EE451AF0EE451AB0EE453AF0EE453A31
:10AB7000B0EE454A08F0FCFD03980F996A46116053
:10AB800045F28851C2F2004101220E92B0EE000A55
:10AB90008DED090A4FF40063DFED940A04F0B4F878
:10ABA0000F99DDED114A12989DED155A00F6281007
:10ABB0000A909FED8F0A9FED8F1A8DED081AF3EE24
:10ABC000092AF0EE450AF0EE451AB0EE622AB0EE20
:10ABD000453AF0EE453AB0EE454A08F0C9FD0A980C
:10ABE000129901F67811059107F08EFA01460A983C
:10ABF00000EE101AB8EE400A8DED040A07F084FA50
:10AC00009DED042A0F99DDED114A9DED155A02467E
:10AC1000059800EE102AF8EE402A9FED770AF0EE34
:10AC2000450AB0EE451AF0EE451AB0EE453AF0EEA0
:10AC3000453AB0EE454A08F09BFD0A98129901F694
:10AC4000C811079107F060FA01460A9800EE101A41
:10AC5000B8EE400A8DED060A07F056FA9DED062A79
:10AC60000F99DDED114A9DED155A0246079800EE49
:10AC7000102AF8EE402AB0EE450AF0EE450AB0EE92
:10AC8000451AF0EE451AB0EE453AF0EE453AB0EE10
:10AC9000454A08F06DFD9DED080ADDED091ADDED70
:10ACA000112A12989DED152A00F61820DFED530A9F
:10ACB0009FED531A08F0C4FD0A986A4640F64851C1
:10ACC000116045F2E841C2F200410D9105220323D3
:10ACD00010939FED4C0A07F03FFB0F99DDED114AF1
:10ACE00012989DED155A00F6F8200C90B6EE000A69
:10ACF0009FED451AF2EE042AF0EE450AF0EE451AF1
:10AD0000B0EE622AB0EE453AF0EE453AB0EE454A72
:10AD100008F02EFDDDED0B2A0F99DDED114A12989A
:10AD20009DED155A00F648309FED380AF0EE450AC1
:10AD3000B0EE451AF0EE451AB0EE622AB0EE453A92
:10AD4000F0EE453AB0EE454A08F012FD0C980D9928
:10AD50000E9A0F9BEC46CCF8003002239FED2C0A94
:10AD6000DFED2C0A06F0D0FE0F99109ADDED111AD6
:10AD7000129800F614409FED280ADFED280AB7EE7E
:10AD8000001A8DED161AFFF72FF912989DED151A7E
:10AD9000DDED161A00F65C409FED210A8DED130AD9
:10ADA000DFED200ACDED140A05F05AFD12989DED55
:10ADB000130ADDED140A9DED151ADDED161A00F6E5
:10ADC000884005F04DFD18B080BD00BFACC5A73868
:10ADD000295C8F3E17B7D1396F12833A000000000B
:10ADE000008009450000C8430000004500000442FF
:10ADF0003333733F0AD7A33B0040674500007042DE
:10AE000000008C42920A06426F12033A0000FA4395
:10AE1000798CA7419A99993FCDCCCC3D0000A042B6
:10AE2000A4707D3F295C8F3D80B5AAB029902998F8
:10AE3000269090F8E40C00286AD1FFE7269800F6E7
:10AE4000281021900021259107F0BAF9269800F2E8
:10AE50009C702390042103F0B3FE2698259900F6F8
:10AE6000F820229006F07CFB21989FEDE00A8DED02
:10AE7000240A08F01DFB26989DED240A00F67810A0
:10AE800008F016FB26989DED240A00F6C81008F07D
:10AE90000FFB22989DED240A08F00AFB26989DEDF1
:10AEA000240A00F6483008F003FB23989DED240A9D
:10AEB00008F0FEFA26989DED240A00F2EC7008F0E6
:10AEC000F7FA26989DED240A00F63C0008F0F0FA07
:10AED00021989DED240A07F02BF922989DED240A74
:10AEE00006F0FAFA23989DED240A03F019FE25983E
:10AEF00042F6CC21C2F20041087042F6D821C2F2DB
:10AF00000041087042F6DC21C2F20041086092E381
:10AF1000269890F8E40C012874D1FFE7269800F6F3
:10AF200028101B90032107F04BF9269800F29C7023
:10AF30001E900221199103F043FE1999269800F6FC
:10AF4000F820209006F00CFB269800F6EC411A91B0
:10AF500000211F91C0F8EC1C00F6E8411D9107F09C
:10AF600093FE1D98FCF704FF1B9807F015F91A983B
:10AF7000FCF7FEFE269901F54F601C9001F54D622D
:10AF800092ED000A01F6D441D1ED000AFBF738FB3F
:10AF90001A991B9891ED000A07F0BEF81C992098A9
:10AFA00091ED000A06F078FA1D991E9891ED000ABD
:10AFB00003F0AAFD1F99209842F6CC22C2F200426B
:10AFC000117042F6D822C2F20042117042F6DC2221
:10AFD000C2F20042116042F6D022C2F20042116079
:10AFE00006F096FA269842F6D421C2F2004181ED8D
:10AFF000000A07F049FE42F6E020C2F2004080ED70
:10B00000000A17E32698FFF76FFC022840F08C82B5
:10B01000FFE72698D0F8980700F026FC002800F0FB
:10B020008382FFE72698D0F8980700F005FC0028F7
:10B0300056D0FFE72698D0F8980700F0FDFB0428CB
:10B040004ED0FFE742F6D820C2F200400078002838
:10B0500046D1FFE742F6DC20C2F200400068B0F5BE
:10B06000FA7F3DD9FFE7269842F6DC22C2F2004281
:10B070000021116042F6D823C2F2004301221A7067
:10B08000C0F8EC1CC0F8F01C07F0FEFD26988DED12
:10B09000170AD0F8980700F0CFFB9DED170A01467C
:10B0A000269801EE101AB8EEC11A9FED512AA1EEB2
:10B0B000020A00F6E84181ED000A00F6281003219B
:10B0C00007F07EF8269800F29C700221189103F098
:10B0D00077FD2698189900F6F82006F041FAFFE768
:10B0E00042F6D820C2F20040007800285BD0FFE78B
:10B0F000269800F6EC41139100F62810149007F002
:10B100004BF81398FCF734FE269800F6E8411691A8
:10B1100007F0BAFD1698FCF72BFE1399149891EDE1
:10B12000000A06F0F9FF269901F6F82001F54F61B3
:10B1300091ED000A06F0B0F92698169900F29C707D
:10B14000159091ED000A03F0DFFC159803F00CFD5B
:10B15000169890ED001A30EE410A09F0BDF9B7EEED
:10B16000001AB4EE410AF1EE10FA07DAFFE742F6F0
:10B17000D821C2F2004100200870FFE7269842F66D
:10B18000D022C2F200420021116042F6D422C2F263
:10B190000042116007F078FD42F6E020C2F2004064
:10B1A00080ED000A47E2269842F6DC22C2F2004215
:10B1B000116801311160D0F8980700F07DFB00287C
:10B1C00040F0A480FFE7269800F62810022106F040
:10B1D000F7FF269800F6F820012106F0C1F942F6A3
:10B1E000CC20C2F200400078E8B907E0000000007F
:10B1F0000000B4420000A0C20000A042269800F661
:10B200002810B7EE080A06F0CFFF269800F6F820BF
:10B21000B0EE080A06F04CF942F6CC21C2F2004129
:10B2200001200870FFE7269800F6281006F0B4FF0A
:10B230001FED101AB4EE410AF1EE10FA08DAFFE73A
:10B24000269800F62810B7EE080A06F0ADFF15E0C4
:10B25000269800F6281006F09FFF1FED191AB4EE8D
:10B26000410AF1EE10FA08DDFFE7269800F62810F3
:10B27000BFEE080A06F098FFFFE7FFE7269800F602
:10B28000F82006F045F9269800F54D6090ED001A7B
:10B29000B4EE410AF1EE10FA08DAFFE7269800F65C
:10B2A000F820B0EE080A06F003F918E0269800F638
:10B2B000F82006F02DF9269800F6D44090ED001AFB
:10B2C000B4EE410AF1EE10FA08DDFFE7269800F629
:10B2D000F820B8EE080A06F0EBF8FFE7FFE726983B
:10B2E00000F6281006F058FF269842F6D021C2F248
:10B2F000004181ED000A00F6F82006F009F942F657
:10B30000D420C2F2004080ED000ABAE0269842F64E
:10B31000CC22C2F200420021117000F62810032155
:10B3200006F04EFF269800F6F820022106F018F9E4
:10B330002698D0F8980700F08FFAB5EE400AF1EEA3
:10B3400010FA37D1FFE72698D0F8980700F09CFA5A
:10B35000B5EE400AF1EE10FA2CD1FFE7269842F63E
:10B36000D021C2F20041096800F6EC421092C0F808
:10B37000EC1C42F6D421C2F20041096800F54F628C
:10B380001292C0F8F01C00F62810119006F004FF8D
:10B390001098FCF7EDFC1099119891ED000A06F059
:10B3A000BBFE2698129900F6F82091ED000A06F0EF
:10B3B00073F865E02698D0F8980700F04DFA2698C3
:10B3C0008DED280AD0F8980700F05EFA26988DEDEA
:10B3D000270A9DED280A8DED0B0A00F29C7003F000
:10B3E000C3FB269AB0EE401A9DED0B0A30EE410ADF
:10B3F00002F6EC400C9080ED000A279902F54F63AD
:10B400000D93C2F8F01C9FED8D0ADFED8D0AFBF75E
:10B41000F7F826990D9801F54D6292ED000A01F6B4
:10B42000D441D1ED000AFBF7EBF8269800F628107E
:10B430000E9006F0B1FE0C98FCF79AFC0C990E9851
:10B4400091ED000A06F068FE26980D9900F6F820A6
:10B450000F9091ED000A06F01FF80E9806F09CFE82
:10B460000F9842F6D021C2F2004181ED000A06F0A9
:10B470004FF842F6D420C2F2004080ED000AFFE708
:10B48000FFE72698D0F8980700F002FB09F024F8AF
:10B490009FED6C1AB4EE410AF1EE10FA23DAFFE7E1
:10B4A000269800F29C700A90022103F089FB2698EE
:10B4B00042F6E021C2F20041096800F6E842099232
:10B4C000C0F8E81C07F0E0FB0998FCF751FC09996B
:10B4D0000A9891ED000A03F017FB0A989FED5A0AAB
:10B4E00003F062FB1FE0269807F0CEFB269800F6DB
:10B4F000E84181ED000A00F29C700890032103F0FE
:10B500005FFB2698D0F8980700F0C2FA089803F07D
:10B510004BFB269807F0B8FB42F6E020C2F2004051
:10B5200080ED000AFFE784E02698FFF7DDF90228A6
:10B530007ED1FFE72698D0F8980700F095F900280B
:10B5400076D1FFE7269842F6CC22C2F200420021D3
:10B55000117042F6D822C2F20042117042F6DC228B
:10B56000C2F20042116000F628100390032106F099
:10B5700027FE269800F6F82005900221019105F09B
:10B58000EFFF0199269800F29C70079003F018FBDA
:10B59000269842F6D021C2F20041096800F6EC423A
:10B5A0000292C0F8EC1C42F6D421C2F200410968B4
:10B5B00000F54F620492C0F8F01C42F6E021C2F29E
:10B5C0000041096800F6E8420692C0F8E81C07F05E
:10B5D0005BFB0698FCF7CCFB039806F0DDFD0298B8
:10B5E000FCF7C6FB02989FED150ADFED150AFBF785
:10B5F00007F82699049801F54D6292ED000A01F6CC
:10B60000D441D1ED000AFAF7FBFF0299039891EDBE
:10B61000000A06F081FD0499059891ED000A05F0F5
:10B620003BFF0699079891ED000A03F06DFAFFE7DA
:10B63000FFE7FFE7FFE72AB080BD00BF0000A0C220
:10B640000000A0420AD7233C0000000000000000D8
:10B6500080B582B001900198009007F0C9FE009873
:10B6600000F5727005F0BCF8009800F29C7003F0D1
:10B6700033FC009800F6281006F0E2FE009800F671
:10B68000F82006F0ADFA009800F61440FEF704FD2D
:10B69000009800F65C4005F00FF9009800F688402D
:10B6A00005F00AF900980021C4F2C821C0F8B81CBE
:10B6B0000021C4F28C21C0F8BC1C0021CCF2343132
:10B6C000C0F8C01C0021C4F23431C0F8C41C0021F1
:10B6D000CCF2C811C0F8D01C0021C4F2C811C0F8C7
:10B6E000D41C0021C4F21631C0F8D81C0021C0F8C7
:10B6F000DC1CC0F8E01C80F8E41CC0F8E81CC0F8B2
:10B70000EC1CC0F8F01C02B080BD0000000000007E
:10B7100080B584B003908DF80B10039801909DF8CC
:10B720000B00002840F08380FFE70198C26802F117
:10B730003001B2F8602000F03BF908B9FFE776E08D
:10B74000019901F12500C968303140F2C402C2F20A
:10B7500000421268E4F734FF0199C86B40F2584286
:10B76000C2F200421060B1F840009080B1F842008F
:10B77000D080B1F9330000EE100AB8EEC00A9FED98
:10B780002D1A8DED001A80EE010A81ED1E0AB1F925
:10B79000350000EE100AB8EEC00A80EE010A01F191
:10B7A000740081ED1D0ABBEE090AF3EE090AFAF7EF
:10B7B00027FF9DED001A0199B1F9260000EE100A4D
:10B7C000B8EEC00A80EE010A81ED130AB1F9280033
:10B7D00000EE100AB8EEC00A80EE010A81ED140AEC
:10B7E000B1F92A0000EE100AB8EEC00A80EE010A94
:10B7F00081ED150AB1F92C0000EE100AB8EEC00A6E
:10B8000080EE010A81ED160A91F83B0000F001007C
:10B8100081F8460091F8390000F0040081F84700F3
:10B8200091F8390000F0030081F84800FFE704B008
:10B8300080BD00BF0000C84281B00090009890F821
:10B84000320001B07047000081B00090009890F87D
:10B85000370001B07047000081B00090009890ED73
:10B860001E0A01B07047000081B00090009890F867
:10B87000240001B07047000081B00090009890F85B
:10B88000460001B07047000081B00090009890ED34
:10B890001D0A01B07047000080B582B00190009190
:10B8A0000198C1690131C1610021FFF731FF02B088
:10B8B00080BD00000000000081B00090009890F86A
:10B8C000480001B07047000085B0039002910192DA
:10B8D000ADF80230029828B9FFE74FF6FF70ADF8D7
:10B8E000120021E0FFE70198411E0191B8B1FFE786
:10B8F0000298411C029100788DF80100BDF80210F9
:10B900009DF801004840C2B246F6E420C0F60200AD
:10B9100030F8120080EA1120ADF80200E3E7BDF82C
:10B920000200ADF81200FFE7BDF8120005B0704745
:10B9300080B582B0019000910198C1690131C16167
:10B940000121FFF7E5FE02B080BD0000000000000D
:10B9500080B586B00590049103920598019000206F
:10B96000ADF80A00049820B1FFE70398022801D837
:10B97000FFE718E001980499039A023A4FF6FF7323
:10B98000FFF7A2FFADF80A00BDF80A00049A039978
:10B99000114401F8020C9DF80B00049A039911441C
:10B9A00001F8010CFFE706B080BD000000000000B8
:10B9B00080B588B006900591049206980290002008
:10B9C000ADF80E00059820B1FFE70498022804D8CE
:10B9D000FFE700208DF81F0028E002980599049ADF
:10B9E000023A4FF6FF73FFF76FFFADF80E009DF8B8
:10B9F0000E10059A0498104410F8022C0020914271
:10BA000001900DD1FFE79DF80F00059A04991144AC
:10BA100011F8011C401AB0FA80F040090190FFE7CC
:10BA2000019800F001008DF81F00FFE79DF81F004E
:10BA300008B080BD0000000081B00090009890F830
:10BA4000380001B07047000082B001908DED000A0F
:10BA500001990098486602B070470000000000009D
:10BA600082B001908DED000A01990098C86502B07E
:10BA7000704700000000000082B001908DED000AC8
:10BA800001990098086602B07047000000000000AD
:10BA900081B00090009890ED160A01B07047000048
:10BAA00081B00090009890ED140A01B0704700003A
:10BAB00081B00090009890ED150A01B07047000029
:10BAC00082B001908DED000A01990098886602B05D
:10BAD000704700000000000082B001908DED000A68
:10BAE00001990098C86602B070470000000000008D
:10BAF00080B582B00190019800F042F802B080BD9C
:10BB000081B00090009890ED130A01B070470000DA
:10BB100082B0019001990091C869096A884205D1F3
:10BB2000FFE70099002081F8240004E0009901203B
:10BB300081F82400FFE70099C869086202B07047E5
:10BB400080B585B08C46864608980799CDF810E0F8
:10BB5000CDF80CC0029201938DF803108DF802000D
:10BB600004990398C86002980861019848619DF89B
:10BB7000030008769DF80200487605B080BD0000FD
:10BB8000B0B58CB00B900B980790406802F04CFE5B
:10BB9000072873D1FFE7079842F6FC22C2F2004261
:10BBA0000121117040686F2102F04AFD014607989B
:10BBB00042F6EC22C2F20042118040680B2102F0F2
:10BBC0003FFD0146079842F6EE22C2F20042118084
:10BBD00040680A2102F034FD42F6E421C2F200413D
:10BBE000088000200A90FFE70A98052812DCFFE78A
:10BBF0000A9A42F6F020C2F2004030F8120042F6F3
:10BC0000FE21C2F2004121F81200FFE70A9801303C
:10BC10000A90E9E707984068652102F011FD0146A6
:10BC2000079842F6F022C2F2004206921180406864
:10BC3000662102F005FD069A01460798518040688A
:10BC4000672102F0FDFC069A014607989180406842
:10BC5000682102F0F5FC069A01460798D1804068F9
:10BC6000692102F0EDFC069A0146079811814068AF
:10BC70006B2102F0E5FC069948817CE0079840685A
:10BC800002F0D2FD6B2875D1FFE7079842F6FC223F
:10BC9000C2F2004200210591117040680B2102F0B0
:10BCA000CFFC0146079842F6EC22C2F20042118016
:10BCB00040686F2102F0C4FC0146079842F6EE226C
:10BCC000C2F20042118040686E2102F0B9FC0146C8
:10BCD000059842F6E422C2F2004211800990FFE783
:10BCE0000998052812DCFFE7099A42F6F020C2F213
:10BCF000004030F8120042F6FE21C2F2004121F865
:10BD00001200FFE7099801300990E9E707984068B9
:10BD1000012102F095FC0146079842F6F022C2F29A
:10BD20000042049211804068022102F089FC049ACA
:10BD30000146079851804068032102F081FC049A73
:10BD40000146079891804068042102F079FC049A2A
:10BD500001460798D1804068052102F071FC049AE1
:10BD60000146079811814068072102F069FC049997
:10BD70004881FFE7FFE700200890FFE708980528C3
:10BD800058DCFFE7089942F6F020C2F2004030F894
:10BD9000110001281CDBFFE7089942F6FE20C2F2E1
:10BDA000004030F8110098B9FFE7089A42F6E62102
:10BDB000C2F2004101208854FAF7FEFE089942F6CB
:10BDC0000C30C2F2004000EB810080ED000AFFE77A
:10BDD000FAF7F2FE089942F60C30C2F2004000EB8E
:10BDE000810090ED001A30EE410AB1EE0C1AB4EE6B
:10BDF000410AF1EE10FA18DDFFE7089942F6E62055
:10BE0000C2F20040405C01280FD1FFE7089A42F6D9
:10BE1000E621C2F2004100208854089A42F60C3113
:10BE2000C2F2004141F82200FFE7FFE70898013025
:10BE30000890A3E70798017E80F8901090ED190A0A
:10BE40009FEDA91A8DED021A20EE010ABDEEC00A7F
:10BE500010EE101AA0F8931090ED170A20EE010AC8
:10BE6000BDEEC00A10EE101AA0F8951090ED180A59
:10BE700020EE010ABDEEC00A10EE101AA0F89710CD
:10BE800090ED1A0A20EE010ABDEEC00A10EE101A5B
:10BE9000A0F89110006806F0F7FE9DED021A0798D1
:10BEA00090ED1B2A30EE420A20EE010ABDEEC00AD8
:10BEB00010EE101AA0F89910406802F001FB01463C
:10BEC000079880F89B10406802F0A6FC014607988E
:10BED000A0F89C1042F6EE21C2F200410988A0F8B9
:10BEE0009E10406802F014FB01460798A0F8A610C7
:10BEF00042F6EC21C2F200410988A0F8A01042F6F7
:10BF0000E421C2F200410988A0F8A21042F6FC2107
:10BF1000C2F200410978C90142F6E62EC2F2004E93
:10BF20009EF8052041EA42119EF8042041EA0211E0
:10BF30009EF800209EF801309EF802C09EF803E0B3
:10BF400041EACE0141EA8C0141EA4301114380F804
:10BF5000A810406802F0CCFA01460798A0F8A41097
:10BF6000406802F0FDFA0146079880F8AD1080683D
:10BF700003F00AF80146079880F8AE10406802F016
:10BF80002FFB9DED021A079820EE010ABDEEC00AB4
:10BF900010EE101AA0F8AF10406802F02DFB9DEDD6
:10BFA000021A079820EE010ABDEEC00A10EE101A20
:10BFB000A0F8B110406802F0EBFA079981F8B300DD
:10BFC00046F2A400C2F200400068039003284CD857
:10BFD0000399DFE801F0021124370798406802F066
:10BFE0009FFA01460798A0F8A910406802F0A0FA4D
:10BFF0000799A1F8AB0038E00798406802F0D8FA3A
:10C000000146079841F48041A0F8A910406802F069
:10C01000D7FA079940F48040A1F8AB0025E00798D3
:10C02000406802F0D5FA0146079841F40041A0F8B3
:10C03000A910406802F0CCFA079940F40040A1F83A
:10C04000AB0012E00798406802F092FA01460798A8
:10C0500041F44041A0F8A910406802F091FA079914
:10C0600040F44040A1F8AB00FFE70798C268019296
:10C07000D0F89010D0F89430D0F898C0D0F89CE068
:10C08000D0F8A040D0F8A45055611461C2F80CE07B
:10C09000C2F808C053601160D0F8A810D0F8AC30D6
:10C0A000D0F8B0C0C2F820C0D3619161B0F8B4102C
:10C0B0009184C1682622A1F86220C168FFF748FC7C
:10C0C00046F2A400C2F2004001680131016000683C
:10C0D000042807D1FFE746F2A401C2F20041002084
:10C0E0000860FFE70CB0B0BD0000C84200000000CF
:10C0F00081B0009000980021C161016280F8241095
:10C1000080F8461080F8471080F84810C164016537
:10C1100041658165C165016641668166C1660167E9
:10C12000416781674CF6CD41C4F21C11C167002103
:10C13000C4F2C011C0F880104BF24661C3F67351CF
:10C14000C0F8841001B07047F0B542F6582CC2F226
:10C15000004CDCF8003042F6580E011FC2F2004ECF
:10C16000BBB10EF50072934213D000241A4600BFF3
:10C17000558802EB85068E4212D030F8026C01EB36
:10C180008607974211D0158814460EEB8502802D44
:10C19000EED1A3EB0E0080080880CCF80010F0BDB3
:10C1A00030F8020C28445080F0BD731920F8023C8E
:10C1B00024B1A1EB0E0080082080F0BD1088CCF8DF
:10C1C00000100880F0BD00002DE9F04F8BB0044650
:10C1D000C06C8B46C57801A9584608F0DAFE0028E5
:10C1E00094F85000039918BF0021C00743D10E688E
:10C1F000002E40D005F00F0A4AF00200032838D183
:10C20000BAF1030F02D14F68082002E04F88B6B29E
:10C2100004200D18002006F00109D4F84880019090
:10C2200058460F2101AA67F3410908F0C0FEB9F191
:10C23000020F05D229460E68002EE1D11BE000BF97
:10C2400029D1019827F0010120F0010008EB01023B
:10C25000824205F10401EED826F001031A4490420F
:10C26000E9D22968480061F31E00411C11D0023058
:10C2700011D109200AE0584608F02EFF0146092096
:10C28000002908BF0520012908BF08200BB0BDE820
:10C29000F08F0620FAE7E4F720FB0000F0B581B04C
:10C2A00042F6582CC2F2004CDCF8002042F6580E40
:10C2B000C2F2004E22B10EF500718A4208D122E08E
:10C2C0008021C0F27F01724642F8041FCCF80020A2
:10C2D00003300123810803EB90050024101D134651
:10C2E00042071ED15E88721B02F001072A4688BFF2
:10C2F0003A44B24209D3B14215D318881C460EEB1A
:10C3000080028028EAD1002017E0B01A588080B25D
:10C3100003EB8001002723F82070081D43074A80A3
:10C320000BD0E4F7DAFA1988002C12BF21800EEB4B
:10C330008101CCF800100021198001B0F0BD00008F
:10C3400082B001908DF8031001999DF8030081F8E7
:10C350002C0402B07047000082B001908DF80310E9
:10C3600001999DF8030081F82D0402B07047000088
:10C3700080B582B001900198009005F019FD0098F9
:10C380005C3005F069FC0098BC3004F0E5FB0098D7
:10C3900000F5E67004F054FE009800F53A7004F0E1
:10C3A0004FFE02B080BD000080B592B01190119890
:10C3B000059040650322114606F0DAFB059901F16C
:10C3C0005C00C1F8B010042100220A9206F0D0FBF4
:10C3D00005980A99BC300290B3EE0C0ADFED612A91
:10C3E000DFED614ACDED084A9FED605A8DED095AA7
:10C3F000F0EE450AB0EE451AF0EE451AB0EE622AAC
:10C40000B0EE453AF0EE453AB0EE454A07F0B0F9E5
:10C410000298059901F58671019104F04DFB0146E2
:10C42000029800EE101AB8EE400A8DED000A04F0F2
:10C4300043FB9DED002ADDED084A9DED095A0A995E
:10C440000246019800EE102AF8EE402A9FED480AB5
:10C45000F0EE450AB0EE451AF0EE451AB0EE453A58
:10C46000F0EE453AB0EE454A07F082F9029845F2FF
:10C470008851C2F2004102230E939FED3E0ADFED88
:10C480003E0A1A4604F014FC059901F5E670049082
:10C4900001F50871039104F08FFDDDED084A9DED73
:10C4A000095A0A990246039800EE102AF8EE402A2B
:10C4B0009FED320A8DED060A9FED312A8DED072A98
:10C4C000F0EE450AB0EE451AF0EE451AB0EE453AE8
:10C4D000F0EE453AB0EE454A07F04AF904980E9B53
:10C4E00045F2E841C2F200410D910122B7EE000A87
:10C4F0008DED0F0ADFED230ACDED100A04F050FE9A
:10C50000059901F53A700C9001F54F710B9104F00B
:10C5100053FD9DED060A9DED072ADDED084A9DEDD0
:10C52000095A0A9902460B9801EE102AF8EE412AA0
:10C53000F0EE450AB0EE451AF0EE451AB0EE453A77
:10C54000F0EE453AB0EE454A07F012F90C980D9915
:10C550000E9B9DED0F0ADDED100A1A4604F020FE39
:10C5600012B080BDD2537B416F12833A00000000AD
:10C570000080BB440000104200401C460000A04266
:10C580000000FA440000804680B596B015901598DA
:10C590001390BC3004F080FA139800F2244181ED2E
:10C5A000000A90F82C0401461491042800F24B82F2
:10C5B0001499DFE801F0034D6DCB9C001398BC305B
:10C5C0000E900021129104F0BBFA139800F5E6706A
:10C5D0000F9002210D9104F027FD0D99139800F59D
:10C5E0003A70109004F020FD13981299FFF7B4FEF2
:10C5F0000E989FEDD50A8DED110A06F059FF9DEDBD
:10C60000110A139800F5867006F052FF9DED110A8D
:10C61000139800F5E87006F04BFF9DED110A139892
:10C6200000F53B7006F044FF0E989DED110A04F0F2
:10C6300057FA0F989DED110A04F0C6FC10989DED75
:10C64000110A04F0C1FC13991298C1F81804FAE118
:10C6500013980121FFF780FE1398BC3004F05CFAB8
:10C66000032801D1FFE70EE01398BC3004F054FA20
:10C67000022807D1FFE71398BC309FEDB30A04F0FE
:10C6800053FAFFE7FFE713990020C1F81804DAE135
:10C690001398BC300B90032104F052FA139800F564
:10C6A000E67002210A9104F0BFFC0A99139800F584
:10C6B0003A7004F0B9FC0B98139901F2244292ED00
:10C6C000000A9FEDA21A30EE010A01F5876181EDA3
:10C6D000000A91ED000A04F0F7F9139801210C917A
:10C6E000FFF73AFE13990C9881F82C04ABE11398EC
:10C6F000BC300890032104F023FA139800F5E6708B
:10C700000221079104F090FC0799139800F53A7004
:10C7100004F08AFC0898139901F2244292ED000A71
:10C720009FEDE31A30EE010A01F5876181ED000A01
:10C7300091ED000A04F0C8F9139801210991FFF75F
:10C740000BFE1399099881F82C047CE11398BC30F6
:10C7500006900221059104F0F3F90599139800F56C
:10C76000E67004F061FC0599139800F53A7004F046
:10C770005BFC0698139B03F5856140F6DB72C4F2FF
:10C78000C902C3F8282491ED000A04F0CDF91398EA
:10C79000D0F8B40001F0B4FE28B9FFE71399502097
:10C7A000A1F8060408E01398D0F8B40001F0F8FEF0
:10C7B0001399A1F80604FFE7139800F5836090ED44
:10C7C000000AB5EE400AF1EE10FA40F08180FFE772
:10C7D0001399B1F80404B1F81424801AB1F80624AE
:10C7E00000EB420000EB8000400000EE100AB8EEC3
:10C7F000C00A01F21C4080ED000AB1F80404B1F84F
:10C800001414401A632831DCFFE71398B0F80414BD
:10C81000B0F81424891A01EB8102B0F80614C1EBB8
:10C82000420200EE102AB8EEC00A00F5816292EDD5
:10C83000002AB8EE081AA2EE010A00F21C4292ED9C
:10C84000001A9FED993A81EE031A22EE011A80EE4A
:10C85000010A01EE101AB8EEC11A81EE021A30EE8A
:10C86000010A00F5846080ED000A30E01398B0F80A
:10C870000414B0F81424891A01EB8102B0F80614EC
:10C88000C1EB420200EE102AB8EEC00A00F5816248
:10C8900092ED002AB9EE041AA2EE010A00F21C423F
:10C8A00092ED001A9FED803A81EE031A22EE011AF2
:10C8B00080EE010A01EE101AB8EEC11A81EE021ADA
:10C8C00030EE010A00F5846080ED000AFFE770E0B9
:10C8D000139800F5836090ED000AB5EE400AF1EE82
:10C8E00010FA35DDFFE7139800F5836191ED000A3A
:10C8F00000F21C4090ED001AB4EE410AF1EE10FA7D
:10C9000026DAFFE7139800F5846191ED000A30EE16
:10C91000000A9FED631A20EE010AB1EE0C1A80EEB8
:10C92000010A00F23440049080ED000A9FED5D0A98
:10C93000F3EE020AF9F764FE13980499BC3091ED06
:10C94000000A04F0F1F833E000000000DB0F493F7B
:10C950001398B0F8061400EE101AB8EEC00A00F5ED
:10C96000816191ED001A80EE010A00F5846181ED8C
:10C97000000A91ED000A30EE000A9FED491A20EE00
:10C98000010AB1EE0C1A80EE010A00F23440039065
:10C9900080ED000A9FED430AF3EE020AF9F730FE3C
:10C9A00013980399BC3091ED000A04F0BDF8FFE73D
:10C9B000FFE7139800F5836191ED000A00F21C4037
:10C9C00090ED001AB4EE410AF1EE10FA0CDAFFE72E
:10C9D000139800F5836090ED000AB7EE001A30EE70
:10C9E000010A80ED000AFFE71398B0F81404B0F5CF
:10C9F000967F0EDDFFE7139901F1BC0001F585611B
:10CA000091ED000A9FED291A20EE010A04F08CF83E
:10CA1000FFE71398B0F81404B0F5AA7F0EDDFFE726
:10CA2000139901F1BC0001F5856191ED000AB5EEA5
:10CA3000001A20EE010A04F077F8FFE713980121AD
:10CA4000FFF78AFCFFE7139890F82D04A8B1FFE7E1
:10CA5000139901F5E67001F58661029191ED000AE6
:10CA600004F0D6FA1398029900F53A7091ED000A95
:10CA7000B1EE400A04F0CCFA10E0139800F5E6702D
:10CA80009FED080A8DED010A04F0C2FA13989DED9E
:10CA9000010A00F53A7004F0BBFAFFE716B080BD5A
:10CAA000DB0F4940000000000000C842CDCCCC3E66
:10CAB000D2537B400000000080B582B00190019805
:10CAC000009005F005FA00985C3005F065F90098D3
:10CAD000BC3004F061F9009800F5E67004F0D4FB76
:10CAE000009800F53A7004F0CFFB00984FF4C8713D
:10CAF000A0F804145021A0F806140021C4F220115B
:10CB0000C0F8081442F23411A0F80C144FF4FA6182
:10CB1000A0F80E140021C4F21641C0F81014002130
:10CB2000C0F81814C0F81C14C0F82014C0F824145D
:10CB300040F6DB72CCF2C902C0F82824012280F84A
:10CB40002C2480F82D1448F20002C4F22242C0F8CE
:10CB5000302440F6DB72CCF24912C0F83424C0F81D
:10CB6000381402B080BD000080B58AB009900998E1
:10CB7000049000F6C850FCF767FDFBF749FE0498E7
:10CB800042F29C11084490ED001AB4EE410AF1EE15
:10CB900010FA08DDFFE7049800F6C850FCF754FDD2
:10CBA0008DED030A04E09FED5F0A8DED030AFFE7B8
:10CBB00004989DED030A8DED060A00F6C850FCF7B7
:10CBC0004BFDFBF725FE049842F29C11084490EDC2
:10CBD000001AB4EE410AF1EE10FA08DDFFE70498FE
:10CBE00000F6C850FCF738FD8DED020A04E09FED19
:10CBF0004D0A8DED020AFFE704989DED020A8DEDC6
:10CC0000050A00F57A60FDF783FE04988DED080AA9
:10CC100041F69821084404F037FC04988DED070A8A
:10CC20009DED061A42F2B011014491ED002A9DEDEE
:10CC3000080AA1EE420A8DED080A9DED051A42F29E
:10CC4000B411084490ED002A9DED070AA1EE020AF6
:10CC50008DED070A9DED070AB3EE091AB4EE410AFD
:10CC6000F1EE10FA05DDFFE70020C4F2C8100790CE
:10CC7000FFE79DED070ABBEE091AB4EE410AF1EE9B
:10CC800010FA05DAFFE70020CCF2C8100790FFE7A2
:10CC90009DED080A9FED241AB4EE410AF1EE10FA58
:10CCA00009DDFFE79DED080A9FED221A30EE010A2B
:10CCB0008DED080A13E09DED080A9FED1C1AB4EEF5
:10CCC000410AF1EE10FA09DAFFE79DED080A9FED3F
:10CCD000181A30EE010A8DED080AFFE7FFE7049805
:10CCE00000F6C850FCF7ACFD062807D1FFE7049812
:10CCF00000F57A600221FDF7FFFD11E0049800F5D0
:10CD00007A6001900121FDF7F7FD01989DED080A79
:10CD1000FDF70AFE01989DED070AFDF7D9FDFFE733
:10CD20000AB080BD0000000000003443000034C39E
:10CD30000000B4430000B4C380B58AB009900998DC
:10CD4000079000F6C850FCF77BFD0890089806286D
:10CD500040F0F580FFE7079800F6C850FCF784FD27
:10CD60000146069100286AD0FFE70698032804D000
:10CD7000FFE7069806280ED0E0E0079841F69841B4
:10CD80000844049000210591FFF7DAFA0498059908
:10CD9000FFF7E2FAD2E0079800F6E460FEF764FDE0
:10CDA00070B9FFE7079841F69841084402900021C6
:10CDB0000391FFF7C5FA02980399FFF7CDFABDE09A
:10CDC000079800F6E460FEF777FD012826D1FFE71B
:10CDD000079800F6E460FEF737FD01281ED1FFE753
:10CDE000079800F6E460FEF737FDB5EE400AF1EE75
:10CDF00010FA0BD1FFE7079800F6E460FEF744FD58
:10CE0000B5EE400AF1EE10FA08D0FFE7079841F6B8
:10CE1000984108440321FFF793FA0FE0079800F6C2
:10CE2000E460FEF749FD40B9FFE7079841F69841F5
:10CE300008440121FFF784FAFFE7FFE77EE0079847
:10CE400000F6C850FCF710FF10EE100A09F01EFBA8
:10CE500041EC100B9FED861B53EC112B51EC100B8A
:10CE600009F06BFB10BBFFE7079800F6C850FCF712
:10CE7000FBFE10EE100A09F009FB41EC100B9FEDD0
:10CE80007E1B53EC112B51EC100B09F041FB68B9E0
:10CE9000FFE7079841F6984108440121FFF750FA4F
:10CEA000079942F2EC120020885446E0079800F6F9
:10CEB000C850FCF7D9FE10EE100A09F0E7FA41EC71
:10CEC000100B9FED6F1B53EC112B51EC100B09F065
:10CED00034FB98B9FFE7079842F2EC11405C68B95F
:10CEE000FFE7079841F6984108440221FFF728FA26
:10CEF000079942F2EC12012088541DE0079800F6D1
:10CF0000C850FCF7B1FE10EE100A09F0BFFA41EC70
:10CF1000100B9FED5D1B53EC112B51EC100B09F026
:10CF2000F7FA40B9FFE7079841F698410844032112
:10CF3000FFF706FAFFE7FFE7FFE7FFE796E007984E
:10CF400000F6C850FCF790FC002840F08080FFE716
:10CF5000079800F6C850FCF787FE10EE100A09F09B
:10CF600095FA41EC100B9FED421B53EC112B51EC49
:10CF7000100B09F0E2FA10BBFFE7079800F6C85063
:10CF8000FCF772FE10EE100A09F080FA41EC100B6B
:10CF90009FED391B53EC112B51EC100B09F0B8FA33
:10CFA00068B9FFE7079841F6984108440121FFF767
:10CFB000C7F9079942F2EC120020885446E007981E
:10CFC00000F6C850FCF750FE10EE100A09F05EFAA9
:10CFD00041EC100B9FED2A1B53EC112B51EC100B65
:10CFE00009F0ABFA98B9FFE7079842F2EC11405C00
:10CFF00068B9FFE7079841F6984108440221FFF716
:10D000009FF9079942F2EC12012088541DE007981D
:10D0100000F6C850FCF728FE10EE100A09F036FAA8
:10D0200041EC100B9FED181B53EC112B51EC100B26
:10D0300009F06EFA40B9FFE7079841F698410844B5
:10D040000321FFF77DF9FFE7FFE7FFE70DE0079812
:10D0500041F698410844009000210191FFF770F9D2
:10D0600000980199FFF778F9FFE7FFE70AB080BD64
:10D070009A9999999999C9BF9A9999999999C93FF2
:10D080009A9999999999E93F9A9999999999E9BFA2
:10D0900080B59EB01D901D981190002110911A919D
:10D0A000199118911791169115911491139100F6F9
:10D0B000C850FCF7B9FAFBF7ABFB119842F29C1190
:10D0C000084490ED001AB4EE410AF1EE10FA08DDC2
:10D0D000FFE7119800F6C850FCF7A6FA8DED0F0A8D
:10D0E00004E09FEDB70A8DED0F0AFFE711989DED63
:10D0F0000F0A8DED1C0A00F6C850FCF79DFAFBF7ED
:10D1000087FB119842F29C11084490ED001AB4EE8E
:10D11000410AF1EE10FA08DDFFE7119800F6C85059
:10D12000FCF78AFA8DED0E0A04E09FEDA50A8DED5D
:10D130000E0AFFE79DED0E0A8DED1B0A9DED1C0A00
:10D140008DED060A9DED1B0A20EE000AB0EE001AD6
:10D150008DED081A80EE011AB7EE000A8DED090A6E
:10D1600030EE410A07F0C4F91198B0EE401A9DED77
:10D17000060A20EE010A8DED070A00F50C700A90F0
:10D1800005F0BEF99DED071A9DED082AB0EE403A74
:10D190009DED090A21EE031A8DED181A9DED1B1A5B
:10D1A0008DED0B1A9DED1C1A21EE011A81EE021A6B
:10D1B00030EE410A07F09CF90A98B0EE401A9DED56
:10D1C0000B0A20EE010A8DED0C0A05F0A5F9119865
:10D1D000B0EE401A9DED0C0A20EE010A8DED170A03
:10D1E00017991A919DED180AB1EE400A8DED190AB2
:10D1F00000F6C850FCF724FB129012980D9040B135
:10D20000FFE70D9803281DD0FFE70D98062820D0D2
:10D2100093E0119800F50C70022105F0D9F91198EE
:10D2200000F6C850FCF720FB062805D1FFE70020D8
:10D23000CCF24000169004E00020C4F240001690AA
:10D24000FFE77AE0119800F50C70012105F0C0F9B4
:10D2500073E0119800F6E460FEF706FB58B9FFE7AB
:10D26000119800F50C70022105F0B2F900201A9017
:10D270001990169061E0119800F6E460FEF710FC3A
:10D2800007F02AF99FED4F1AB4EE410AF1EE10FAB9
:10D2900013DAFFE7119800F6E460FEF709FC07F0E7
:10D2A0001BF99FED481AB4EE410AF1EE10FA04DAC8
:10D2B000FFE700201A9019900DE0119800F6E46045
:10D2C0000590FEF7EDFB05988DED1A0AFEF7F0FBD1
:10D2D0008DED190AFFE7119800F6E460FEF7ACFB4C
:10D2E0000146049140B1FFE7049801280DD0FFE703
:10D2F0000498022810D01FE011980021169100F523
:10D300000C70022105F064F916E0119800F50C701C
:10D31000012105F05DF90FE0119800F6E460FEF7D9
:10D32000EFFB1198B1EE400A8DED160A00F50C7076
:10D33000022105F04DF9FFE7FFE79DED160AB1EE7A
:10D34000001AB4EE410AF1EE10FA04DDFFE74FF0E7
:10D3500081401690FFE79DED160AB9EE001AB4EE73
:10D36000410AF1EE10FA05DAFFE70020CCF2800066
:10D370001690FFE71AA8B9EE000A8DED010AF1EE4A
:10D38000000ACDED020AF9F73BF99DED010ADDED4A
:10D39000020A19A8F9F734F9119800F50C700390F6
:10D3A0009DED160A05F0A0F803989DED1A0A05F008
:10D3B000EFF803989DED190A05F0F6F81EB080BD50
:10D3C000000000000AD7233C80B586B00590059880
:10D3D000029000F6E461049100F57A61039141F254
:10D3E00068310844019005F04FFC0498FEF72CFBCF
:10D3F000019805F051FC0498FEF732FB019805F006
:10D4000063FC0498FEF738FB029841F23C71084433
:10D4100001F066FB0299049842F29812114491EDD2
:10D42000001A9FED072AA1EE020AFEF755FB0398AA
:10D4300005F02AFC0498FEF743FB06B080BD00BF50
:10D44000333365C20000000080B582B001900198BE
:10D450000090FFF71DFE0098FFF786FB0098FFF78E
:10D460006BFC02B080BD000081B00090009842F2D9
:10D47000EA11405C01B0704782B001908DF8031052
:10D4800001999DF8030042F2EA12885402B07047F5
:10D4900081B00090009842F2E911405C01B0704701
:10D4A00082B001908DF8031001999DF8030042F2BB
:10D4B000E912885402B0704781B00090009942F29E
:10D4C000E01288580130885042F29410085890F8C1
:10D4D0002C0081F8B00201B070470000000000008D
:10D4E00080B58EB00D900D98029000210C910B919B
:10D4F0000A91ADF82610ADF82410ADF8221000F511
:10D500000C70019005F02CF801988DED0C0A05F0D7
:10D5100033F801988DED0B0A04F0DAFF01988DEDD8
:10D520000A0A05F04DF8014602988DF8211000F620
:10D53000E460FEF7A1F98DF820009DED0C0AF9EEEC
:10D54000000ACDED050AB1EE001A8DED061A4FF670
:10D550003E60CFF6FF7004904FF4E1710391F9F74C
:10D56000D3FB0399DDED050A9DED061A02460498EA
:10D57000ADF8262040F21843C2F200430793BDF8ED
:10D5800026201A809DED0B0AF9F7BEFBDDED050A9A
:10D590009DED061A0799ADF82400BDF824004880D7
:10D5A0009DED0A0A6FF0C700C821F9F7ADFB079996
:10D5B0004042ADF82200BDF8220088809DF820008E
:10D5C00088719DF8212044F64850C2F20040027054
:10D5D0000078C8710EB080BD80B582B0019001980E
:10D5E000009000F57A60FDF7ABF9009841F698419C
:10D5F0000844FEF7BDFE0098FFF7E6FE009800F62F
:10D60000E460FEF775FA0098FFF76AFF02B080BD8C
:10D6100080B584B003900398029042F62530C2F2A0
:10D6200000400178013101700078322863D1FFE7B2
:10D6300042F62430C2F200400178013101700078D6
:10D640004AF6AA22C2F6AA224AF6AB21CAF6AA21B3
:10D6500000FB0120B0F1553F1AD2FFE7029800F01D
:10D66000B7F8029800F6C850FCF702FA029841F2A7
:10D670006831084403F078F8029800F6E460FEF799
:10D6800047FA42F62431C2F2004100200870FFE759
:10D69000029800F0BDFF029800F57A61019141F611
:10D6A0009821084403F0FCFF029841F6C8010844A1
:10D6B00004F01EFE019805F02BFD029841F23C712A
:10D6C000084401F089FA029841F65451084403F0E5
:10D6D000C3FA029841F66461084403F035FD0298EC
:10D6E00000F5FC5003F030FD42F62531C2F2004156
:10D6F00000200870FFE704B080BD000000000000BB
:10D7000080B58AB009908DED080A0998079000F558
:10D710000C700290B1EE000A8DED030A04F008FFD0
:10D7200002989DED030A04F00FFF079942F2D4001E
:10D73000084441650521002205F01AFA079800F611
:10D74000C85045F65061C2F2004145F62852C2F277
:10D750000042FCF7B5F90798089942F29C128150F3
:10D7600000F57A600690FDF793F9069A079800F69F
:10D77000E4610591C2F8981741F698410844049075
:10D78000FEF712FE049A05980799C2F8B800C2F88D
:10D79000B4106A46012151605A21116040F22051B3
:10D7A000C2F2004141F29412C2F2004240F2204320
:10D7B000C2F20043FEF7C4F906980799C1F8E40ED7
:10D7C000C1F8E81E01F52170C1F8EC0E0AB080BD69
:10D7D00082B001900199009142F2E010085842F2A3
:10D7E000E4128958884206D1FFE7009942F2E81214
:10D7F0000020885405E0009942F2E8120120885484
:10D80000FFE7009942F2E010085842F2E412885013
:10D8100002B070470000000080B582B0019001980E
:10D82000009001F009F8009800F50C7004F0DCFE9F
:10D83000009800F6C850FCF71FFA009800F66460E4
:10D84000FCF732FC009800F6E460FEF751FC00980B
:10D8500000F57A60FDF7FCFE009841F69841084417
:10D86000FFF72AF9009842F2D401084405F034F891
:10D87000009842F22C11084405F01EF9009842F27B
:10D8800084120021815442F28512815442F28612A0
:10D89000815442F28712815442F28812815442F23A
:10D8A0008912815442F28C12815042F290128154BA
:10D8B00040F2A832C2F2004242F29413C25042F245
:10D8C000981346F62E42CCF20B02C25042F2A0133D
:10D8D0004FF08042C25042F2A4134FF4C872C252B9
:10D8E00042F2A81341F26F22C3F68322C25042F2E1
:10D8F000AC134DF20A72C3F62342C25042F2B01387
:10D900004EF25532C3F6A562C25042F2B413C25071
:10D9100042F2B81346F66322C3F61A42C25042F2EC
:10D92000BC13C2504FF4075343F23332C4F2673290
:10D93000C25042F2C41343F23332C4F26722C250DF
:10D9400042F2C81349F6A632C3F64432C25042F23C
:10D95000CC13C25042F2D012815242F2D212815202
:10D9600042F2E012815042F2E412815042F2E81297
:10D97000815442F2E912815442F2EA130122C25464
:10D9800042F2EB13C25442F2EC12815442F2ED1215
:10D99000815442F2EE120221815402B080BD000097
:10D9A00080B5C0B03F903F98259042F63C32C2F21D
:10D9B0000042002111800068B0F8040142F63E31B7
:10D9C000C2F200410880FFE742F63C30C2F200405C
:10D9D000008842F63E31C2F200410988884280F256
:10D9E0006B85FFE725980168249142F63C31C2F22D
:10D9F0000041098800F06CFD01462498084490F825
:10DA00008400A52840F04F85FFE7259801681A910A
:10DA100042F63C31C2F200411E910988063189B2BA
:10DA200000F056FD1A9A1E99034625981A4492F85A
:10DA3000843044F63852C2F2004221921380128898
:10DA40001C9202681B920988053189B200F040FDE2
:10DA50001B9ADDF870C01E99219B8646259872445A
:10DA600092F8842042EA0C221A8002681D920988EA
:10DA7000023189B200F02CFD1D9A1E9903462598AB
:10DA80001A4492F8843044F64A52C2F2004222927A
:10DA900013801288209202681F920988013189B28E
:10DAA00000F016FD1F99209A03462298194491F818
:10DAB000841041EA0221018000218022F8F7C8FD8C
:10DAC00021980088ADF8FA00052007F0A9FE01466C
:10DAD00022983D910088093001462391B0F1FF3F23
:10DAE00002DCFFE707F024F8239807F099FE3C904A
:10DAF00000203B90FFE73B9804281ADCFFE72598BD
:10DB00000168199142F63C31C2F2004109883B9A02
:10DB1000114489B200F0DCFC01461998084490F8E1
:10DB200084003D993B9A8854FFE73B9801303B9035
:10DB3000E1E73D980521F9F7E3FE012840F0A284D2
:10DB4000FFE700203A90FFE73A9844F64A51C2F2C4
:10DB500000410988093188421ADAFFE725980168EF
:10DB6000189142F63C31C2F2004109883A9A1144B8
:10DB700089B200F0ADFC01461898084490F8840082
:10DB80003C993A9A8854FFE73A9801303A90DBE79B
:10DB90003C9844F64A51C2F2004109880931F9F72C
:10DBA000EBFF012840F06D84FFE7BDF8FA00014665
:10DBB000179101287DD0FFE71798022800F0AA806E
:10DBC000FFE71798032800F0D780FFE71798B0F514
:10DBD000817F00F00381FFE71798B0F5827F00F0A6
:10DBE0002F81FFE7179840F20511884200F05A8113
:10DBF000FFE7179840F20121884200F08581FFE796
:10DC0000179840F20221884200F0B081FFE7179890
:10DC100040F20321884200F0DB81FFE71798B0F55E
:10DC2000017F00F00782FFE7179840F20521884244
:10DC300000F03282FFE7179840F20621884200F098
:10DC40005D82FFE7179840F20721884200F0888242
:10DC5000FFE71798B0F5027F00F0B482FFE717984E
:10DC600040F20921884200F0DF82FFE7179840F276
:10DC70000A21884200F00A83FFE7179840F20D213D
:10DC8000884200F03583FFE7179840F20E21884262
:10DC900000F06083FFE7179840F20131884200F0FE
:10DCA0008B83FFE7179840F20331884200F0B68378
:10DCB000E6E300203990FFE7399844F64A51C2F272
:10DCC00000410988023188421CDAFFE72598016883
:10DCD000169142F63C31C2F200410988399A11444A
:10DCE000073189B200F0F4FB2599024616981044DA
:10DCF00090F88400399A11444875FFE7399801304B
:10DD00003990D9E742F63C31C2F20041088814301C
:10DD10000880B5E300203890FFE7389844F64A5170
:10DD2000C2F200410988023188421DDAFFE72598D6
:10DD30000168159142F63C31C2F200410988389AD7
:10DD40001144073189B200F0C3FB259902461598AA
:10DD5000104490F88400389A114481F82200FFE7BB
:10DD6000389801303890D8E742F63C31C2F2004191
:10DD700008880A30088083E300203790FFE737984F
:10DD800044F64A51C2F200410988023188421DDA44
:10DD9000FFE725980168149142F63C31C2F2004138
:10DDA0000988379A1144073189B200F091FB25990F
:10DDB00002461498104490F88400379A114481F870
:10DDC0002500FFE7379801303790D8E742F63C311D
:10DDD000C2F2004108882930088051E300203690C3
:10DDE000FFE7369844F64A51C2F2004109880231F1
:10DDF00088421DDAFFE725980168139142F63C310D
:10DE0000C2F200410988369A1144073189B200F004
:10DE10005FFB259902461398104490F88400369AC7
:10DE2000114481F84D00FFE7369801303690D8E76D
:10DE300042F63C31C2F2004108880D3008801FE3F1
:10DE400000203590FFE7359844F64A51C2F2004170
:10DE50000988023188421DDAFFE72598016812918E
:10DE600042F63C31C2F200410988359A114407312B
:10DE700089B200F02DFB259902461298104490F8C3
:10DE80008400359A114481F85300FFE7359801303A
:10DE90003590D8E742F63C31C2F2004108880C3098
:10DEA0000880EDE200203490FFE7349844F64A51B0
:10DEB000C2F200410988023188421DDAFFE7259845
:10DEC0000168119142F63C31C2F200410988349A4E
:10DED0001144073189B200F0FBFA259902461198E6
:10DEE000104490F88400349A114481F85800FFE7F8
:10DEF000349801303490D8E742F63C31C2F2004108
:10DF000008880C300880BBE200203390FFE733988C
:10DF100044F64A51C2F200410988023188421DDAB2
:10DF2000FFE725980168109142F63C31C2F20041AA
:10DF30000988339A1144073189B200F0C9FA25994A
:10DF400002461098104490F88400339A114481F8E6
:10DF50005D00FFE7339801303390D8E742F63C315B
:10DF6000C2F2004108881630088089E20020329011
:10DF7000FFE7329844F64A51C2F200410988023163
:10DF800088421DDAFFE7259801680F9142F63C317F
:10DF9000C2F200410988329A1144073189B200F077
:10DFA00097FA259902460F98104490F88400329A07
:10DFB000114481F86C00FFE7329801303290D8E7C5
:10DFC00042F63C31C2F2004108881930088057E21D
:10DFD00000203190FFE7319844F64A51C2F20041E7
:10DFE0000988023188421DDAFFE7259801680E9101
:10DFF00042F63C31C2F200410988319A114407319E
:10E0000089B200F065FA259902460E98104490F8FE
:10E010008400319A114481F87E00FFE73198013085
:10E020003190D8E742F63C31C2F200410888153001
:10E03000088025E200203090FFE7309844F64A51EE
:10E04000C2F200410988023188421DDAFFE72598B3
:10E0500001680D9142F63C31C2F200410988309AC4
:10E060001144073189B200F033FA259902460D9820
:10E07000104490F88400309A114481F88C00FFE736
:10E08000309801303090D8E742F63C31C2F200417E
:10E09000088810300880F3E100202F90FFE72F98C8
:10E0A00044F64A51C2F200410988023188421DDA21
:10E0B000FFE7259801680C9142F63C31C2F200411D
:10E0C00009882F9A1144073189B200F001FA259985
:10E0D00002460C98104490F884002F9A114481F85D
:10E0E0009500FFE72F9801302F90D8E742F63C319A
:10E0F000C2F2004108880B300880C1E100202E9058
:10E10000FFE72E9844F64A51C2F2004109880231D5
:10E1100088421DDAFFE7259801680B9142F63C31F1
:10E12000C2F2004109882E9A1144073189B200F0E9
:10E13000CFF9259902460B98104490F884002E9A46
:10E14000114481F89900FFE72E9801302E90D8E70E
:10E1500042F63C31C2F2004108880A3008808FE163
:10E1600000202D90FFE72D9844F64A51C2F200415D
:10E170000988023188421DDAFFE7259801680A9173
:10E1800042F63C31C2F2004109882D9A1144073110
:10E1900089B200F09DF9259902460A98104490F83A
:10E1A00084002D9A114481F89C00FFE72D980130DE
:10E1B0002D90D8E742F63C31C2F200410888103079
:10E1C00008805DE100202C90FFE72C9844F64A512E
:10E1D000C2F200410988023188421DDAFFE7259822
:10E1E0000168099142F63C31C2F2004109882C9A3B
:10E1F0001144073189B200F06BF92599024609985C
:10E20000104490F884002C9A114481F8A500FFE78F
:10E210002C9801302C90D8E742F63C31C2F20041F4
:10E2200008880F3008802BE100202B90FFE72B9807
:10E2300044F64A51C2F200410988023188421DDA8F
:10E24000FFE725980168089142F63C31C2F200418F
:10E2500009882B9A1144073189B200F039F92599C0
:10E2600002460898104490F884002B9A114481F8D3
:10E27000AD00FFE72B9801302B90D8E742F63C31F8
:10E28000C2F2004108880D300880F9E000202A9091
:10E29000FFE72A9844F64A51C2F200410988023148
:10E2A00088421DDAFFE725980168079142F63C3164
:10E2B000C2F2004109882A9A1144073189B200F05C
:10E2C00007F9259902460798104490F884002A9A85
:10E2D000114481F8BE00FFE72A9801302A90D8E760
:10E2E00042F63C31C2F2004108880F300880C7E096
:10E2F00000202990FFE7299844F64A51C2F20041D4
:10E300000988023188421DDAFFE7259801680691E5
:10E3100042F63C31C2F200410988299A1144073182
:10E3200089B200F0D5F8259902460698104490F875
:10E330008400299A114481F8B300FFE7299801303D
:10E340002990D8E742F63C31C2F2004108880F30EC
:10E35000088095E000202890FFE7289844F64A516D
:10E36000C2F200410988023188421DDAFFE7259890
:10E370000168059142F63C31C2F200410988289AB1
:10E380001144073189B200F0A3F825990246059897
:10E39000104490F88400289A114481F8BB00FFE7EC
:10E3A000289801302890D8E742F63C31C2F200416B
:10E3B00008880A30088063E000202790FFE727984C
:10E3C00044F64A51C2F200410988023188421DDAFE
:10E3D000FFE725980168049142F63C31C2F2004102
:10E3E0000988279A1144073189B200F071F82599FC
:10E3F00002460498104490F88400279A114481F84A
:10E40000C600FFE7279801302790D8E742F63C3155
:10E41000C2F2004108882730088031E000202690B1
:10E42000FFE7269844F64A51C2F2004109880231BA
:10E4300088421DDAFFE725980168039142F63C31D6
:10E44000C2F200410988269A1144073189B200F0CE
:10E450003FF8259902460398104490F88400269AC4
:10E46000114481F80B02FFE7269801302690D8E787
:10E4700042F63C31C2F20041088815300880FFE7BF
:10E48000FFE7FFE73C98029020B1FFE7029806F013
:10E49000D2F8FFE73D98019020B1FFE7019806F020
:10E4A000CAF8FFE7FFE742F63C31C2F200410888B4
:10E4B00001300880FFF788BA40B080BD000000003E
:10E4C00081B000900098407D000901B070470000C5
:10E4D00082B00190ADF802100198BDF802200068EA
:10E4E000B0F80411B2FBF1F000FB112002B070474C
:10E4F00081B000900098B0F8A50001B0704700000E
:10E5000081B000900098007D01B0704700000000CD
:10E5100081B000900098C08A01B0704700000000F0
:10E5200081B000900098B0F8CC0001B070470000B6
:10E5300081B000900098B0F8CE0001B070470000A4
:10E5400080B584B003900291ADF806200398C168AD
:10E550000131C160FFF724FA04B080BD0000000063
:10E5600081B00090009890F8920001B070470000D0
:10E5700081B000900098B0F8E00001B07047000052
:10E5800081B000900098B0F8E20001B07047000040
:10E5900081B00090009890F85900800901B0704750
:10E5A00081B000900098B0F8630001B0704700009F
:10E5B00081B000900098B0F8D40001B0704700001E
:10E5C00081B000900098B0F8D60001B0704700000C
:10E5D00081B000900098B0F8D80001B070470000FA
:10E5E00081B000900098D0F80B0200EE100A01B044
:10E5F000704700000000000081B000900098D0F843
:10E600000F0200EE100A01B0704700000000000089
:10E6100082B0019001990091C8680969884204D1CB
:10E62000FFE700990020087503E0009901200875B4
:10E63000FFE70099C868086102B070470000000059
:10E6400085B003908DF80B10039800909DF80B0097
:10E650000138014601916E2800F2D2800199DFE86D
:10E6600011F06F0075007B0081008700CF008D00E6
:10E67000CF00CF0099009300CF00CF00CF00CF0094
:10E68000CF00CF00CF00CF00CF00CF00CF00CF0012
:10E69000CF00CF00CF00CF00CF00CF00CF00CF0002
:10E6A000CF00CF00CF00CF00CF00CF00CF00CF00F2
:10E6B000CF00CF00CF00CF00CF00CF00CF00CF00E2
:10E6C000CF00CF00CF00CF00CF00CF00CF00CF00D2
:10E6D000CF00CF00CF00CF00CF00CF00CF00CF00C2
:10E6E000CF00CF00CF00CF00CF00CF00CF00CF00B2
:10E6F000CF00CF00CF00CF00CF00CF00CF00CF00A2
:10E70000CF00CF00CF00CF00CF00CF00CF00CF0091
:10E71000CF00CF00CF00CF00CF00CF00CF00CF0081
:10E72000CF00CF00CF00CF00CF009F00A500AB00EF
:10E73000B100B700CF00BD00CF00CF00C900C300BB
:10E740000098B0F82500ADF812005FE00098B0F82E
:10E750002700ADF8120059E00098B0F82900ADF894
:10E76000120053E00098B0F82B00ADF812004DE015
:10E770000098B0F82D00ADF8120047E00098B0F80E
:10E780002F00ADF8120041E00098B0F83100ADF86C
:10E7900012003BE00098B0F83300ADF8120035E00D
:10E7A0000098B0F83500ADF812002FE00098B0F8EE
:10E7B0003700ADF8120029E00098B0F83900ADF844
:10E7C000120023E00098B0F83B00ADF812001DE005
:10E7D0000098B0F83D00ADF8120017E00098B0F8CE
:10E7E0003F00ADF8120011E00098B0F84100ADF81C
:10E7F00012000BE00098B0F84300ADF8120005E0FD
:10E800000098B0F84300ADF81200FFE7BDF8120021
:10E8100005B070470000000081B000900098B0F88B
:10E820005F0001B07047000081B00090009890F840
:10E830005D0001B07047000080B582B00190019882
:10E84000009000214171052282710222C271027280
:10E85000C16001610175E63004F05EF90098EE30A8
:10E8600004F03AF9009800F2031004F03DF9009822
:10E8700000F2271004F040F9009800F5BC7004F095
:10E8800043F9009800F5EC7004F04EF9009800F29E
:10E89000192002F021F8009800F2232004F030F84B
:10E8A000009802B080BD000084B0039003980090EF
:10E8B000D0F8F0102C310191D0F8F00090F82C0035
:10E8C000A12804D1FFE70199A1200870FFE7009873
:10E8D000D0F8F00090F82C00A62804D1FFE70199A9
:10E8E000A6200870FFE70098D0F8F02092F83210C8
:10E8F00092F8332041EA022146F2B802C2F2004205
:10E900001180D0F8F03093F8301093F8313041EAAC
:10E91000032146F2BA03C2F200431980D0F8F03066
:10E9200093F82E1093F82F3041EA032146F2B603F4
:10E93000C2F2004319801188D0F8FC3019441180CC
:10E9400090F8300158BBFFE7009946F2B800C2F2D8
:10E9500000400088B1F85C21801A02900298D1F83A
:10E9600014210021A1EB5201884207D2FFE7009950
:10E97000D1F864010130C1F864010FE000990298F8
:10E98000D1F81411B0EB510F07D9FFE70099D1F876
:10E9900064010138C1F86401FFE7FFE7FFE7009871
:10E9A000D0F81431D0F8642146F2B801C2F2004127
:10E9B000B1F800C002FB03C2C0F86021019A1278CE
:10E9C00080F84021098800EE101AB8EE400A90ED58
:10E9D000451AB8EE411A80EE010A9FED3B1A20EE6F
:10E9E000010A80ED510A90ED510A9FED381AB4EEFC
:10E9F000410AF1EE10FA0ADDFFE7009890ED510AA6
:10EA00009FED341A30EE010A80ED510A15E00098AE
:10EA100090ED510A9FED2E1AB4EE410AF1EE10FA74
:10EA20000ADAFFE7009890ED510A9FED271A30EEC1
:10EA3000010A80ED510AFFE7FFE7009890ED510AC7
:10EA40009FED251A20EE010A80ED520A46F2BA0126
:10EA5000C2F20041B1F9002000EE102AB8EEC00A5F
:10EA600080ED530AB1F9001000EE101AB8EEC00A9A
:10EA700020EE010A80ED540A46F2B601C2F20041CE
:10EA8000B1F9001000EE101AB8EEC00A80ED550A78
:10EA9000D0F8F01091F82D1000EE101AB8EE400AE0
:10EAA00080ED560A46F2B801C2F200410988A0F88A
:10EAB0005C1190F8300128B9FFE70099012081F836
:10EAC0003001FFE704B070470000B4430000344356
:10EAD000000034C30000B4C335FA8E3C00000000CF
:10EAE00081B00090009890ED510A01B0704700008D
:10EAF00081B000900098B0F9080100EE100AB8EE5D
:10EB0000C00A01B07047000082B001908DED000A8C
:10EB100001990098C1F8780102B070470000000028
:10EB200082B001908DED000A01990098C1F888012A
:10EB300002B070470000000080B584B003900291DD
:10EB4000039801900298407808B9FFE708E001981F
:10EB5000D0F834110131C0F83411FFF7A5FEFFE7FA
:10EB600004B080BD0000000081B00090009890EDDE
:10EB7000470A01B07047000082B001908DED000A95
:10EB800001990098C1F81C0102B070470000000014
:10EB900082B001908DED000A01990098C1F8200122
:10EBA00002B070470000000082B001908DED000AB5
:10EBB00001990098C1F8800102B070470000000080
:10EBC00082B001908DF8031001999DF8030081F83F
:10EBD0006A0102B07047000082B001900199009173
:10EBE000D1F83401D1F83811884205D1FFE70099F6
:10EBF000002081F83C0104E00099012081F83C01EB
:10EC0000FFE70099D1F83401C1F8380102B070472C
:10EC100080B586B005900598039090F86A0101468A
:10EC2000049102283CD0FFE7049803281CD0FFE79A
:10EC3000049804285ED1FFE7039901F1A000029037
:10EC400091ED620A04F028FC0298039991ED550AAF
:10EC500004F0D2FD029804F037FC029804F0C4FDE1
:10EC6000039880ED430A4AE0039901F150000190B6
:10EC700091ED600A04F010FC0198039991ED480AA7
:10EC800004F0BAFD019804F01FFC019804F0ACFDFB
:10EC9000039981ED610AD1F88401C1F80C012EE0DD
:10ECA000039890ED5E0A04F0F7FB039890ED470A95
:10ECB00004F0A2FD039804F007FC039804F094FD0F
:10ECC000039981ED600A01F15000009091ED600A16
:10ECD00004F0E2FB0098039991ED480A04F08CFDE2
:10ECE000009804F0F1FB009804F07EFD039880ED9D
:10ECF000430A04E003990020C1F80C01FFE70398E0
:10ED000000F06EF806B080BD10B58AB00DF1100CA1
:10ED1000CDF804C08C46019986460C98CDF824E0C5
:10ED2000CDF820C08DF81F2081ED020A0593C1EDBA
:10ED3000000A8DF80F0009980290089800684AF2BE
:10ED40000001C4F20001884208D1FFE7029940F2B5
:10ED5000D820C2F20040C1F8F00023E00898006813
:10ED60004AF20041C4F20001884208D1FFE702994B
:10ED700040F2A830C2F20040C1F8F00011E008985B
:10ED800000684DF20041C4F20001884208D1FFE75B
:10ED9000029940F22040C2F20040C1F8F000FFE7C3
:10EDA000FFE7FFE702999DF81F0081F8F4009DF846
:10EDB0000F0081F86A010598C1F8FC000698C1F8B7
:10EDC00000010498C1F8040108989DF81F10F7F796
:10EDD000FBFC0299C1F8F8000AB010BD0000000069
:10EDE00083B002900298009090F868018038014644
:10EDF0000191262800F26C800199DFE801F0393397
:10EE00006969696969692D696969696969696969AE
:10EE100069696969696969696969696969696914B7
:10EE2000696969693F000099D1F8F820A120107044
:10EE300091ED430ABDEEC00A10EE100AD1F8F82099
:10EE4000107191ED430ABDEEC00A10EE100A000ADF
:10EE5000D1F8F81048713CE00098D0F8F8108820FC
:10EE6000087036E00098D0F8F8108120087030E083
:10EE70000098D0F8F810802008702AE00099D1F8A6
:10EE8000F820A620107091F82801D1F8F8205070D1
:10EE900091F82A01D1F8F820907091F82B01D1F85F
:10EEA000F820D070D1F8F820D1F82C011071D1F8E9
:10EEB000F820D1F82C01000A5071B1F82E01D1F8D8
:10EEC000F820907191F82F01D1F8F810C871FFE780
:10EED000FFE703B07047000080B584B0039003984B
:10EEE000019004F095FC0198503004F091FC0198D9
:10EEF000A03004F08DFC01984FF40061A0F80811D7
:10EF000000210291C0F80C1149F69A12C3F69962D9
:10EF1000C0F810214FF6FF72C0F81421C0F8181184
:10EF2000C0F81C11C0F82011C0F824112D22A0F83F
:10EF30002A2180F83011C0F83411C0F8381180F857
:10EF40003C1100F5A07003F0D3FC01980299A122B6
:10EF500080F8682180F86911022280F86A21C0F8DF
:10EF60006C11C0F87011C0F87411C0F87811C0F8B5
:10EF70007C11C0F88011C0F88411C0F8881104B069
:10EF800080BD00000000000081B00090009890F863
:10EF90002C0001B07047000081B00090009844F24E
:10EFA0000001C4F29C61816100210162416280F82C
:10EFB000351080F83610416401B070470000000041
:10EFC00081B00090009940F2C800C2F2004002688F
:10EFD0004DF68363C4F21B33A2FB0332920C8A60AA
:10EFE000006844F6D352C1F26202A0FB02208009FD
:10EFF000C86001B07047000080B584B003900291F2
:10F000000398019000F09CFE30B1FFE70199087968
:10F0100040F08000087108E0019800F019FA0199A9
:10F020000246087910430871FFE7019800F0E4FDFB
:10F0300030B1FFE70199087940F04000087108E01D
:10F04000019800F06DF901990246087910430871A2
:10F05000FFE70198407928B1FFE70198029900F095
:10F060008FFA26E002994BF21F30C3F67B0048620C
:10F0700002994DF2C970C3F66B308862029944F66A
:10F080002F70CBF6E220C86202994CF65830C4F2D9
:10F090001B100863029890ED0C1A9FED080A80EE91
:10F0A000010A80ED080A02990020C4F2202088613C
:10F0B000FFE70198007904B080BD00BFC3F51C4193
:10F0C00080B586B0059004910598029042F62832EA
:10F0D000C2F2004203921221062300F0E1FF0298DF
:10F0E000039A1178537841EA032142F62633C2F29B
:10F0F00000431980B3F9001000EE101AB8EEC00AF0
:10F1000040F20001C2F2004191ED001A20EE010A26
:10F11000DDF810C08CED000A92F802C092F803E00E
:10F120004CEA0E2CA3F800C0B3F900C000EE10CAE0
:10F13000B8EEC00A91ED001A20EE010ADDF810C009
:10F140008CED010A92F804C092F805E04CEA0E2C0E
:10F15000A3F800C0B3F9003000EE103AB8EEC00AD0
:10F1600091ED001A20EE010A049981ED020A0021B6
:10F17000082300F05DFF039800780F2840F0958089
:10F18000FFE70298407900284AD0FFE742F628338B
:10F19000C2F200439878D97840EA012042F626313D
:10F1A000C2F200410880B1F9000000EE100AB8EE8A
:10F1B000C01A40F20400C2F2004090ED002A049A06
:10F1C00092ED090A91EE020A82ED030A1A7993F888
:10F1D00005C042EA0C220A80B1F9002000EE102A94
:10F1E000B8EEC01A90ED002A049A92ED0A0A91EE48
:10F1F000020A82ED040A9A79DB7942EA03220A8044
:10F20000B1F9001000EE101AB8EEC01A90ED002A05
:10F21000049890ED0B0A91EE020A80ED050A43E096
:10F2200042F62833C2F200439878D97840EA0120A8
:10F2300042F62631C2F200410880B1F9000000EE2A
:10F24000100AB8EEC00A40F20400C2F2004090ED8D
:10F25000001A20EE010A049A82ED030A1A7993F843
:10F2600005C042EA0C220A80B1F9002000EE102A03
:10F27000B8EEC00A90ED001A20EE010A049A82ED61
:10F28000040A9A79DB7942EA03220A80B1F9001074
:10F2900000EE101AB8EEC00A90ED001A20EE010A36
:10F2A000049880ED050AFFE7FFE7029842F628324E
:10F2B000C2F2004201922221022300F0F1FE0199E4
:10F2C00008784978C00040EA511142F62630C2F26F
:10F2D00000400180B0F90000B0F5806F09DBFFE766
:10F2E00042F62631C2F200410888A0F5006008808D
:10F2F000FFE742F62630C2F20040B0F9000000EE0F
:10F30000100AB8EEC01AB4EE002AB3EE070AA1EE56
:10F31000020A049880ED070A06B080BD00000000D4
:10F3200080B58AB0089008980590002103918DF867
:10F330001F108DF81E100DF11E02049200F0ECFE5D
:10F3400005989621069101F027F80399049A0598EB
:10F3500000F0E2FE0598069901F01EF805981421C8
:10F36000B62200F02DFF0598502100F0C9FF039947
:10F37000049A059800F0D0FE0598069901F00CF863
:10F380000399049A059800F0C7FE0598069901F0C4
:10F3900003F89DF81E000F2804D0FFE7FF208DF82A
:10F3A00027004FE000208DF81F00FFE79DF81F00A9
:10F3B000052843DCFFE705989DF81F1001EB41038A
:10F3C00040F29E11C2F200410291CA18C95C527803
:10F3D00000F0F6FE05989621019100F0DDFF0598FA
:10F3E00002999DF81F2002EB4202895C0DF11E027A
:10F3F00000F092FE0598019900F0CEFF02999DF869
:10F400001E009DF81F2002EB4202114449788842F9
:10F410000DD0FFE79DF81F0000EB400140F29E1069
:10F42000C2F20040084480788DF827000AE0FFE728
:10F430009DF81F0001308DF81F00B7E700208DF800
:10F440002700FFE79DF827000AB080BD00000000FC
:10F4500080B58AB0089008980590002103918DF836
:10F460001F108DF81E100DF11F02049200F07CFE9B
:10F4700005989621069100F08FFF0399049A05984C
:10F4800000F072FE0598069900F086FF05987E212F
:10F49000B62200F0B9FE0598502100F031FF039923
:10F4A000049A059800F060FE0598069900F074FF34
:10F4B0000399049A059800F057FE0598069900F004
:10F4C0006BFF9DF81F001E2804D0FFE7FF208DF87A
:10F4D00027004FE000208DF81E00FFE79DF81E007A
:10F4E000052843DCFFE705989DF81E1001EB41035A
:10F4F00040F2B011C2F200410291CA18C95C5278C0
:10F5000000F082FE05989621019100F045FF0598D4
:10F5100002999DF81E2002EB4202895C0DF11F0248
:10F5200000F022FE0598019900F036FF02999DF83F
:10F530001F009DF81E2002EB4202114449788842C8
:10F540000DD0FFE79DF81E0000EB400140F2B01027
:10F55000C2F20040084480788DF827000AE0FFE7F7
:10F560009DF81E0001308DF81E00B7E700208DF8D1
:10F570002700FFE79DF827000AB080BD00000000CB
:10F5800080B594B006AA029213901291139803903A
:10F59000002011901090F7F70FFB42F63030C2F2C6
:10F5A000004080ED000AFFE7F7F706FB42F6303037
:10F5B000C2F2004090ED001A30EE410AB2EE041A99
:10F5C000B4EE410AF1EE10FA1EDDFFE712994BF29C
:10F5D0001F30C3F67B00486212994DF2C970C3F622
:10F5E0006B308862129944F62F70CBF6E220C86225
:10F5F00012994CF65830C4F21B100863129900207F
:10F60000C4F220208861E1E29FEDE40AF9F71CF9D9
:10F61000129900200863129948621299886212991F
:10F62000C862ADF81600FFE7BDF8160040F2C2113F
:10F63000C2F200410988884280F2DA81FFE703982C
:10F64000122110AA0192062300F02AFD9DF8400025
:10F650009DF8411040EA0120ADF83E00BDF93E00A2
:10F6600000EE100AB8EEC00A40F20000C2F20040FC
:10F6700090ED001A20EE010A129981ED000A9DF822
:10F6800042109DF8432041EA0221ADF83E10BDF939
:10F690003E1000EE101AB8EEC00A90ED001A20EEEF
:10F6A000010A129981ED010A9DF844109DF8452048
:10F6B00041EA0221ADF83E10BDF93E1000EE101AED
:10F6C000B8EEC00A90ED001A20EE010A129880ED03
:10F6D000020A129890ED002A90ED010A90ED021AAC
:10F6E00020EE000AA2EE020AA1EE010A06F0BCFC1E
:10F6F00002990398019A81ED020A91ED021A12997A
:10F7000091ED0C0A30EE010A81ED0C0A002108236C
:10F7100000F08EFC9DF840000F285FD1FFE79DF8B8
:10F7200042009DF8431040EA0120ADF83E00BDF9CB
:10F730003E0000EE100AB8EEC00A40F20400C2F229
:10F74000004090ED001A20EE010A129981ED030AA3
:10F75000129991ED031A91ED090A30EE010A81ED3B
:10F76000090A9DF844109DF8452041EA0221ADF8B0
:10F770003E10BDF93E1000EE101AB8EEC00A90ED32
:10F78000001A20EE010A129981ED040A129991EDF6
:10F79000041A91ED0A0A30EE010A81ED0A0A9DF879
:10F7A00046109DF8472041EA0221ADF83E10BDF910
:10F7B0003E1000EE101AB8EEC00A90ED001A20EECE
:10F7C000010A129880ED050A129890ED051A90ED45
:10F7D0000B0A30EE010A80ED0B0AFFE7BDF81600B8
:10F7E00038BBFFE7089807900898069000208DF82E
:10F7F0001500FFE79DF81500022819DCFFE71298B5
:10F800009DF8152000EB8200C0680CA941F8220089
:10F8100012989DF8152000EB8200C06809A941F8F4
:10F820002200FFE79DF8150001308DF81500E1E793
:10F8300064E0029890ED020A90ED011AB4EE410ADC
:10F84000F1EE10FA03DDFFE708980790FFE7029852
:10F8500090ED020A90ED001AB4EE410AF1EE10FAB2
:10F8600003DAFFE708980690FFE700208DF8140000
:10F87000FFE79DF8140002283FDCFFE712989DF88F
:10F88000141000EB810090ED030A0CA800EB81003E
:10F8900090ED001AB4EE410AF1EE10FA0ADDFFE72E
:10F8A00012989DF8142000EB8200C0680CA941F862
:10F8B0002200FFE712989DF8141000EB810090EDF4
:10F8C000030A09A800EB810090ED001AB4EE410A8A
:10F8D000F1EE10FA0ADAFFE712989DF8142000EB17
:10F8E0008200C06809A941F82200FFE7FFE79DF800
:10F8F000140001308DF81400BBE7FFE7029890ED8B
:10F90000010A90ED001A30EE410A44F64C50C2F262
:10F91000004080ED000A00208DF81300FFE79DF8FD
:10F92000130002281DDCFFE79DF813100CA800EB64
:10F93000810090ED000A09A800EB810090ED001A0B
:10F9400030EE410A44F65050C2F2004000EB810014
:10F9500080ED000AFFE79DF8130001308DF81300D9
:10F96000DDE744F64C50C2F2004090ED000AB6EEDE
:10F97000001AB4EE410AF1EE10FA2DDCFFE744F66E
:10F980005050C2F2004090ED000A9FED961AB4EE7E
:10F99000410AF1EE10FA1FDC02E000BF0AD7A33BD8
:10F9A00044F65050C2F2004090ED010A9FED8D1ACE
:10F9B000B4EE410AF1EE10FA0EDCFFE744F65050C7
:10F9C000C2F2004090ED020A9FED861AB4EE410AA1
:10F9D000F1EE10FA01DDFFE70AE09FED830AF8F788
:10F9E00033FFFFE7BDF816000130ADF816001BE647
:10F9F00040F2C210C2F20040008800EE100AB8EED9
:10FA0000401A129890ED0C0A80EE010A80ED0C0A63
:10FA100000208DF81200FFE79DF8120002281BDC81
:10FA2000FFE740F2C210C2F20040008800EE100A68
:10FA3000B8EE401A12989DF8121000EB810090ED7C
:10FA4000090A80EE010A80ED090AFFE79DF812001D
:10FA500001308DF81200DFE70398222110AA02235B
:10FA600000F01EFB9DF840009DF84110C00040EAE8
:10FA70005110ADF83E00BDF93E00B0F5806F07DBD8
:10FA8000FFE7BDF83E00A0F50060ADF83E00FFE7DF
:10FA9000BDF93E0000EE100AB8EEC01AB4EE002A1E
:10FAA000B3EE070AA1EE020A129880ED060A42F6AA
:10FAB0004031C2F20041088801300880FFE744F677
:10FAC0004C50C2F2004090ED000A0120B6EE001A40
:10FAD000B4EE410AF1EE10FA009071DCFFE71298E3
:10FAE00090ED0C0A9FED411A30EE010AB0EEC00A0B
:10FAF0000120B6EE001AB4EE410AF1EE10FA0090C1
:10FB00005EDCFFE744F65050C2F2004090ED000A80
:10FB100001209FED341AB4EE410AF1EE10FA009084
:10FB20004EDCFFE744F65050C2F2004090ED010A6F
:10FB300001209FED2C1AB4EE410AF1EE10FA00906C
:10FB40003EDCFFE744F65050C2F2004090ED020A5E
:10FB500001209FED241AB4EE410AF1EE10FA009054
:10FB60002EDCFFE7129890ED090AB0EEC00A0120E2
:10FB70009FED1F1AB4EE410AF1EE10FA00901FDC5F
:10FB8000FFE7129890ED0A0AB0EEC00A01209FED3F
:10FB9000181AB4EE410AF1EE10FA009010DCFFE7FB
:10FBA000129890ED0B0AB0EEC00A9FED111A0020DA
:10FBB000B4EE410AF1EE10FAC8BF01200090FFE751
:10FBC0000098C00700287FF4EFACFFE7129890ED93
:10FBD0000C1A9FED080A80EE010A80ED080A14B0A5
:10FBE00080BD00BF9A99193E6F12033ACDCC1CC15B
:10FBF0000AD7233CC3F51C4180B58AB00890089809
:10FC00000590002102918DF81F108DF81E100DF146
:10FC10001F02039200F080FA05989621049100F0EB
:10FC2000BBFB0299039A059800F076FA04990598AF
:10FC300000F0B2FB05981421B62200F0C1FA059835
:10FC40005021069100F05CFB0299039A059800F0A0
:10FC500063FA0499059800F09FFB0299039A0598AE
:10FC600000F05AFA0499059800F096FB05983C219B
:10FC7000012200F0A5FA0598069900F041FBFFE784
:10FC800005983C210DF11F0200F046FA05989621D7
:10FC900000F082FB9DF81E0001308DF81E00FFE78A
:10FCA0009DF81F10002089070029019008D4FFE764
:10FCB0009DF81E1000200A29B8BF01200190FFE71F
:10FCC0000198C0070028DBD1FFE79DF81E000A2835
:10FCD00004D1FFE740208DF827000DE09DF81F00BC
:10FCE0004007002804D5FFE740208DF8270003E0F7
:10FCF00000208DF82700FFE79DF827000AB080BD9F
:10FD000080B584B003908DF80B10039801909DF896
:10FD10000B100268917200680068694601230B604D
:10FD200040F60001C5F602010822EFF789FF0198AD
:10FD3000006890F88A0004B080BD00000000000058
:10FD400080B596B0149014980C9000210A91ADF8EB
:10FD500040100F918DF83B108DF83A100DF13B02D9
:10FD60000B9200F001FA0C9896210D9100F014FB13
:10FD70000A990B9A0C9800F0F7F90C980D9900F07D
:10FD80000BFB0C987E21B62200F03EFA0C98502115
:10FD900000F0B6FA0A990B9A0C9800F0E5F90C9865
:10FDA0000D9900F0F9FA0A990B9A0C9800F0DCF919
:10FDB0000C980D9900F0F0FA9DF83B001E2804D035
:10FDC000FFE7FF208DF857002EE100208DF83A0064
:10FDD000FFE79DF83A00032847DCFFE70C989DF801
:10FDE0003A1001EB410347F27401C0F60201099198
:10FDF000CA18C95C527800F007FA0C98962108914D
:10FE000000F0CAFA0C9809999DF83A2002EB4202D8
:10FE1000895C0DF13B0200F0A7F90C98089900F0FD
:10FE2000BBFA09999DF83B009DF83A2002EB42028B
:10FE30001144497888420DD0FFE79DF83A0000EB65
:10FE4000400147F27400C0F60200084480788DF843
:10FE50005700E9E00C98502100F052FAFFE79DF8B6
:10FE60003A0001308DF83A00B3E700208DF83A00EF
:10FE7000FFE79DF83A00012875DCFFE70C989DF834
:10FE80003A1001EB410147F27402C0F602020792F8
:10FE90000A44117B527B00F0B7F90C989621069129
:10FEA00000F07AFA0C98079A9DF83A1001EB41019C
:10FEB0001144097B0DF13B0200F056F90C980699AC
:10FEC00000F06AFA079A9DF83B009DF83A1001EBA2
:10FED00041011144497B88420DD0FFE79DF83A006B
:10FEE00000EB400047F27401C0F602010844807B39
:10FEF0008DF8570098E00C98502100F001FA0C980A
:10FF000012210FAA062300F0CBF89DF83C009DF8C3
:10FF10003D1040EA01209DF83A1001EB410211A981
:10FF200021F812009DF83E009DF83F2040EA022093
:10FF30009DF83A2002EB420201EB420250809DF80C
:10FF400040009DF8412040EA02209DF83A2002EB53
:10FF5000420201EB42018880FFE79DF83A00013040
:10FF60008DF83A0085E70C986D210491002200F08D
:10FF70004BF90C989621059100F00EFA04990C9813
:10FF80000DF13B0200F0F0F80C98059900F004FA2E
:10FF90009DF83B0020B1FFE704208DF8570043E0B7
:10FFA0000C987E21B62200F02FF90C98502100F019
:10FFB000A7F9BDF94400BDF94A10401A40F2555165
:10FFC000884213DBFFE7BDF94600BDF94C10401A2B
:10FFD00040F25551884209DBFFE7BDF94800BDF901
:10FFE0004E10401AB0F52A7F04DAFFE780208DF822
:10FFF000570019E00C98002103910DF13B0201928A
:020000040802F0
:1000000000F0B2F80C989621029100F0C5F9019A1F
:100010000C98039900F0A8F80C98029900F0BCF92C
:1000200003988DF85700FFE79DF8570016B080BD84
:1000300080B586B005908DF8131003928DF80B30C3
:100040000598019040F60000C5F602000821E6F789
:1000500047FD01989DF8131041F08001FFF750FE15
:10006000FFE79DF80B0078B1FFE701985521FFF7F6
:1000700047FE039908700398013003909DF80B0028
:1000800001388DF80B00ECE740F60000C5F60200E1
:100090000821E6F725FD06B080BD00000000000045
:1000A00080B586B005908DF8131003928DF80B3053
:1000B0000598019040F60000C5F602000121E6F720
:1000C0000FFD01989DF8131041F08001FFF718FE15
:1000D00001989DF8131041F08001FFF711FEFFE732
:1000E0009DF80B0078B1FFE701985521FFF708FE56
:1000F000039908700398013003909DF80B000138B4
:100100008DF80B00ECE740F60000C5F60200012177
:10011000E6F7E6FC06B080BD80B586B005908DF8A8
:10012000131003920598009040F60000C5F60200F7
:10013000029008210191E6F7D3FC00989DF8131076
:1001400041F08001FFF7DCFD00985521FFF7D8FD55
:10015000019902460298039B1A70E6F7C1FC06B0AB
:1001600080BD00000000000080B588B007908DF8C9
:100170001B1005920798029040F60000C5F6020099
:10018000049001210391E6F7ABFC02989DF81B1047
:1001900041F08001FFF7B4FD029855210191FFF76E
:1001A000AFFD01990298FFF7ABFD03990246049851
:1001B000059B1A70E6F794FC08B080BD00000000B3
:1001C00080B586B005908DF813108DF81220059833
:1001D000019040F60000C5F602000390082102914C
:1001E000E6F77EFC01989DF81310FFF789FD019852
:1001F0009DF81210FFF784FD02990398E6F770FC52
:1002000006B080BD0000000080B586B005908DF876
:1002100013108DF812200598019040F60000C5F6E5
:100220000200039001210291E6F75AFC01989DF823
:100230001310FFF765FD01989DF81210FFF760FDA0
:1002400002990398E6F74CFC06B080BD0000000060
:1002500080B586B0049003910292049801900398AF
:1002600020B9FFE700208DF8170045E003980068EB
:1002700043F20001C4F20101884207D1FFE701996E
:1002800040F28850C2F20040086025E00398006800
:1002900043F60001C4F20001884207D1FFE701994B
:1002A00040F29C60C2F20040086014E003980068CD
:1002B00043F60041C4F20001884207D1FFE70199EB
:1002C00040F2B070C2F20040086003E000208DF8F8
:1002D000170011E0FFE7FFE7FFE70198FEF770FE68
:1002E000FFE701980299FEF787FE08B1FFE7F8E7FC
:1002F00001208DF81700FFE79DF8170006B080BDBC
:1003000087B00690ADF8161006990020049003906F
:100310000290019000904EF21400CEF200000068AE
:100320000090BDF81600C968484304904EF21800CA
:10033000CEF2000000680390FFE74EF21800CEF204
:100340000000006802900298039988421ED0FFE7DF
:1003500002980399884207D2FFE703980299411A4D
:1003600001980844019008E000980299401A039906
:100370000144019808440190FFE702980390019816
:100380000499884201D3FFE701E0FFE7D5E707B012
:10039000704700000000000087B00690ADF816100E
:1003A00006990020049003900290019000904EF274
:1003B0001400CEF2000000680090BDF816008968B5
:1003C000484304904EF21800CEF2000000680390FB
:1003D000FFE74EF21800CEF200000068029002988B
:1003E000039988421ED0FFE702980399884207D2FA
:1003F000FFE703980299411A01980844019008E028
:1004000000980299401A0399014401980844019008
:10041000FFE70298039001980499884201D3FFE70F
:1004200001E0FFE7D5E707B07047000000000000DB
:1004300081B0009000980021017141718160C1601C
:1004400001B070470000000082B001900091009957
:100450004FF07E5008600099002048600099886045
:100460000099C86002B0704781B0009000984FF0CA
:100470007E510160002141600022C4F27A42826014
:10048000C1600161416101B07047000000000000DF
:1004900081B0009000984FF07E5101604FF07F5185
:1004A00081600021C4F23421C1600021C4F2F01146
:1004B000416181614CF68601C3F23661C1614FF042
:1004C0006751016248F24131C3F6F631416246F2AA
:1004D0006661C3F6A67181624CF28F21C3F6754145
:1004E000C162002101634CF6CD42C4F2181242638E
:1004F00080F840100022C4F2C822C0F89020C0F852
:10050000941001B07047000083B0029001910298EE
:10051000009001980078A52862D1FFE70198407B00
:10052000B5285DD1FFE70098D0F8C8130131C0F8B5
:10053000C813019A51789278090209B2114400EE69
:10054000101AB8EEC00A9FED271A80EE010A80ED5E
:10055000BC0A019AD1781279090209B2114400EE5D
:10056000101AB8EEC00A80EE010A80EDBD0A019AA9
:1005700051799279090209B2114400EE101AB8EECD
:10058000C00A80EE010A80EDBE0A019AD179127A82
:10059000090209B2114400EE101AB8EEC00A80EE4A
:1005A000010A80EDBF0A019A517A927A090209B2D2
:1005B000114400EE101AB8EEC00A80EE010A80ED78
:1005C000C00A019AD17A127B090209B2114400EEE5
:1005D000101AB8EEC00A80EE010A80EDC10AFFE7EA
:1005E00003B070470000C84280B584B00390039800
:1005F000009042F63432C2F200421178013111709B
:1006000000F56F70F5F7D4FF009880EDED0A90EDDE
:10061000ED1A90EDEE0A30EE010A80EDEE0AD0F808
:10062000F012C0F8A810D0F8F412C0F8AC10D0F84E
:10063000F812C0F8B010D0F8FC12C0F89C10D0F836
:100640000013C0F8A010D0F80413C0F8A41090ED67
:10065000270AD0ED280A90ED291AD0ED2A1A90ED3C
:100660002B2AD0ED2C2A90EDED3A00F58870F7F7A3
:10067000D3FB0098D0F86012D0F86422D0F868322A
:10068000D0F86CC2C0F898C0C0F89430C0F8902080
:10069000034643F88C1F019300F5567100F1D00218
:1006A00002F01AFB0098019B00F5597100F1DC0281
:1006B00002F012FB0098019B00F55C7100F1E8026A
:1006C00002F00AFB0098019B00F5697142F61C02DA
:1006D000C2F2004202F084FB00208DF80B00FFE71D
:1006E0009DF80B0002282CDCFFE700999DF80B30E9
:1006F00001EB830042F61C02C2F2004202EB8302CD
:1007000092ED002A90ED2A0A90ED2D1A30EE420A61
:1007100091ED333A91EDED2A20EE020A33EE022AF2
:1007200080EE020A21EE031A81EE021A30EE010A6F
:1007300080ED2D0AFFE79DF80B0001308DF80B00CE
:10074000CEE7009800F18C0300F1B40100F1C00283
:1007500002F0C2FA009802F0B3FD0099012081F87E
:10076000C40304B080BD000082B0019001990091E3
:10077000D1F8C803D1F8CC13884205D1FFE700991E
:10078000002081F8880004E00099012081F88800A9
:10079000FFE70099D1F8C803C1F8CC0302B0704755
:1007A00080B582B001908DED000A0198DDED002A40
:1007B00000F58870B2EE040ADFED050A9FED051A18
:1007C000F7EE001A9FED042AF7F7C6F802B080BDD5
:1007D0006F12833A8096184B000000000000000062
:1007E00080B582B001900198009002F001FE00985F
:1007F00002B080BD0000000081B000900099486AFE
:10080000086291ED000A91ED051A30EE010A81EDC2
:10081000010A91ED010A91ED041A30EE011A80EE01
:10082000010A81ED060A91ED061A91ED090A91ED92
:100830000A2A32EE402AA1EE020A81ED090A91ED60
:10084000011A91ED062AB7EE000A30EE420A20EEB8
:10085000010A81ED000A486AC86101B070470000D2
:1008600085B004908DED030ACDED020A8DED011ADD
:10087000CDED001A04990398086102984861019827
:1008800048620098086005B0704700000000000052
:1008900081B00090009890ED070A01B07047000009
:1008A00082B001908DED000A01990098886202B033
:1008B000704700000000000081B0009000984FF0E9
:1008C0007E518160C1600161416100218161C1612E
:1008D000816201B07047000081B0009000984FF431
:1008E0009071018048F28001818001B07047000062
:1008F00080B586B0059005980090D0F8A0002C3007
:100900000190019804A9F7F723F9019802300DF13D
:100910000E01F7F71DF90198043003A9F7F718F94C
:10092000019806300DF10A01F7F712F9009890F8D6
:10093000B40001282CD1FFE70099BDF81000D1F8D0
:10094000E020801AADF81200BDF91200B1F8B6101F
:100950004A42C1EBD271B0EB610F07DAFFE70099B1
:10096000D1F8E8000130C1F8E80010E00099BDF9C5
:100970001200B1F8B610B0EB510F07DDFFE7009998
:10098000D1F8E8000138C1F8E800FFE7FFE7FFE72A
:100990000098D0F8E810B0F8B620BDF8103001FB90
:1009A0000231C0F8E41090ED2B1A90ED390AB8EE40
:1009B000C00AB0F8B61002EE101AB8EE422A80EE65
:1009C000020A9FED312A20EE020A80EE010A80ED34
:1009D000320A90ED2B1A90ED390AB8EEC00AB0F841
:1009E000B61002EE101AB8EE422A80EE020A30EE7D
:1009F000000A9FED262A20EE020A80EE010A80ED11
:100A0000330ABDF90E1000EE101AB8EEC00A9FEDC1
:100A1000201A20EE010A90ED2B1A80EE010A80EDDB
:100A2000340ABDF90E1000EE101AB8EEC00AB1EE8D
:100A3000081A20EE010A90ED2B1A80EE010A80EDD3
:100A4000350ABDF90C1000EE101AB8EEC00A80EDA0
:100A5000360ABDF90A1000EE101AB8EEC00A9FED72
:100A60000D1A30EE010A80ED370ABDF81010C0F8FB
:100A7000E01090F8B40028B9FFE70099012081F850
:100A8000B400FFE706B080BD0000B443DB0F49406F
:100A90005077D63D3393884381B00090009890ED15
:100AA000330A01B07047000081B00090009890EDCB
:100AB000360A01B07047000081B000900098B0F88D
:100AC000B80001B07047000082B001908DED000ABF
:100AD00001990098C1F8000102B0704700000000C1
:100AE00082B001908DED000A01990098C1F80801CB
:100AF00002B070470000000080B582B00190009104
:100B00000198D0F8BC100131C0F8BC10FFF7F0FE1E
:100B100002B080BD0000000081B00090009890F805
:100B2000F40001B07047000082B001908DED000A22
:100B300001990098C1F8040102B07047000000005C
:100B400082B001908DF8031001999DF8030081F89F
:100B5000F40002B07047000080B586B0059005989B
:100B6000039090F8F4000146049103286AD8049990
:100B7000DFE801F00214263E039890ED2C1A90ED68
:100B8000420A80EE010AB0F8B81001EE101AB8EE71
:100B9000C11A20EE010A80ED430A58E0039890ED57
:100BA0002C1A90ED420A80EE010AB0F8B81001EE5E
:100BB000101AB8EEC11A20EE010A80ED430A46E091
:100BC000039901F15000029091ED410A02F064FC9A
:100BD0000298039991ED340A02F00EFE029802F099
:100BE00073FC029802F000FE039880ED430A2EE0A9
:100BF000039890ED400A02F04FFC039890ED330A01
:100C000002F0FAFD039802F05FFC039802F0ECFD9D
:100C1000039981ED410A01F15000019091ED410AE3
:100C200002F03AFC0198039991ED340A02F0E4FDD8
:100C3000019802F049FC019802F0D6FD039880ED7E
:100C4000430A04E003990020C1F80C01FFE7039870
:100C500000F08AF806B080BD80B584B00390039997
:100C60000291D1F8BC00D1F8C010884211D1FFE741
:100C70000298002180F8C4109FED0C0A8DED010A46
:100C800002F016FC02989DED010A503002F010FCB3
:100C900004E00299012081F8C400FFE70299D1F82D
:100CA000BC00C1F8C00004B080BD00BF000000005F
:100CB00080B586B0059004918DF80F208DF80E3028
:100CC0008DED020ACDED010A0598009004980068A8
:100CD0004AF20001C4F20001884208D1FFE70099FE
:100CE00040F2D820C2F20040C1F8A00023E00498EE
:100CF00000684AF20041C4F20001884208D1FFE7CF
:100D0000009940F2A830C2F20040C1F8A00011E002
:100D1000049800684DF20041C4F20001884208D1F5
:100D2000FFE7009940F22040C2F20040C1F8A00065
:100D3000FFE7FFE7FFE700999DF80F0081F8A400A7
:100D40009DF80E0081F8F4000298C1F8AC000198FB
:100D5000C1F8B00004989DF80F10F5F7F9FD00995F
:100D6000C1F8A80006B080BD81B00090009991ED57
:100D7000430ABDEEC00A10EE100A000AD1F8A820FE
:100D8000107091ED430ABDEEC00A10EE100AD1F8C2
:100D9000A810487001B0704780B582B001900198EA
:100DA000009002F035FD0098503002F031FD0098BF
:100DB0000021C4F21021C0F8AC10002180F8B4105A
:100DC0004FF40052A0F8B62042F21072A0F8B820FA
:100DD000C0F8BC10C0F8C01080F8C410032280F81E
:100DE000F420C0F8F810C0F8FC10C0F80011C0F8EA
:100DF0000411C0F80811C0F80C1102B080BD000049
:100E000080B586B0059005980090D0F8B0002C30E1
:100E10000190019804A9F6F79BFE019802300DF1AC
:100E20000E01F6F795FE0198043003A9F6F790FE3F
:100E3000019806300DF10A01F6F78AFE009890F845
:100E4000C00001282CD1FFE70099BDF81000D1F8AF
:100E5000EC20801AADF81200BDF91200B1F8C210F2
:100E60004A42C1EBD271B0EB610F07DAFFE700999C
:100E7000D1F8F4000130C1F8F40010E00099BDF998
:100E80001200B1F8C210B0EB510F07DDFFE7009977
:100E9000D1F8F4000138C1F8F400FFE7FFE7FFE7FD
:100EA0000098D0F8F410B0F8C220BDF8103001FB63
:100EB0000231C0F8F01090ED2E1A90ED3C0AB8EE19
:100EC000C00AB0F8C21002EE101AB8EE422A80EE44
:100ED000020A30EE000A9FED302A20EE020A80EE70
:100EE000010A80ED360A90ED2E1A90ED3C0AB8EE1C
:100EF000C00AB0F8C21002EE101AB8EE422A80EE14
:100F0000020A9FED262A20EE020A80EE010A80EDF9
:100F1000350ABDF90E1000EE101AB8EEC00A9FEDAA
:100F2000201A20EE010A90ED2E1A80EE010A80EDC3
:100F3000370ABDF90E1000EE101AB8EEC00AB1EE75
:100F4000081A20EE010A90ED2E1A80EE010A80EDBB
:100F5000380ABDF90C1000EE101AB8EEC00A80ED88
:100F6000390ABDF90A1000EE101AB8EEC00A9FED5A
:100F70000D1A30EE010A80ED3A0ABDF81010C0F8E3
:100F8000EC1090F8C00028B9FFE70099012081F823
:100F9000C000FFE706B080BDDB0F49400000B4434E
:100FA0005077D63D3393884381B00090009890ED00
:100FB000390A01B07047000081B000900098B0F885
:100FC000C40001B07047000082B001908DED000AAE
:100FD00001990098C1F8140102B0704700000000A8
:100FE00080B582B0019000910198D0F8C81001310D
:100FF000C0F8C810FFF704FF02B080BD0000000079
:1010000081B00090009890ED370A01B07047000061
:1010100082B001908DED000A01990098C1F810018D
:1010200002B070470000000082B001908DF80310FC
:1010300001999DF8030081F8000102B0704700009B
:1010400080B586B005900598039090F800010146A0
:10105000049103286DD80499DFE801F00214263EBC
:10106000039890ED2F1A90ED450A80EE010AB0F832
:10107000C41001EE101AB8EEC11A20EE010A80ED7C
:10108000460A5BE0039890ED2F1A90ED450A80EE3A
:10109000010AB0F8C41001EE101AB8EEC11A20EE21
:1010A000010A80ED460A49E0039901F154000290DB
:1010B00091ED440A02F0F0F90298039991ED370A94
:1010C00002F09AFB029802F0FFF9029802F08CFB02
:1010D000039880ED460A31E00399081D009091EDD8
:1010E000430A02F0D9F90098039991ED360A02F00B
:1010F00083FB009802F0E8F9009802F075FB039971
:1011000081ED440A01F15400019091ED440A02F08E
:10111000C3F90198039991ED370A02F06DFB01982C
:1011200002F0D2F9019802F05FFB039880ED460AC5
:1011300004E003990020C1F81801FFE7039800F0CC
:101140008BF806B080BD000080B584B00390039991
:101150000291D1F8C800D1F8CC10884212D1FFE733
:101160000298002180F8D01004309FED0C0A8DED1C
:10117000010A02F09DF902989DED010A543002F037
:1011800097F904E00299012081F8D000FFE7029965
:10119000D1F8C800C1F8CC0004B080BD0000000048
:1011A00080B586B0059004918DF80F208DF80E3033
:1011B0008DED020ACDED010A0598009004980068B3
:1011C0004AF20001C4F20001884208D1FFE7009909
:1011D00040F2D820C2F20040C1F8B00023E00498E9
:1011E00000684AF20041C4F20001884208D1FFE7DA
:1011F000009940F2A830C2F20040C1F8B00011E0FE
:10120000049800684DF20041C4F20001884208D100
:10121000FFE7009940F22040C2F20040C1F8B00060
:10122000FFE7FFE7FFE700999DF80F0081F8B400A2
:101230009DF80E0081F800010298C1F8B8000198ED
:10124000C1F8BC0004989DF80F10F5F781FB0099D8
:10125000C1F8AC0006B080BD81B00090009991ED5E
:10126000460ABDEEC00A10EE100A000AD1F8AC2002
:10127000107091ED460ABDEEC00A10EE100AD1F8CA
:10128000AC10487001B0704780B582B001900198F1
:10129000009046F68871C0F6020108310160043002
:1012A00002F0B6FA0098543002F0B2FA0098002129
:1012B000C0F8A81080F8C0104FF40052A0F8C22067
:1012C0004FF48042A0F8C420C0F8C810C0F8CC1079
:1012D00080F8D010032280F80021C0F80411C0F873
:1012E0000811C0F80C11C0F81011C0F81411C0F8A2
:1012F000181102B080BD000080B588B00790079833
:101300000290D0F8A0002C300390039801300DF12A
:101310001601F6F71DFC0299039AD07812790001A4
:1013200040EA1210ADF8140003980279407902F0F7
:101330000F0240EA0220ADF812000398007881F80D
:10134000C800BDF81600B1F8E020801A0690069893
:10135000D1F8B81001EBD1720021A1EB62018842F3
:1013600007DAFFE70299D1F8E8000130C1F8E80098
:1013700011E002990698D1F8B81001EBD171B0EBE9
:10138000610F07DDFFE70299D1F8E8000138C1F8E5
:10139000E800FFE7FFE70299D1F8AC20D1F8B830B8
:1013A000D1F8E800BDF816C000FB03C01044C1F836
:1013B000E400BDF8160000EE100AB8EE400A91ED08
:1013C0002E1AB8EEC11A80EE010A30EE000A9FED27
:1013D0001F1A20EE010A81ED330ABDF81400D1ED89
:1013E0002C0AB1EE600A0021009140F6FF720192D2
:1013F000F5F7BAFC0099019A029B83ED340ABDF817
:101400001200D3ED2D0AB1EE600AF5F7ADFC02999A
:1014100081ED350A0398807900EE100AB8EEC00A13
:101420009FED0B1A30EE010A81ED360A0398C07960
:1014300000EE100AB8EEC00A30EE010A81ED370A5C
:10144000BDF81600A1F8E00008B080BDDB0F4940F0
:10145000339388430000000080B582B001908DED89
:10146000000A01999DED001A01F5887091ED440A7A
:1014700030EE010A81ED440AD1ED2D0AB1EE600A89
:10148000F5F7BEF802B080BD81B00090009890EDF5
:101490003E0A01B07047000082B001908DED000A55
:1014A00001990098C1F8F80002B0704700000000F0
:1014B00082B001908DED000A01990098C1F8FC00FE
:1014C00002B070470000000081B00090009890EDDD
:1014D000440A01B07047000082B001908DED000A0F
:1014E00001990098C1F8000102B0704700000000A7
:1014F00080B582B0019000910198D0F8BC10013104
:10150000C0F8BC10FFF7F8FE02B080BD000000007C
:1015100081B00090009890ED450A01B0704700003E
:1015200081B00090009890ED460A01B0704700002D
:1015300082B001908DED000A01990098C1F8140164
:1015400002B070470000000082B001908DED000AEB
:1015500001990098C1F8180102B07047000000001E
:1015600082B001908DF8031001999DF8030081F875
:10157000ED0002B07047000080B584B0039003987E
:10158000029090F8EC00022879D1FFE7029890F8D9
:10159000ED00012824D1FFE7029901F150000190EC
:1015A00091ED460A02F028F90198029991ED3F0A5F
:1015B00001F072FF019801F087FF019802F014F921
:1015C000029880ED410A90ED2D0A90ED411A9FEDB1
:1015D000322A80EE020A20EE010A80ED440A4DE034
:1015E000029890F8ED00022836D1FFE7029890EDBE
:1015F000450A02F001F9029890ED3E0A01F04CFF15
:10160000029801F061FF029802F0EEF8029981ED74
:101610003F0A01F15000009091ED460A02F0ECF80B
:101620000098029991ED3F0A01F036FF009801F011
:101630004BFF009802F0D8F8029880ED410A90ED37
:101640002D0A90ED411A9FED142A80EE020A20EE39
:10165000010A80ED440A10E0029890F8ED0058B9B4
:10166000FFE702990020C1F80401C1F80801C1F8A0
:101670000C01C1F81001FFE7FFE7FFE70AE002995C
:101680000020C1F80401C1F80801C1F80C01C1F83B
:101690001001FFE704B080BD00000045000000001D
:1016A00080B582B0019001990091D1F8BC00D1F8C9
:1016B000C010884212D1FFE70099002081F8C400D1
:1016C000D1F8A000006891F8A410F03140F20B02AC
:1016D000C2F200420823DFF7DFFA04E0009901209C
:1016E00081F8C400FFE70099D1F8BC00C1F8C00040
:1016F00002B080BD0000000080B596B0159015982E
:10170000079090F8EC0001460891042800F2EE8161
:101710000899DFE811F00500A6003901C001D801E1
:10172000079890ED420ADFEDF30A9FEDF31A0020CF
:1017300006904FF6FF71F5F7E7FA0799024606980B
:10174000ADF8522091ED2C1A91ED430AF1EE410AC9
:1017500040F6FF710591F5F7D7FA0599079A034608
:101760000698ADF8503092ED3C0ADFEDE40ACDED7D
:10177000040A9FEDE31AF5F7C7FADDED040A0599AF
:10178000079A03460698ADF84E3092ED3D0AB1EE49
:10179000041AF5F7B9FA0599079A03460698ADF8C1
:1017A0004C3092ED2D1A92ED440AF1EE410AF5F714
:1017B000ABFAADF84A000DF15200F6F7B9F9079A05
:1017C000D2F8A810BDF852000880BDF850000009FA
:1017D0008DF84900D2F8A8109DF849008870BDF82E
:1017E00050109DF84F0040EA01108DF84800D2F8E3
:1017F000A8109DF84800C8709DF84E008DF847006D
:10180000D2F8A8109DF847000871BDF84C000009F7
:101810008DF84600D2F8A8109DF846004871BDF832
:101820004C109DF84B0040EA01108DF84500D2F8AD
:10183000A8109DF8450088719DF84A008DF8440075
:10184000D2F8A8109DF84400C871D2F8A000006832
:1018500092F8A410F031D2F8A8200823DFF71CFA80
:1018600045E1079890ED420ADFEDA20A9FEDA21A2A
:10187000002003904FF6FF71F5F746FA07990246EC
:101880000398ADF8422091ED2C1A91ED430AF1EE48
:10189000410A40F6FF710291F5F736FA0299079A6C
:1018A00003460398ADF84030ADF83E0092ED3D0A96
:1018B000DFED920AB1EE041AF5F726FA0299079ABB
:1018C00003460398ADF83C3092ED2D1A92ED440A90
:1018D000F1EE410AF5F718FAADF83A000DF14200C1
:1018E000F6F726F9079AD2F8A810BDF8420008804A
:1018F000BDF8400000098DF83900D2F8A8109DF815
:1019000039008870BDF840109DF83F0040EA011092
:101910008DF83800D2F8A8109DF83800C8709DF8EE
:101920003E008DF83700D2F8A8109DF837000871F6
:10193000BDF83C0000098DF83600D2F8A8109DF8DB
:1019400036004871BDF83C109DF83B0040EA01109C
:101950008DF83500D2F8A8109DF8350088719DF8F3
:101960003A008DF83400D2F8A8109DF83400C87100
:10197000D2F8A000006892F8A410F031D2F8A820A4
:101980000823DFF789F9B2E0079890ED420ADFED0E
:10199000590A9FED591A002001904FF6FF71F5F793
:1019A000B3F9079902460198ADF8322091ED2C1A4F
:1019B00091ED430AF1EE410A40F6FF710091F5F70F
:1019C000A3F90099079A03460198ADF83030ADF8B5
:1019D0002E00ADF82C0092ED2D1A92ED440AF1EE96
:1019E000410AF5F791F9ADF82A000DF13200F6F74A
:1019F0009FF8079AD2F8A810BDF832000880BDF809
:101A0000300000098DF82900D2F8A8109DF82900AF
:101A10008870BDF830109DF82F0040EA01108DF855
:101A20002800D2F8A8109DF82800C8709DF82E0054
:101A30008DF82700D2F8A8109DF827000871BDF88E
:101A40002C0000098DF82600D2F8A8109DF8260079
:101A50004871BDF82C109DF82B0040EA01108DF85C
:101A60002500D2F8A8109DF8250088719DF82A005D
:101A70008DF82400D2F8A8109DF82400C871D2F87F
:101A8000A000006892F8A410F031D2F8A820082332
:101A9000DFF702F92BE0079AD2F8A810D2F8080174
:101AA0000860D2F8A810D2F80C014860D2F8A00063
:101AB000006892F8A41001F5F871D2F8A820082364
:101AC000DFF7EAF813E0079AD2F8A810D2F80C0171
:101AD0000860D2F8A000006892F8A41001F53C71EB
:101AE000D2F8A8200423DFF7D7F800E0FFE716B00C
:101AF00080BD00BFDB0F49C0DB0F49400000000084
:101B00000000FA430000000080B588B0DDF828C06E
:101B1000079006918DF817208DF816308DED040A88
:101B2000CDED030A07980190069800684AF200017B
:101B3000C4F20001884208D1FFE7019940F2D820A1
:101B4000C2F20040C1F8A00011E0069800684AF215
:101B50000041C4F20001884208D1FFE7019940F238
:101B6000A830C2F20040C1F8A000FFE7FFE70199EA
:101B70009DF8170081F8A4009DF8160081F8EC008C
:101B80000A98C1F8AC000498C1F8B0000398C1F8F5
:101B9000B40006989DF81710F4F77EFD0199C1F87E
:101BA000A80000200290FFE70298092813DCFFE755
:101BB0000199D1F8A000006891F8A410F03140F22A
:101BC0000B02C2F200420823DFF766F8FFE7029833
:101BD00001300290E8E708B080BD0000000000007E
:101BE00080B582B001900198009001F011FE00983C
:101BF000503001F00DFE00984FF08141C0F8B41054
:101C00004FF48031C0F8B8100021C0F8BC10C0F803
:101C1000C01080F8C410022280F8EC20012280F865
:101C2000ED20C0F8F010C0F8F410C0F8F810C0F8BB
:101C3000FC10C0F80011C0F80411C0F80811C0F879
:101C40000C11C0F81011C0F81411C0F8181102B02E
:101C500080BD00000000000080B584B003900398B0
:101C6000019090F8511000EBC102516801315160B0
:101C700090F8510001460291032800F286800299F3
:101C8000DFE801F002214F730198406DFAF77CFC08
:101C90000198406DBC30FEF707FFF6F7ADFD0198E7
:101CA000406DB0F80C0401EE100AB8EEC11AB4EEA3
:101CB000410AF1EE10FA05DBFFE70198012100F07F
:101CC0003BFFFFE761E00198406DFAF75DFC01988A
:101CD00090F8511000EBC1004068642805D3FFE77D
:101CE0000198022100F028FF1AE00198406DBC30F5
:101CF000FEF7DAFEF6F780FD0198406DB0F80C04AF
:101D000001EE100AB8EEC11AB4EE410AF1EE10FA73
:101D100005DAFFE70198002100F00EFFFFE7FFE77B
:101D200033E00198406DBC3003210091FEF708FFBD
:101D30000198406DBC30FEF7AFFE01989FED141A7C
:101D400030EE010A416D01F5876181ED000A416DB8
:101D500001F1BC0001F5876191ED000AFEF7B4FEC8
:101D60000198009900F0E8FE0FE0019890F85110FA
:101D700000EBC1004068B0F5967F05D3FFE70198FE
:101D8000002100F0D9FEFFE7FFE704B080BD00BFEF
:101D9000DB0F493F0000000080B582B00190019840
:101DA000009000F015FF009802B080BD0000000018
:101DB00080B584B003900398019090F8511000EB27
:101DC000C10251680131516090F851000146029101
:101DD000032862D80299DFE801F0022A3946019807
:101DE000406D00F53A70FFF7DFF8F6F705FD019852
:101DF000406DB0F80E0401EE100AB8EEC11AB4EE50
:101E0000410AF1EE10FA05DBFFE70198012100F02D
:101E100093FE0BE00198406D90F82C0428B9FFE781
:101E20000198032100F088FEFFE7FFE735E0019805
:101E300090F8511000EBC10040680F2805D3FFE770
:101E40000198022100F078FEFFE726E0019890ED6E
:101E5000160AB2EE041A30EE010A80ED160A0021CD
:101E600000F06AFE19E00198406D00F53A70FFF746
:101E7000C7F8F6F7C1FC0198406D00F5826090ED5F
:101E8000001AB4EE410AF1EE10FA05DBFFE7019803
:101E9000002100F051FEFFE7FFE7019890ED160AE0
:101EA000B5EE400AF1EE10FA0ADDFFE7019890ED79
:101EB000160A9FED061A30EE010A80ED160A03E0BD
:101EC000019900208865FFE704B080BD0AD7A3BD53
:101ED00080B582B001900198009000F079FE0098E2
:101EE00002B080BD0000000080B586B00590059866
:101EF0000090D0F844012C300190019804A9F5F726
:101F000027FE019802300DF10E01F5F721FE019830
:101F1000043003A9F5F71CFE019806300DF10A0103
:101F2000F5F716FE0098D0F85021BDF810101144B6
:101F3000ADF8101090F8640101282CD1FFE700994A
:101F4000BDF81000D1F8A021801AADF81200BDF93B
:101F50001200B1F866114A42C1EBD271B0EB610FC9
:101F600007DAFFE70099D1F8A8010130C1F8A8010C
:101F700010E00099BDF91200B1F86611B0EB510FF5
:101F800007DDFFE70099D1F8A8010138C1F8A801E1
:101F9000FFE7FFE7FFE70098D0F8A811B0F8662147
:101FA000BDF8103001FB0231C0F8A411BDF81010CB
:101FB00000EE101AB8EE400AB0F8661101EE101AE1
:101FC000B8EE411A80EE010A9FED471A20EE010A91
:101FD00080ED620A90ED620AB4EE410AF1EE10FA69
:101FE0000ADDFFE7009890ED620A9FED401A30EE9F
:101FF000010A80ED620A13E0009890ED620AB5EEE6
:10200000400AF1EE10FA0ADAFFE7009890ED620A52
:102010009FED351A30EE010A80ED620AFFE7FFE717
:10202000009890ED620A9FED321A20EE010A80EDD1
:10203000630ABDF90E1000EE101AB8EEC00A9FED4B
:102040002D1A20EE010A80ED640ABDF90E1000EE93
:10205000101AB8EEC00AB1EE081A20EE010A80ED9F
:10206000650ABDF90C1000EE101AB8EEC00A80ED3A
:10207000660ABDF90A1000EE101AB8EEC00A9FED0C
:102080001E1A30EE010A80ED670A90ED561A90EDA7
:10209000630A30EE410AF6F777FB009880ED570AA5
:1020A00090ED570A9FED151A20EE010A9FED141AC4
:1020B00080EE010A80ED580ABDF81010C0F8A0119A
:1020C000D0F8A411C0F8AC11D0F88811C0F8B01144
:1020D00090F8640128B9FFE70099012081F86401B4
:1020E000FFE706B080BD00BF0000B4430000B4C3EA
:1020F00035FA8E3C5077D63D339388430000344305
:10210000D00F49400000000081B000900098B0F866
:10211000680101B07047000082B001908DED000AA7
:1021200001990098C1F8B80102B0704700000000A2
:1021300082B001908DED000A01990098C1F8C801A4
:1021400002B070470000000080B582B0019000919D
:102150000198D0F87C110131C0F87C11FFF7C4FE62
:1021600002B080BD0000000082B001908DED000A39
:1021700001990098C1F86C0102B07047000000009E
:1021800082B001908DED000A01990098C1F87001AC
:1021900002B070470000000081B00090009890ED00
:1021A000580A01B07047000082B001908DED000A1E
:1021B00001990098C1F8BC0102B07047000000000E
:1021C00082B001908DF8031001999DF8030081F809
:1021D000B40102B07047000080B586B00590059844
:1021E000039090F8B40101460491062800F274802F
:1021F0000499DFE801F004162E467171700003980F
:1022000090ED551A90ED720A80EE010AB0F868114F
:1022100001EE101AB8EEC11A20EE010A80ED730A21
:102220005FE0039901F1A000029091ED720A01F0C4
:1022300033F90298039991ED660A01F0DDFA0298EC
:1022400001F042F9029801F0CFFA039880ED730A89
:1022500047E0039901F15000019091ED6F0A01F000
:102260001BF90198039991ED5C0A01F0C5FA0198F8
:1022700001F02AF9019801F0B7FA039880ED730A8A
:102280002FE0039890ED6E0A01F006F9039890EDA7
:102290005B0A01F0B1FA039801F016F9039801F016
:1022A000A3FA039981ED6F0A01F15000009091EDBE
:1022B0006F0A01F0F1F80098039991ED5C0A01F0C2
:1022C0009BFA009801F000F9009801F08DFA03984C
:1022D00080ED730A05E004E003990020C1F8CC0109
:1022E000FFE7039800F094F806B080BD00000000FE
:1022F00080B584B0039003990291D1F87C01D1F8A4
:102300008011884217D1FFE70298002180F88411DC
:102310009FED0F0A8DED010A01F0CAF802989DEDBC
:10232000010A503001F0C4F802989DED010AA03076
:1023300001F0BEF804E00299012081F88401FFE772
:102340000299D1F87C01C1F8800104B080BD00BFC2
:10235000000000000000000080B586B0DDF820C05D
:10236000059004918DF80F208DF80E308DED020A46
:1023700005980190049800684AF20001C4F2000137
:10238000884208D1FFE7019940F2D820C2F200400C
:10239000C1F8440123E0049800684AF20041C4F205
:1023A0000001884208D1FFE7019940F2A830C2F24B
:1023B0000040C1F8440111E0049800684DF200416A
:1023C000C4F20001884208D1FFE7019940F22040A1
:1023D000C2F20040C1F84401FFE7FFE7FFE70199BF
:1023E0009DF80F0081F848019DF80E0081F8B401B6
:1023F0000898C1F850010298C1F8540104989DF85A
:102400000F10F4F7A5FA0199C1F84C0106B080BD90
:1024100081B00090009991ED730ABDEEC00A10EEF4
:10242000100A000AD1F84C21107091ED730ABDEE2C
:10243000C00A10EE100AD1F84C11487001B0704774
:1024400080B582B001900198009001F0E1F9009808
:10245000503001F0DDF90098A03001F0D9F9009872
:10246000F03001F00DFA00984CF6B631C4F2B90123
:10247000C0F858110021C0F85C11C0F8601180F854
:1024800064114FF40052A0F866214FF48042A0F886
:102490006821C0F86C11C0F87011C0F87411C0F850
:1024A0007811C0F87C11C0F8801180F884110522E1
:1024B00080F8B421C0F8B811C0F8BC11C0F8C01140
:1024C000C0F8C411C0F8C811C0F8CC1102B080BD6A
:1024D00081B00090009800F6883090ED000A01B0BD
:1024E000704700000000000082B001908DED000AEE
:1024F00001990098C1F8880B02B0704700000000F5
:1025000081B00090009800F62C3090ED000A01B0E8
:10251000704700000000000081B00090009800F5B6
:10252000336090ED000A01B0704700000000000029
:1025300082B001908DED000A01990098C1F82C0B32
:1025400002B070470000000082B001908DED000ADB
:1025500001990098C1F8300B02B0704700000000EC
:1025600081B00090009800F5386090ED000A01B04D
:10257000704700000000000081B00090009800F655
:10258000843090ED000A01B07047000000000000A8
:1025900082B001908DED000A01990098C1F8800B7E
:1025A00002B070470000000082B001908DED000A7B
:1025B00001990098C1F8840B02B070470000000038
:1025C00081B00090009890F87C0B01B0704700003B
:1025D00082B001908DF8031001999DF8030081F8F5
:1025E0007C0B02B07047000080B58AB00890089854
:1025F00005900990F8F760F905981C30F8F75CF938
:1026000005983830F8F758F905985430FCF7C4FCB1
:1026100005989C30FDF73CFF059901F5AE7001F27D
:10262000CC5106910790FFE707980490FEF72CFE27
:102630000498069A00F58E71084691420790F3D1EE
:10264000FFE7059901F2CC5001F6DC2102910390DD
:10265000FFE70398019000F00FFA0198029A00F545
:10266000A271084691420390F3D1FFE7059800F666
:10267000DC2001F0CDF805994FF07C50C1F8380B03
:102680004FF08140C1F83C0B46F20000C4F2EA6012
:10269000C1F8400B4FF08D40C1F8440B0020C1F849
:1026A000480BC1F8680BC1F86C0BC1F8700BC1F88E
:1026B000740BC1F8780B81F87C0B81F87D0BC1F8A5
:1026C000800BC1F8840BC1F8880BC1F88C0BC1F8E2
:1026D000900BC1F8940B09980AB080BD000000006F
:1026E00080B58AB009900998079090F8511000EBD6
:1026F000C10251680131516090F8510001460891C2
:10270000042800F2E7800899DFE801F0034095A96A
:10271000C90045F65060C2F20040D0F8900058B1B0
:10272000FFE7079890F8511000EBC10200215160BB
:10273000042100F001FAFFE70798406D00F6C85049
:10274000F7F776F801280BD1FFE7079890F85110BA
:1027500000EBC10200215160022100F0EDF9FFE71A
:10276000079890F8511000EBC1004068B0F57A7FEF
:102770000BD9FFE7079890F8511000EBC102002138
:102780005160012100F0D8F9FFE7A3E00798406D00
:1027900041F69841084400210691F9F7D1FD0699C8
:1027A0000798406D00F57A60F8F7A6F80699079843
:1027B000406D00F50C70FFF70BFF0798406D00F6B9
:1027C000C850F7F735F8012821D1FFE70798406D89
:1027D00000F50C710491FAF75BFE01460498FFF7CF
:1027E000F7FE0798406D00F57A610591FAF73CFE17
:1027F00001460598F8F780F8079890F8511000EB1B
:10280000C10200215160022100F096F9FFE745F670
:102810005060C2F20040D0F8900058B1FFE707982E
:1028200090F8511000EBC10200215160042100F02A
:1028300083F9FFE74EE00798406D00F6C850F6F7C1
:10284000F7FF58B9FFE7079890F8511000EBC10265
:1028500000215160032100F06FF9FFE73AE007988B
:10286000406D029000F50C70FFF7AAFE0146029839
:10287000FAF716FE0798406D039000F57A60F8F7B6
:1028800033F801460398FAF7F7FD079890F85110CE
:1028900000EBC1020021516000F04EF91AE045F64C
:1028A0005060C2F200400190EAF756FD019840F6F0
:1028B0006461C2F20041B1F804218431EAF7B8F949
:1028C000079890F8511000EBC1020021516000F010
:1028D00033F9FFE70AB080BD80B582B0019001985E
:1028E000009000F075F9009802B080BD0000000073
:1028F00081B0009000980021416201B07047000053
:1029000081B0009000984FF40071018001B07047D1
:1029100080B588B007900798059090F800010146AF
:102920000691062800F29D800699DFE801F0041662
:1029300028409A9A6D00059890ED2F1A90ED450A5F
:1029400080EE010AB0F8C41001EE101AB8EEC11AF8
:1029500020EE010A80ED460A88E0059890ED2F1AD6
:1029600090ED450A80EE010AB0F8C41001EE101A8D
:10297000B8EEC11A20EE010A80ED460A76E005990C
:1029800001F15400049091ED440A00F085FD049893
:10299000059991ED370A00F02FFF049800F094FD9F
:1029A000049800F021FF059880ED460A5EE0059945
:1029B000081D029091ED430A00F06EFD0298059902
:1029C00091ED360A00F018FF029800F07DFD0298A4
:1029D00000F00AFF059981ED440A01F154000390CB
:1029E00091ED440A00F058FD0398059991ED370ADE
:1029F00000F002FF039800F067FD039800F0F4FE7A
:102A0000059880ED460A31E00599081D009091ED8A
:102A1000430A00F041FD0098059991ED4D0A00F040
:102A2000EBFE009800F050FD009800F0DDFE0599E7
:102A300081ED440A01F15400019091ED440A00F047
:102A40002BFD0198059991ED370A00F0D5FE01980C
:102A500000F03AFD019800F0C7FE059880ED460AA7
:102A600004E005990020C1F81801FFE70598FEF77A
:102A7000F3FB08B080BD000080B582B001900198E2
:102A80000090FEF701FC009846F69471C0F6020132
:102A900008310160002180F82811C0F82C11C0F81D
:102AA0003011C0F83411C0F83811C0F83C11C0F82A
:102AB000401102B080BD000080B582B00190019845
:102AC000009000F085F80098002180F8521002B0C4
:102AD00080BD00000000000081B00090009840F22E
:102AE0000111018001B0704781B0009000984FF44F
:102AF0008171018001B0704781B00090009840F270
:102B00000311018001B0704781B0009000984FF42C
:102B10008271018001B0704781B0009000984FF43D
:102B20008071018001B0704781B0009000984FF42F
:102B30008871018001B0704782B001908DF8031058
:102B4000019991F85120002001F8320091F85120AC
:102B500001EBC20250609DF80320012001F8320011
:102B60009DF8030081F8510002B07047000000009A
:102B700084B003908DF80B108DF80A200399009112
:102B80009DF80B0081F850009DF80A0081F8510073
:102B900000200190FFE70099019891F850108842B9
:102BA0000EDAFFE70099019A002001F83200019A3D
:102BB00001EBC2014860FFE7019801300190EAE7AC
:102BC00000999DF80A20012001F8320004B07047F6
:102BD00081B000900098002180F8511001B070473A
:102BE00084B0039002918DF80720ADF80430BDF851
:102BF000040002990968C96A884206D9FFE7029869
:102C00000068C06AADF80400FFE7BDF80400B0F149
:102C1000FF3F04DCFFE70020ADF80400FFE79DF86C
:102C20000700014600910C2821D80099DFE801F047
:102C3000071F1F1F0D1F1F1F131F1F1F1900BDF888
:102C4000040002990968486311E0BDF80400029984
:102C5000096888630BE0BDF8040002990968C8633D
:102C600005E0BDF80400029909680864FFE704B0B4
:102C7000704700000000000081B00090009890EDC7
:102C8000290A01B07047000081B00090009890EDD3
:102C9000410A01B07047000081B00090009890EDAB
:102CA0003F0A01B07047000081B00090009890ED9D
:102CB000270A01B07047000081B00090009890F89A
:102CC000880001B07047000081B00090009890ED3E
:102CD000400A01B07047000084B003900291019255
:102CE0000093009890ED002A90ED014A90ED026A61
:102CF00090ED035AB6EE001AB0EE417AA6EE467A8F
:102D0000A5EE457A029822EE050A94EE060AD0ED69
:102D1000000AD0ED011A90ED023A20EE210AA7EE4A
:102D2000200A22EE062AA4EE052AA2EE030A30EEBD
:102D3000000A019880ED000A009890ED002A90EDBD
:102D4000016A90ED024A90ED035A22EE057AA6EE52
:102D5000047A0298B0EE410AA6EE460AA5EE450AAC
:102D6000D0ED000AD0ED011A90ED023A20EE210AD2
:102D7000A7EE200A22EE062A94EE052AA2EE030A06
:102D800030EE000A019880ED010A009890ED000AEB
:102D900090ED014A90ED023A90ED032A20EE035A9D
:102DA00094EE025A029820EE040AA3EE020A90ED75
:102DB000006A90ED017A90ED022A20EE070AA5EE56
:102DC000060AA4EE441AA3EE431AA1EE020A30EE5C
:102DD000000A019880ED020A04B07047000000006C
:102DE00084B00390029101920093009890ED002A24
:102DF00090ED014A90ED026A90ED035AB6EE001A8A
:102E0000B0EE417AA6EE467AA5EE457A029822EE19
:102E1000050AA4EE060AD0ED000AD0ED011A90EDE5
:102E2000023A20EE210AA7EE200A22EE062A94EEAC
:102E3000052AA2EE030A30EE000A019880ED000A8E
:102E4000009890ED002A90ED016A90ED024A90ED15
:102E5000035A22EE057A96EE047A0298B0EE410A01
:102E6000A6EE460AA5EE450AD0ED000AD0ED011AFD
:102E700090ED023A20EE210AA7EE200A22EE062A61
:102E8000A4EE052AA2EE030A30EE000A019880EDB6
:102E9000010A009890ED000A90ED014A90ED023A87
:102EA00090ED032A20EE035AA4EE025A029820EE77
:102EB000040A93EE020A90ED006A90ED017A90ED1B
:102EC000022A20EE070AA5EE060AA4EE441AA3EE93
:102ED000431AA1EE020A30EE000A019880ED020AC0
:102EE00004B070470000000080B586B005900598DA
:102EF000029042F63532C2F200421178013111706F
:102F000000F56F70F3F754FB029981EDED0A91ED36
:102F1000ED1A91EDEE0A30EE010A81EDEE0A01F1B3
:102F2000280001F53C71FCF7CBF80298D0F8F012BC
:102F3000C0F8A810D0F8F412C0F8AC10D0F8F8120D
:102F4000C0F8B010D0F8FC12C0F89C10D0F80013F4
:102F5000C0F8A010D0F80413C0F8A41090ED270A10
:102F6000D0ED280A90ED291AD0ED2A1A90ED2B2ADF
:102F7000D0ED2C2A90EDED3A00F58870F4F74CFF77
:102F80000298D0F86012D0F86422D0F86832D0F8F5
:102F90006CC2C0F898C0C0F89430C0F890200346C6
:102FA00043F88C1F039300F5567100F1D002FFF730
:102FB00093FE0298039B00F5597100F1DC02FFF7C4
:102FC0008BFE0298039B00F55C7100F1E802FFF7AD
:102FD00083FE0298039B00F5697142F62802C2F253
:102FE0000042FFF7FDFE00208DF81300FFE79DF87B
:102FF000130002282CDCFFE702999DF8133001EB47
:10300000830042F62802C2F2004202EB830292EDF4
:10301000002A90ED2A0A90ED2D1A30EE420A91ED29
:10302000333A91EDED2A20EE020A33EE022A80EEC9
:10303000020A21EE031A81EE021A30EE010A80ED37
:103040002D0AFFE79DF8130001308DF81300CEE73D
:10305000029800F18C0300F1B40100F1C002FFF707
:103060003BFE029800F02CF942F63530C2F20040E7
:1030700000784BF65001C0F21E5145F62942CCF2C1
:103080008F2200FB02104FEA7000884235D8FFE71C
:10309000029901F13800019091EDC30A00F0ACFBF8
:1030A00001989FED190A00F0F7F9019800F00CFA69
:1030B000019800F099FBB5EE400AF1EE10FA0ADC37
:1030C000FFE7029845F64441C2F200410C2200237A
:1030D000FFF786FD10E00298383000F085FB02987B
:1030E000BDEEC00A10EE103A45F64441C2F200416E
:1030F0000C22FFF775FDFFE7FFE70299012081F839
:10310000C40306B080BD00BF0000204200000000E4
:1031100010B582B001900198009090F8C403002887
:1031200061D0FFE7009890EDBC1A90EDC90AB4EEAB
:10313000410AF1EE10FA1BD1FFE7009890EDBD1A9D
:1031400090EDCA0AB4EE410AF1EE10FA10D1FFE791
:10315000009890EDBE1A90EDCB0AB4EE410AF1EE64
:1031600010FA05D1FFE70099002081F8880004E0FB
:103170000099012081F88800FFE70099D1F8F0025A
:10318000D1F8F422D1F8F832D1F8FCC2D1F800E33A
:10319000D1F80443C1F83843C1F834E3C1F830C36F
:1031A000C1F82C33C1F82823C1F82403D1F808034F
:1031B000D1F80C23D1F81033D1F814C3D1F818E3A7
:1031C000D1F81C43C1F85043C1F84CE3C1F848C3DF
:1031D000C1F84433C1F84023C1F83C03D1F82003BF
:1031E000C1F85403FFE702B010BD0000000000006A
:1031F00080B584B003900399019101F1280001F595
:103200003C7245F6BC31C2F20041FDF721F8642062
:10321000E1F782FF019800F55F71FDF715F901985C
:1032200000F58870B2EE040ADFED1B0ACDED020A4C
:103230009FED1A1ADFED1A1A9FED1A2ADFED1A2AEE
:10324000F4F78AFB0198DDED024A4CF6CD41C3F656
:10325000CC51C0F8CC1038309FED140ADFED140AC1
:103260009FED142ADFED142A9FED145A0021B0EED1
:10327000451AF0EE451AB0EE453AF0EE453AB0EE9A
:10328000454A00F075FA45F64440C2F200400C2170
:10329000E9F7AEFA04B080BD6F12833A0024744996
:1032A000C9E57F3FCDCCCC3DA69BC4BA00004843C6
:1032B0000000964300007A430000FA43000000003B
:1032C00080B586B005900598039044F64052C2F24E
:1032D000004213685168013341F1000113605160ED
:1032E000D0F8B812C0F80411D0F8B412C0F8001128
:1032F000D0F8B012C0F8FC10D0F8C012C0F8081115
:1033000090EDDF2A90EDE01A90EDE10A90EDE23ABF
:1033100021EE000AA2EE030A30EE000A21EE011AA5
:10332000A2EE021AB0EE002A8DED022AFFEE000A8C
:10333000CDED010AE1EE020A02F0D0FB039880ED28
:10334000E30A90EDDF0A90EDE01A90EDE13A90ED9E
:10335000E22A20EE030A91EE020AB8EE001A20EEED
:10336000010A02F025FBDDED010A9DED022A03981A
:1033700080EDE40A90EDDF3A90EDE04A90EDE10A4D
:1033800090EDE21A20EE010AA3EE040A30EE000AE4
:1033900021EE011AA3EE031AE1EE020A02F09EFBEF
:1033A000039880EDE50A00200490FFE704980228C6
:1033B00015DCFFE70398049900EB810090EDE30A28
:1033C0009FED081A20EE010A9FED071A80EE010A10
:1033D00080EDE60AFFE7049801300490E6E706B0C6
:1033E00080BD00BF00003443DA0F494000000000F8
:1033F00080B582B0019001980090FDF735F80098F3
:103400002830FDF715F80098383000F001FA0098E0
:103410004FF07E52C0F858230021C0F85C13C0F86A
:103420006013C0F86413C0F86823C0F86C13C0F8C8
:103430007013C0F87413C0F87823C0F87C13C0F878
:103440008013C0F88413C0F88813C0F88C13C0F838
:103450009013C0F89413C0F89813C0F89C13C0F8E8
:10346000A013C0F8A413C0F8A8134FF2C352C4F2BB
:103470001C12C0F8AC230022C4F22022C0F8B023F2
:1034800080F8C01380F8C11380F8C21380F8C3130A
:1034900080F8C41302B080BD82B001908DED000AA7
:1034A00001990098486402B07047000000000000D5
:1034B00082B001908DED000A01990098C86402B0B5
:1034C000704700000000000080B58AB0099009989C
:1034D00001900021089107910691059190ED110A44
:1034E00090ED121A30EE410A8DED040A9DED040AAA
:1034F000F5F78EF901988DED030A9DED030A90ED25
:10350000011AB4EE410AF1EE10FA07DAFFE7019969
:10351000886C4864002004900390FFE7019890EDC8
:10352000080A9DED041A20EE010A8DED080A90EDBF
:103530000E0AB5EE400AF1EE10FA0DD1FFE7019840
:1035400090ED0F0AB5EE400AF1EE10FA04D1FFE754
:103550004FF07E50029044E001989DED030A90EDFB
:103560000E1AB4EE410AF1EE10FA04DCFFE74FF058
:103570007E50029026E0019890ED0E0A9DED031A10
:10358000B4EE410AF1EE10FA1BDAFFE701989DED67
:10359000030A90ED0F1AB4EE410AF1EE10FA10DAB8
:1035A000FFE7019890ED0E2A90ED0F1A9DED030AAA
:1035B00031EE400A31EE421A80EE010A8DED020A28
:1035C000FFE7FFE701989DED030A90ED0F1AB4EEB7
:1035D000410AF1EE10FA03DBFFE700200290FFE75B
:1035E000FFE7019890ED0C0AB5EE400AF1EE10FAF3
:1035F00010D0FFE7019901F14C0091ED092A91EDFE
:103600000C1AB1EE410A80EE020AC1EE020AF2F78C
:10361000F7FFFFE7019890ED100AB5EE400AF1EED2
:1036200010FA18D1FFE701989DED021A90ED002ADB
:1036300090ED130A21EE021A9DED042AA1EE020A72
:1036400080ED130A90ED090A90ED131A20EE010A9D
:103650008DED070A28E001989DED030A90ED101A00
:10366000B4EE410AF1EE10FA18DAFFE701989DED89
:10367000021A90ED002A90ED130A21EE021A9DED38
:10368000042AA1EE020A80ED130A90ED090A90EDDA
:10369000131A20EE010A8DED070A04E001990020BB
:1036A000C8640790FFE7FFE70198007A90B9FFE749
:1036B000019890ED001A90ED063A90ED0A0A9DED02
:1036C000042A32EE432A20EE020A80EE010A8DED32
:1036D000060A11E0019890ED001A90ED053A90ED80
:1036E000072A90ED0A0A32EE432A20EE020A80EE03
:1036F000010A8DED060AFFE7019890ED042A90ED8E
:103700000B1A90ED110A30EE420A20EE010A8DEDFF
:10371000050A9DED080A9DED071A30EE010A9DEDA0
:10372000061A30EE010A9DED051A30EE010A80ED11
:10373000070A90ED0D0AB5EE400AF1EE10FA0AD034
:10374000FFE7019901F11C00D1ED0D0AB1EE600A0D
:10375000F2F756FFFFE70199886CC860486C086172
:10376000C8694861049888610AB080BD0000000003
:103770008EB002AA0092024600980D9280ED0A0ACD
:10378000C0ED090A80ED081AC0ED071A80ED062A7F
:10379000C0ED052A80ED043AC0ED033A80ED024AFF
:1037A000C0ED014A80ED005A8DF807100D990C9874
:1037B00008620B9848620A9888620998C86208985B
:1037C0000863079848630398086002984860069861
:1037D00088630598C863049808649DF80700087218
:1037E0000EB070470000000081B00090009890ED8E
:1037F000070A01B07047000082B001908DED000A09
:1038000001990098886402B0704700000000000031
:1038100081B0009000980021C16001614161816127
:10382000C161016241628162C1620163416381637E
:10383000C163016441648164C16401B070470000E8
:1038400087B006908DED050ACDED040A8DED031AC3
:10385000CDED021A8DED012ACDED002A06990598CD
:10386000086004984860039888600298C8600198CE
:1038700008610098886407B07047000000000000ED
:1038800081B000900098002141618161C1610162B5
:1038900041628162C1620163416341F26F22C3F6FA
:1038A00083228264C1640021C4F2A001016501B0D9
:1038B0007047012180F84C107047B0B50C4621F0DC
:1038C0000F01B1F5887F054610D0B1F5807F24D176
:1038D00095F84D00D8B995F84C10012085F84D00A9
:1038E00005F1500089B1DDF713F810E095F84E00AE
:1038F00030B9012085F84E0005F1D800DDF70CF84D
:1039000005EBC400A0F5F56005E0DCF7FDFF05EB75
:10391000C400A0F5F66003C8B0BDDCF7DEFFF0B56B
:1039200081B00E4621F00F011C461546B1F5887F87
:10393000074610D0B1F5807F26D197F84D00D8B951
:1039400097F84C10012087F84D0007F1500089B11D
:10395000DCF7DEFF10E097F84E0030B9012087F861
:103960004E0007F1D800DCF7D7FF07EBC600A0F543
:10397000F56005E0DCF7C8FF07EBC600A0F5F660D0
:10398000C0E9005401B0F0BDDCF7A7FF90F8810159
:10399000704710B582B004460021D0F8780101913B
:1039A0000091694601AA01F0D3FEDDE9002301463A
:1039B0002046F2F737FC0838B0FA80F0400902B030
:1039C00010BD21F01F00A0F58070B0FA80F0400912
:1039D000704780B50168CA684FF0FF3190470020FA
:1039E00080BD084600F096B92DE9F04F81B05368CC
:1039F0005FEAD30C50D0D2F800E00027634600BF46
:103A000007EB53050EEBC5041EF8358094F80190C2
:103A100094F802A0E27848EA09284AEA022648EA2D
:103A2000064602F0400246EA426222446FEA53042C
:103A30001C448A4294BF6F1C5C08002C2346DFD1D3
:103A400057B367450EEBC70102D14FF0FF3C13E0BF
:103A5000FA000EEB02031EF802205F789E78DD78F4
:103A600042EA072246EA052742EA074205F04007F4
:103A700042EA476202EB030C11F808BD0E1D0BD0A1
:103A80003278B778F578747847EA052742EA042255
:103A900042EA0742012A03D1002001B0BDE8F08FBD
:103AA00091F8018091F8029091F803E0002A1ED469
:103AB00002F0804442EA4404A719A45D7D78BE78F0
:103AC000FB7844EA052446EA032344EA0345B5F1BA
:103AD000FF3F0EDD05F08043EC19FD7904EB430A4E
:103AE00007EB850303F1080500243E4628E0154650
:103AF00000E03E46C5F30364022C12D0012C0AD02C
:103B0000ACBB351D44F20D7A002A48BF0025C0F633
:103B1000020A002414E044F2157AC0F6020A0024D6
:103B200004E044F21D7AC0F6020A0224C5F30747F6
:103B300006EB8703B2F1FF3F03F1040500DCB7B9E0
:103B40004BEA082349EA0E2743EA07430EF04007F1
:103B500043EA47631944C0E9561C44EAD271C0F8ED
:103B60007861C0E9585AC0F86C11012095E7DCF77C
:103B7000B4FEB0B584B0044600680D46C268204665
:103B80004FF0FF31904730F001002DD040F200019E
:103B9000C0F20001A0EB050591B103A902AA2846D5
:103BA000AFF30080B0FA80F100284FEA511016D12F
:103BB000DDE90221CDE90012002918BF01210EE044
:103BC00047F2001047F6E001C0F60200C0F602011D
:103BD0000090081A4FF00101019018BF0120C007A2
:103BE00018BF5FEAC17004D1012084F8800104B0DD
:103BF000B0BD6A4620462946FFF7F6FE0028F3D0FE
:103C0000F5E7B0B5054690F8800108B100240EE054
:103C10002846FFF7BEFE0446012808D12868012186
:103C2000426B2846904795F880010028EED1204647
:103C3000B0BD0C2906DD0F2908D00E290AD00D29A8
:103C400006D009E08A1C03D04A1C05D1443008E0A4
:103C50003C3006E0403004E00C2904D8083000EB8A
:103C600081000068704780B5DCF737FE10B500F1C1
:103C70000804204600F018FA2046BDE81040DCF7A2
:103C800085BE0C2908DD0F290AD00E2904BF026465
:103C900070470D2906D007E08B1C03D04B1C03D1C5
:103CA00042647047C26370470C299EBF083040F8D9
:103CB000212070478F2904BF8264704780B5DCF7EC
:103CC0000CFEB0B590F8802122B108462821DCF71F
:103CD00010FDB0BDD0F86C4100F5B075D0E956CEFE
:103CE0002CCD4C6101F108042CC4C1E900CED0F800
:103CF0007021D0E95E35D0F87401C1E90835C1E919
:103D00000620B0BD02310020122938BF01207047C3
:103D100070470000811C612900F26A8047F2C800E8
:103D2000C0F60200DFE811F062007D00A800AC00E0
:103D30009800B000B8009200A4009E009600AA006F
:103D4000A200880086006200C2007D007C007C002A
:103D50007C007C007C007C007C007C007C007C0083
:103D60007C007C007C007C007C007C007C007C0073
:103D70007C007C007C007C007C007C007C007C0063
:103D80007C007C007C007C007C007C007C007C0053
:103D90007C007C007C007C007C007C007C007C0043
:103DA0007C007C007C007C007C007C008400B400F3
:103DB000BC00C600BA008A009A00C8009C00B60089
:103DC000A600A000C000D200AE00D000CA00CE0005
:103DD000D400CC007E008000C400D8008E00940087
:103DE000D6008200B2008C009000BE00A7A07047F1
:103DF000A0F580701F2813D8DFE800F0108A8286B3
:103E0000789298889E7C9C767A967484728E9AA416
:103E10009094A2A6807EAC70A8AAA08C6DA07047DA
:103E20009CA0704777A0704775A070476EA0704740
:103E300088A0704788A0704788A0704780A070470E
:103E400067A070476BA0704764A0704789A0704757
:103E500067A0704784A0704789A0704777A070471B
:103E600074A0704781A070476FA070477CA0704716
:103E70007FA070476DA0704783A0704779A07047FE
:103E800080A0704765A070477CA0704755A0704720
:103E90006FA0704766A0704777A0704769A0704711
:103EA0006AA070474CA070475EA0704778A070472A
:103EB00052A0704764A070475FA0704755A070473C
:103EC00051A0704752A0704753A0704754A070474C
:103ED0004EA0704745A0704747A0704722A070478A
:103EE0002CA070472DA070472FA0704735A07047B9
:103EF0002CA070472EA070471DA070471DA07047D2
:103F000032A0704724A070472FA070472AA07047A6
:103F10002FA0704710A070471DA0704719A07047D0
:103F200027A0704716A070471DA0704723A07047B8
:103F300016A070471DA070471EA0704707A07047CD
:103F40000EA0704710A070470BA0704705A07047E7
:103F500003A0704705A0704764333100643330001C
:103F6000643239006432380064323700643236001B
:103F7000643235006432340064323300643232001B
:103F80006432310064323000643139006431380009
:103F900064313700643136006431350064313400F7
:103FA00064313300643132006431310064313000F7
:103FB0006439000064380000643700006436000093
:103FC0006435000064340000643300006432000093
:103FD000643100006430000073333100733330000B
:103FE000733239007332380073323700733236005F
:103FF000733235007332340073323300733232005F
:10400000733231007332300073313900733138004C
:10401000733137007331360073313500733134003A
:10402000733133007331320073313100733130003A
:1040300073390000733800007337000073360000D6
:1040400073350000733400007333000073320000D6
:104050007331000073300000723132007231310070
:10406000723130007239000072380000723700007F
:1040700072360000723500007234000072330000A6
:104080007232000072310000723000007370000064
:104090006C720000756E6B6E6F776E20726567696B
:1040A000737465720000000010B5044690F8450076
:1040B00050B194F84400002804F1480002D0DCF725
:1040C00071FC01E0DCF76AFC94F8460028B104F1C9
:1040D000D000BDE81040DCF769BC10BD70477047E8
:1040E0007047F0B581B01546DDE906720E46896865
:1040F0001C467AB1814204D040684968DCF7D0FCA4
:1041000060B931462A462346069701B0BDE8F04023
:1041100000F088B8406849688842F2D001B0F0BD2C
:104120002DE9F0411646069A0C46896898460746DE
:104130008AB1B94230D07D6849682846DCF7B0FCC6
:1041400050B32068B8420ED041682846DCF7A8FC7E
:1041500048B1BDE8F0817868496888421CD0216880
:1041600049688842F5D12069B04220D06069B042E8
:104170001DD0D4E90901C4F820800131012866610D
:10418000A16205D1A069022804BF012084F836008D
:104190000420E062BDE8F0816068B042D9D1E069F6
:1041A00001281CBFC4F81C80BDE8F081D1E7B8F13C
:1041B000010F18BFBDE8F08101202062BDE8F08149
:1041C00080B5D1F824E0BEF1000F10D0D1F814C0B2
:1041D000886B844502D1086990420FD00EF101002E
:1041E000486202208861012081F8360080BD886B1A
:1041F0008B61C1E904200120486280BD88690228E2
:1042000004BF8B6180BDF1E780B5D1F808C0D0F85C
:1042100004E0DCF80400864518BF80BDBDE880409E
:10422000FFF7CEBF80B548684FF0010E984281F885
:1042300035E000D080BD0B69DDF808C081F834E0BE
:104240002BB193420FD0486A0130486217E0012039
:10425000BCF1010F0A61C1F818C04862EAD1086BCD
:1042600001280CD0E6E78A69022A04BFC1F818C009
:104270006246086B012818BF80BD012ADAD10120EF
:1042800081F8360080BD2DE9F04190B005464068C8
:104290004B68984233D046F674631446C0F6020366
:1042A00046F68062C0F6020208461946002300273F
:1042B00000F07AFD20B3276837B30DF104080646F5
:1042C00008F104003821DCF714FA4FF0FF300490B5
:1042D000012031688DF83B000D900395CD69304683
:1042E00041463A4601230196A84707980138B0FA9B
:1042F00080F04FEA501704BF0598206000E00127C6
:10430000384610B0BDE8F081DCF7E7FA2DE9F0435C
:1043100083B0DDE90A940E4689689846154607463B
:1043200084B1B94204D078684968DCF7B9FB68B950
:1043300031462A464346CDF8289003B0BDE8F04305
:10434000FFF770BF786849688842F1D0B8682A469C
:10435000016843464F693146CDE90094B84703B040
:10436000BDE8F0832DE9F04383B0DDF828900C46DA
:10437000896898461546B9F1000F07462FD0B94213
:104380003FD07E6849683046DCF78AFBC8B32068B6
:10439000B84204D041683046DCF782FB38BB206964
:1043A000A84237D06069A84234D0E06AC4F82080BF
:1043B000042837D00020A086B868012601682A4664
:1043C0004F6921462B46CDE90069B84794F835007E
:1043D00030B394F834000321E16280BB22E07868B6
:1043E000496888420DD0216849688842D7D0B868AA
:1043F0002A46016843468F692146CDF80090B847A8
:104400001DE06068A8421AD1E069012818BFC4F80D
:104410001C8014E0B8F1010F04BF012020620EE0FF
:104420000420E062D4E90901656101310128A1623B
:1044300005D1A069022804BF012084F8360003B02A
:10444000BDE8F08380B5D1F808C0D0F804E0DCF80E
:1044500004C0E64507D08068D0F800C0DCF81CC076
:10446000BDE880406047BDE88040FFF7A9BE00007E
:1044700000A070477374643A3A6261645F65786360
:10448000657074696F6E000000A070476261645FC0
:1044900061727261795F6E65775F6C656E67746873
:1044A0000000000000A070477374643A3A626164CF
:1044B0005F616C6C6F630000042100F0C0B847F2CC
:1044C0004C01C0F60201083101607047042100F080
:1044D000B6B800000000000081B08DED000A9DED2F
:1044E000000AB0EEC00A01B07047000000000000F2
:1044F00080B582B08DED010A9DED010A01F0B4FD99
:1045000002B080BD47F26001C0F6020108310160CF
:104510007047042100F093B87047704780B580471A
:1045200004A000F0DDFD00F017F90CA000F0D8FDAC
:1045300000F0F8F87465726D696E6174655F6861AA
:104540006E646C657220756E657870656374656401
:104550006C792072657475726E6564007465726D35
:10456000696E6174655F68616E646C657220756EFA
:1045700065787065637465646C79207468726577BA
:1045800020616E20657863657074696F6E0000004D
:1045900080B5804701A000F0A3FD00BF756E65786F
:1045A0007065637465645F68616E646C65722075C4
:1045B0006E65787065637465646C79207265747576
:1045C000726E65640000000040F2C410C2F2004048
:1045D0000068704740F2C810C2F20040006870479F
:1045E00042F63830C2F200400068704780B50420BF
:1045F00000F09DF8FFF786FF46F6B06144F21952CD
:10460000C0F60201C0F6020200F07AFA10B500F01E
:104610001EFA08B104681CB9FFF7D6FFFFF77EFF4A
:1046200004F12800F5F720FE0028F5D06069FFF7B7
:1046300075FF00F077F8AFF30080DBF722BFFFF7DC
:10464000FCBF00000000000081B0ADF80200BDF921
:10465000020000280ED4FFE7BDF9021001F01F028E
:10466000012090404A094EF20011CEF2000141F8BB
:104670002200FFE701B070474EF60C50CEF200006A
:104680000068C0F30220704782B0ADF806000091C8
:10469000BDF9060000280AD4FFE700980001BDF923
:1046A00006104EF20042CEF2000288540BE0009851
:1046B0000001BDF8061001F00F014EF61452CEF2C3
:1046C00000028854FFE702B07047000000000000BD
:1046D00083B00290029800F0070000904EF60C5153
:1046E000CEF200010868019001984FF6FF021040D9
:1046F00001900198009A40EA02200022C0F2FA528A
:10470000104301900198086003B0704708461146B5
:10471000F7F75ABD08461146F7F756BD0846114649
:10472000F7F752BD80B500F017F8FFF76FFFB0B58F
:10473000873020F007042046F5F7BAFD054630B172
:1047400028462146DBF7D5FF05F18000B0BDFFF715
:104750005DFFFFF7E7FF000070B50546F5F784FD44
:10476000064600F06FF904462846283800BF7EB19F
:10477000C169002948BF4942226801319042C161A4
:104780001CBF82612060616801396160C06C70BDCE
:104790002168002902BF206005F1580070BDFFF7B5
:1047A00035FFFFF7BFFF10B5044600F04BF9D4E921
:1047B000001244F64E43C0F24303090A83EA12236F
:1047C00041EA026142F62B32C4F24372514019436E
:1047D000A4F128010AD154F8042C1AB98368816025
:1047E00044F8083C501C44F8040C02E0826812B9FA
:1047F0008160012010BDFFF709FFFFF793FF000064
:104800002DE9F04F87B020B90020FFF7A5FFFFF793
:10481000FDFE0546FFF7A0FF2846F5F725FD0746F4
:1048200040B16C6B55E9060BEE6AA5F1280A4FEA18
:10483000E47806E0FFF7C8FE83464FF0000AFFF772
:10484000C9FEFFF7A5FEFFF787FF002F67D016F818
:10485000011B06A80696F5F731FF06980178FF2997
:104860005FD0CDE9034800F1010800204FF00009B6
:1048700018F9011B01F07F02824049EA0209002970
:1048800000F10700F4D4CDF8188000F0E0F80668D5
:104890000746002E45D006F128042046F5F7E4FC33
:1048A000B6EB0A0118BF01210840C844DDF810909A
:1048B00001281DD1D6F808A0204603C800BF42F643
:1048C0000132C4F22B32504044F64762C4F24C32FB
:1048D0005140084314BF06F1800CD6F804C0039879
:1048E000494642465346CDE900C5F5F7BFFF60B3E0
:1048F00047F23800C0F6020000F10806059646F6B9
:104900009863039805AFC0F6020349464246CDE9D5
:104910000075F5F7ABFF38B105A8AFF3008000F0E4
:1049200046F85846FFF7FAFD00F041F80420FFF77B
:10493000FEFE066046F6986144F21952C0F6020186
:10494000C0F6020200F0DCF80EE0F069796840423F
:10495000F061481C786000F02AF800F028F8204642
:10496000FFF7FAFE00F09FF805A8AFF3008001E022
:1049700000E0FFE700F01BF800F058F8FFF7D2FE68
:1049800010B578B1044650F87C0C013844F87C0C22
:1049900008D154F8741C09B120468847A4F180005E
:1049A000F5F776FC10BDFFF7BDFEFFF7BBFEB0B517
:1049B00000F04DF805460068D0B1014651F8282FA7
:1049C00044F64E444B68C0F24304120A84EA1324AE
:1049D00042EA036242F62B33C4F243735A40224345
:1049E00007D1C169B1F1FF3F09DD0139C1610BD0C8
:1049F000B0BD0846F1F751FB00202860B0BD013181
:104A0000C161F5D38069F8E78169296090F82810C1
:104A1000012905D14168A1F18004F5F739FC204650
:104A20008030BDE8B040FFF7ABBF00001EB4744655
:104A3000F5F7E1FEA646024CA4461EBC6047000006
:104A40007D61010842F64800C2F20040704742F61C
:104A50004800C2F200407047F0B581B00646A0F1B0
:104A60008007002014460D4646F87C0CFFF7B2FD87
:104A700046F8700CFFF7A8FD46F86C0C44F647604A
:104A800042F600314AF65702C4F24C30C4F22B31E0
:104A9000C0F6010246E91E5446E91610384646F8AB
:104AA000502C01B0F0BD70B5FFF7CCFF05682DB3F9
:104AB0002C4654F8281F44F647636268C4F24C330E
:104AC0005A4042F6003321F0FF01C4F22B33594023
:104AD00051EA020606D1E96942684942E961511C7E
:104AE000416001E0002101602046F1F70BFB204608
:104AF000FFF732FE16B96869FFF710FDFFF786FD74
:104B000070B514460D460646FFF79CFF41682246E5
:104B10000131416030462946FFF79EFF04460120DF
:104B2000606004F12800F1F7EDFA2046F5F782FD08
:104B300080B50420FFF7FBFDFFF7C1FC46F6A4613A
:104B400044F21952C0F60201C0F60202FFF7D8FF84
:104B500080B582B042F2E071C2F2004101910020C2
:104B600008609FED0B0ADFED0B0ACDED000A00F0A7
:104B7000B5FFDDED000A019880ED010A9FED060A00
:104B800000F0ACFF019880ED020A02B080BD00BFCA
:104B9000583934BE0BEFF2BD5839343E00000000E6
:104BA00080B582B042F2EC71C2F200410191002066
:104BB00008609FED0B0ADFED0B0ACDED000A00F057
:104BC0008DFFDDED000A019880ED010A9FED060AD8
:104BD00000F084FF019880ED020A02B080BD00BFA2
:104BE000583934BE0BEFF2BD5839343E0000000096
:104BF00080B582B042F2F871C2F20041019100200A
:104C000008609FED0B0ADFED0B0ACDED000A00F006
:104C100065FFDDED000A019880ED010A9FED060AAF
:104C200000F05CFF019880ED020A02B080BD00BF79
:104C3000583934BE0BEFF2BD5839343E0000000045
:104C400080B582B042F60401C2F200410191002019
:104C500008609FED0B0ADFED0B0ACDED000A00F0B6
:104C60003DFFDDED000A019880ED010A9FED060A87
:104C700000F034FF019880ED020A02B080BD00BF51
:104C8000583934BE0BEFF2BD5839343E00000000F5
:104C900080B582B042F61001C2F2004101910020BD
:104CA00008609FED0B0ADFED0B0ACDED000A00F066
:104CB00015FFDDED000A019880ED010A9FED060A5F
:104CC00000F00CFF019880ED020A02B080BD00BF29
:104CD000583934BE0BEFF2BD5839343E00000000A5
:104CE00080B59FED050AFFF703FC42F63400C2F2DF
:104CF000004080ED000A80BD15C7813E0000000025
:104D000080B59FED050AFFF7F3FB42F63800C2F2CB
:104D1000004080ED000A80BD15C7813E0000000004
:104D200080B59FED050AFFF7E3FB42F63C00C2F2B7
:104D3000004080ED000A80BD15C7813E00000000E4
:104D400080B59FED050AFFF7D3FB42F64000C2F2A3
:104D5000004080ED000A80BD15C7813E00000000C4
:104D600080B59FED050AFFF7C3FB42F64400C2F28F
:104D7000004080ED000A80BD15C7813E00000000A4
:104D80004AF24000C4F20000006840F28441C2F2DE
:104D9000004108607047000080B542F64830C2F21A
:104DA0000040F8F739FD80BD2DE9F04385B0074696
:104DB000884602A8394699461546F5F739FA039E02
:104DC000294630460022F4F71AFC029C58B1049E92
:104DD0003846214642462B46CDE90069F5F7BEF933
:104DE00005B0BDE8F083384621462A463346CDF863
:104DF0000090F5F7E9F910B105B0BDE8F083384649
:104E0000214642462B46CDE90069F5F761F905B028
:104E1000BDE8F08380B5084600F05EF9092100285E
:104E200008BF0521013818BF084680BD2DE9F041B3
:104E30008CB0074600294FF0030000F08B80154628
:104E4000002A00F0878008460C46F5F70DFA27F097
:104E50000801022961D00646012928D0002945D140
:104E600038075AD402A80121324623460095F5F7A7
:104E700035FA9DF8200008284FD006286AD1002076
:104E80000B900BAF284600210D2200230097F1F76D
:104E900091F90B98206246B10798029904AF04F18A
:104EA000240C8CCF8CE88D006163062052E000203A
:104EB000D4F8208002900DF1080C284600210D2224
:104EC0000023CDF800C0F1F775F9029880450FD1A5
:104ED0007EB304F124078FCF079004A80EC0F81703
:104EE000CDE9027006208DF820002DE0032031E08E
:104EF00038074FF00A0102A83246234658BF022164
:104F00000095F5F7EBF99DF82000082805D0062854
:104F100020D12046FFF747FC16E020462946FFF740
:104F200079FF0146052818BF0920002908BF08207D
:104F300010E002A80621002223460095F5F7CEF9DD
:104F40009DF82000062808D102AA20462946F5F738
:104F500079FB07200CB0BDE8F0812046FFF7FCFB91
:104F6000FFF754FB70B505460068144642692846B1
:104F70000E46904740B128683146826928469047DE
:104F8000C4E90001002070BD4EF27260CFF6FF70E0
:104F900070BD10B502680C46526A904761680020E7
:104FA000002904BF4EF26B60CFF6FF7010BD70B5E4
:104FB000054600681446826828460E46904738B178
:104FC00028683146C268284690472060002070BD9E
:104FD0004EF27260CFF6FF7070BDB0B5044646F673
:104FE000F070C0F6020042F65C220830C2F20042C5
:104FF000C4E9000204F1080000254022A4F84C5046
:1050000084F84E50DBF7DCFA04F150004FF499714C
:10501000A564DBF76EFB20460021FEF7AAFD002009
:10502000B0BD80B50168896A88474EF27460CFF6DA
:10503000FF7080BD0168C96B08472DE9F041054646
:10504000006816464269284698460F46904748B180
:1050500028683946C469284632464346A04700209E
:10506000BDE8F0814EF27260CFF6FF70BDE8F081CE
:1050700070B58AB0044600681646826820460D4620
:10508000904718B32068294603692046324698475E
:10509000681C19D120686946426A204690472068FA
:1050A0000021426B20469047049868B120686FF059
:1050B0000101C268204690472168049A0B690244A6
:1050C00020466FF001019847002003E04EF2726025
:1050D000CFF6FF700AB070BD01680A6A0021104760
:1050E00080B5DBF7FAFB00002DE9F04703880F8855
:1050F000BB424BD147884E88B74247D11688B3424E
:1051000044D15688B74241D107FB03F846680023D3
:105110004D68B3EB980F546827D04FEA9800C0F160
:10512000000900BF3068296801F0DBF92060706871
:10513000696801F0D6F96060B068A96801F0D1F93A
:10514000A06006F1100AF06805F11007E96801F0A7
:10515000C8F904F11001E06019F1010956460C4646
:105160003D46DFD13D460C46564618F003000BD0B5
:10517000474200BF56F8040B55F8041B01F0B1F983
:1051800044F8040B0137F5D1002000E0FD2040B2C7
:10519000BDE8F08701804280436070472DE9F04F01
:1051A00093B00688B0F802B05E4540F059810A8895
:1051B000FD25964240F055814B889A4240F051813E
:1051C000002E476800F032816FF00300009700EB7B
:1051D00086094C68002706964FF07E5803942046B7
:1051E0000698801B09D0B9002046DBF782FA002020
:1051F0000130874204F10404FAD104F1040AC4F82E
:105200000080751E10D0A9EB87015046DBF771FABC
:10521000012054460130864204F10404FAD1002DE5
:1052200007F101072E46DBD1069E002E009F00F0FD
:10523000FD800420CDF828B000EB8B00A6F1010A18
:10524000019007EB8B044FEA8B08381DCBF100016E
:1052500000220C91CDE907B8B24280F00681099096
:1052600002FB0BF00497002507EB800157F8209014
:105270000F914F46039901EB800110920E91029419
:10528000CDF814A005E000BFAAF1010A2768444444
:1052900035460021384601F073F938B938462946B9
:1052A00001F060F900283E4607D007E087F000468D
:1052B0002846314601F06BF900B92E46BAF1000FCD
:1052C000E2D10021304601F03FF9002840F0CD80C6
:1052D00029F00040314601F037F90028DDE90516D4
:1052E000109C06D1E043801903D000200130814298
:1052F000FCD10021484601F027F900280A9F40F020
:10530000B480ABEB040108460D9101290F994FF0D1
:105310007E5008600BD00124099D00BF28684946D3
:1053200001F048F945F8040B0134A742F6D10C9C72
:105330000E9D00BF2868494601F03CF945F8040B72
:105340000134F7D10D98002401380B90DDE903A753
:10535000109A00BF944205D10D980AEB8B0A07EB17
:10536000800741E0D7F800900F980168484601F0A7
:1053700073F90146484601F0CBF947F8040B0B9846
:105380000028CDE911641BD04FF001084FF0000B4D
:10539000DDE9096456F80B10484657F80B5001F048
:1053A0005BF90146284601F0B3F908F1010847F816
:1053B0000B0044450BF1040BECD15F44DDE907B869
:1053C0000C9E0E9C54F8041B4846DAF8005001F07D
:1053D00043F90146284601F09BF94AF8040B0136CF
:1053E000F0D1129CDDE9102607EB8207013E04F1A3
:1053F0000104AFD10A9801320138049F0A9007F1E5
:105400000407DDF814A0DDE901040999AAF1010AF5
:105410000144069E044408467FF41EAF002148461E
:10542000002501F091F80028009F1AD00BFB06F52B
:105430000024002D4FF000060AD000BF386800217C
:1054400001F082F820B10136AE4207F10407F5D32E
:10545000AE4208BF6FF00404204613B0BDE8F08FE1
:10546000FD2568B213B0BDE8F08FFB25F9E7000019
:105470002DE9F04F93B047880B889F4240F0B280EF
:10548000068813889E4240F0AD804D8853889D4227
:1054900040F0A8800796BE08436806FB05F04968FF
:1054A00027F0030C01EB0010039102900020A0EB09
:1054B00097010D9307F00304099103EB8C035168E6
:1054C0000A932B464FEA8509019161420C96059794
:1054D0000B940891049500BF0690019901EB800898
:1054E000DDE902BA0C98002811934BD0CDF838B002
:1054F0000024CDF84080DDF824B0DDF83480CDF80C
:105500003CA000BFDAF8001098E8C100D8F80C20E1
:10551000129201F0A1F80146204600F0E2FF044695
:105520005AF8091030460AEB090501F095F80146D2
:10553000204600F0D6FF044655F80910384605EB22
:10554000090601F089F80146204600F0CAFF04462A
:1055500056F80910129806EB090501F07DF801468E
:10556000204600F0BEFF1BF1010B08F110080446B5
:1055700005EB090AC6D1DDF838B05D460A9EDDE9C3
:105580000FA802E000240D9E55460B9868B1089FB5
:1055900056F8040B296801F05FF80146204600F038
:1055A000A0FF013704464D44F2D148F8044B0AF1FC
:1055B000040A119B0BF1040B013B93D105980D9943
:1055C00001EB8001049B0D910799069A01391A4459
:1055D00007910A9901EB800110460A917FF47CAF94
:1055E000002000E0FD2040B213B0BDE8F08F0000C5
:1055F0002DE9F04703880F88BB424BD147884E887E
:10560000B74247D11688B34244D15688B74241D1F8
:1056100007FB03F8466800234D68B3EB980F546806
:1056200027D04FEA9800C0F1000900BF3068296810
:1056300001F06EF820607068696801F069F86060D8
:10564000B068A96801F064F8A06006F1100AF0687B
:1056500005F11007E96801F05BF804F11001E06062
:1056600019F1010956460C463D46DFD13D460C4630
:10567000564618F003000BD0474200BF56F8040B03
:1056800055F8041B01F044F844F8040B0137F5D138
:10569000002000E0FD2040B2BDE8F0872DE9F04F8A
:1056A00083B002884B889A424DD144880B889C4233
:1056B00049D10023D1F804804FEA940C416804F0EA
:1056C000030ECDF80080A3EB94040294140196001D
:1056D0000194CEF1000B4046BCF1000F1ED04746AE
:1056E000029C00BF08683D4638603744486807EBB5
:1056F0000609A85101F11000D1F808A0013447F8BB
:1057000006A009EB0607C968374449F806100146A8
:10571000E8D101996C18014603E000BF009800EB46
:105720008304BEF1000F07D05D4600BF51F8040BA3
:10573000013520603444F9D10133013A08F10408FD
:10574000CAD1002000E0FD2040B203B0BDE8F08FD8
:105750000368002B08D401230B60C17904230430B3
:1057600003EB810111607047C3F3036CBCF1000FC0
:105770000FD0BCF1030F04D0BCF1010F1CBF0020FF
:105780007047C3F3074C042303EB8C034FF0020C68
:1057900002E04FF0010C04231360C1F800C0704711
:1057A00080B582B000200190E1F7EAF9EAF75CFBEE
:1057B000E9F736F9E8F7F4FFE9F772F8E9F7B0F836
:1057C000E9F7EEF8E9F7D4F9E9F70EFAE9F754FB4F
:1057D000E9F776FCE9F728FCE9F7BAFCE9F7FCFA07
:1057E000E9F7B6FAE9F770FAE9F78EFBE9F7D4FBC7
:1057F000EBF762FAFFE7EBF7EBFAFCE710B50446CC
:10580000012898BF012400BF2046DAF70BFE20B91B
:10581000FEF7E6FE10B18047F6E710BDFEF7E6FEA4
:10582000FFF7ECBFF0B581B00C460546012898BFE4
:105830000125042998BF04240027684621462A46EA
:105840000097DAF7E8FF009868B96E46FEF7C8FEE1
:1058500058B18047304621462A460097DAF7DBFFE9
:1058600000980028F2D001B0F0BDFEF7BFFEFFF7B0
:10587000D9BF4100080218BF04200A0E18BF40F02B
:1058800001004FF07F4232EA010108BF40F0020000
:10589000012808BF0520704710B510EE104A4FF0E0
:1058A0001A402DED028B00EB4400B0F1C85F4AD8DE
:1058B0004FF0FC40B0EB440F22D2B0EEC00AF7EE3E
:1058C000000A30EEC00AF6EE000A20EE208A18EE3A
:1058D000100A00F0A7FC00EE100A14F0004F1DBFE4
:1058E0009FED281ADFED280AB1EE400A9FED271A36
:1058F00008BFF0EE410AF8EE001A20EE210A05E09A
:1059000020EE008A9FED221ADFED220ADFED221A37
:105910009FED222A70EEC00A20EE080A08EE212A26
:10592000DFED1F1A48EE021A9FED1E2A08EE212A0B
:10593000DFED1D1A48EE021ABDEC028B40EE610A43
:1059400030EE810A10BD4FF0CC40B0EB440F82BF67
:105950009FED160ABDEC028B10BD4FF07F40B0EBFF
:10596000440F05D2BDEC028BBDE8104000F099BB9E
:105970000120DAF7ACFFBDEC028BBDE8104000F06F
:1059800097BB00000000494022AA7D3A00000000B9
:105990000000C93F22AAFD3924FE1C3DC78AD83C1D
:1059A0001E67383D1B93993DAFAA2A3EDB0FC93FC6
:1059B00010B54FF00E402DED028BB0EE408A18EE80
:1059C000104A00EB4400B0F1506F4AD84FF0FC4051
:1059D000B0EB440F22D2B0EEC80AF7EE000A30EE68
:1059E000C00AF6EE000A60EE208A18EE900A00F077
:1059F00019FC01EE100A14F0004F1DBFDFED2D0A57
:105A00009FED2D0AB1EE411ADFED2C0A08BF9FED84
:105A10002C0AF8EE001A21EE218A05E0DFED290AB2
:105A200068EE088AB0EE600A9FED271ADFED271AAC
:105A300030EE080A48EE811A9FED251A08EEA11AE9
:105A4000DFED241A48EE811A9FED231A08EEA11A01
:105A500068EE281ABDEC028B01EE810A30EE200AB6
:105A600010BD4FF0E440B0EB440F0CD918EE100A13
:105A7000FFF7FFFE042808BF00F022FBB0EE480A43
:105A8000BDEC028B10BD4FF07F40B0EB440F07D24E
:105A9000B0EE480ABDEC028BBDE8104000F001BB3F
:105AA0000120DAF714FFBDEC028BBDE8104000F0D6
:105AB000FFBA00000000C9BF22AAFDB90000C93F1B
:105AC00022AAFD390000000024FE1C3DC78AD83CF4
:105AD0001E67383D1B93993DAFAA2A3E70B54FF023
:105AE00068422DED048BF0EE408A18EE900AB0EE7D
:105AF000608A18EE101A02EB4003B3F1654F3CBF09
:105B000002EB4102B2F1654F7DD200BFC0F3C75333
:105B1000C1F3C7529A1A1B2A09DD10F0004F14BFB7
:105B20009FED830A9FED830ABDEC048B70BD12F1DB
:105B30001A0F36DA11F0004F09D010F0004F0CBFE9
:105B40009FED7D0A9FED7D0ABDEC048B70BD88EE54
:105B5000889A19EE100AFFF78CFE042808BF00F09F
:105B6000AFFA18EE900AFFF784FE054618EE100A09
:105B7000FFF77FFE044619EE100AFFF77AFE042DA8
:105B800018BF052D08D1042C18BF052C04D10028FE
:105B900004BF0220DAF79BFEB0EE490ABDEC048B8D
:105BA00070BD4200B2EB410F3AD910F0004F19BF5F
:105BB000DFED630A9FED630ADFED630A9FED630A81
:105BC000B0EE481A0A46B1EE688A80F00041F0EE65
:105BD000418A10460A1A5200B2F1807F34D24840FE
:105BE00010F0004FDFED5A1A9FED5A2A1DBFBEEE8E
:105BF000001A70EEE10A30EE420AB6EE001A08BF53
:105C000070EEA10A00E040E008BF30EE020AB0EEFC
:105C1000682A01EE482A08EE818AC2EE081A15E0C9
:105C200011F0004F04BF9FED4C0AF0EE400AD1D0B6
:105C300010F0004F19BFDFED490A9FED490ADFED73
:105C4000490A9FED490AC5E7C8EE881A21EEA11A54
:105C50009FED462ADFED462A41EE022A9FED452AB6
:105C600001EE222ADFED442A41EE022A9FED432A6B
:105C7000BDEC048B01EE222A21EE811A01EE020A0C
:105C800030EE210A30EE200A70BD4FF07F42B2EBB9
:105C9000400F28BFB2EB410F09D2F0EE480AB0EE38
:105CA000680ABDEC048BBDE8704000F0FDB940EA25
:105CB00001035B0008BF41F0FF410BD0B2EB400F86
:105CC00008BFB2EB410F08D120F0804008EE900AE7
:105CD00021F0804108EE101A18E7B2EB400F12BF16
:105CE0005FEA410340F0FF4001F000413FF40EAF96
:105CF000B2EB410F12BF5FEA400200F0004041F0FA
:105D0000FF413FF403AF4A0092EA40033FF5FEAE85
:105D1000002AACBF9FED1A0A9FED1A0A68EE808A2E
:105D200028EE008A18EE900A18EE101AEEE600002F
:105D3000DB0FC9BFDB0FC93FDB0F4940DB0F49C099
:105D40000000C9BF22AAFDB90000C93F22AAFD393F
:105D50000060ED3EC30ACE3700000000000049C0DD
:105D600022AA7DBA0000494022AA7D3A2DAD65BD28
:105D70008FB8D53D0FB511BE61C84C3EA8AAAABECA
:105D80000000804F0000802F10EE101A08B5444A22
:105D90006846B2EB410F28D94FF0E640B0EB410F17
:105DA00094BF00204FF0FF3000900098002861DB86
:105DB00060EE000A10F0010F45D010F0020FDFED89
:105DC000391A9FED391A00EEA11ADFED381A40EEAC
:105DD000811A21EEA01AF0EE400A40EE010A08BF37
:105DE000F1EE600AB0EE600A08BD314B21F00042CE
:105DF00093423CD911F0004FDFED2E0A20EE201A1D
:105E0000DFED2D0A19BF31EE601A71EE200A31EE76
:105E1000201A71EE600ABDEEE01A11EE100A9FED35
:105E2000271A00F0030000EEC10A9FED251A00902A
:105E300000EEC10A9FED231A00EEC10A9FED221A5F
:105E400000EEC10AB1E79FED211A9FED210A10F083
:105E5000020F00EE810A9FED1F1A00EE801AB7EEC6
:105E6000000A00EE810A18BFB1EE400A08BD00F03A
:105E70002FF99AE710EE100A4000B0F17F4F3CBFB7
:105E8000B7EE000A08BD07D14FF00100DAF71FFD99
:105E9000BDE8084000F00CB9BDE8084000F001B9C9
:105EA000B61F927E336D4CB9DA82083CA0AA2ABE96
:105EB000490E494683F9223F0000004B0000C93FCC
:105EC00000A0FD390020A2331A61342CB93AB2BACD
:105ED000CA9F2A3DDDFFFFBE00B510EE101A2DED62
:105EE000028B81B0524A6846B2EB410F2ED94FF077
:105EF000E640B0EB410F94BF00204FF0FF30009020
:105F00000098B0EE408A00286ADB10F0010F4BD0F9
:105F100068EE080A9FED471A9FED470A00EE810AD6
:105F20009FED461A10F0020F00EE801AB7EE000A3D
:105F300000EE810A02BF01B0BDEC028B00BD00BFC4
:105F400001B0B1EE400ABDEC028B00BD3C4B21F02C
:105F50000042934241D911F0004FDFED3A0A20EEA2
:105F6000201ADFED390A19BF31EE601A71EE200AEE
:105F700031EE201A71EE600ABDEEE01A11EE100A41
:105F80009FED321A00F0030000EEC10A9FED301AB7
:105F9000009000EEC10A9FED2F1A00EEC10A9FED9E
:105FA0002E1A00EEC10AABE728EE080A9FED2B1A65
:105FB000DFED2B0A10F0020F40EE010A9FED291AC7
:105FC00000EE201A61EE000AB0EE480A08EE200A40
:105FD000B6D101B0BDEC028B00BD00F079F88FE7BF
:105FE00018EE100A4000B0F17F4F0DD218EE100AE3
:105FF000FFF73FFC042808BF00F062F8B0EE480A43
:1060000001B0BDEC028B00BD09D10120DAF75FFCC5
:1060100001B0BDEC028B5DF804EB00F049B801B0B3
:10602000B0EE480ABDEC028B5DF804EB00F039B825
:10603000B61F927EB93AB2BACA9F2A3DDDFFFFBEB3
:10604000490E494683F9223F0000004B0000C93F3A
:1060500000A0FD390020A2331A61342C336D4CB9F5
:10606000DA82083CA0AA2ABE10B52DED028BB1EE53
:10607000C08A18EE100A20F00040C0F1FF40C00FA7
:106080000AD010EE100A20F00040C0F1FF40C00F0F
:1060900004BF0120DAF71BFCB0EE480ABDEC028B0E
:1060A00010BD30EE000A704730EE200A7047000045
:1060B000DFED020A80EEA00A704700000000000039
:1060C0009FED020A20EE000A704700000000001059
:1060D0002DE9F0014FF07F42B2EB410F9FBF4FF02F
:1060E000FF310160BDE8F00170474FF0004242EA25
:1060F0000123C1F3C752783A551112F01F0C434CDB
:10610000CCF120067C44C1F3C752A2F178024FEAD9
:10611000621204EB820254F8254008BFD2E901560E
:1061200012D0556804FA0CF425FA06F73C43976838
:1061300005FA0CF527FA06F8D26807FA0CFCF240CB
:1061400045EA08054CEA0206A4FB034CA5FB0352F2
:10615000A6FB03631D449D4234BF0126002613198C
:10616000334416B1934202D903E0934201D2012293
:1061700000E00022624402F1200C9206DC0C42EAAC
:10618000443200EE102A5B03DFED210AF8EEC01A5C
:1061900000EE103A4FEA9C1C11F0004FB8EE400A96
:1061A000C0F800C020EE201A00EE105ADFED190AE8
:1061B000B8EE400A20EE200A71EE810A70EE800AE5
:1061C00010EE902A02F500626FF30B0200EE902AA7
:1061D00070EEE11A31EEC11ADFED101A30EE411AFD
:1061E0009FED0D0A20EE800A01EE210A9FED0C1AA8
:1061F00000EE810A04BFBDE8F0017047CCF1805188
:106200000160BDE8F001B1EE400A704720070000D0
:10621000000000360000802C22AAFD29DB0FC92FC8
:106220000000C92F10B500EE100A2DED028BB1EE63
:10623000C08A18EE100A20F00040C0F1FF40C00FE5
:106240000AD010EE100A20F00040C0F1FF40C00F4D
:1062500004BF0120DAF73BFB18EE100ABDEC028BFD
:1062600010BD491058BFC1F140415B1058BFC3F188
:1062700040438B42EFF300807047000051EA030C6B
:1062800017D41CF5801F58BFBCF5801F00F1068095
:10629000994218BF704708BF9042704707D711F561
:1062A000801F58BF13F5801F19D499427047894247
:1062B00070471CF5801F08D5BCF5801FF7D58B42B1
:1062C00018BF704708BF824270474FF4001C1CEB98
:1062D000410F38BF1CEB430F01D28B42704770B5A2
:1062E00000F080F8922449004FF000514FF08053A5
:1062F000FFF7B7BF51EA030C17D41CF5801F58BF36
:10630000BCF5801F00F10680994218BF704708BF96
:106310009042704707D711F5801F58BF13F5801FB3
:1063200019D499427047894270471CF5801F08D5DF
:10633000BCF5801FF7D58B4218BF704708BF82425B
:1063400070474FF4001C1CEB410F38BF1CEB430F90
:1063500001D28B42704770B500F044F89224490096
:106360004FF080514FF00053FFF77BBF51EA030C11
:1063700017D41CF5801F58BFBCF5801F00F10680A4
:10638000994218BF704708BF9042704707D711F570
:10639000801F58BF13F5801F19D499427047894256
:1063A00070471CF5801F08D5BCF5801FF7D58B42C0
:1063B00018BF704708BF824270474FF4001C1CEBA7
:1063C000410F38BF1CEB430F01D28B42704770B5B1
:1063D00000F008F8922449004FF000514FF080532C
:1063E000FFF73FBF0EF1020E2EF0030E5EF8046BB6
:1063F000364205D4012A43EB030515F5001F12D8D8
:10640000012841EB010C1CF5001F0CD80ED14FEAFE
:10641000D17C0CEB4C0C0CF1020C15F5001F08BFE5
:106420004CEBD37C04E04FF0080C01E04FEAD37C46
:106430000CEB4C0526FA05F606F00706B6F1040C3F
:1064400006D20EEB860CBDE870404CF0010C6047A4
:10645000DFE80CF0090B02024FF00041A1F500212A
:106460004FF0000070BD19461046012851EB0104A1
:1064700018BFD4F5001484BF002001F0004170BDA6
:106480000808A0F500114FEA3101704743004FEAB8
:10649000D30C4FEA3C0C43401FBF40070CF1605146
:1064A00013F0FE4F70471CF0006F03D10CF0004159
:1064B000002070470CF0004343EA507040EACC00E3
:1064C00010B500F0D2F800BF000000924FEA0001C2
:1064D000FFF7D6BF4FF00041A1F500214FF00000BB
:1064E000704700EE100A00EE901A30EE200A10EE0F
:1064F000100A704710B5FFF7C1FE0CBF0120002045
:1065000010BD10B5FFF7BAFE14BF0120002010BD6A
:1065100010B5FFF7EFFE8CBF0120002010BD10B5B5
:10652000FFF7E8FE2CBF0120002010BD10B5FFF7DB
:106530001DFF94BF0120002010BD10B5FFF716FF0E
:1065400034BF0120002010BD10B500F03DF80CBF95
:106550000120002010BD10B500F036F814BF012056
:10656000002010BD10B500F047F88CBF01200020BE
:1065700010BD10B500F040F82CBF0120002010BD68
:1065800010B500F051F894BF0120002010BD10B5E7
:1065900000F04AF834BF0120002010BD401058BF61
:1065A000C0F14040491058BFC1F140418142EFF372
:1065B0000080704700EE100A00EE901A80EE201A5C
:1065C00011EE100A7047000000EE100A00EE901A5B
:1065D000B4EE600AF1EE10FA78BF704700F000B830
:1065E00010B500F042F800BF922449004FF000506F
:1065F0004FF08051FFF7D2BF00EE100A00EE901A64
:10660000B4EE600AF1EE10FA78BF704700F000B8FF
:1066100010B500F02AF800BF922449004FF08050D6
:106620004FF00051FFF7BABF00EE100A00EE901ACB
:10663000B4EE600AF1EE10FA78BF7047AFF3008055
:1066400010B500F012F800BF922449004FF000503E
:106650004FF08051FFF7A2BF00EE100A00EE901A33
:1066600020EE200A10EE100A70470EF1020E2EF0F6
:10667000030E5EF8044B244204D44FEA4102B2F107
:106680007F4F11D84FEA4003B3F17F4F0CD80ED1A2
:106690004FEAD07C0CEB4C0C0CF1020CB2F17F4FAA
:1066A00008BF4CEBD17C04E04FF0080C01E04FEA4E
:1066B000D17C0CEB4C0324FA03F404F00704B4F18E
:1066C000040C06D20EEB840CBDE810404CF0010C1B
:1066D0006047DFE80CF0070802024FF00040A0F529
:1066E000800010BD0846420018BFD2F1807288BFFA
:1066F00000F0004010BDF1EE100A4FF6FF71C0F23D
:10670000C03120EA010040F04070E1EE100A70470D
:1067100000EE100A00EE901A30EE600A10EE100A39
:106720007047000009E7FF7FB0088400FF001501F3
:106730000C02080A010A0400000E06140101000000
:1067400000000000E9E6FF7FB0B0A800FF000D01E7
:1067500004021A260101000000000000D1E6FF7FBC
:10676000B00B8400FF00110108080624010E1A0076
:106770000001000000000000B5E6FF7FB0B0AA00F5
:10678000FF001101080A044A010E40000001000048
:106790000000000099E6FF7FB0B0A800FF001101E3
:1067A000080404540108500000010000000000002B
:1067B0007DE6FF7FB0AF0600FF00510147004200B9
:1067C00000420446018A0104F402009A0106F20222
:1067D00000B80136F00200FE0118E802009602122D
:1067E0000000A80204E80200AC02080000B4021491
:1067F000E80200D60212F00200F40204FC0201F8E2
:1068000002080000010000000000000021E6FF7FF8
:10681000B0B0A800FF00110108180426011C082AC6
:106820000101000000000000000000006E83F9A2DA
:106830002915444ED15727FCC0DD34F5999562DB0C
:106840004190433CAB6351FE00000000000000009B
:106850000000000000000000000000000100000037
:10686000020000000300000004000000000000001F
:106870000500000000000000000000000000000013
:106880000600000000000000000000000000000002
:1068900007000000000000000102030401020304DD
:1068A000060708090001020304050607080C101476
:1068B00018203040000610160006101608040204C6
:1068C00008010101010101030701000001000200AC
:1068D0000400060008000A000C0010002000400020
:1068E000800000010000891112239B322446AD571D
:1068F0003665BF74488CC19D5AAFD3BE6CCAE5DB08
:106900007EE9F7F88110080193331A22A5562C4727
:10691000B7753E64C99C408DDBBF52AEEDDA64CBE7
:10692000FFF976E802218B30100299132667AF76C3
:106930003444BD554AADC3BC588ED19F6EEBE7FAC7
:106940007CC8F5D983310A2091121803A7772E66E7
:10695000B5543C45CBBD42ACD99E508FEFFB66EAA7
:10696000FDD874C904428D5316619F702004A91587
:106970003227BB364CCEC5DF5EEDD7FC6888E19987
:106980007AABF3BA85520C4397711E60A1142805A7
:10699000B3373A26CDDE44CFDFFD56ECE998608967
:1069A000FBBB72AA06638F7214409D512225AB3443
:1069B0003006B9174EEFC7FE5CCCD5DD6AA9E3B847
:1069C000788AF19B87730E6295501C41A3352A2467
:1069D000B1163807CFFF46EEDDDC54CDEBB962A827
:1069E000F99A708B088481951AA793B62CC2A5D307
:1069F0003EE1B7F04008C919522BDB3A644EED5F17
:106A0000766DFF7C899400859BB712A6ADD224C316
:106A1000BFF136E0C1184809D33B5A2AE55E6C4FF6
:106A2000F77D7E6C0AA583B4188691972EE3A7F2B2
:106A30003CC0B5D14229CB38500AD91B666FEF7ED6
:106A4000744CFD5D8BB502A499961087AFF326E2D6
:106A5000BDD034C1C3394A28D11A580BE77F6E6EB6
:106A6000F55C7C4D0CC685D71EE597F42880A19176
:106A70003AA3B3B2444ACD5B5669DF78600CE91D96
:106A8000722FFB3E8DD604C79FF516E4A990208196
:106A9000BBB332A2C55A4C4BD7795E68E11C680D76
:106AA000F33F7A2E0EE787F61CC495D52AA1A3B032
:106AB0003882B193466BCF7A5448DD59622DEB3C56
:106AC000700EF91F8FF706E69DD414C5ABB122A056
:106AD000B9923083C77B4E6AD5585C49E33D6A2C36
:106AE000F11E780F0000891112239B322446AD5706
:106AF0003665BF74488CC19D5AAFD3BE6CCAE5DB06
:106B00007EE9F7F88110080193331A22A5562C4725
:106B1000B7753E64C99C408DDBBF52AEEDDA64CBE5
:106B2000FFF976E802218B30100299132667AF76C1
:106B30003444BD554AADC3BC588ED19F6EEBE7FAC5
:106B40007CC8F5D983310A2091121803A7772E66E5
:106B5000B5543C45CBBD42ACD99E508FEFFB66EAA5
:106B6000FDD874C904428D5316619F702004A91585
:106B70003227BB364CCEC5DF5EEDD7FC6888E19985
:106B80007AABF3BA85520C4397711E60A1142805A5
:106B9000B3373A26CDDE44CFDFFD56ECE998608965
:106BA000FBBB72AA06638F7214409D512225AB3441
:106BB0003006B9174EEFC7FE5CCCD5DD6AA9E3B845
:106BC000788AF19B87730E6295501C41A3352A2465
:106BD000B1163807CFFF46EEDDDC54CDEBB962A825
:106BE000F99A708B088481951AA793B62CC2A5D305
:106BF0003EE1B7F04008C919522BDB3A644EED5F15
:106C0000766DFF7C899400859BB712A6ADD224C314
:106C1000BFF136E0C1184809D33B5A2AE55E6C4FF4
:106C2000F77D7E6C0AA583B4188691972EE3A7F2B0
:106C30003CC0B5D14229CB38500AD91B666FEF7ED4
:106C4000744CFD5D8BB502A499961087AFF326E2D4
:106C5000BDD034C1C3394A28D11A580BE77F6E6EB4
:106C6000F55C7C4D0CC685D71EE597F42880A19174
:106C70003AA3B3B2444ACD5B5669DF78600CE91D94
:106C8000722FFB3E8DD604C79FF516E4A990208194
:106C9000BBB332A2C55A4C4BD7795E68E11C680D74
:106CA000F33F7A2E0EE787F61CC495D52AA1A3B030
:106CB0003882B193466BCF7A5448DD59622DEB3C54
:106CC000700EF91F8FF706E69DD414C5ABB122A054
:106CD000B9923083C77B4E6AD5585C49E33D6A2C34
:106CE000F11E780F0000803F00000000000000004F
:106CF0000000000000000000000000000000000094
:106D00000000803F000000000000000000000000C4
:106D10000000000000000000000000000000803FB4
:106D20000000000000000000000000000000000063
:106D300000000000000000000000803F0000000094
:106D40000000000000000000000000000000000043
:106D5000000000000000803F000000000000000074
:106D60000000000000000000000000000000000023
:106D70000000803F005EBCE2613FDD83C29C7E205C
:106D8000A3FD1F419DC3217FFCA2401E5F01E3BD07
:106D90003E6082DC237D9FC1421CFEA0E1BF5D03FB
:106DA00080DE3C62BEE0025CDF81633D7C22C09EEF
:106DB0001D43A1FF4618FAA427799BC584DA3866DB
:106DC000E5BB5907DB856739BAE406581947A5FBC7
:106DD0007826C49A653BD987045AB8E6A7F91B45BB
:106DE000C6987A24F8A6441A99C7257B3A6486D8AF
:106DF0005B05E7B98CD2306EEDB3510F4E10F2AC9B
:106E00002F7193CD114FADF3702ECC92D38D6F3186
:106E1000B2EC0E50AFF1134DCE90722C6D33D18F7A
:106E20000C52B0EE326C8ED0530DEFB1F0AE4C126E
:106E300091CF2D73CA947628ABF517490856B4EA5A
:106E40006937D58B5709EBB536688AD495CB297746
:106E5000F4AA4816E9B7550B88D6346A2B7597C93A
:106E60004A14F6A8742AC896154BA9F7B6E80A542E
:106E7000D7896B35D06F0208CC6E0208C46E020849
:106E8000D06F0208ED6E0208746E0208D06F02081F
:106E90000F6F0208806E0208D06F0208346F02087C
:106EA000BC6E0208D06F0208466F0208B06E02087E
:106EB000D06F02085F6F0208BC6E0208A86F02085C
:106EC0006C6F0208A86F0208796F02084E31305FBC
:106ED0005F637878616269763131365F5F736869C4
:106EE0006D5F747970655F696E666F45004E313015
:106EF0005F5F637878616269763131375F5F636CB9
:106F00006173735F747970655F696E666F45004E7B
:106F100031305F5F637878616269763132305F5F0C
:106F200073695F636C6173735F747970655F696EB9
:106F3000666F4500537431336261645F65786365E1
:106F40007074696F6E00537432306261645F617295
:106F50007261795F6E65775F6C656E677468005308
:106F600074396261645F616C6C6F6300537439657E
:106F70007863657074696F6E0053743974797065E5
:106F80005F696E666F0000000000000000000000F6
:106F90004110020800000000000000001129020852
:106FA00000000000806E020845A2010849A2010805
:106FB000DF400208E140020887420208E34002087D
:106FC0002141020809420208000000008C6E0208FC
:106FD00045A2010859A20108DF400208E140020869
:106FE000874202080D43020865430208454402082F
:106FF0000000000000000000DD400208113D020812
:10700000053D0208333C0208833C0208C3390208EC
:10701000BB3802081F390208033C0208C33C0208BF
:107020006D3C02088D390208D3390208733B02080F
:10703000E3390208B338020800000000986E020825
:1070400019450208B9440208714402080000000012
:10705000A46E020819450208CD44020889440208BA
:1070600000000000B06E020819450208134502082E
:10707000A544020840AC037D04014103057C0002E5
:107080006D0D026D090243444320496E74657266BA
:107090006163650043444320436F6E666967005334
:1070A000544D6963726F656C656374726F6E69636A
:1070B000730053544D3332205669727475616C20DD
:1070C000436F6D506F72740070630000E0780208C7
:1070D00000000024D801000030030008F079020805
:1070E000D8010024E83E0100900300085DEFFEFF98
:1070F00079EFFEFF65EFFEFF81EFFEFF8DEFFEFFF4
:10710000C492FD7F01000000609AFD7F0884138017
:10711000889BFD7F08840D80389CFD7F0100000066
:1071200080F3FD7F08840780E8F4FD7F0100000004
:10713000A04AFE7F08840380504BFE7F01000000C0
:107140005859FE7F08840180605AFE7F01000000CC
:10715000905BFE7F08840780C860FE7F010000000E
:107160001863FE7F088403800865FE7F010000002D
:10717000A873FE7F088403809075FE7F01000000E5
:10718000C08AFE7F08840580D88BFE7F0100000046
:10719000D890FE7F08840380D091FE7F010000001C
:1071A000009BFE7F08840180289CFE7F0100000078
:1071B00098A2FE7F0884038058A7FE7F010000008C
:1071C00088EEFE7FB0088480D0EEFE7FB0B0B08045
:1071D000D6EEFE7FAB38B280FCEEFE7F08840980DD
:1071E00024EFFE7FAA3FB28094EFFE7FA837B280E3
:1071F000C4EFFE7FB0B0AA802CF0FE7FB0AF00805D
:1072000024F2FE7FB0AC058034F3FE7FB0B0AA80DC
:10721000A0F3FE7F08840380E8F3FE7F01000000F6
:1072200098F9FE7F08840180E0F9FE7F0B840580D9
:10723000D8FAFE7F01000000D0FBFE7F08840980A1
:10724000C001FF7F08840180D802FF7F0100000099
:107250003803FF7F088401805003FF7F0100000096
:107260005803FF7F088401807803FF7F0884038030
:107270001005FF7F088401809005FF7FB00884809F
:107280008006FF7F01000000D006FF7F0884098090
:107290002008FF7F088401809808FF7F010000001C
:1072A0005009FF7F088401806809FF7F08840780F8
:1072B000C00AFF7F01000000600BFF7F08840F8081
:1072C0006811FF7F088401801014FF7F0100000017
:1072D0001014FF7F08840180B014FF7F01000000BC
:1072E000C015FF7FB0AE0B806016FF7F010000006D
:1072F0002818FF7FB0AC0B80A818FF7F01000000AA
:10730000581AFF7F088407803020FF7F088405809B
:107310009822FF7F01000000E622FF7FB0088480F2
:107320000823FF7F01000000A82DFF7FB0AC0F8075
:107330002C2EFF7FB0AC1180F82EFF7FB0B0B08054
:10734000082FFF7FB0088480202FFF7FB0B0B0806F
:10735000602FFF7FB0A80180842FFF7FB0AF0C802B
:10736000D432FF7FB0B0A880DC32FF7FB0AB0280A8
:107370003033FF7FB00B84804433FF7FB0B0AA80EE
:107380007634FF7FB0B0A880CE34FF7FB008848011
:10739000DC34FF7FB0AC01802035FF7F01000000AE
:1073A000A035FF7F08840980E836FF7F08841780B6
:1073B000783AFF7F088429809842FF7F010000000F
:1073C0005043FF7F088403807044FF7F010000006A
:1073D000C844FF7F08840180E044FF7F0100000073
:1073E0005045FF7F088401806845FF7F0100000051
:1073F0000047FF7F088401800847FF7F01000000ED
:107400008047FF7F0B840B80E84CFF7F010000006A
:10741000384DFF7FB0B0AB80B04DFF7FB0AF0A807A
:107420007C4EFF7FB0AB0080184FFF7F0100000053
:10743000404FFF7F08840180704FFF7F08841180D8
:107440004851FF7F088415807056FF7F01000000BF
:107450001857FF7F08840980385CFF7F08841D80EF
:10746000685FFF7F08840580E05FFF7F08840180FC
:10747000F85FFF7F010000006860FF7F08840D80D7
:107480005861FF7F088401808861FF7F0884038042
:107490007062FF7F088409803863FF7F010000006D
:1074A0000065FF7F08843F801870FF7F01000000A7
:1074B0009070FF7F08840380A870FF7F01000000A8
:1074C0005077FF7F088405804078FF7F010000002F
:1074D000287BFF7F08840380E87BFF7F088405808A
:1074E000407EFF7F088409809880FF7F0884138096
:1074F0000887FF7F088409800888FF7F088403804D
:107500004088FF7F08841580288BFF7F08840580D2
:10751000588CFF7F08840780A88CFF7F0884058033
:10752000E08DFF7F01000000C090FF7F0884038092
:107530003892FF7F010000006892FF7F088401807D
:10754000A092FF7F01000000A893FF7F08840580C0
:107550004895FF7F01000000A095FF7F088401800F
:10756000B895FF7F01000000F095FF7F088405803B
:10757000E896FF7F088403803897FF7F01000000B2
:107580008098FF7F08840580209AFF7F010000001B
:10759000509AFF7F08840180689AFF7F01000000F5
:1075A000A09AFF7F08840580A09BFF7F088403804A
:1075B000F09BFF7F01000000409DFF7F0884078053
:1075C000989EFF7F08840180C09EFF7F010000001D
:1075D000209FFF7F08840180389FFF7F010000000B
:1075E000989FFF7F08840380B8A0FF7F08840180F4
:1075F00008A1FF7F0884158010A5FF7F08840780FD
:10760000E0A5FF7F0100000050A6FF7F08840380F3
:1076100088A7FF7F0100000098A7FF7F08840380F0
:10762000B0A8FF7F01000000C0A8FF7F088405808C
:10763000D8AAFF7F0100000010ABFF7F0884018003
:1076400028ABFF7F0100000090ABFF7F088405801E
:10765000A0ACFF7F0884038000ADFF7F0100000025
:1076600080B0FF7F0884098070B2FF7F01000000B6
:10767000A0B2FF7F0884078000B4FF7F01000000F4
:1076800068B8FF7F0884058088BAFF7F010000008A
:1076900060BBFF7F0884038028BCFF7F01000000DF
:1076A00028BEFF7F08840980C8C0FF7F010000005A
:1076B00002C2FF7FB0B0B08002C2FF7FB00B8480F7
:1076C0005EC2FF7FB0AB0080C4C2FF7FB0B0B080AD
:1076D000C2C2FF7FB0A80180EAC2FF7FB0B0B08015
:1076E000F2C2FF7FB0088480FAC2FF7FB0B0B080E2
:1076F000F8C2FF7FB0AF00807AC4FF7F0B840380A5
:1077000002C5FF7FB00B84802AC5FF7FB00884804C
:107710005CC5FF7FB0B0A8806AC5FF7FB0088480D9
:10772000A2C5FF7FB00B8480DCC5FF7FB0B0B08006
:1077300078C9FF7FB0B0A880A4C9FF7FB0B0B08087
:10774000A2C9FF7FB0AB0080D8C9FF7FB0B0AC80CA
:1077500070CAFF7FB00884802ECBFF7FB0AC0F8053
:10776000ACCBFF7FB0AD0280DCCCFF7FB008848063
:1077700000CDFF7FB0B0B08060CDFF7F0100000082
:1077800084CDFF7FB0B0B08094CDFF7F98EFFF7FB6
:1077900000CEFF7FB008848030CEFF7FB0B0B080D5
:1077A0004CCEFF7FB008848064CEFF7F98EFFF7FD0
:1077B00086CEFF7FB0B0B08090CEFF7F010000008A
:1077C0004CCFFF7FB0B0B0805CCFFF7FB00884802B
:1077D0005ECFFF7F88EFFF7F80CFFF7F9CEFFF7F33
:1077E000C6CFFF7FB0EFFF7F18D0FF7FC4EFFF7FD2
:1077F00090D1FF7F18F0FF7FB6D1FF7FB00B848060
:1078000044D2FF7FB0B0B08050D2FF7FB0AB0080D9
:1078100096D2FF7FB0B0AA8018D3FF7FB0088480D3
:1078200030D3FF7F08840180B8D4FF7FB008848004
:1078300050D5FF7FB0B0B08060D5FF7FB0088480A6
:1078400068D5FF7FB0AD0480CCD5FF7FB0088480C1
:10785000DCD5FF7FB0AC0B800CD7FF7FB0B0AA8027
:1078600032D7FF7FB0B0A88046D7FF7FB0B0AA80E4
:107870006AD7FF7FB00B8480AAD7FF7FB0088480CF
:10788000B4D7FF7FB0B0B080B2D7FF7FB0B0AC80CC
:10789000E0D7FF7FB0AA098040D8FF7FB0B0B080AA
:1078A00040D8FF7FB008848040D8FF7F01000000EF
:1078B000A0DEFF7FB0B0B080E8DEFF7F01000000F7
:1078C0003CDFFF7FB0B0A88058DFFF7FB0B0B08052
:1078D00054DFFF7FB0AB008096DFFF7FB0B0B08099
:1078E000480DE7416B3A58A08B3A828101FF0112A3
:1078F000FC180A993701080938010829041A5104AB
:107900001AA1041A49141AB9045108081250C3479D
:10791000CDCCCC3D0409531C110B1AC8421C42218A
:107920002C90D003041BF929B84E270108592DAC1F
:107930001F19280108C125BC5A26BC711A19281A1A
:10794000A91C1A89081A9108140902431302012577
:10795000C03209041B01020B130524161001052473
:1079600001100901042402020524061701070582FB
:107970000308151009040133020A2E07050102400D
:10798000072A810711130A0632023340011A122313
:107990001302021E4083044057591B02031513B9FA
:1079A0000D1B08B1041A51041AF10413410E00080A
:1079B0001808040309041A03120F1608108209118B
:1079C000160A15800B1610090C18010D7D04017C98
:1079D000160240AB0341100C05530806580407700B
:1079E00017DB082E080D4602087872100000000010
:04000005080002CD20
:00000001FF
