:020000040800F2
:10000000904D0124E5030008B1F50008F1EA00086D
:10001000A9F50008690B0008596B010800000000F1
:10002000000000000000000000000000A101010825
:10003000791C000800000000C9F900083902010815
:10004000FF030008FF030008FF030008FF03000888
:10005000FF030008FF030008FF030008FF03000878
:10006000FF030008FF030008FF030008C10E00089B
:10007000FF030008D10E0008E10E0008F10E000891
:10008000010F0008110F0008FF030008A11C000861
:10009000B11C0008FF030008FF030008FF0300086D
:1000A000FF030008FF030008FF030008FF03000828
:1000B000FF030008FF03000851040108FF030008C4
:1000C000FF030008FF030008FF030008FF03000808
:1000D00071FD0008E12F0108FF030008FF0300087D
:1000E000811C0008FF03000800000000FF03000857
:1000F000FF030008FF030008FF030008210F0008AA
:10010000FF030008FF03000861040108FF03000863
:10011000FF030008A9120108FF030008FF030008FD
:10012000310F0008410F0008FF030008FF0300081B
:10013000510F0008FF030008FF030008FF03000839
:1001400000000000000000000000000000000000AF
:10015000FF030008FF030008FF030008FF03000877
:10016000FF030008FF030008FF030008FF03000867
:10017000FF03000829F60008FF0300080000000044
:10018000FF030008FF030008B9120108C9120108A3
:10019000FF030008FF030008FF030008FF03000837
:1001A000FF030008FF030008FF0300080000000031
:1001B000FF030008FF030008FF030008FF03000817
:1001C000FF030008FF03000800000000000000001B
:1001D0000000000000000000FF0300080000000015
:1001E000000000000000000000000000000000000F
:1001F0000000000000000000FF030008FF030008EB
:10020000FF030008FF03000800000000FF030008D0
:10021000FF030008FF030008FF030008FF030008B6
:10022000FF03000800000000FF03000800000000BA
:10023000FF030008FF03000800000000FF030008A0
:10024000FF030008FF030008FF030008FF03000886
:10025000FF030008FF030008FF030008FF03000876
:10026000FF030008FF030008FF030008FF03000866
:10027000FF030008FF030008FF0300080000000060
:10028000FF030008FF030008FF030008FF03000846
:1002900000000000FF030008FF030008000000004A
:1002A00000000000FF030008FF030008D912010846
:1002B000D12F0108FF030008FF030008C11C00083C
:1002C000FF030008FF030008FF03000800F002F826
:1002D00000F078F814A696E8000CB244B344DA456E
:1002E00001D100F06FF8BAE80F000FA696E83000D1
:1002F000A5EB040504EB0607AAEB0704A7F1010729
:100300004FEA15154FEA3414A4F10104AC4201D3AD
:1003100000F058F813F0010F18BFFB1A43F0010367
:1003200000F001F8DBE71847E077020000780200F0
:100330000A444FF0000C10F8013B13F0070408BF0B
:1003400010F8014B1D1108BF10F8015B641E05D0A9
:1003500010F8016B641E01F8016BF9D113F0080F5E
:100360001EBF10F8014BAD1C0C1B09D16D1E58BFF0
:1003700001F801CBFAD505E014F8016B01F8016B27
:100380006D1EF9D59142D6D370470000704700002A
:100390000023002400250026103A28BF78C1FBD88E
:1003A000520728BF30C148BF0B6070471FB526F009
:1003B000A2FA9DE8030000F0FDF900F0C9F91FBDA5
:1003C00010B510BD00F0FCFA1146FFF7EFFF25F065
:1003D0001FFB00F01AFB03B4FFF7F2FF03BC00F0B1
:1003E0004DFA00000948804709480047FEE7FEE74C
:1003F000FEE7FEE7FEE7FEE7FEE7FEE7FEE7FEE7D5
:1004000004480549054A064B7047000011030108DE
:10041000CD020008906D0024904D012490CD002461
:1004200090CD002470B5064600F0A8F9056806F1E5
:100430000B0020F00704B4429CBF002070BD2B4687
:100440006A68BAB11068A04210D304F1080188426A
:100450003CBF5068586007D351681019416011685B
:10046000091B016058601460101D70BD134652686E
:10047000002AE7D12146284600F088F90028DED17D
:1004800070BD70B50446051F00F078F90068002CB7
:1004900014BF446870BD002C18BFAC423CBF20465E
:1004A0006468F8D301680A18AA4218BF456003D1EE
:1004B0002A6805461144016028684119A1421CBF01
:1004C0006C6070BD6168696021680844286070BD17
:1004D00053EA020C00F069802DE9F04B4FF0000662
:1004E000002B1FBFB3FA83F503FA05F424FA05F6CF
:1004F0005E4012BF1643B2FA82F502FA05F4C5F166
:1005000020051EBF22FA05FC44EA0C04203556EAF9
:10051000044C4FEA144418BF641C4FF000084FF01D
:100520000009904271EB030C39D3002919BFB1FACD
:1005300081F701FA07F6B0FA80F700FA07F6C7F17B
:1005400020071EBF20FA07FC46EA0C062037B6FB40
:10055000F4FCA7EB0507103F07F01F0BCBF12006BB
:100560002CFA06F60CFA0BFB44BFB3460026202FEC
:10057000A4BF5E464FF0000B5BEA060C08BF4FF0CD
:10058000010B19EB0B0948EB0608ABFB027C06FBE1
:1005900002CC0BFB03CCC01B71EB0C01C1E70B467B
:1005A000024641464846BDE8F08B13B5084318BFE4
:1005B0004FF0FF300146AFF30080BDE81C407047AC
:1005C0000B460146184624F0D7B8032A40F2308083
:1005D00010F0030C00F0158011F8013BBCF1020F84
:1005E000624498BF11F801CB00F8013B38BF11F805
:1005F000013BA2F1040298BF00F801CB38BF00F81C
:10060000013B11F0030300F02580083AC0F0088098
:1006100051F8043B083A51F804CBA0E80810F5E77C
:10062000121D5CBF51F8043B40F8043BAFF300805F
:10063000D20724BF11F8013B11F801CB48BF11F8D4
:10064000012B24BF00F8013B00F801CB48BF00F8A4
:10065000012B704710B5203AC0F00B80B1E818505C
:10066000A0E81850B1E81850A0E81850203ABFF49C
:10067000F5AF5FEA027C24BFB1E81850A0E818503B
:1006800044BF18C918C0BDE810405FEA827C24BF8F
:1006900051F8043B40F8043B08BF7047D20728BF1D
:1006A00031F8023B48BF11F8012B28BF20F8023B6C
:1006B00048BF00F8012B70474FF000020429C0F03A
:1006C000128010F0030C00F01B80CCF1040CBCF184
:1006D000020F18BF00F8012BA8BF20F8022BA1EBD6
:1006E0000C0100F00DB85FEAC17C24BF00F8012BBB
:1006F00000F8012B48BF00F8012B70474FF00002B3
:1007000000B5134694469646203922BFA0E80C5007
:10071000A0E80C50B1F12001BFF4F7AF090728BFE2
:10072000A0E80C5048BF0CC05DF804EB890028BF5E
:1007300040F8042B08BF704748BF20F8022B11F087
:10074000804F18BF00F8012B704770477047704703
:1007500008487CB57844009007487844009C0546DA
:10076000019004E02046016808448047241DAC4203
:10077000F8D17CBDD0730200DE73020000487047E0
:10078000D8010024704770477047704738B5044659
:100790000A4600206946AFF30080002808BF38BD34
:1007A00002460099204600F077F8012038BD01206C
:1007B00000F0EAB8F8B5AFF30080054600200C461B
:1007C0000C2000BF0646A819A0420DD93246694642
:1007D0000020AFF30080070008BF00F0D5F80098B4
:1007E000A04218BF0546C419FFF7C8FF05600746B9
:1007F000F01D20F007004619284600F00AF8B44220
:1008000008BFF8BDA21B31463868BDE8F84000F0CB
:1008100043B800210160416070470C20704710B55B
:1008200000F036F8006810BD10B5044600F030F84E
:10083000046010BD10B5002000F09FF8FFF7C0FD68
:10084000BDE81040012000F019B8000080E8FF1F4B
:10085000C0F834D0C0F838E0C0F83CE04FF00000F9
:10086000704700BF80EC200B704700BF80EC200B6E
:10087000704700BFC0EC200B7047000001491820F2
:10088000ABBEFEE72600020000487047D0010024FE
:1008900000487047D0010024034640688C46002879
:1008A00018BF88423CBF03464068F8D31868184414
:1008B000884207D00CF1030020F00700001D411A08
:1008C000521A0146081D0A60FFF7DBBD2DE9F0470B
:1008D00091460C468046FFF751FF0768604234EAB4
:1008E000000001D1042C02D20520BDE8F087601E73
:1008F00040F0070609F10B0020F007054D4539D9F6
:100900003B467A6882B31468101D404206EA000C28
:10091000644525D9A4EB0C00854221D8BCF1000F19
:100920000BD0104601686244A1EB0C0111604168D4
:100930005160C0F800C058600346116805F1080016
:10094000814205D35019491B016015605860034668
:1009500052F8040F58600020C8F80020BDE8F08766
:1009600013465268002ACED129463846FFF70EFFBB
:100970000028C5D10620BDE8F08710B500F054F876
:10098000BDE8104000F04AB810B500F065F8BDE8C9
:10099000104000F043B8000086469EE8FF1FDEF8D6
:1009A00034D0DEF83CE0704790EC200B704700BF7D
:1009B00090EC200B704700BFD0EC200B70477047C5
:1009C0007546FFF761FFAE4605006946534620F0C5
:1009D0000700854618B020B5FFF712FDBDE820409E
:1009E0004FF000064FF000074FF000084FF0000BEB
:1009F000AC46ACE8C009ACE8C009ACE8C009ACE85A
:100A0000C00921F007018D46704710B50446AFF3C9
:100A100000802046BDE81040FFF7DDBC002801D073
:100A2000FFF72CBF7047000010B5002102A000F0B6
:100A300079F8012010BD0000534947414252543A11
:100A40002041626E6F726D616C207465726D696EAB
:100A50006174696F6E00000010B5012805D0002197
:100A600003A000F05FF8012010BD09A1F8E7000025
:100A700053494752544D454D3A204F7574206F6687
:100A80002068656170206D656D6F727900000000EF
:100A90003A2048656170206D656D6F727920636FD3
:100AA000727275707465640030B44FF0013C50F898
:100AB000042BCCFA52F451F8043BD51A20D1FCB9DE
:100AC00050F8042BCCFA52F451F8043BD51A17D144
:100AD000B4B950F8042BCCFA52F451F8043BD51AAF
:100AE0000ED16CB950F8042BCCFA52F451F8043BF7
:100AF000D51A05D1002CDAD030BC4FF00000704779
:100B000029BAB1FA81F111F01801D1F12000844025
:100B1000F2D1CA40CB4012F0FF0213F0FF0330BC09
:100B2000D01A704770B505460C460A2000E06D1CCF
:100B300000F011F835B128780028F8D102E0641CE3
:100B400000F009F814B120780028F8D1BDE8704011
:100B50000A20AFF3008008B569468DF80000032035
:100B6000ABBE08BD00000000FFE7FEE7000000008C
:100B700080B594B013901291139800684AF2000166
:100B8000C4F20001884221D1FFE7139840F290217E
:100B9000C2F20041086012984863002008900A9051
:100BA0000B9002210C91012107910D910E900F9055
:100BB00046F2A810C2F2004009900AA904F010FD04
:100BC0000799089A099804F0C7FB61E01398006838
:100BD0004AF20041C4F2000188421FD1FFE7139896
:100BE00040F22031C2F200410860129848630020B0
:100BF00005900A900B9002210C910D910E900F9090
:100C000046F24820C2F2004006900AA904F0E8FC2F
:100C1000059A0698102104F09FFB38E013980068AD
:100C20004DF20041C4F2000188422FD1FFE7139832
:100C300040F29831C2F200410860129848630020E7
:100C400003900A900B90022101910C9101210291D5
:100C50000D910E900F9046F2E820C2F200400490F1
:100C60000AA904F0BDFC019A029B049869460B6036
:100C7000114604F041FD029A0498114604F05CFC10
:100C80000299039A049804F067FBFFE7FFE7FFE788
:100C9000139805F0C5FD14B080BD000000000000F1
:100CA00080B58EB00D90ADF832100B92ADF82A30B1
:100CB000BDF832000190002002900390BDF82A0098
:100CC000082804DCFFE7BDF82A000490FFE7BDF820
:100CD0002A000C2803D1FFE709200490FFE7BDF8A4
:100CE0002A00102803D1FFE70A200490FFE7BDF88F
:100CF0002A00142803D1FFE70B200490FFE7BDF87A
:100D00002A00182803D1FFE70C200490FFE7BDF864
:100D10002A00202803D1FFE70D200490FFE7BDF84B
:100D20002A00302803D1FFE70E200490FFE7BDF82A
:100D30002A00402803D1FFE70F200490FFE700209E
:100D4000059006900790089009900D980B9A01A9BC
:100D500004F082FB0EB080BD84B08DF80F000291CC
:100D6000ADF806209DF80F000146009123281DD8FC
:100D70000099DFE801F012131415161B1B1B1B1B37
:100D80001B1B1B1B1B1B1B1B1B1B1B1B1B1B1B1BB3
:100D90001B1B1B1B1B1B1718191A08E007E006E09A
:100DA00005E004E003E002E001E000E0FFE70020EE
:100DB00004B07047000000000020704700000000F1
:100DC00080B582B045F61C20C2F20040009041F68A
:100DD0006071C2F200410022019212F0B5FC00984D
:100DE00041F26071C2F2004112F08EFC019802B033
:100DF00080BD00000000000080B584B00390029127
:100E0000039945F61C20C2F20040009012F07CFCD1
:100E1000009812F01DFC03990298026840F2A84065
:100E2000C2F2004001903030FFF7CFFB01980299E9
:100E30000968A0F86010426E03980299096890470B
:100E4000002004B080BD000083B0029001918DF8B5
:100E5000032000208DF802009DF9020003B07047C6
:100E600080B586B00490ADF80E1000208DF80D000E
:100E700045F61C20C2F20040D0F8BC020290029855
:100E8000D0F8140220B1FFE701208DF8170013E01D
:100E90000499BDF80E2045F61C20C2F200400190D6
:100EA00012F052FC019812F05BFD8DF80D009DF8D8
:100EB0000D008DF81700FFE79DF8170006B080BD04
:100EC00080B545F6E850C2F2004002F00DF980BD51
:100ED00080B546F24000C2F2004002F005F980BD44
:100EE00080B546F2B800C2F2004002F0FDF880BDC5
:100EF00080B546F23010C2F2004002F0F5F880BD35
:100F000080B545F66060C2F2004002F0EDF880BDA9
:100F100080B545F6D860C2F2004002F0E5F880BD29
:100F200080B545F65070C2F2004002F0DDF880BD99
:100F300080B545F6C870C2F2004002F0D5F880BD19
:100F400080B545F6F840C2F2004002F0CDF880BD11
:100F500080B545F67050C2F2004002F0C5F880BD81
:100F600083B002900298016801201022C4F20202AC
:100F70009142009000F0A380FFE7029801680120F1
:100F80002822C4F202029142009000F09880FFE70C
:100F90000298016801204022C4F2020291420090AE
:100FA00000F08D80FFE70298016801205822C4F20A
:100FB00002029142009000F08280FFE702980168EF
:100FC00001207022C4F202029142009077D0FFE724
:100FD0000298016801208822C4F202029142009026
:100FE0006DD0FFE7029801680120A022C4F202023E
:100FF0009142009063D0FFE7029801680120B82277
:10100000C4F202029142009059D0FFE702980168B1
:10101000012040F21042C4F20202914200904ED0F0
:10102000FFE702980168012040F22842C4F2020260
:101030009142009043D0FFE702980168012040F2FE
:101040004042C4F202029142009038D0FFE7029879
:101050000168012040F25842C4F20202914200901D
:101060002DD0FFE702980168012040F27042C4F2DF
:1010700002029142009022D0FFE70298016801200D
:1010800040F28842C4F202029142009017D0FFE77A
:1010900002980168012040F2A042C4F2020291428B
:1010A00000900CD0FFE7029800684FF64831CBF66D
:1010B000FD710844B0FA80F040090090FFE7009805
:1010C000C00740B3FFE70298007810384AF6AB211A
:1010D000CAF6AA21A0FB011000090190019800F0B6
:1010E000070146F65030C0F60200405C0299C86520
:1010F0000198042807D3FFE702990868042262F3E5
:101100000900886506E00299086840F2FF329043C2
:101110008865FFE705E00299086820F0FF00886510
:10112000FFE70298806D03B07047000000000000E8
:1011300084B003900398006801900398016801202F
:1011400045F20842C5F60202914200904ED0FFE7F8
:1011500003980168012045F21C42C5F60202914243
:10116000009043D0FFE703980168012045F2304228
:10117000C5F602029142009038D0FFE7039801685B
:10118000012045F24442C5F60202914200902DD062
:10119000FFE703980168012045F25842C5F60202B4
:1011A0009142009022D0FFE703980168012045F2A8
:1011B0006C42C5F602029142009017D0FFE70398F7
:1011C0000168012045F28042C5F60202914200907A
:1011D0000CD0FFE7039800684AF66C31CAF2FD7143
:1011E0000844B0FA80F040090090FFE70098C0077B
:1011F00010B3FFE70398007808384CF6CD41CCF6E1
:10120000CC41A0FB011000090290029945F60000B4
:10121000C5F6020000EB810003990866039945F6C4
:101220008000C5F602004866029800F01F01012008
:1012300088400399886635E00398007810384AF6AC
:10124000AB21CAF6AA21A0FB011000090290019867
:1012500040F2B841C4F2020188420CD8FFE701987D
:1012600040F21041C4F20201884204D3FFE7029821
:1012700008300290FFE7029940F60000C4F2020035
:1012800000EB810003990866039940F68000C4F2E0
:1012900002004866029800F01F010120884003996F
:1012A0008866FFE704B0704783B002900298007927
:1012B00001900198002800F08A80FFE70198082833
:1012C00000F28580FFE702980168012045F208429C
:1012D000C5F60202914200904ED0FFE702980168E5
:1012E000012045F21C42C5F602029142009043D013
:1012F000FFE702980168012045F23042C5F602027C
:101300009142009038D0FFE702980168012045F231
:101310004442C5F60202914200902DD0FFE70298A8
:101320000168012045F25842C5F602029142009040
:1013300022D0FFE702980168012045F26C42C5F611
:1013400002029142009017D0FFE702980168012045
:1013500045F28042C5F60202914200900CD0FFE7B0
:10136000029800684AF66C31CAF2FD710844B0FA7E
:1013700080F040090090FFE70098C00780B1FFE7C8
:10138000019945F6FC00C5F6020000EB81000299C8
:10139000C866029945F64010C5F6020008670FE0DE
:1013A000019940F6FC00C4F2020000EB81000299B2
:1013B000C866029940F64010C4F202000867FFE7D1
:1013C0000198411E0120884002994867FFE703B059
:1013D000704700000000000085B0049000208DF8E8
:1013E0000F000498806918BBFFE70498806A029098
:1013F00003281BD80299DFE801F0020D02180498B7
:1014000090F82F00C00720B1FFE701208DF80F00F2
:10141000FFE70CE00498C06AB0F1C07F04D1FFE799
:1014200001208DF80F00FFE701E000E0FFE747E053
:1014300004988069B0F5005F26D1FFE70498806AC0
:10144000019003281ED80199DFE801F0020602117D
:1014500001208DF80F0016E0049890F82F00C007C7
:1014600020B1FFE701208DF80F00FFE70BE00498A3
:10147000C06AB0F1C07F04D1FFE701208DF80F00F2
:10148000FFE700E0FFE71AE00498806A0090032875
:1014900004D3FFE70098032804D00EE001208DF864
:1014A0000F000BE0049890F82F00C00720B1FFE771
:1014B00001208DF80F00FFE700E0FFE7FFE7FFE7FF
:1014C0009DF80F0005B0704789B00890079106920B
:1014D00005930898806D04900898806D0390089893
:1014E000016801201022C4F202029142029000F031
:1014F0000381FFE70898016801202822C4F2020254
:101500009142029000F0F880FFE7089801680120FE
:101510004022C4F202029142029000F0ED80FFE707
:101520000898016801205822C4F2020291420290F8
:1015300000F0E280FFE70898016801207022C4F201
:1015400002029142029000F0D780FFE708980168FC
:1015500001208822C4F202029142029000F0CC8065
:10156000FFE7089801680120A022C4F2020291421C
:10157000029000F0C180FFE7089801680120B822BE
:10158000C4F202029142029000F0B680FFE7089890
:101590000168012040F21042C4F20202914202901E
:1015A00000F0AA80FFE708980168012040F2284275
:1015B000C4F202029142029000F09E80FFE7089878
:1015C0000168012040F24042C4F2020291420290BE
:1015D00000F09280FFE708980168012040F258422D
:1015E000C4F202029142029000F08680FFE7089860
:1015F0000168012040F27042C4F20202914202905E
:101600007AD0FFE708980168012040F28842C4F2CE
:101610000202914202906FD0FFE708980168012012
:1016200040F2A042C4F202029142029064D0FFE76D
:1016300008980168012040F2B842C4F202029142C7
:10164000029059D0FFE708980168012045F208424E
:10165000C5F60202914202904ED0FFE70898016859
:10166000012045F21C42C5F602029142029043D08D
:10167000FFE708980168012045F23042C5F60202F2
:101680009142029038D0FFE708980168012045F2A6
:101690004442C5F60202914202902DD0FFE708981D
:1016A0000168012045F25842C5F6020291420290BB
:1016B00022D0FFE708980168012045F26C42C5F688
:1016C00002029142029017D0FFE7089801680120BA
:1016D00045F28042C5F60202914202900CD0FFE72B
:1016E000089800684AF66C31CAF2FD710844B0FAF5
:1016F00080F040090290FFE70298C00770B1FFE751
:101700000898416E806E48600898C06E28B1FFE767
:101710000898016F406F4860FFE7FFE7089801688D
:1017200001201022C4F202029142019000F0A38035
:10173000FFE70898016801202822C4F202029142C2
:10174000019000F09880FFE708980168012040228E
:10175000C4F202029142019000F08D80FFE70898E8
:10176000016801205822C4F202029142019000F067
:101770008280FFE70898016801207022C4F202020B
:101780009142019077D0FFE70898016801208822F4
:10179000C4F20202914201906DD0FFE708980168FF
:1017A0000120A022C4F202029142019063D0FFE71F
:1017B000089801680120B822C4F202029142019007
:1017C00059D0FFE708980168012040F21042C4F2A6
:1017D0000202914201904ED0FFE708980168012073
:1017E00040F22842C4F202029142019043D0FFE746
:1017F00008980168012040F24042C4F2020291427E
:10180000019038D0FFE708980168012040F2584263
:10181000C4F20202914201902DD0FFE708980168BE
:10182000012040F27042C4F202029142019022D0A3
:10183000FFE708980168012040F28842C4F20202E2
:101840009142019017D0FFE708980168012040F20B
:10185000A042C4F20202914201900CD0FFE7089826
:1018600000684FF64831CBF6FD710844B0FA80F0BD
:1018700040090190FFE70198C00750B3FFE70898BF
:10188000C06D00F01F013F208840049988600898CF
:101890000168086820F480200860059808990968A4
:1018A000486008988068402809D1FFE706980899A1
:1018B00009688860079808990968C86008E007986F
:1018C000089909688860069808990968C860FFE760
:1018D00082E008980168012045F20842C5F602023C
:1018E000914200904ED0FFE708980168012045F230
:1018F0001C42C5F602029142009043D0FFE70898CF
:101900000168012045F23042C5F602029142009082
:1019100038D0FFE708980168012045F24442C5F637
:101920000202914200902DD0FFE708980168012043
:1019300045F25842C5F602029142009022D0FFE7DC
:1019400008980168012045F26C42C5F602029142F6
:10195000009017D0FFE708980168012045F2804207
:10196000C5F60202914200900CD0FFE7089800688B
:101970004AF66C31CAF2FD710844B0FA80F04009B1
:101980000090FFE70098C00720B3FFE70898C06DFC
:1019900000F01F01012088400399486005980899CC
:1019A0000968486008988068402809D1FFE70698D0
:1019B000089909688860079808990968C86008E06C
:1019C0000798089909688860069808990968C860A6
:1019D000FFE700E0FFE7FFE709B070470000000005
:1019E00083B08DED020A41F20400CEF200000068DF
:1019F000019002980090FFE741F20400CEF200004F
:101A000000680199401A00EE100AB8EE400A9DEDF8
:101A1000001A40F2D430C2F2004090ED002AB8EE35
:101A2000422A21EE021AB4EE410AF1EE10FA01DA6E
:101A3000FFE7E1E703B0704780B584B0039041F25F
:101A40000400CEF200000068029002980399096831
:101A5000401A00EE100AB8EE400A40F2D430C2F24A
:101A6000004090ED001AB8EE411A80EE010A8DEDAB
:101A7000010A02980399086017F02EFB9DED010AF8
:101A800004B080BD0000000080B582B000F074F8A2
:101A900040F65400C2F2004090ED000AB8EE400A51
:101AA000818801EE101AB8EEC11A9FED092AA1EE45
:101AB000020AC08801EE100AB8EEC11A9FED052A8D
:101AC000A1EE020A8DED010A9DED010A02B080BD72
:101AD0006F12833ABD37863581B000904EF6FC51C7
:101AE000CEF20001086840F08070086041F6B071E5
:101AF000CEF2000108684CF65562CCF2AC521043AD
:101B0000086041F20401CEF200010020086041F2B9
:101B10000002CEF20002116841F00101116000994B
:101B200044F24022C0F20F024A4340F2D431C2F2E2
:101B300000410A600A6844F6D353C1F26203A2FB73
:101B40000332920940F2D833C2F200431A600968A6
:101B50004DF68362C4F21B32A1FB0221890C40F2D4
:101B6000DC32C2F20042116040F2EC31C2F20041BC
:101B7000086001B070470000B0B586B017F0ACFA4D
:101B800041F20400CEF200000068059040F2EC3013
:101B9000C2F2004001680598002302934FF0FF3C19
:101BA0001A46E1FB0C0240F2E031C2F20041009122
:101BB0004A6008600868496840F2D434C2F20044C0
:101BC0002268FEF785FC029B02468C46009942F68D
:101BD000E810C2F20040C0F804C00260D1F800C0B2
:101BE0004968D0F800E042682468AEFB04E502FBD7
:101BF0000452BCEB0E0C61EB020242F6F011C2F291
:101C000000410391C1F800C04A60006840F65402E8
:101C1000C2F20042049210600868496840F2D8326B
:101C2000C2F2004201921268FEF752FCDDF804C0D5
:101C3000029B049A0146039891800168406892884B
:101C4000DCF800C002FB0CF28A1A60F1000042F6D8
:101C5000F811C2F200410A6048600868496840F221
:101C6000DC32C2F200421268FEF732FC0499C880EE
:101C700006B0B0BD0000000070470000000000008A
:101C800080B54FF4806004F043FE4FF4805004F0C0
:101C90003FFE80BD0000000072B6FFE7FEE70000D7
:101CA00080B546F2A810C2F2004003F0EDFE80BD00
:101CB00080B546F24820C2F2004003F0E5FE80BD48
:101CC00080B546F2E820C2F2004003F0DDFE80BDA0
:101CD00084B002900298406B009002980068D0F89F
:101CE00084004FF6FC718843009940EA8100029914
:101CF0000968C1F8840002980068D0F8840020F4D4
:101D00007F00029A1168926B40EA0240C1F8840099
:101D10000298816B00980844009002980068D0F8FF
:101D200088006FF38F00009940EA810002990968EA
:101D3000C1F8880002980068D0F8880020F4FE00FE
:101D4000029A1168D26B40EA0240C1F888000298FA
:101D5000C16B009800EB4100009002980068D0F839
:101D6000A0006FF38F00009940EA81000299096892
:101D7000C1F8A00002980068D0F8A00020F4FE008E
:101D8000029A1168126C40EA0240C1F8A000029960
:101D9000086C496C009A00FB0120009002980068D2
:101DA000D0F8B0006FF38F00009940EA81000299EB
:101DB0000968C1F8B00002980068D0F8B00020F4BB
:101DC000FE00029A1168926C40EA0240C1F8B0002D
:101DD0000299886CC96C009A00FB0120009002985F
:101DE0000068D0F8AC006FF38F00009940EA8100E2
:101DF00002990968C1F8AC000299086D496D009A12
:101E000000FB0120009002980068D0F8F0006FF30A
:101E10008F00009940EA810002990968C1F8F0003A
:101E200002980068D0F8F00020F47C10029A116843
:101E3000926D40EA0240C1F8F0000298816D00986E
:101E400000EB4100009002980068D0F8C0006FF3EA
:101E50008F00009940EA810002990968C1F8C0002A
:101E600002980068D0F8C00020F47C10029A116833
:101E7000D26D40EA0240C1F8C00002980068D0F874
:101E8000C00020F07C50029A1168126E40EA026095
:101E9000C1F8C00002994A6B4AF60040C4F2000043
:101EA00000EB8200C86602998A6BC86E00EB820064
:101EB00008670299CA6B086F00EBC2004867029975
:101EC0000A6C4B6C486F5A4300EB8200886702999A
:101ED0008A6CCB6C886F5A4300EB8200C86702990A
:101EE0000A6D4B6DC86F5A4300EB8200C1F8800049
:101EF00002998A6DD1F8800000EBC200C1F884001D
:101F00000299CA6D8B6ED1F884005A4300EB8200AF
:101F1000C1F8880002990A6E8B6ED1F888005A4386
:101F200000EB8200C1F890000298D0F890004DF2CA
:101F3000FD31C4F2000188420FD3FFE70299D1F8C6
:101F40009C0040F02000C1F89C000299032081F819
:101F5000980001208DF80F0017E00298C06E0190E4
:101F6000FFE701980299D1F89010884208D2FFE764
:101F7000019900200860FFE7019804300190F0E724
:101F8000FFE700208DF80F00FFE79DF80F0004B079
:101F9000704700000000000088B00790069105928D
:101FA00004930698406848B9FFE70698016882687C
:101FB0000069104340EA8140039009E006980168F7
:101FC000826800691043084340F080400390FFE7B7
:101FD0000698D0F820C0C16842698369C06940EAA8
:101FE0000C601843104340EA014002900798826E4B
:101FF000D0F884000499514300EB810001900398CC
:1020000001990860019804300190029801990860D4
:1020100001980430019000200090FFE70098069995
:10202000CA6846F64031C0F60201895C88420DD28A
:10203000FFE705980099405801990860019804301D
:102040000190FFE7009804300090E7E708B0704780
:1020500080B584B04EF60000C1F6F17000680390C0
:102060004EF60400C1F6F170006802904EF60800CA
:10207000C1F6F1700068019001990398084403903B
:10208000039888B1FFE7039840F27C11C2F2004147
:102090000091023108220CF02FFD009902981231B4
:1020A00004220CF029FDFFE704B080BD0000000011
:1020B00080B58AB0089004F053FE0490089828B9BF
:1020C000FFE701208DF8270000F0AABC089890F8DF
:1020D000350002280ED0FFE7089980204865FFE709
:1020E0000899002081F83400FFE701208DF82700CF
:1020F00000F096BC089800681021C4F202018842E2
:1021000000F08180FFE7089800682821C4F20201EE
:10211000884278D0FFE7089800684021C4F20201A5
:10212000884270D0FFE7089800685821C4F2020185
:10213000884268D0FFE7089800687021C4F2020165
:10214000884260D0FFE7089800688821C4F2020145
:10215000884258D0FFE708980068A021C4F2020125
:10216000884250D0FFE708980068B821C4F2020105
:10217000884248D0FFE70898006840F21041C4F256
:10218000020188423FD0FFE70898006840F22841EA
:10219000C4F20201884236D0FFE70898006840F296
:1021A0004041C4F2020188422DD0FFE70898006840
:1021B00040F25841C4F20201884224D0FFE7089857
:1021C000006840F27041C4F2020188421BD0FFE770
:1021D0000898006840F28841C4F20201884212D097
:1021E000FFE70898006840F2A041C4F2020188426B
:1021F00009D0FFE70898006840F2B841C4F2020134
:10220000884207D1FFE708980168086820F00100BC
:10221000086006E008980168086820F0010008607E
:10222000FFE70898016801201022C4F202029142DF
:10223000039000F0A380FFE708980168012028229E
:10224000C4F202029142039000F09880FFE70898E0
:10225000016801204022C4F202029142039000F082
:102260008D80FFE70898016801205822C4F202021D
:102270009142039000F08280FFE7089801680120F6
:102280007022C4F202029142039077D0FFE70898CF
:10229000016801208822C4F20202914203906DD0AD
:1022A000FFE7089801680120A022C4F202029142CF
:1022B000039063D0FFE7089801680120B822C4F2B8
:1022C00002029142039059D0FFE70898016801206B
:1022D00040F21042C4F20202914203904ED0FFE756
:1022E00008980168012040F22842C4F2020291429B
:1022F000039043D0FFE708980168012040F2404274
:10230000C4F202029142039038D0FFE708980168B6
:10231000012040F25842C4F20202914203902DD0B3
:10232000FFE708980168012040F27042C4F20202FF
:102330009142039022D0FFE708980168012040F203
:102340008842C4F202029142039017D0FFE7089836
:102350000168012040F2A042C4F2020291420390BF
:102360000CD0FFE7089800684FF64831CBF6FD71B6
:102370000844B0FA80F040090390FFE70398C007D3
:1023800080B1FFE708980168086820F01E00086027
:1023900008980168486920F0800048610898006842
:1023A000059009E008980168086820F00E000860B0
:1023B000089800680590FFE708980168012010223E
:1023C000C4F202029142029000F00381FFE70898F4
:1023D000016801202822C4F202029142029000F01A
:1023E000F880FFE70898016801204022C4F2020249
:1023F0009142029000F0ED80FFE70898016801200B
:102400005822C4F202029142029000F0E280FFE7FB
:102410000898016801207022C4F2020291420290E1
:1024200000F0D780FFE70898016801208822C4F2F5
:1024300002029142029000F0CC80FFE70898016808
:102440000120A022C4F202029142029000F0C18059
:10245000FFE7089801680120B822C4F20202914205
:10246000029000F0B680FFE708980168012040F272
:102470001042C4F202029142029000F0AA80FFE7EB
:1024800008980168012040F22842C4F202029142F9
:10249000029000F09E80FFE708980168012040F25A
:1024A0004042C4F202029142029000F09280FFE7A3
:1024B00008980168012040F25842C4F20202914299
:1024C000029000F08680FFE708980168012040F242
:1024D0007042C4F20202914202907AD0FFE708985B
:1024E0000168012040F28842C4F202029142029047
:1024F0006FD0FFE708980168012040F2A042C4F2C3
:1025000002029142029064D0FFE70898016801201E
:1025100040F2B842C4F202029142029059D0FFE761
:1025200008980168012045F20842C5F6020291426E
:1025300002904ED0FFE708980168012045F21C4246
:10254000C5F602029142029043D0FFE70898016865
:10255000012045F23042C5F602029142029038D085
:10256000FFE708980168012045F24442C5F60202DF
:10257000914202902DD0FFE708980168012045F2B2
:102580005842C5F602029142029022D0FFE7089815
:102590000168012045F26C42C5F6020291420290A8
:1025A00017D0FFE708980168012045F28042C5F680
:1025B0000202914202900CD0FFE7089800684AF6A8
:1025C0006C31CAF2FD710844B0FA80F04009029003
:1025D000FFE70298C00738B1FFE70898016E086866
:1025E00020F480700860FFE7FFE705980068C007E7
:1025F000C8B1FFE704F0B4FB0499401A062811D3D0
:10260000FFE70899202048650899032081F83500E4
:10261000FFE70899002081F83400FFE701208DF8DA
:102620002700FDE1E1E70898016801201022C4F2CB
:1026300002029142019000F0A380FFE70898016830
:1026400001202822C4F202029142019000F09880F9
:10265000FFE70898016801204022C4F2020291427B
:10266000019000F08D80FFE7089801680120582252
:10267000C4F202029142019000F08280FFE70898C4
:10268000016801207022C4F202029142019077D0C9
:10269000FFE70898016801208822C4F202029142F3
:1026A00001906DD0FFE7089801680120A022C4F2D4
:1026B00002029142019063D0FFE70898016801206F
:1026C000B822C4F202029142019059D0FFE7089863
:1026D0000168012040F21042C4F2020291420190CE
:1026E0004ED0FFE708980168012040F22842C4F26A
:1026F00002029142019043D0FFE70898016801204F
:1027000040F24042C4F202029142019038D0FFE709
:1027100008980168012040F25842C4F20202914236
:1027200001902DD0FFE708980168012040F2704227
:10273000C4F202029142019022D0FFE7089801689A
:10274000012040F28842C4F202029142019017D067
:10275000FFE708980168012040F2A042C4F202029B
:10276000914201900CD0FFE7089800684FF648317D
:10277000CBF6FD710844B0FA80F040090190FFE704
:102780000198C00760B1FFE70898806D079008982E
:10279000C06D00F01F013F208840079988600BE062
:1027A0000898806D06900898C06D00F01F01012008
:1027B000884006994860FFE70898016801201022C8
:1027C000C4F202029142009000F00381FFE70898F2
:1027D000016801202822C4F202029142009000F018
:1027E000F880FFE70898016801204022C4F2020245
:1027F0009142009000F0ED80FFE708980168012009
:102800005822C4F202029142009000F0E280FFE7F9
:102810000898016801207022C4F2020291420090DF
:1028200000F0D780FFE70898016801208822C4F2F1
:1028300002029142009000F0CC80FFE70898016806
:102840000120A022C4F202029142009000F0C18057
:10285000FFE7089801680120B822C4F20202914201
:10286000009000F0B680FFE708980168012040F270
:102870001042C4F202029142009000F0AA80FFE7E9
:1028800008980168012040F22842C4F202029142F5
:10289000009000F09E80FFE708980168012040F258
:1028A0004042C4F202029142009000F09280FFE7A1
:1028B00008980168012040F25842C4F20202914295
:1028C000009000F08680FFE708980168012040F240
:1028D0007042C4F20202914200907AD0FFE7089859
:1028E0000168012040F28842C4F202029142009045
:1028F0006FD0FFE708980168012040F2A042C4F2BF
:1029000002029142009064D0FFE70898016801201C
:1029100040F2B842C4F202029142009059D0FFE75F
:1029200008980168012045F20842C5F6020291426A
:1029300000904ED0FFE708980168012045F21C4244
:10294000C5F602029142009043D0FFE70898016863
:10295000012045F23042C5F602029142009038D083
:10296000FFE708980168012045F24442C5F60202DB
:10297000914200902DD0FFE708980168012045F2B0
:102980005842C5F602029142009022D0FFE7089813
:102990000168012045F26C42C5F6020291420090A6
:1029A00017D0FFE708980168012045F28042C5F67C
:1029B0000202914200900CD0FFE7089800684AF6A6
:1029C0006C31CAF2FD710844B0FA80F04009009001
:1029D000FFE70098C007A0B1FFE70898416E806E3E
:1029E00048600898C06E58B1FFE70898C16E086843
:1029F00020F4807008600898016F406F4860FFE71E
:102A0000FFE70899012081F83500FFE708990020C9
:102A100081F83400FFE7FFE700208DF82700FFE78B
:102A20009DF827000AB080BD80B586B00490049858
:102A300020B9FFE701208DF8170046E3049890F8CD
:102A40003500022807D0FFE704998020486501205F
:102A50008DF8170039E30498016801201022C4F2B0
:102A600002029142029000F0A380FFE704980168FF
:102A700001202822C4F202029142029000F09880C4
:102A8000FFE70498016801204022C4F2020291424B
:102A9000029000F08D80FFE7049801680120582221
:102AA000C4F202029142029000F08280FFE7049893
:102AB000016801207022C4F202029142029077D094
:102AC000FFE70498016801208822C4F202029142C3
:102AD00002906DD0FFE7049801680120A022C4F2A3
:102AE00002029142029063D0FFE70498016801203E
:102AF000B822C4F202029142029059D0FFE7049832
:102B00000168012040F21042C4F202029142029098
:102B10004ED0FFE704980168012040F22842C4F239
:102B200002029142029043D0FFE70498016801201D
:102B300040F24042C4F202029142029038D0FFE7D4
:102B400004980168012040F25842C4F20202914206
:102B500002902DD0FFE704980168012040F27042F6
:102B6000C4F202029142029022D0FFE70498016869
:102B7000012040F28842C4F202029142029017D032
:102B8000FFE704980168012040F2A042C4F202026B
:102B9000914202900CD0FFE7049800684FF648314C
:102BA000CBF6FD710844B0FA80F040090290FFE7CF
:102BB0000298C007002800F09D80FFE704990420D8
:102BC00081F83500049800681021C4F2020188429F
:102BD00000F08180FFE7049800682821C4F2020118
:102BE000884278D0FFE7049800684021C4F20201CF
:102BF000884270D0FFE7049800685821C4F20201AF
:102C0000884268D0FFE7049800687021C4F202018E
:102C1000884260D0FFE7049800688821C4F202016E
:102C2000884258D0FFE704980068A021C4F202014E
:102C3000884250D0FFE704980068B821C4F202012E
:102C4000884248D0FFE70498006840F21041C4F27F
:102C5000020188423FD0FFE70498006840F2284113
:102C6000C4F20201884236D0FFE70498006840F2BF
:102C70004041C4F2020188422DD0FFE70498006869
:102C800040F25841C4F20201884224D0FFE7049880
:102C9000006840F27041C4F2020188421BD0FFE795
:102CA0000498006840F28841C4F20201884212D0C0
:102CB000FFE70498006840F2A041C4F20201884294
:102CC00009D0FFE70498006840F2B841C4F202015D
:102CD000884207D1FFE704980168086820F00100E6
:102CE000086006E004980168086820F001000860A8
:102CF000FFE7E5E1049800681021C4F20201884270
:102D000000F08180FFE7049800682821C4F20201E6
:102D1000884278D0FFE7049800684021C4F202019D
:102D2000884270D0FFE7049800685821C4F202017D
:102D3000884268D0FFE7049800687021C4F202015D
:102D4000884260D0FFE7049800688821C4F202013D
:102D5000884258D0FFE704980068A021C4F202011D
:102D6000884250D0FFE704980068B821C4F20201FD
:102D7000884248D0FFE70498006840F21041C4F24E
:102D8000020188423FD0FFE70498006840F22841E2
:102D9000C4F20201884236D0FFE70498006840F28E
:102DA0004041C4F2020188422DD0FFE70498006838
:102DB00040F25841C4F20201884224D0FFE704984F
:102DC000006840F27041C4F2020188421BD0FFE764
:102DD0000498006840F28841C4F20201884212D08F
:102DE000FFE70498006840F2A041C4F20201884263
:102DF00009D0FFE70498006840F2B841C4F202012C
:102E0000884207D1FFE704980168086820F00100B4
:102E1000086006E004980168086820F00100086076
:102E2000FFE704980168086820F00E000860049825
:102E3000016801201022C4F202029142019000F0C8
:102E40000381FFE70498016801202822C4F20202EE
:102E50009142019000F0F880FFE70498016801209A
:102E60004022C4F202029142019000F0ED80FFE79F
:102E70000498016801205822C4F202029142019094
:102E800000F0E280FFE70498016801207022C4F29C
:102E900002029142019000F0D780FFE70498016898
:102EA00001208822C4F202029142019000F0CC80FD
:102EB000FFE7049801680120A022C4F202029142B7
:102EC000019000F0C180FFE7049801680120B8225A
:102ED000C4F202029142019000F0B680FFE704982C
:102EE0000168012040F21042C4F2020291420190B6
:102EF00000F0AA80FFE704980168012040F2284210
:102F0000C4F202029142019000F09E80FFE7049813
:102F10000168012040F24042C4F202029142019055
:102F200000F09280FFE704980168012040F25842C7
:102F3000C4F202029142019000F08680FFE70498FB
:102F40000168012040F27042C4F2020291420190F5
:102F50007AD0FFE704980168012040F28842C4F269
:102F60000202914201906FD0FFE7049801680120AE
:102F700040F2A042C4F202029142019064D0FFE705
:102F800004980168012040F2B842C4F20202914262
:102F9000019059D0FFE704980168012045F20842EA
:102FA000C5F60202914201904ED0FFE704980168F5
:102FB000012045F21C42C5F602029142019043D025
:102FC000FFE704980168012045F23042C5F602028D
:102FD0009142019038D0FFE704980168012045F242
:102FE0004442C5F60202914201902DD0FFE70498B9
:102FF0000168012045F25842C5F602029142019053
:1030000022D0FFE704980168012045F26C42C5F622
:1030100002029142019017D0FFE704980168012055
:1030200045F28042C5F60202914201900CD0FFE7C2
:10303000049800684AF66C31CAF2FD710844B0FA8F
:1030400080F040090190FFE70198C00728B3FFE72F
:103050000498016E086820F4807008600498806D00
:1030600003900498C06D00F01F010120884003996F
:1030700048600498416E806E48600498C06E58B1F4
:10308000FFE70498C16E086820F480700860049817
:10309000016F406F4860FFE7FFE70499012081F866
:1030A0003500FFE70499002081F83400FFE7049819
:1030B000006D20B1FFE70498016D8847FFE7FFE747
:1030C000FFE700208DF81700FFE79DF8170006B016
:1030D00080BD00000000000081B000900098406DAD
:1030E00001B070470000000080B590B00F90002044
:1030F0000B9040F2C000C2F20040006848F2B511E7
:10310000C1F64E31A0FB0110800A0A900F98806D25
:1031100009900F98806D0890099800680E900898A3
:1031200000680D900F98016801201022C4F202027D
:103130009142079000F0A380FFE70F9801680120FB
:103140002822C4F202029142079000F09880FFE723
:103150000F98016801204022C4F2020291420790B8
:1031600000F08D80FFE70F98016801205822C4F21B
:1031700002029142079000F08280FFE70F980168F9
:1031800001207022C4F202029142079077D0FFE73B
:103190000F98016801208822C4F202029142079030
:1031A0006DD0FFE70F9801680120A022C4F202024F
:1031B0009142079063D0FFE70F9801680120B82281
:1031C000C4F202029142079059D0FFE70F980168BC
:1031D000012040F21042C4F20202914207904ED008
:1031E000FFE70F980168012040F22842C4F2020272
:1031F0009142079043D0FFE70F980168012040F209
:103200004042C4F202029142079038D0FFE70F9883
:103210000168012040F25842C4F202029142079034
:103220002DD0FFE70F980168012040F27042C4F2F0
:1032300002029142079022D0FFE70F980168012017
:1032400040F28842C4F202029142079017D0FFE791
:103250000F980168012040F2A042C4F2020291429C
:1032600007900CD0FFE70F9800684FF64831CBF677
:10327000FD710844B0FA80F040090790FFE7079815
:10328000C007002800F01385FFE70E980F99C96D5D
:1032900001F01F01C8400007002840F1B080FFE79F
:1032A0000F9800681021C4F20201884200F081806A
:1032B000FFE70F9800682821C4F20201884278D005
:1032C000FFE70F9800684021C4F20201884270D0E5
:1032D000FFE70F9800685821C4F20201884268D0C5
:1032E000FFE70F9800687021C4F20201884260D0A5
:1032F000FFE70F9800688821C4F20201884258D085
:10330000FFE70F980068A021C4F20201884250D064
:10331000FFE70F980068B821C4F20201884248D044
:10332000FFE70F98006840F21041C4F202018842A2
:103330003FD0FFE70F98006840F22841C4F2020135
:10334000884236D0FFE70F98006840F24041C4F24F
:10335000020188422DD0FFE70F98006840F25841E3
:10336000C4F20201884224D0FFE70F98006840F2BF
:103370007041C4F2020188421BD0FFE70F98006839
:1033800040F28841C4F20201884212D0FFE70F9850
:10339000006840F2A041C4F20201884209D0FFE770
:1033A0000F98006840F2B841C4F20201884207D188
:1033B000FFE70F980068006800F00400069006E040
:1033C0000F980068006800F008000690FFE7069874
:1033D000A0B1FFE70F980168086820F004000860BA
:1033E0000F98C06D00F01F0108208840099988607F
:1033F0000F99486D40F001004865FFE7FFE70E9820
:103400000F99C96D01F01F01C840C007002800F0E6
:10341000A980FFE70F9800681021C4F202018842DA
:1034200000F08180FFE70F9800682821C4F20201B4
:10343000884278D0FFE70F9800684021C4F202016B
:10344000884270D0FFE70F9800685821C4F202014B
:10345000884268D0FFE70F9800687021C4F202012B
:10346000884260D0FFE70F9800688821C4F202010B
:10347000884258D0FFE70F980068A021C4F20201EB
:10348000884250D0FFE70F980068B821C4F20201CB
:10349000884248D0FFE70F98006840F21041C4F21C
:1034A000020188423FD0FFE70F98006840F22841B0
:1034B000C4F20201884236D0FFE70F98006840F25C
:1034C0004041C4F2020188422DD0FFE70F98006806
:1034D00040F25841C4F20201884224D0FFE70F981D
:1034E000006840F27041C4F2020188421BD0FFE73D
:1034F0000F98006840F28841C4F20201884212D05D
:10350000FFE70F98006840F2A041C4F20201884230
:1035100009D0FFE70F98006840F2B841C4F20201F9
:10352000884207D1FFE70F980068406900F08000EB
:10353000059005E00F980068006800200590FFE7FF
:10354000059870B1FFE70F98C06D00F01F010120D2
:103550008840099988600F99486D40F002004865DD
:10356000FFE7FFE70E980F99C96D01F01F01C840F2
:103570004007002840F1A980FFE70F98006810215C
:10358000C4F20201884200F08180FFE70F980068D2
:103590002821C4F20201884278D0FFE70F98006822
:1035A0004021C4F20201884270D0FFE70F98006802
:1035B0005821C4F20201884268D0FFE70F980068E2
:1035C0007021C4F20201884260D0FFE70F980068C2
:1035D0008821C4F20201884258D0FFE70F980068A2
:1035E000A021C4F20201884250D0FFE70F98006882
:1035F000B821C4F20201884248D0FFE70F98006862
:1036000040F21041C4F2020188423FD0FFE70F9818
:10361000006840F22841C4F20201884236D0FFE738
:103620000F98006840F24041C4F2020188422DD058
:10363000FFE70F98006840F25841C4F20201884247
:1036400024D0FFE70F98006840F27041C4F20201F5
:1036500088421BD0FFE70F98006840F28841C4F20F
:103660000201884212D0FFE70F98006840F2A041A3
:10367000C4F20201884209D0FFE70F98006840F2C7
:10368000B841C4F20201884207D1FFE70F980068F1
:10369000006800F00200049005E00F9800680068E0
:1036A00000200490FFE7049870B1FFE70F98C06D09
:1036B00000F01F0104208840099988600F99486D27
:1036C00040F004004865FFE7FFE70E980F99C96DC9
:1036D00001F01F01C840C006002840F1DE80FFE76E
:1036E0000F9800681021C4F20201884200F0818026
:1036F000FFE70F9800682821C4F20201884278D0C1
:10370000FFE70F9800684021C4F20201884270D0A0
:10371000FFE70F9800685821C4F20201884268D080
:10372000FFE70F9800687021C4F20201884260D060
:10373000FFE70F9800688821C4F20201884258D040
:10374000FFE70F980068A021C4F20201884250D020
:10375000FFE70F980068B821C4F20201884248D000
:10376000FFE70F98006840F21041C4F2020188425E
:103770003FD0FFE70F98006840F22841C4F20201F1
:10378000884236D0FFE70F98006840F24041C4F20B
:10379000020188422DD0FFE70F98006840F258419F
:1037A000C4F20201884224D0FFE70F98006840F27B
:1037B0007041C4F2020188421BD0FFE70F980068F5
:1037C00040F28841C4F20201884212D0FFE70F980C
:1037D000006840F2A041C4F20201884209D0FFE72C
:1037E0000F98006840F2B841C4F20201884207D144
:1037F000FFE70F980068006800F00800039006E0FB
:103800000F980068006800F004000390FFE7039839
:10381000002841D0FFE70F98C06D00F01F01102075
:103820008840099988600F98006800684003002864
:103830001AD5FFE70F98006800680003002809D434
:10384000FFE70F98006C20B1FFE70F98016C8847E5
:10385000FFE708E00F98806C20B1FFE70F98816CBC
:103860008847FFE7FFE716E00F9800680068C0058B
:10387000002807D4FFE70F980168086820F00800C7
:103880000860FFE70F98006C20B1FFE70F98016C0C
:103890008847FFE7FFE7FFE7FFE70E980F99C96D3D
:1038A00001F01F01C8408006002840F12681FFE793
:1038B0000F9800681021C4F20201884200F0818054
:1038C000FFE70F9800682821C4F20201884278D0EF
:1038D000FFE70F9800684021C4F20201884270D0CF
:1038E000FFE70F9800685821C4F20201884268D0AF
:1038F000FFE70F9800687021C4F20201884260D08F
:10390000FFE70F9800688821C4F20201884258D06E
:10391000FFE70F980068A021C4F20201884250D04E
:10392000FFE70F980068B821C4F20201884248D02E
:10393000FFE70F98006840F21041C4F2020188428C
:103940003FD0FFE70F98006840F22841C4F202011F
:10395000884236D0FFE70F98006840F24041C4F239
:10396000020188422DD0FFE70F98006840F25841CD
:10397000C4F20201884224D0FFE70F98006840F2A9
:103980007041C4F2020188421BD0FFE70F98006823
:1039900040F28841C4F20201884212D0FFE70F983A
:1039A000006840F2A041C4F20201884209D0FFE75A
:1039B0000F98006840F2B841C4F20201884207D172
:1039C000FFE70F980068006800F01000029006E022
:1039D0000F980068006800F002000290FFE702986C
:1039E000002800F08980FFE70F98C06D00F01F01EC
:1039F00020208840099988600F9890F835000428A5
:103A000037D1FFE70F980168086820F016000860BA
:103A10000F980168486920F0800048610F98006C99
:103A200020B9FFE70F98806C38B1FFE70F98016865
:103A3000086820F008000860FFE70F98C06D00F0EC
:103A40001F013F208840099988600F99012081F863
:103A50003500FFE70F99002081F83400FFE70F9849
:103A6000006D20B1FFE70F98016D8847FFE700F078
:103A700019BC0F9800680068400300281AD5FFE7BA
:103A80000F98006800680003002809D5FFE70F9829
:103A9000406C20B1FFE70F98416C8847FFE708E0D2
:103AA0000F98C06B20B1FFE70F98C16B8847FFE705
:103AB000FFE720E00F9800680068C005002811D4D7
:103AC000FFE70F980168086820F0100008600F9960
:103AD000012081F83500FFE70F99002081F83400BC
:103AE000FFE7FFE70F98C06B20B1FFE70F98C16BAE
:103AF0008847FFE7FFE7FFE7FFE70F98406D0028E3
:103B000000F0D480FFE70F98406DC007002800F058
:103B1000C480FFE70F99042081F835000F980068F2
:103B20001021C4F20201884200F08180FFE70F9863
:103B300000682821C4F20201884278D0FFE70F987C
:103B400000684021C4F20201884270D0FFE70F985C
:103B500000685821C4F20201884268D0FFE70F983C
:103B600000687021C4F20201884260D0FFE70F981C
:103B700000688821C4F20201884258D0FFE70F98FC
:103B80000068A021C4F20201884250D0FFE70F98DC
:103B90000068B821C4F20201884248D0FFE70F98BC
:103BA000006840F21041C4F2020188423FD0FFE7B2
:103BB0000F98006840F22841C4F20201884236D0D2
:103BC000FFE70F98006840F24041C4F202018842CA
:103BD0002DD0FFE70F98006840F25841C4F202016F
:103BE000884224D0FFE70F98006840F27041C4F289
:103BF000020188421BD0FFE70F98006840F288411D
:103C0000C4F20201884212D0FFE70F98006840F228
:103C1000A041C4F20201884209D0FFE70F98006872
:103C200040F2B841C4F20201884207D1FFE70F9881
:103C30000168086820F00100086006E00F9801683C
:103C4000086820F001000860FFE7FFE70B980130EB
:103C50000B900A99884201D9FFE707E0FFE70F9828
:103C600000680068C0070028F0D1FFE70F980068DF
:103C70000068C00728B1FFE70F99032081F83500DD
:103C800004E00F99012081F83500FFE7FFE70F9965
:103C9000002081F83400FFE7FFE70F98C06C20B1E7
:103CA000FFE70F98C16C8847FFE7FFE7FAE20F983C
:103CB0000168012045F20842C5F6020291420190D6
:103CC0004ED0FFE70F980168012045F21C42C5F66F
:103CD00002029142019043D0FFE70F980168012052
:103CE00045F23042C5F602029142019038D0FFE71A
:103CF0000F980168012045F24442C5F60202914244
:103D000001902DD0FFE70F980168012045F258423D
:103D1000C5F602029142019022D0FFE70F98016898
:103D2000012045F26C42C5F602029142019017D083
:103D3000FFE70F980168012045F28042C5F60202B4
:103D4000914201900CD0FFE70F9800684AF66C3161
:103D5000CAF2FD710844B0FA80F040090190FFE713
:103D60000198C007002800F09B82FFE70F980068C9
:103D700000680C900D980F99C96D01F01F01C840A3
:103D80004007002840F1D780FFE79DF8300040074A
:103D9000002840F1D080FFE70F98C06D00F01F01B0
:103DA00004208840089948609DF8310000060028EA
:103DB00018D5FFE79DF83200C00748B1FFE70F981C
:103DC000806C20B1FFE70F98816C8847FFE708E01F
:103DD0000F98006C20B1FFE70F98016C8847FFE750
:103DE000FFE7A7E09DF830008006002800F19980E9
:103DF000FFE70F9800681021C4F20201884200F02A
:103E00008180FFE70F9800682821C4F202018842F0
:103E100078D0FFE70F9800684021C4F20201884281
:103E200070D0FFE70F9800685821C4F20201884261
:103E300068D0FFE70F9800687021C4F20201884241
:103E400060D0FFE70F9800688821C4F20201884221
:103E500058D0FFE70F980068A021C4F20201884201
:103E600050D0FFE70F980068B821C4F202018842E1
:103E700048D0FFE70F98006840F21041C4F20201F9
:103E800088423FD0FFE70F98006840F22841C4F213
:103E90000201884236D0FFE70F98006840F24041A7
:103EA000C4F2020188422DD0FFE70F98006840F26B
:103EB0005841C4F20201884224D0FFE70F980068FD
:103EC00040F27041C4F2020188421BD0FFE70F9814
:103ED000006840F28841C4F20201884212D0FFE734
:103EE0000F98006840F2A041C4F20201884209D054
:103EF000FFE70F98006840F2B841C4F2020188421F
:103F000007D1FFE70F980168086820F008000860F3
:103F100006E00F980168086820F004000860FFE7D9
:103F2000FFE70F98006C20B1FFE70F98016C8847FE
:103F3000FFE7FFE7B3E10D980F99C96D01F01F018D
:103F4000C8408007002840F1E180FFE79DF830007D
:103F50008007002840F1DA80FFE70F98C06D00F07D
:103F60001F0102208840089948609DF83100000632
:103F7000002818D5FFE79DF83200C00748B9FFE7D1
:103F80000F98406C20B1FFE70F98416C8847FFE71E
:103F900008E00F98C06B20B1FFE70F98C16B88470E
:103FA000FFE7FFE7B1E09DF830008006002800F150
:103FB000A380FFE70F9800681021C4F20201884235
:103FC00000F08180FFE70F9800682821C4F2020109
:103FD000884278D0FFE70F9800684021C4F20201C0
:103FE000884270D0FFE70F9800685821C4F20201A0
:103FF000884268D0FFE70F9800687021C4F2020180
:10400000884260D0FFE70F9800688821C4F202015F
:10401000884258D0FFE70F980068A021C4F202013F
:10402000884250D0FFE70F980068B821C4F202011F
:10403000884248D0FFE70F98006840F21041C4F270
:10404000020188423FD0FFE70F98006840F2284104
:10405000C4F20201884236D0FFE70F98006840F2B0
:104060004041C4F2020188422DD0FFE70F9800685A
:1040700040F25841C4F20201884224D0FFE70F9871
:10408000006840F27041C4F2020188421BD0FFE791
:104090000F98006840F28841C4F20201884212D0B1
:1040A000FFE70F98006840F2A041C4F20201884285
:1040B00009D0FFE70F98006840F2B841C4F202014E
:1040C000884207D1FFE70F980168086820F01400C4
:1040D000086006E00F980168086820F00A00086090
:1040E000FFE70F99012081F83500FFE70F990020C5
:1040F00081F83400FFE7FFE70F98C06B20B1FFE7BE
:104100000F98C16B8847FFE7FFE7C7E00D980F994D
:10411000C96D01F01F01C8400007002840F1BC80B4
:10412000FFE79DF830000007002840F1B580FFE769
:104130000F9800681021C4F20201884200F08180CB
:10414000FFE70F9800682821C4F20201884278D066
:10415000FFE70F9800684021C4F20201884270D046
:10416000FFE70F9800685821C4F20201884268D026
:10417000FFE70F9800687021C4F20201884260D006
:10418000FFE70F9800688821C4F20201884258D0E6
:10419000FFE70F980068A021C4F20201884250D0C6
:1041A000FFE70F980068B821C4F20201884248D0A6
:1041B000FFE70F98006840F21041C4F20201884204
:1041C0003FD0FFE70F98006840F22841C4F2020197
:1041D000884236D0FFE70F98006840F24041C4F2B1
:1041E000020188422DD0FFE70F98006840F2584145
:1041F000C4F20201884224D0FFE70F98006840F221
:104200007041C4F2020188421BD0FFE70F9800689A
:1042100040F28841C4F20201884212D0FFE70F98B1
:10422000006840F2A041C4F20201884209D0FFE7D1
:104230000F98006840F2B841C4F20201884207D1E9
:10424000FFE70F980168086820F01C00086006E08E
:104250000F980168086820F00E000860FFE70F98CB
:10426000C06D00F01F01012000FA01F1089A5160B1
:104270000F9948650F9981F83500FFE70F990020E5
:1042800081F83400FFE70F98C06C20B1FFE70F986A
:10429000C16C8847FFE700E0FFE7FFE7FFE700E0CA
:1042A000FFE7FFE710B080BD10B58EB00C9002F0B4
:1042B00057FD0A900C9828B9FFE701208DF83700C8
:1042C00000F09EBC0C98016801201022C4F202028A
:1042D0009142079000F0A380FFE70C98016801204D
:1042E0002822C4F202029142079000F09880FFE772
:1042F0000C98016801204022C4F20202914207900A
:1043000000F08D80FFE70C98016801205822C4F26C
:1043100002029142079000F08280FFE70C9801684A
:1043200001207022C4F202029142079077D0FFE789
:104330000C98016801208822C4F202029142079081
:104340006DD0FFE70C9801680120A022C4F20202A0
:104350009142079063D0FFE70C9801680120B822D2
:10436000C4F202029142079059D0FFE70C9801680D
:10437000012040F21042C4F20202914207904ED056
:10438000FFE70C980168012040F22842C4F20202C3
:104390009142079043D0FFE70C980168012040F25A
:1043A0004042C4F202029142079038D0FFE70C98D5
:1043B0000168012040F25842C4F202029142079083
:1043C0002DD0FFE70C980168012040F27042C4F242
:1043D00002029142079022D0FFE70C980168012069
:1043E00040F28842C4F202029142079017D0FFE7E0
:1043F0000C980168012040F2A042C4F202029142EE
:1044000007900CD0FFE70C9800684FF64831CBF6C8
:10441000FD710844B0FA80F040090790FFE7079863
:10442000C007002800F07881FFE70C98406A08B1C7
:10443000FFE7FFE70C99022081F83500FFE70C99B0
:10444000002081F83400FFE70C9800681021C4F2C6
:104450000201884200F08180FFE70C980068282163
:10446000C4F20201884278D0FFE70C98006840212E
:10447000C4F20201884270D0FFE70C98006858210E
:10448000C4F20201884268D0FFE70C9800687021EE
:10449000C4F20201884260D0FFE70C9800688821CE
:1044A000C4F20201884258D0FFE70C980068A021AE
:1044B000C4F20201884250D0FFE70C980068B8218E
:1044C000C4F20201884248D0FFE70C98006840F22D
:1044D0001041C4F2020188423FD0FFE70C98006807
:1044E00040F22841C4F20201884236D0FFE70C981E
:1044F000006840F24041C4F2020188422DD0FFE73B
:104500000C98006840F25841C4F20201884224D05D
:10451000FFE70C98006840F27041C4F20201884243
:104520001BD0FFE70C98006840F28841C4F20201FA
:10453000884212D0FFE70C98006840F2A041C4F214
:104540000201884209D0FFE70C98006840F2B841A8
:10455000C4F20201884207D1FFE70C98016808689D
:1045600020F00100086006E00C980168086820F05F
:1045700001000860FFE7FFE70C9800680068C007CB
:1045800098B1FFE702F0ECFB0A99401A06280BD31A
:10459000FFE70C99202048650C99032081F835002D
:1045A00001208DF837002BE3E6E70C9800680068DF
:1045B0000B900B9848F23F01CFF6106108400B902A
:1045C0000C998868D1F80CC00B694A6940EA0C0064
:1045D000184310438A691043CA691043096A0143AA
:1045E0000B9808430B900C98406A042808D1FFE709
:1045F0000C99C86A096B01430B9808430B90FFE7BD
:104600000C984068292807D3FFE70C9841680120DF
:104610002F29069036D3FFE70C9840683F2807D330
:10462000FFE70C9841680120432906902AD3FFE751
:104630000C984068472807D3FFE70C984168012091
:10464000492906901ED3FFE70C9840684F2807D3EE
:10465000FFE70C98416801205329069012D3FFE729
:104660000C98416800207429059008D3FFE70C9846
:1046700041680020782938BF01200590FFE70598A0
:104680000690FFE70698C00728B1FFE70B9840F4B3
:1046900080100B90FFE70B980C99096808600C9844
:1046A000006840690B900B9820F007000B900C9865
:1046B000416A0B9808430B900C98406A04281AD161
:1046C000FFE70C98816A0B9808430B900C98C06A1E
:1046D00080B1FFE70C98FCF77FFE50B1FFE70C9923
:1046E000402048650C99012081F835008DF837008D
:1046F00086E2FFE7FFE70B980C99096848610C9880
:10470000FCF72EFC09900C98C06D00F01F013F20B3
:1047100088400999886026E10C980168012045F2DB
:104720000842C5F60202914204904ED0FFE70C9871
:104730000168012045F21C42C5F602029142049034
:1047400043D0FFE70C980168012045F23042C5F6DE
:1047500002029142049038D0FFE70C9801680120D2
:1047600045F24442C5F60202914204902DD0FFE783
:104770000C980168012045F25842C5F602029142A8
:10478000049022D0FFE70C980168012045F26C42AA
:10479000C5F602029142049017D0FFE70C98016819
:1047A000012045F28042C5F60202914204900CD0ED
:1047B000FFE70C9800684AF66C31CAF2FD710844B4
:1047C000B0FA80F040090490FFE70498C007002881
:1047D00000F0BD80FFE70C980168012045F2084217
:1047E000C5F60202914203904ED0FFE70C98016893
:1047F000012045F21C42C5F602029142039043D0CB
:10480000FFE70C980168012045F23042C5F602022C
:104810009142039038D0FFE70C980168012045F2DF
:104820004442C5F60202914203902DD0FFE70C9856
:104830000168012045F25842C5F6020291420390F8
:1048400022D0FFE70C980168012045F26C42C5F6C2
:1048500002029142039017D0FFE70C9801680120F3
:1048600045F28042C5F60202914203900CD0FFE768
:104870000C9800684AF66C31CAF2FD710844B0FA2F
:1048800080F040090390FFE70398C00708B1FFE7F5
:10489000FFE70C99022081F83500FFE70C99002012
:1048A00081F83400FFE70C98006800680B900B98C3
:1048B0006FF310100B900C988068402803D1FFE72D
:1048C0001020029008E00C9880688038B0FA80F0E0
:1048D000400980030290FFE702980C99CA680B69AF
:1048E000D1F814C0D1F818E0CC694EEA040E4CEAB5
:1048F0000E0C43EA0C031A4340EAD200096A40EA6C
:1049000011110B9808430B900B980C9909680860DB
:104910000C9908684AF6F832CAF2FD7210444CF657
:10492000CD42CCF6CC42A0FB02026FF0030000EABD
:104930009200C8650C98FCF713FB08900C98C06DAA
:1049400000F01F0101208840089948600AE00C9996
:10495000402048650C99032081F8350001208DF82E
:1049600037004DE1FFE70C98016801201022C4F2E6
:1049700002029142019000F00381FFE70C98016868
:1049800001202822C4F202029142019000F0F88036
:10499000FFE70C98016801204022C4F20202914214
:1049A000019000F0ED80FFE70C980168012058228B
:1049B000C4F202029142019000F0E280FFE70C98FD
:1049C000016801207022C4F202029142019000F0BD
:1049D000D780FFE70C98016801208822C4F2020208
:1049E0009142019000F0CC80FFE70C980168012013
:1049F000A022C4F202029142019000F0C180FFE7C0
:104A00000C9801680120B822C4F202029142019080
:104A100000F0B680FFE70C980168012040F21042D8
:104A2000C4F202029142019000F0AA80FFE70C98C4
:104A30000168012040F22842C4F202029142019032
:104A400000F09E80FFE70C980168012040F2404290
:104A5000C4F202029142019000F09280FFE70C98AC
:104A60000168012040F25842C4F2020291420190D2
:104A700000F08680FFE70C980168012040F2704248
:104A8000C4F20202914201907AD0FFE70C980168CB
:104A9000012040F28842C4F20202914201906FD09C
:104AA000FFE70C980168012040F2A042C4F2020224
:104AB0009142019064D0FFE70C980168012040F218
:104AC000B842C4F202029142019059D0FFE70C981B
:104AD0000168012045F20842C5F6020291420190A8
:104AE0004ED0FFE70C980168012045F21C42C5F644
:104AF00002029142019043D0FFE70C980168012027
:104B000045F23042C5F602029142019038D0FFE7EB
:104B10000C980168012045F24442C5F60202914218
:104B200001902DD0FFE70C980168012045F2584212
:104B3000C5F602029142019022D0FFE70C9801686D
:104B4000012045F26C42C5F602029142019017D055
:104B5000FFE70C980168012045F28042C5F6020289
:104B6000914201900CD0FFE70C9800684AF66C3136
:104B7000CAF2FD710844B0FA80F040090190FFE7E5
:104B80000198C00790B3FFE70C98FCF7D1FA0C9896
:104B90008068802804D1FFE70C9900204860FFE777
:104BA0000C990879096E08600C98416E806E486017
:104BB0000C98406888B1FFE70C98406808280CD82A
:104BC000FFE70C98FCF770FB0C98C16E00200860A2
:104BD0000C98016F406F486007E00C990020C86690
:104BE0000C9908670C994867FFE7FFE70C990020CC
:104BF00048650C9A012182F835108DF83700FFE7DF
:104C00009DF837000EB010BD80B588B006900591B4
:104C10000492039300208DF80B00069820B9FFE75B
:104C200001208DF81F006CE3FFE7069890F8340030
:104C3000012804D1FFE702208DF81F0061E30699E7
:104C4000012081F83400FFE7FFE7069890F835006F
:104C5000012840F04383FFE70699022081F83500E0
:104C6000069900204865069800681021C4F20201E8
:104C7000884200F08180FFE7069800682821C4F28E
:104C80000201884278D0FFE7069800684021C4F20C
:104C90000201884270D0FFE7069800685821C4F2EC
:104CA0000201884268D0FFE7069800687021C4F2CC
:104CB0000201884260D0FFE7069800688821C4F2AC
:104CC0000201884258D0FFE706980068A021C4F28C
:104CD0000201884250D0FFE706980068B821C4F26C
:104CE0000201884248D0FFE70698006840F2104170
:104CF000C4F2020188423FD0FFE70698006840F204
:104D00002841C4F20201884236D0FFE706980068C5
:104D100040F24041C4F2020188422DD0FFE70698DC
:104D2000006840F25841C4F20201884224D0FFE7F3
:104D30000698006840F27041C4F2020188421BD01C
:104D4000FFE70698006840F28841C4F202018842F9
:104D500012D0FFE70698006840F2A041C4F20201B9
:104D6000884209D0FFE70698006840F2B841C4F2D3
:104D70000201884207D1FFE706980168086820F021
:104D80000100086006E006980168086820F001004C
:104D90000860FFE706980599049A039BFCF794FBCB
:104DA0000698016801201022C4F20202914201908B
:104DB00000F0A380FFE70698016801202822C4F2D2
:104DC00002029142019000F09880FFE70698016886
:104DD00001204022C4F202029142019000F08D8035
:104DE000FFE70698016801205822C4F202029142AE
:104DF000019000F08280FFE7069801680120702290
:104E0000C4F202029142019077D0FFE70698016850
:104E100001208822C4F20202914201906DD0FFE786
:104E2000069801680120A022C4F20202914201907A
:104E300063D0FFE7069801680120B822C4F202029D
:104E40009142019059D0FFE706980168012040F295
:104E50001042C4F20202914201904ED0FFE7069840
:104E60000168012040F22842C4F2020291420190FE
:104E700043D0FFE706980168012040F24042C4F2A7
:104E800002029142019038D0FFE7069801680120A4
:104E900040F25842C4F20202914201902DD0FFE745
:104EA00006980168012040F27042C4F20202914269
:104EB000019022D0FFE706980168012040F2884265
:104EC000C4F202029142019017D0FFE706980168F0
:104ED000012040F2A042C4F20202914201900CD0A3
:104EE000FFE7069800684FF64831CBF6FD7108449D
:104EF000B0FA80F040090190FFE70198C007A8B11F
:104F0000FFE70698006800680B2161F344000699EA
:104F1000096808600698006C38B1FFE706980168D8
:104F2000086840F008000860FFE714E00698006891
:104F30000068052161F34300069909680860069836
:104F4000006C38B1FFE706980168086840F004007B
:104F50000860FFE7FFE70698016801201022C4F20D
:104F600002029142009000F00381FFE70698016879
:104F700001202822C4F202029142009000F0F88041
:104F8000FFE70698016801204022C4F20202914224
:104F9000009000F0ED80FFE706980168012058229C
:104FA000C4F202029142009000F0E280FFE706980E
:104FB000016801207022C4F202029142009000F0C8
:104FC000D780FFE70698016801208822C4F2020218
:104FD0009142009000F0CC80FFE706980168012024
:104FE000A022C4F202029142009000F0C180FFE7CB
:104FF000069801680120B822C4F202029142009092
:1050000000F0B680FFE706980168012040F21042E8
:10501000C4F202029142009000F0AA80FFE70698D5
:105020000168012040F22842C4F20202914200903D
:1050300000F09E80FFE706980168012040F24042A0
:10504000C4F202029142009000F09280FFE70698BD
:105050000168012040F25842C4F2020291420090DD
:1050600000F08680FFE706980168012040F2704258
:10507000C4F20202914200907AD0FFE706980168DC
:10508000012040F28842C4F20202914200906FD0A7
:10509000FFE706980168012040F2A042C4F2020234
:1050A0009142009064D0FFE706980168012040F229
:1050B000B842C4F202029142009059D0FFE706982C
:1050C0000168012045F20842C5F6020291420090B3
:1050D0004ED0FFE706980168012045F21C42C5F654
:1050E00002029142009043D0FFE706980168012038
:1050F00045F23042C5F602029142009038D0FFE7F7
:1051000006980168012045F24442C5F60202914228
:1051100000902DD0FFE706980168012045F2584223
:10512000C5F602029142009022D0FFE7069801687E
:10513000012045F26C42C5F602029142009017D060
:10514000FFE706980168012045F28042C5F6020299
:10515000914200900CD0FFE7069800684AF66C3147
:10516000CAF2FD710844B0FA80F040090090FFE7F0
:105170000098C007D0B1FFE70698006E0068C00332
:10518000002807D5FFE70698016E086840F4807094
:105190000860FFE70698C06E38B1FFE70698C16E59
:1051A000086840F480700860FFE7FFE70698006831
:1051B0001021C4F20201884200F08180FFE70698C6
:1051C00000682821C4F20201884278D0FFE70698DF
:1051D00000684021C4F20201884270D0FFE70698BF
:1051E00000685821C4F20201884268D0FFE706989F
:1051F00000687021C4F20201884260D0FFE706987F
:1052000000688821C4F20201884258D0FFE706985E
:105210000068A021C4F20201884250D0FFE706983E
:105220000068B821C4F20201884248D0FFE706981E
:10523000006840F21041C4F2020188423FD0FFE70B
:105240000698006840F22841C4F20201884236D034
:10525000FFE70698006840F24041C4F2020188422C
:105260002DD0FFE70698006840F25841C4F20201D1
:10527000884224D0FFE70698006840F27041C4F2EB
:10528000020188421BD0FFE70698006840F288417F
:10529000C4F20201884212D0FFE70698006840F28B
:1052A000A041C4F20201884209D0FFE706980068D5
:1052B00040F2B841C4F20201884207D1FFE70698E4
:1052C0000168086840F00100086006E0069801687F
:1052D000086840F001000860FFE70DE006994FF410
:1052E00000604865FFE70699002081F83400FFE779
:1052F00001208DF80B00FFE79DF80B008DF81F00D3
:10530000FFE79DF81F0008B080BD0000000000000E
:1053100080B584B0039001F023FD029003980190C2
:105320000198013048B1FFE740F2C410C2F20040DA
:105330000178019808440190FFE7FFE701F010FDB4
:105340000299401A0199884201D2FFE7F6E704B0BA
:1053500080BD00000000000085B003900291019222
:10536000039890F898008DF803009DF80300012839
:1053700005D0FFE79DF8030002285DD1FFE7029802
:1053800003990968896D084207D1FFE7039801680E
:10539000C86D40F00100C86515E0029803990968DE
:1053A000896D08400299884207D1FFE70398016898
:1053B000C86D40F00200C86504E00398016803204E
:1053C000C865FFE7FFE79DF809008007002809D5B9
:1053D000FFE7019A03980168D1F8E0001043C1F893
:1053E000E000FFE79DF809004007002809D5FFE726
:1053F000019A03980168D1F8E4001043C1F8E40071
:10540000FFE7FFE702984FF6FF71C3F6CF7100EA9E
:10541000010203980168486D10434865029A4AF6F4
:105420001401C4F20001086840EA92700860FFE7C6
:1054300000208DF813000AE00399D1F89C0040F099
:105440000200C1F89C0001208DF81300FFE79DF8D1
:10545000130005B07047000080B586B0049003913A
:1054600002920398406808B9FFE700E0FFE704985C
:1054700090F89800022845D1FFE704980068D0F81A
:10548000C00010F07C5F0BD1FFE70499D1F89C00BD
:1054900040F02000C1F89C0001208DF817003CE08E
:1054A00004980068D0F8C400800200280BD5FFE7FC
:1054B0000499D1F89C0040F40070C1F89C000120D0
:1054C0008DF8170029E004980068D0F8C400C0F3F4
:1054D0000440019004980399029A019BFCF75CFD3B
:1054E0000199012000FA01F1049A1268C2F8D01063
:1054F000019988400499C1F89400FFE700208DF8D5
:1055000017000AE00499D1F89C0040F00800C1F8A7
:105510009C0001208DF81700FFE79DF8170006B0EA
:1055200080BD00000000000082B00190009102B038
:10553000704700000000000084B0029001910092CA
:10554000019808B9FFE700E0FFE7029890F898009B
:10555000012836D1FFE7019870B9FFE7029800688B
:10556000D0F8F00020F07C50009940EA01600299E8
:105570000968C1F8F00020E0019801280ED1FFE78A
:1055800002980068D0F8A00020F0FE40009940EAA0
:10559000016002990968C1F8A0000DE00298006856
:1055A000D0F8B00020F0FE40009940EA0160029976
:1055B0000968C1F8B000FFE7FFE700208DF80F0091
:1055C0000AE00299D1F89C0040F00400C1F89C0068
:1055D00001208DF80F00FFE79DF80F0004B0704721
:1055E00087B005900491059890F898008DF8030015
:1055F0009DF80300012805D0FFE79DF8030002286D
:105600006AD1FFE70498C068072801D1FFE7FFE7E8
:105610000498006878BBFFE70498C068072801D0A9
:10562000FFE7FFE70498C06807280CD1FFE7049A5A
:1056300010699169D269000440EA0220084340F0F1
:10564000605003900CE004998868CB680A69496946
:10565000800740EAC36040EA024008430390FFE746
:105660000598C06E0499496800EB81000190039889
:10567000019908602CE00498C068072801D0FFE772
:10568000FFE70498C168006940EA417003900498FC
:10569000C068072804D1FFE704988069029006E0FB
:1056A00004988168406940EA81700290FFE705989C
:1056B000006F0499496800EBC100019003980199BB
:1056C0000860019804300190029801990860FFE792
:1056D00000208DF81B000AE00599D1F89C0040F0ED
:1056E0000200C1F89C0001208DF81B00FFE79DF827
:1056F0001B0007B07047000085B0DDF814C00390B0
:10570000029101920093039890F89800012812D119
:10571000FFE702980001019940EA8100009940EA00
:1057200041000599084303990968C1F880000020E9
:105730008DF813000AE00399D1F89C0040F00400B2
:10574000C1F89C0001208DF81300FFE79DF81300BD
:1057500005B070470000000081B0009001B07047B4
:1057600082B00190009102B070470000000000007C
:105770008AB008900791069205930020019008983E
:1057800090F898008DF803009DF80300022840F07F
:105790006881FFE70798402857D1FFE7089800681D
:1057A000D0F8A00010F4FE0F0BD1FFE70899D1F854
:1057B0009C0040F02000C1F89C0001208DF82700DB
:1057C0005AE108980068D0F8A400400658B9FFE7ED
:1057D0000899D1F89C0040F48070C1F89C00012029
:1057E0008DF8270048E108980068D0F8A400C0F3BD
:1057F0000520019008980068D0F8A40000F080719E
:105800000120B0EB116F16D1FFE708980068D0F8BF
:10581000A0100120B0EBD17F0CD1FFE7019801303F
:1058200008990968D1F8A01001F4FE0100EA1140BE
:105830000190FFE7FFE70898426C406F01995143E0
:1058400000EB81000490FFE776E00798412857D1EC
:10585000FFE708980068D0F8B00010F4FE0F0BD1F5
:10586000FFE70899D1F89C0040F02000C1F89C00A7
:1058700001208DF82700FFE008980068D0F8B400F8
:10588000400658B9FFE70899D1F89C0040F48070B1
:10589000C1F89C0001208DF82700EDE00898006811
:1058A000D0F8B400C0F30520019008980068D0F843
:1058B000B40000F080710120B0EB116F16D1FFE74A
:1058C00008980068D0F8B0100120B0EBD17F0CD15F
:1058D000FFE70198013008990968D1F8B01001F488
:1058E000FE0100EA11400190FFE7FFE70898C26C53
:1058F000806F0199514300EB81000490FFE71AE0AB
:1059000007980899096D88420BD3FFE70899D1F8E9
:105910009C0040F02000C1F89C0001208DF8270079
:10592000AAE00898426DC06F0799514300EB8100CF
:105930000490FFE7FFE7FFE70498006800F080406D
:10594000069948600698406838B9FFE704980068EF
:10595000C0F38A400699086006E00498006820F0C9
:10596000604006990860FFE70498006800F0005066
:10597000069988600498006800F000400699086164
:10598000049804300490049800880699C86104982B
:105990000068C0F303400699C8600498006800F4EA
:1059A0008010069948610498006800F40010069978
:1059B000886104980068C0F306600699086204983C
:1059C0000068C00F06994862049804300490049857
:1059D000039000200290FFE702980699CA6846F6F5
:1059E0004031C0F60201895C88420AD2FFE7039881
:1059F000029A805C05998854FFE702980130029072
:105A0000EAE70798402806D1FFE701980899096856
:105A1000C1F8A80021E00798412806D1FFE70198C6
:105A200008990968C1F8B80016E007981F2808D837
:105A3000FFE707990120884008990968C1F8980094
:105A400009E0079800F01F010120884008990968C3
:105A5000C1F89C00FFE7FFE7FFE700208DF8270073
:105A60000AE00899D1F89C0040F00800C1F89C00B9
:105A700001208DF82700FFE79DF827000AB0704746
:105A800081B0009001B0704780B594B013904AF691
:105A90001000C4F200000068800712904AF614005B
:105AA000C4F200000168129800EA81701290139805
:105AB0000068006D00F47040119013980068416D0B
:105AC00011980840119013980068006D00F00F00C5
:105AD000109013980068416D10980840109013982A
:105AE0000068006D00F0F0000F9013980068416DA1
:105AF0000F9808400F9013980068006D00F07150E7
:105B00000E9013980068416D0E9808400E901398FF
:105B10000068006D00F060700D9013980068416D92
:105B20000D9808400D9013980068406D03901398ED
:105B30000068006D01909DF80D00C007B8B1FFE747
:105B40009DF80500C00788B1FFE7FFE713980168DB
:105B50004FF4807008654AF61001C4F2000100207D
:105B60000860FFE71398FFF78BFFFFE7FFE79DF85B
:105B70000D0000F004010020B0EB910F28D0FFE7EA
:105B80009DF8050000F004010020B0EB910F1ED03D
:105B9000FFE713980068D0F8DC000B9013980068BA
:105BA000D0F8E4100B9808400B90FFE713980168B9
:105BB0004FF4806008654AF61001C4F2000100202D
:105BC0000860FFE713980B9900F07AFEFFE7FFE704
:105BD0001298B8B1FFE7FFE712984FF6FF71C3F6CE
:105BE000CF7108401399096808651298800F4AF62A
:105BF0001001C4F200010860FFE713981299FFF743
:105C000093FCFFE71198B8B1FFE7FFE711984FF653
:105C1000FF71C3F6CF7108401399096808651198A0
:105C2000800F4AF61001C4F200010860FFE71398E4
:105C3000119900F059FEFFE71098B8B1FFE7FFE7B0
:105C400010984FF6FF71C3F6CF7108401399096899
:105C500008651098800F4AF61001C4F20001086030
:105C6000FFE71398109900F023FDFFE70F98B8B1F4
:105C7000FFE7FFE70F984FF6FF71C3F6CF710840BB
:105C80001399096808650F98800F4AF61001C4F24D
:105C900000010860FFE713980F9900F065FDFFE72A
:105CA0009DF80D0000F008010020B0EBD10F1BD0D3
:105CB000FFE79DF8050000F008010020B0EBD10FD0
:105CC00011D0FFE7FFE7139801684FF40060086503
:105CD0004AF61001C4F2000100200860FFE71398A3
:105CE00000F00AFEFFE7FFE79DF80D0000F002015B
:105CF0000020B0EB510F28D0FFE79DF8050000F021
:105D000002010020B0EB510F1ED0FFE7139800688E
:105D1000D0F8D8000C9013980068D0F8E0100C98D8
:105D200008400C90FFE7139801684FF40070086575
:105D30004AF61001C4F2000100200860FFE7139842
:105D40000C9900F0C5FDFFE7FFE79DF80E0000F09D
:105D500008010020B0EBD10F1BD0FFE79DF8060033
:105D600000F008010020B0EBD10F11D0FFE7FFE7F2
:105D7000139801684FF4002008654AF61001C4F238
:105D8000000100200860FFE7139800F08DFCFFE79A
:105D9000FFE79DF80E00C007B8B1FFE79DF80600C9
:105DA000C00788B1FFE7FFE7139801684FF4803020
:105DB00008654AF61001C4F2000100200860FFE700
:105DC000139800F079FDFFE7FFE79DF80E0000F063
:105DD00004010020B0EB910F1BD0FFE79DF80600F7
:105DE00000F004010020B0EB910F11D0FFE7FFE7B6
:105DF000139801684FF4802008654AF61001C4F238
:105E0000000100200860FFE7139800F051FDFFE754
:105E1000FFE79DF80E0000F002010020B0EB510FEB
:105E20001FD0FFE79DF8060000F002010020B0EB54
:105E3000510F15D0FFE7FFE7139801684FF40030CA
:105E400008654AF61001C4F2000100200860FFE76F
:105E50001399D1F89C0040F08000C1F89C00FFE746
:105E6000FFE70D98B8B1FFE7FFE70D984FF6FF7118
:105E7000C3F6CF7108401399096808650D98800F23
:105E80004AF61001C4F200010860FFE713980D996B
:105E9000FFF766FCFFE70E98D0B1FFE7FFE70E982B
:105EA0004FF6FF71C3F6CF71084013990968086572
:105EB0000E98800F4AF61001C4F200010860FFE757
:105EC0000E9A1399D1F89C001043C1F89C00FFE78B
:105ED000139800684AF20001C4F20001884240F0C1
:105EE000B980FFE71398406880688007002800F0B9
:105EF000B080FFE713984068006A00F00F000A9036
:105F000013984068416A0A9808400A9013984068BC
:105F1000006A00F03000099013984068416A0998BF
:105F20000840099013984068006A00F4C070089017
:105F300013984068416A0898084008901398406890
:105F4000006A00F4FC40079013984068416A079883
:105F50000840079013984068006A00F4F02006900B
:105F600013984068416A0698084006901398406864
:105F7000406A029013984068006A00900A9848B1FD
:105F8000FFE70A9813994968086213980A9900F084
:105F900077FCFFE7099848B1FFE70998139949682A
:105FA00008621398099900F07BFCFFE79DF8080050
:105FB00000F040010020B0EB911F1FD0FFE79DF8DB
:105FC000000000F040010020B0EB911F15D0FFE76A
:105FD00013984068C06B000C059013984068C06B24
:105FE00000F03F0004901398416840200862139825
:105FF0000599049A00F04CFCFFE7FFE7089848B1C8
:10600000FFE708981399496808621398089900F007
:106010002FFCFFE7079860B1FFE7079813994968DD
:106020000862079A1399D1F89C001043C1F89C00AC
:10603000FFE7069860B1FFE7069813994968086280
:10604000069A1399D1F89C001043C1F89C00FFE711
:10605000FFE7FFE71398D0F89C0020B1FFE7139803
:10606000FFF77AFBFFE714B080BD000000000000DE
:1060700080B598B0169046F6E421C0F6020101A85A
:106080004C22FAF7E7FA169820B9FFE701208DF8BD
:106090005F00D9E1169800684AF20001C4F20001DD
:1060A000884206D1FFE71699086800F580704860BD
:1060B000FFE716988068B0F5407F01D1FFE7FFE762
:1060C0001698006C08B1FFE7FFE71698806C08B1DE
:1060D000FFE7FFE71698006D08B1FFE7FFE71698A6
:1060E000006E08B1FFE7FFE71699C86D096E084416
:1060F00008B1FFE7FFE7169890F8980040B9FFE76E
:106100001699002081F89900169800F0A1F9FFE790
:1061100016980168886920F01000886100F020FE60
:106120001590FFE71698006880690007002817D5CA
:10613000FFE700F015FE1599401A0B280FD3FFE773
:106140001699D1F89C0040F00100C1F89C00169906
:10615000032081F8980001208DF85F0074E1E1E7E9
:1061600016980168886940F00100886100F0F8FD28
:106170001590FFE7169800688069C007B8B9FFE777
:1061800000F0EEFD1599401A0B280FD3FFE7169982
:10619000D1F89C0040F00100C1F89C001699032042
:1061A00081F8980001208DF85F004DE1E2E7169834
:1061B0000168886940F0020088611698007C012817
:1061C00007D1FFE716980168886920F040008861D0
:1061D00006E016980168886940F040008861FFE792
:1061E0001698407C012807D1FFE716980168886956
:1061F00040F48040886106E016980168886920F4C0
:1062000080408861FFE71698807C012807D1FFE76E
:1062100016980168886920F48050886106E0169815
:106220000168886940F480508861FFE7169800682B
:10623000806920F44070169A116892681043886152
:1062400016980168886920F0A40088611698016892
:10625000086920F0100008611698C068012807D16D
:10626000FFE716980168886940F0040088612BE018
:106270001698C06830B3FFE71698C068022819D096
:10628000FFE716980168886940F0800088611698D9
:106290000168086940F0100008611698C06803287A
:1062A00007D1FFE716980168886940F020008861EF
:1062B000FFE706E016980168886940F020008861D1
:1062C000FFE700E0FFE7FFE7169A1168536990695E
:1062D000D2F81CE0A0F1010C6FF0FF0000EB0E20E3
:1062E00040EA4C60126A013A10430022CFF6FF7276
:1062F00002EB03421043C86116988068B0F5407FF6
:106300001CD1FFE7169A1168536A906AD2F82CE004
:1063100001386FF0FF0C0CEB0E2C40EA0C00D2F8A9
:1063200030C06FF00F0202EB0C1210430022CFF6C8
:10633000FF7202EB03421043C860FFE71698006E3D
:1063400048B1FFE716980168426ED1F8C0001043CB
:10635000C1F8C000FFE71699C86D096E084480B106
:10636000FFE716980068D0F8C80020F00700169ADA
:106370001168936E01AA52F823201043C1F8C80097
:10638000FFE71698006C80B1FFE716980068D0F818
:10639000BC0020F00700169A1168536C01AA52F84D
:1063A00023201043C1F8BC00FFE71698806C88B129
:1063B000FFE716980068D0F8BC0020F07000169A2D
:1063C0001168D36C01AA52F8232040EA0210C1F8E8
:1063D000BC00FFE71698006D88B1FFE716980068CB
:1063E000D0F8BC0020F4E060169A1168536D01AA41
:1063F00052F8232040EA0220C1F8BC00FFE71698BB
:1064000000684AF20001C4F20001884207D1FFE7A8
:1064100016984168886820F003008860FFE71699A5
:106420000020C1F894001699C1F89C00169901202B
:1064300081F898001698FBF74BFC8DF853009DF8F7
:1064400053008DF85F00FFE79DF85F0018B080BD36
:1064500080B5C0B03F9000203E903D903C903B9076
:106460003A900CA8B821FAF749F93F9800684AF227
:106470000001C4F20001884255D1FFE700200D90D1
:106480004FF400400C904FF0805027900CA802F081
:106490002FFA18B1FFE7FBF7FFFBFFE740F21040D0
:1064A000C2F200400168013101600068012810D18A
:1064B000FFE7FFE744F2EC40C5F60200016841F453
:1064C00080710160006800F480700B900B98FFE70A
:1064D000FFE7FFE744F2E040C5F60200016841F043
:1064E00008010160006800F008000A900A98FFE7C0
:1064F00003203A9002203B90002004903C903D9075
:1065000009203E9040F60040C5F602003AA900F08E
:106510001BFA049A13200590114600F0E1FC05983F
:1065200000F0D2FCBEE03F9800684AF20041C4F29D
:106530000001884255D1FFE700200D904FF4004044
:106540000C904FF0805027900CA802F0D1F918B1B0
:10655000FFE7FBF7A1FBFFE740F21040C2F200406B
:106560000168013101600068012810D1FFE7FFE7F1
:1065700044F2EC40C5F60200016841F4807101600C
:10658000006800F4807009900998FFE7FFE7FFE7D3
:1065900044F2E040C5F60200016841F002010160EA
:1065A000006800F0020008900898FFE760203A9029
:1065B00002203B90002002903C903D9009203E90AC
:1065C00040F20040C5F602003AA900F0BDF9029A77
:1065D00014200390114600F083FC039800F074FC33
:1065E0005FE03F9800684DF20041C4F2000188422C
:1065F00056D1FFE700200D904FF400400C904FF073
:10660000805027900CA802F073F918B1FFE7FBF750
:1066100043FBFFE740F21040C2F200400168013145
:1066200001600068012810D1FFE7FFE744F2EC4069
:10663000C5F60200016841F480710160006800F451
:10664000807007900798FFE7FFE7FFE744F2E0401C
:10665000C5F60200016841F008010160006800F021
:10666000080006900698FFE74FF440503A90022049
:106670003B90002000903C903D9005203E9040F6DD
:106680000040C5F602003AA900F05EF9009A9F208A
:106690000190114600F024FC019800F015FCFFE782
:1066A000FFE7FFE740B080BD81B0009001B07047C8
:1066B00080B588B007900691079800684AF20001FB
:1066C000C4F20001884212D1FFE7079840F29021FE
:1066D000C2F2004104910A1D059201F12C034021F0
:1066E000FFF746F804990598496B884737E0079803
:1066F00000684AF20041C4F20001884212D1FFE76B
:10670000079840F22031C2F2004102910A1D039223
:1067100001F12C034021FFF72BF802990398496BF4
:1067200088471BE0079800684DF20041C4F2000161
:10673000884212D1FFE7079840F29831C2F2004137
:1067400000910A1D019201F12C034021FFF710F87E
:1067500000990198496B8847FFE7FFE7FFE708B01A
:1067600080BD00000000000080B588B00790069151
:10677000079800684AF20001C4F20001884212D171
:10678000FFE7079840F29021C2F2004104910A1DF0
:10679000059201F12C034121FEF7EAFF04990598C7
:1067A000496B884737E0079800684AF20041C4F215
:1067B0000001884212D1FFE7079840F22031C2F26F
:1067C000004102910A1D039201F12C034121FEF7C1
:1067D000CFFF02990398496B88471BE00798006830
:1067E0004DF20041C4F20001884212D1FFE7079840
:1067F00040F29831C2F2004100910A1D019201F16C
:106800002C034121FEF7B4FF00990198496B88479A
:10681000FFE7FFE7FFE708B080BD000000000000D1
:1068200082B00090009890F89800012811D1FFE7FD
:106830000099022081F8980000980168886920F08A
:106840000100886100990020C1F89C008DF80700C4
:106850000AE00099D1F89C0040F00400C1F89C00C7
:1068600001208DF80700FFE79DF8070002B0704790
:1068700082B00190009102B070470000000000005B
:1068800082B00190009102B070470000000000004B
:1068900083B002900191009203B0704700000000A5
:1068A00082B00190009102B070470000000000002B
:1068B00081B0009001B0704781B0009001B0704786
:1068C00082B00190009102B070470000000000000B
:1068D00082B00190009146F67051C2F20041086802
:1068E0000130086002B0704782B00190009102B0A0
:1068F000704700000000000081B0009001B07047B8
:1069000081B0ADF8020001B0704700000000000047
:1069100080B582B0ADF806008820C5F6000000689A
:10692000BDF8061008420BD0FFE7BDF8060088212D
:10693000C5F600010860BDF80600FFF7E1FFFFE7BC
:1069400002B080BD000000008FB00E900D910020BD
:106950000C908020C5F600000990FFE70D980068B4
:106960000C99C840002800F0CD81FFE70D98006821
:106970000C9A0121914008400B900B98002800F0E0
:10698000BD81FFE70D98406800F00300012807D0A3
:10699000FFE70D98406800F0030002282FD1FFE7C1
:1069A0000E9880680A900C984100032000FA01F1CB
:1069B0000A9888430A900D98C0680C99490000FA1B
:1069C00001F10A9808430A900A980E9988600E9877
:1069D00040680A900C99012000FA01F10A98884356
:1069E0000A900D984068C0F300100C9900FA01F16C
:1069F0000A9808430A900A980E994860FFE70D9894
:106A0000406800F0030003280CD1FFE70D984068B0
:106A100000F0030003281DD1FFE70D9880680128CE
:106A200018D0FFE70E98C0680A900C984100032028
:106A300000FA01F10A9888430A900D9880680C9931
:106A4000490000FA01F10A9808430A900A980E9941
:106A5000C860FFE70D98406800F00300022826D1C7
:106A6000FFE70E980C996FF0030202EA5101084407
:106A7000006A0A900C9800F0070081000F2000FACD
:106A800001F10A9888430A900D9800690C9901F069
:106A90000701890000FA01F10A9808430A900A9850
:106AA0000E990C9B02EA530211440862FFE70E980C
:106AB00000680A900C984100032000FA01F10A983E
:106AC00088430A900D98406800F003000C99490033
:106AD00000FA01F10A9808430A900A980E99086092
:106AE0000D9880798007002800F00781FFE7FFE715
:106AF00044F2F440C5F60200016841F00201016071
:106B0000006800F0020008900898FFE70C9820F059
:106B1000030040F20841C5F6000140580A900C9865
:106B200000F0030081000F2000FA01F10A98884369
:106B30000A900E980021C5F60201884203D1FFE7B2
:106B4000002007906CE00E9840F20041C5F602016B
:106B5000884203D1FFE7012006905EE00E9840F6E0
:106B60000001C5F60201884203D1FFE7022005902B
:106B700050E00E9840F60041C5F60201884203D16C
:106B8000FFE70320049042E00E9841F20001C5F6B1
:106B90000201884203D1FFE70420039034E00E98FD
:106BA00041F20041C5F60201884203D1FFE705200A
:106BB000029026E00E9841F60001C5F602018842D7
:106BC00003D1FFE70620019018E00E9841F600413E
:106BD000C5F60201884203D1FFE7072000900AE0D2
:106BE0000E9942F20042C5F602020A20914208BF05
:106BF00009200090FFE700980190FFE701980290BC
:106C0000FFE702980390FFE703980490FFE70498DA
:106C10000590FFE705980690FFE706980790FFE7C5
:106C200007980C9901F00301890000FA01F10A9814
:106C300008430A900A980C9921F0030140F2084297
:106C4000C5F6000288504FF0B04000680A900B99DA
:106C50000A9888430A900D988079C006002805D5C7
:106C6000FFE70B990A9808430A90FFE70A984FF04C
:106C7000B04108600420C5F6000000680A900B9936
:106C80000A9888430A900D9880798006002805D5D7
:106C9000FFE70B990A9808430A90FFE70A98042136
:106CA000C5F600010860099840680A900B990A9897
:106CB00088430A900D9880798007002805D5FFE762
:106CC0000B990A9808430A90FFE70A9809994860C7
:106CD000099800680A900B990A9888430A900D98C1
:106CE0008079C00728B1FFE70B990A9808430A90FA
:106CF000FFE70A9809990860FFE7FFE70C98013061
:106D00000C902BE60FB0704783B00290ADF80610E0
:106D1000029840690090009ABDF8060002EA00015E
:106D2000904340EA01400299886103B07047000037
:106D300082B00190ADF802108DF801209DF801009D
:106D400028B1FFE7BDF802000199886105E0BDF8B0
:106D50000200000401998861FFE702B0704700005B
:106D600046F68C50C2F200400068704700000000F8
:106D700040F2C410C2F20040027846F68C51C2F2D2
:106D800000410868104408607047000000000000DF
:106D900080B582B0032000F0BBF803F041F844F264
:106DA0001842C5F602021168C1F3032346F63031DA
:106DB000C0F60201CB5C03F01F03D840009000989E
:106DC000126802F00F02895C01F01F01C84040F216
:106DD000C401C2F200410860009840F2C001C2F252
:106DE00000410860072000F013F820B1FFE7012000
:106DF0008DF8070005E000F04FF800208DF807003F
:106E0000FFE79DF8070002B080BD00000000000011
:106E100080B582B0009040F2C410C2F20040007809
:106E200020B9FFE701208DF8070030E040F2C000F4
:106E3000C2F20040006840F2C411C2F200410A7878
:106E40004FF47A71B1FBF2F1B0FBF1F005F048F8C4
:106E500020B1FFE701208DF8070018E000980F2807
:106E60000DD8FFE700994FF0FF30002200F038F80E
:106E7000009840F2C811C2F20041086003E001200E
:106E80008DF8070003E000208DF80700FFE79DF86C
:106E9000070002B080BD000080B582B0FFE744F279
:106EA000F440C5F60200016841F00201016000688B
:106EB00000F0020001900198FFE7042000F028F89C
:106EC00002B080BD0000000080B582B0ADF80600C1
:106ED000BDF906001DF0ECFB02B080BD0000000013
:106EE00080B586B0ADF81600049103921DF0F8FB52
:106EF0000290BDF91600019002980499039A08F0D7
:106F00005BFB014601981DF0F3FB06B080BD00005D
:106F100080B582B0019001981DF00EFC02B080BDDA
:106F200082B0019001980068009001990120C1F899
:106F3000D8040199002081F8CC04009A916941F0AD
:106F400000619161009A516D0323C1F2000319435E
:106F5000516502B07047000082B001908DF80310B7
:106F600002B070470000000082B00190ADF802103E
:106F7000BDF80200019909684862002002B070471C
:106F800084B003908DF80B10ADF8082003980068CA
:106F9000406A00909DF80B0048B9FFE7BDF8081063
:106FA000009840EA014003990968886233E0039839
:106FB0000068816A009800EB1140009000208DF875
:106FC0000700FFE79DF807009DF80B100139884284
:106FD00013D2FFE7039800689DF8071000EB8100CB
:106FE000D0F80411009800EB11400090FFE79DF8E5
:106FF000070001308DF80700E4E7BDF8081000989D
:1070000040EA0140039909689DF80B2001EB8201D9
:10701000C1F80001FFE7002004B070470000000045
:1070200080B582B001900198D0F8E0040DF090FB9B
:1070300002B080BD0000000080B582B001908DF8E4
:107040000310019AD2F8E0049DF8031001EBC1038C
:1070500002EB8302126A0DF0CBF902B080BD000092
:1070600080B582B001908DF80310019AD2F8E00447
:107070009DF8031001EBC10302EB8302D2F86022FA
:107080000DF086FA02B080BD80B582B00190019803
:10709000D0F8E0040DF064FB02B080BD00000000F9
:1070A00080B584B003908DF80B109DF80B0000069E
:1070B00000280CD5FFE703989DF80B1001F00F0195
:1070C00001EBC10100EB8100143001900CE003984A
:1070D0009DF80B1001F00F0101EBC10100EB8100E5
:1070E00000F515700190FFE70398006801990FF013
:1070F000FBF88DF80A009DF80A0004B080BD00007E
:1071000080B584B002908DF807109DF80700000646
:1071100000280FD5FFE702989DF8071001F00F0136
:1071200001EBC10100EB81001430009000990120B7
:1071300048700FE002989DF8071001F00F0101EB75
:10714000C10100EB810000F515700090009900204E
:107150004870FFE79DF8070000F00F0000990870E5
:10716000FFE7029890F89404012804D1FFE7022079
:107170008DF80F0014E00299012081F89404FFE7D4
:10718000FFE70298006800990EF09EFBFFE7029966
:10719000002081F89404FFE700208DF80F00FFE73E
:1071A0009DF80F0004B080BD80B584B002908DF8CA
:1071B00007109DF8070000F00F0002990979884236
:1071C00004D9FFE701208DF80F004DE09DF807007E
:1071D000000600280FD5FFE702989DF8071001F080
:1071E0000F0101EBC10100EB810014300090009908
:1071F000012048700FE002989DF8071001F00F0180
:1072000001EBC10100EB810000F5157000900099C1
:1072100000204870FFE70099002088709DF8070063
:1072200000F00F0000990870FFE7029890F89404AE
:10723000012804D1FFE702208DF80F0014E0029925
:10724000012081F89404FFE7FFE7029800680099A5
:107250000EF0AAFDFFE70299002081F89404FFE7F1
:1072600000208DF80F00FFE79DF80F0004B080BDEF
:1072700082B001908DF8031001989DF8031001F081
:107280000F0101EBC10100EB8100D0F8680202B0F0
:10729000704700000000000080B586B004908DF8B3
:1072A0000F10ADF80C208DF80B3000208DF80A007F
:1072B0009DF80F00000600280FD5FFE704989DF801
:1072C0000F1001F00F0101EBC10100EB8100143040
:1072D00001900199012048700FE004989DF80F106B
:1072E00001F00F0101EBC10100EB810000F5157009
:1072F0000190019900204870FFE79DF80F0000F011
:107300000F0001990870BDF80C006FF3DF200199A0
:1073100088609DF80B00019908710198407820B1B0
:10732000FFE7019908784883FFE79DF80B000228E2
:1073300004D1FFE7019900204871FFE7FFE70498B7
:1073400090F89404012804D1FFE702208DF817007B
:1073500015E00499012081F89404FFE7FFE7049801
:10736000006801990EF068F9FFE70499002081F8A0
:107370009404FFE79DF80A008DF81700FFE79DF8D9
:10738000170006B080BD000080B586B005908DF86E
:1073900013100392029305989DF8131001F00F014A
:1073A00001EBC10100EB810000F51570019003981D
:1073B0000199C8600298019908610199002048610B
:1073C000019948709DF8130000F00F0001990870B2
:1073D00005988079012804D1FFE703980199C861D5
:1073E000FFE7059A1068019992790EF081FD00205F
:1073F00006B080BD0000000080B584B002908DF81A
:1074000007109DF8070000F00F00029909798842E3
:1074100004D9FFE701208DF80F0058E09DF8070020
:10742000000600280FD5FFE702989DF8071001F02D
:107430000F0101EBC10100EB8100143000900099B5
:10744000012048700DE002989DF8071001EBC10182
:1074500000EB810000F51570009000990020487045
:10746000FFE70099012088709DF8070000F00F00E9
:1074700000990870FFE7029890F89404012804D15D
:10748000FFE702208DF80F0021E00299012081F82A
:107490009404FFE7FFE70298006800990EF0D4FC1F
:1074A0009DF80700000740B9FFE7029A106891793C
:1074B00002F29C420EF028FCFFE7FFE70299002051
:1074C00081F89404FFE700208DF80F00FFE79DF896
:1074D0000F0004B080BD000080B586B005908DF827
:1074E00013100392029305989DF8131001F00F01F9
:1074F00001EBC10100EB8100143001900398019968
:10750000C8600298019908610199002048610199B9
:10751000012048709DF8130000F00F0001990870D9
:1075200005988079012804D1FFE703980199C86183
:10753000FFE7059A1068019992790EF0D9FC0020B6
:1075400006B080BD0000000080B58CB00B900B9899
:1075500000680A900A9809900B9800680FF054F898
:10756000002840F04384FFE70B9800680FF0C4F850
:1075700010B9FFE700F03ABC0998D0F80808C0F34A
:107580000D200B99C1F8D4040B9800680FF0B4F8E3
:107590008007002807D5FFE70B980168486900F0CD
:1075A00002004861FFE70B9800680FF0A5F8C006DD
:1075B000002862D5FFE70B980168886920F0100069
:1075C00088610A98006A02900B98029901F00F01F5
:1075D00001EBC10100EB810000F5157008900298E5
:1075E00000F4F0110220B0EB514F23D1FFE7BDF8BA
:1075F000080047F6F07108421BD0FFE70A98089987
:10760000C968029AC2F30A120FF086F8029847F688
:10761000F07100EA0103089AD06800EB1310D06003
:10762000029800EA01020899486900EB12104861CB
:10763000FFE71BE0029800F4F0110620B0EB514F79
:1076400012D1FFE70A980B9901F29C4108220FF032
:1076500063F8029847F6F07100EA01020899486958
:1076600000EB1210486100E0FFE7FFE70B980168AC
:10767000886940F010008861FFE70B9800680FF000
:107680003BF80003002840F1A680FFE700200490AB
:107690000B9800680EF0DCFF0690FFE706980028C4
:1076A00000F09880FFE79DF81800C007002800F060
:1076B0008A80FFE70B9800689DF810100FF004F81F
:1076C00005909DF81400C00760B1FFE70998049980
:1076D00000EB41110120C1F8080B0B98049907F049
:1076E000F3FFFFE79DF81400000700280CD5FFE723
:1076F0000998049900EB41110820C1F8080B0B9878
:10770000049907F099FFFFE79DF81400C0060028D0
:1077100008D5FFE70998049900EB41111020C1F842
:10772000080BFFE79DF81400800700282DD5FFE720
:107730000A9840690006002808D5FFE70999D1F8A2
:10774000040840F48060C1F80408FFE70B9804992E
:1077500001EBC10100EB810000F51570089008985D
:10776000C078012809D1FFE708990020C8700B985C
:107770009DF8101000F04CFBFFE70998049900EB0E
:1077800041110220C1F8080BFFE79DF814008006A4
:10779000002808D5FFE70998049900EB4111202043
:1077A000C1F8080BFFE79DF815008006002809D5F1
:1077B000FFE70998049900EB41114FF40050C1F81C
:1077C000080BFFE7FFE70498013004900698400893
:1077D000069063E7FFE70B9800680EF08DFF40030B
:1077E000002840F1C680FFE70B9800680EF01CFFF0
:1077F000069000200490FFE70698002800F0B8806B
:10780000FFE79DF81800C007002800F0AA80FFE7F6
:107810000B9800689DF810100EF02EFF05909DF853
:107820001400C00700283ED0FFE7049800F00F01C5
:10783000012000FA01F10391039B099AD2F8341850
:107840009943C2F834180999049A01EB4211C1F81E
:1078500008090B98807901281FD1FFE70B9804993C
:1078600001EBC10100EB8101CA69086A104408629A
:10787000049888B9FFE70B98049901EBC10100EB6C
:107880008100406A40B9FFE70B99086801F29C4209
:1078900001210EF039FAFFE7FFE70B989DF8101071
:1078A000FFF7CAFBFFE79DF814000007002808D582
:1078B000FFE70998049900EB41110820C1F8080975
:1078C000FFE79DF81400C006002808D5FFE70998D7
:1078D000049900EB41111020C1F80809FFE79DF859
:1078E00014004006002808D5FFE70998049900EB2A
:1078F00041114020C1F80809FFE79DF814008007F6
:10790000002822D5FFE70A9804990EF015FE0B987F
:10791000049901EBC10100EB810014300890089834
:10792000C078012809D1FFE708990020C8700B989A
:107930009DF8101000F05CFAFFE70998049900EB3D
:1079400041110220C1F80809FFE79DF81400000664
:10795000002805D5FFE70B98049907F099FFFFE78A
:10796000FFE704980130049006984008069043E72A
:10797000FFE70B9800680EF0BFFEC00F00B3FFE7F3
:107980000999D1F8040820F00100C1F804080B9807
:1079900090F8CC04012808D1FFE70B98002180F86B
:1079A000CC140B98FFF7D8FA03E00B9800F0C8FB53
:1079B000FFE70B980168486900F000404861FFE765
:1079C0000B9800680EF098FE0005002811D5FFE71F
:1079D0000998D0F80808C00720B1FFE70B9800F01D
:1079E00043FCFFE70B980168486900F400604861B8
:1079F000FFE70B9800680EF07FFE0001002820D5FD
:107A0000FFE70B980168486900F0006048610B9837
:107A100090F8CC0480B9FFE70B98012180F8CC14D2
:107A20000B980068406DC0F383000B9AC2F8D00435
:107A30000B98FFF791FA03E00B9800F015FCFFE7B5
:107A4000FFE70B9800680EF057FEC004002840F1D5
:107A50008680FFE70999D1F8040820F00100C1F8F9
:107A600004080B98006810210EF066FD00200790B6
:107A7000FFE707980B990979884231D2FFE7099807
:107A8000079900EB41114FF67F30C1F808090999B9
:107A9000079A01EB4212D2F8001921F40011C2F842
:107AA00000190999079A01EB4211C1F8080B0998CE
:107AB000079900EB4111D1F8000B20F40010C1F838
:107AC000000B0998079900EB4111D1F8000B40F029
:107AD0000060C1F8000BFFE7079801300790C8E786
:107AE0000999D1F81C0840F00110C1F81C080B9846
:107AF000C07B78B1FFE70999D1F8840840F00B000A
:107B0000C1F884080999D1F8440840F00B00C1F885
:107B100044080FE00999D1F8140842F22B021043EF
:107B2000C1F814080999D1F8100840F00B00C1F809
:107B30001008FFE70999D1F8000820F4FE60C1F8A9
:107B400000080B9A1068917902F29C420EF0DCF862
:107B50000B980168486900F480504861FFE70B9872
:107B600000680EF0C9FD800400281FD5FFE70B98C0
:107B700000680DF0D1FD0B9800680EF01DFD0B990B
:107B8000C8710B980068019002F0F6F80146019860
:107B90000B9AD2790EF0BCFE0B9800F0A5FA0B9868
:107BA0000168486900F400504861FFE70B980068DD
:107BB0000EF0A2FD000700280AD5FFE70B9800F0A1
:107BC000CBFA0B980168486900F008004861FFE7AC
:107BD0000B9800680EF090FD0006002834D5FFE7F2
:107BE0000A99886920F08000886101200490FFE7ED
:107BF00004980B990979884225D2FFE70B980499DC
:107C000001EBC10100EB810090F85702012815D16A
:107C1000FFE70998049900EB4111D1F8000B40F0FF
:107C20000060C1F8000B0998049900EB4111D1F8EC
:107C3000000B40F08040C1F8000BFFE7FFE704981D
:107C400001300490D4E7FFE70B9800680EF054FD74
:107C5000C00200283CD5FFE701200490FFE704980C
:107C60000B99097988422CD2FFE70998049900EB17
:107C70004110D0F8000902900B98049901EBC10162
:107C800000EB8100007E012816D1FFE79DF80B0074
:107C90000006002810D5FFE70B98049901EBC101FD
:107CA00000EB81010120C8750B989DF8101041F080
:107CB0008001FFF7F5F9FFE7FFE704980130049032
:107CC000CDE70B980168486900F480104861FFE730
:107CD0000B9800680EF010FD8002002856D5FFE7D3
:107CE00001200490FFE704980B990979884246D255
:107CF000FFE70998049900EB4110D0F8000B0290BF
:107D00000B98049901EBC10100EB810090F8580237
:107D100001282FD1FFE79DF80B000006002829D588
:107D2000FFE7029800F480310B98D0F8D40400F0FB
:107D30000100B0EB114F1DD1FFE70B98049901EB47
:107D4000C10100EB8101012081F857020A9988697D
:107D500040F0800088610A9840690006002808D435
:107D6000FFE70999D1F8040840F40070C1F804084D
:107D700005E0FFE7FFE7049801300490B3E70B98B4
:107D80000168486900F400104861FFE70B9800683B
:107D90000EF0B2FC400000280AD5FFE70B98FFF771
:107DA0003FF90B980168486900F080404861FFE79F
:107DB0000B9800680EF0A0FC4007002815D5FFE7DF
:107DC0000B980068406802909DF808004007002862
:107DD00004D5FFE70B98FFF757F9FFE7029A0B98D6
:107DE0000168486810434860FFE7FFE70CB080BDBA
:107DF00080B582B001908DF803100198D0F8E004AE
:107E00009DF803100CF050FD02B080BD0000000092
:107E100080B582B001908DF803100198D0F8E0048D
:107E20009DF803100CF078FD02B080BD000000004A
:107E300080B58CB00A900A9820B9FFE701208DF830
:107E40002F000EE10A9890F8950440B9FFE70A99CF
:107E5000002081F894040A9800F00AF9FFE70A99D3
:107E6000032081F895040A9800680DF041FF0A9BF1
:107E70001868197C8DF8201059689A68DB68079398
:107E8000069205910599069A079BDDF820C0EE46FB
:107E9000CEF800C00DF058FC40B1FFE70A9902206F
:107EA00081F8950401208DF82F00DAE00A98006827
:107EB00000210EF08DFC40B1FFE70A99022081F805
:107EC000950401208DF82F00CBE000208DF82700CD
:107ED000FFE79DF827000A990979884241DAFFE710
:107EE0000A989DF8271001EBC10100EB81010120E8
:107EF00048759DF827000A9900EBC00201EB82014A
:107F000008759DF827000A9900EBC00201EB820179
:107F1000C8850A989DF8271001EBC10100EB81018B
:107F2000002008760A999DF8272002EBC20201EB97
:107F30008201C8610A999DF8272002EBC20201EB79
:107F4000820108620A999DF8272002EBC20201EB28
:107F500082014862FFE79DF8270001308DF8270075
:107F6000B7E700208DF82700FFE79DF827000A9962
:107F7000097988423EDAFFE70A989DF8271001EB5D
:107F8000C10100EB8101002081F855029DF8271006
:107F90000A9A01EBC10302EB830282F854120A9998
:107FA0009DF8272002EBC20201EB820181F8580202
:107FB0000A999DF8272002EBC20201EB8201C1F869
:107FC0005C020A999DF8272002EBC20201EB8201B4
:107FD000C1F860020A999DF8272002EBC20201EB6A
:107FE0008201C1F86402FFE79DF8270001308DF897
:107FF0002700BAE70A9B1868197C8DF81010596899
:108000009A68DB680393029201910199029A039B9B
:10801000DDF810C0EE46CEF800C00DF021FD40B1F5
:10802000FFE70A99022081F8950401208DF82F00BE
:1080300017E00A99002048740A99012081F89504F4
:108040000A98007B012804D1FFE70A98FEF768FF31
:10805000FFE70A9800680DF0EBFC00208DF82F0078
:10806000FFE79DF82F000CB080BD0000000000006D
:1080700080B5B2B0319002A8B821F8F73FFB319833
:1080800000680021C4F2040188422BD1FFE70020E0
:1080900003904FF4802002904FF44010239002A8E8
:1080A00000F026FC18B1FFE7F9F7F6FDFFE700F056
:1080B0004FF9FFE744F2D840C5F60200016841F0ED
:1080C00000710160006800F0007001900198FFE706
:1080D0004D20009000221146FEF702FF0098FEF7A7
:1080E000F3FEFFE732B080BD80B582B00190012081
:1080F0008DF803000198C07920B9FFE700208DF8C2
:1081000003000CE00198C079022804D1FFE70120A8
:108110008DF8030002E0F9F7BFFDFFE7FFE70198E4
:10812000D0F8E0049DF803100CF0FEFC0198D0F8A4
:10813000E0040CF075FC02B080BD000000000000FF
:1081400080B582B001900198D0F8E0040CF0B8FC42
:1081500002B080BD0000000080B582B0019001989F
:10816000D0F8E0040CF0C0FC02B080BD00000000BC
:1081700080B584B002908DF80710FFE7029890F860
:108180009404012804D1FFE702208DF80F0019E0C4
:108190000299012081F89404FFE7FFE79DF80700AA
:1081A00002994874029800689DF807100EF080FB51
:1081B000FFE70299002081F89404FFE700208DF882
:1081C0000F00FFE79DF80F0004B080BD0000000025
:1081D00080B582B001900199D1F8E00401F29C4190
:1081E0000CF0CEFC02B080BD80B584B00290029845
:1081F00000680190FFE7029890F89404012804D1E8
:10820000FFE702208DF80F0028E00299012081F895
:108210009404FFE7FFE70198C068400600280BD5EB
:10822000FFE70298407B012806D1FFE70199886BA0
:1082300040F480308863FFE7029800680EF034F95C
:10824000029800680DF0DCFBFFE70299002081F83E
:108250009404FFE700208DF80F00FFE79DF80F0062
:1082600004B080BD0000000080B582B0019001988C
:10827000D0F8E0040CF00CFD01980168D1F8000E74
:1082800040F00100C1F8000E0198C07A48B1FFE744
:108290004EF61051CEF20001086840F0060008606A
:1082A000FFE702B080BD000080B584B0029044F6C4
:1082B0000C00C5F60200006800F004010020B0EBDD
:1082C000910F13D1FFE744F60C00C5F602000068D9
:1082D00000F007000299884204D0FFE701208DF8E2
:1082E0000F002EE000208DF80F002AE044F60C016C
:1082F000C5F60201086820F00700029A10430860E2
:10830000FEF72EFD0190FFE744F60400C5F60200DB
:10831000006800F400510020B0EB513F0DD1FFE7A1
:10832000FEF71EFD0199401AB0F57A7F04D9FFE7E8
:1083300001208DF80F0004E0E6E700208DF80F0023
:10834000FFE79DF80F0004B080BD000000000000B2
:1083500044F60C01C5F60201086840F08070086020
:10836000704700000000000080B501F005FD44F2F8
:108370002041C5F602010968C1F3021246F6303108
:10838000C0F60201895C01F01F01C84080BD0000F9
:1083900088B0079044F22840C5F60200016801F059
:1083A000030106910068C0F30530059044F22C40AB
:1083B000C5F602000068C0F300100490049844F26F
:1083C0003C41C5F60201096889B2C908484300EE7C
:1083D000100AB8EE400A8DED020A0598002800F058
:1083E0001B81FFE70698009048B1FFE7009801283D
:1083F00069D0FFE70098022800F08980ABE044F2E2
:108400000040C5F60200006800F020010020B0EB3B
:10841000511F33D0FFE744F20040C5F60200006868
:10842000C0F3C10149F20000C0F2D030C84003904F
:108430009DED030AB8EE400A9DED051AB8EE411A0B
:1084400080EE010A44F23840C5F6020000686FF37E
:108450005F2001EE100AB8EE411A9DED022A9FED51
:10846000743A82EE032A31EE021AB7EE002A31EE98
:10847000021A20EE010A8DED010A23E09DED050AA6
:10848000B8EE401A9FED6C0A80EE010A44F23840C3
:10849000C5F6020000686FF35F2001EE100AB8EE27
:1084A000411A9DED022A9FED623A82EE032A31EED7
:1084B000021AB7EE002A31EE021A20EE010A8DED03
:1084C000010AFFE76BE09DED050AB8EE401A9FED4B
:1084D000590A80EE010A44F23840C5F602000068ED
:1084E0006FF35F2001EE100AB8EE411A9DED022AEB
:1084F0009FED4F3A82EE032A31EE021AB7EE002AC0
:1085000031EE021A20EE010A8DED010A47E09DEDE1
:10851000050AB8EE401A9FED450A80EE010A44F2C2
:108520003840C5F6020000686FF35F2001EE100AC4
:10853000B8EE411A9DED022A9FED3D3A82EE032AE4
:1085400031EE021AB7EE002A31EE021A20EE010ACD
:108550008DED010A23E09DED050AB8EE401A9FED6E
:10856000350A80EE010A44F23840C5F60200006880
:108570006FF35F2001EE100AB8EE411A9DED022A5A
:108580009FED2B3A82EE032A31EE021AB7EE002A53
:1085900031EE021A20EE010A8DED010AFFE79DED92
:1085A000010A44F23840C5F60200016889B2490A5E
:1085B00001EE101AB8EE411AB7EE002A31EE021A97
:1085C00080EE010A0799BCEEC00A81ED000A9DED1C
:1085D000010A0168C1F3064101EE101AB8EE411A12
:1085E00031EE021A80EE010A0799BCEEC00A81ED55
:1085F000010A9DED010A0068C0F3066001EE100A51
:10860000B8EE411A31EE021A80EE010A0798BCEE6C
:10861000C00A80ED020A07E0079900200860079968
:10862000486007998860FFE708B07047001BB74BA8
:10863000000000460024744A0024744C000000002E
:1086400088B0079044F22840C5F60200016801F0A6
:10865000030106910068C0F30550059044F22C40D8
:10866000C5F602000068C0F300200490049844F2AC
:108670004441C5F60201096889B2C908484300EEC1
:10868000100AB8EE400A8DED020A0598002800F0A5
:108690001B81FFE70698009048B1FFE7009801288A
:1086A00069D0FFE70098022800F08980ABE044F22F
:1086B0000040C5F60200006800F020010020B0EB89
:1086C000511F33D0FFE744F20040C5F602000068B6
:1086D000C0F3C10149F20000C0F2D030C84003909D
:1086E0009DED030AB8EE400A9DED051AB8EE411A59
:1086F00080EE010A44F24040C5F6020000686FF3C4
:108700005F2001EE100AB8EE411A9DED022A9FED9E
:10871000743A82EE032A31EE021AB7EE002A31EEE5
:10872000021A20EE010A8DED010A23E09DED050AF3
:10873000B8EE401A9FED6C0A80EE010A44F2404008
:10874000C5F6020000686FF35F2001EE100AB8EE74
:10875000411A9DED022A9FED623A82EE032A31EE24
:10876000021AB7EE002A31EE021A20EE010A8DED50
:10877000010AFFE76BE09DED050AB8EE401A9FED98
:10878000590A80EE010A44F24040C5F60200006832
:108790006FF35F2001EE100AB8EE411A9DED022A38
:1087A0009FED4F3A82EE032A31EE021AB7EE002A0D
:1087B00031EE021A20EE010A8DED010A47E09DED2F
:1087C000050AB8EE401A9FED450A80EE010A44F210
:1087D0004040C5F6020000686FF35F2001EE100A0A
:1087E000B8EE411A9DED022A9FED3D3A82EE032A32
:1087F00031EE021AB7EE002A31EE021A20EE010A1B
:108800008DED010A23E09DED050AB8EE401A9FEDBB
:10881000350A80EE010A44F24040C5F602000068C5
:108820006FF35F2001EE100AB8EE411A9DED022AA7
:108830009FED2B3A82EE032A31EE021AB7EE002AA0
:1088400031EE021A20EE010A8DED010AFFE79DEDDF
:10885000010A44F24040C5F60200016889B2490AA3
:1088600001EE101AB8EE411AB7EE002A31EE021AE4
:1088700080EE010A0799BCEEC00A81ED000A9DED69
:10888000010A0168C1F3064101EE101AB8EE411A5F
:1088900031EE021A80EE010A0799BCEEC00A81EDA2
:1088A000010A9DED010A0068C0F3066001EE100A9E
:1088B000B8EE411A31EE021A80EE010A0798BCEEBA
:1088C000C00A80ED020A07E00799002008600799B6
:1088D000486007998860FFE708B07047001BB74BF6
:1088E000000000460024744A0024744C000000007C
:1088F00080B59AB0189000208DF857008DF856007A
:108900001898C0780007002848D5FFE71898406EEF
:10891000149078B1FFE71498B0F5801F13D0FFE7EB
:108920001498B0F5001F16D0FFE71498B0F5401F5B
:1089300019D019E044F22C41C5F60201086840F450
:108940000030086014E018980830022107F040F861
:108950008DF857000CE018982830022107F020F914
:108960008DF8570004E003E001208DF85700FFE781
:108970009DF8570060B9FFE744F25041C5F6020187
:10898000086820F44010189A526E1043086004E002
:108990009DF857008DF85600FFE7FFE718984078DC
:1089A000C007002840D0FFE71898806D1390042876
:1089B00020D81399DFE801F0030C141C1D0044F2C9
:1089C0002C41C5F60201086840F40030086015E04B
:1089D00018980830002106F0FBFF8DF857000DE0D5
:1089E00018982830002107F0DBF88DF8570005E0D3
:1089F00004E003E001208DF85700FFE79DF85700E1
:108A000060B9FFE744F25041C5F60201086820F062
:108A10000700189A926D1043086004E09DF8570013
:108A20008DF85600FFE7FFE71898407840070028C8
:108A300056D5FFE71898D0F8A4001290C8B1FFE708
:108A40001298B0F5001F1DD0FFE71298B0F5800F07
:108A500020D0FFE71298B0F5C00F23D0FFE712989F
:108A6000B0F5000F1FD0FFE71298B0F5200F1BD014
:108A70001BE044F22C41C5F60201086840F40030C6
:108A8000086016E018980830002106F0A1FF8DF864
:108A900057000EE018982830002107F081F88DF873
:108AA000570006E005E004E003E001208DF85700E0
:108AB000FFE79DF8570068B9FFE744F25841C5F653
:108AC0000201086820F46000189AD2F8A42010432C
:108AD000086004E09DF857008DF85600FFE7FFE7B7
:108AE000189840780007002856D5FFE71898D0F866
:108AF000A8001190C8B1FFE71198B0F1807F1DD098
:108B0000FFE71198B0F1007F20D0FFE71198B0F196
:108B1000407F23D0FFE71198B0F1806F1FD0FFE7AF
:108B20001198B0F1A06F1BD01BE044F22C41C5F6A8
:108B30000201086840F40030086016E01898083018
:108B4000002106F045FF8DF857000EE018982830F8
:108B5000002107F025F88DF8570006E005E004E055
:108B600003E001208DF85700FFE79DF8570068B932
:108B7000FFE744F25841C5F60201086820F0E060C2
:108B8000189AD2F8A8201043086004E09DF8570016
:108B90008DF85600FFE7FFE71898C0788007002897
:108BA0003ED5FFE71898C06C1090F0B1FFE7109821
:108BB000102808D0FFE7109820280DD0FFE7109864
:108BC000302811D012E044F22C41C5F602010868A9
:108BD00040F4003008600DE018980830022106F0DB
:108BE000F7FE8DF8570005E004E003E001208DF862
:108BF0005700FFE79DF8570060B9FFE744F24C418A
:108C0000C5F60201086820F03000189AD26C1043B3
:108C1000086004E09DF857008DF85600FFE7FFE775
:108C200018984078C00600284ED5FFE71898C06D08
:108C30000F90A0B1FFE70F98B0F5805F18D0FFE765
:108C40000F98B0F5005F1BD0FFE70F98B0F5405FBD
:108C50001ED0FFE70F98B0F5804F1AD01AE044F20B
:108C60002C41C5F60201086840F40030086015E0A8
:108C700018980830002106F0ABFE8DF857000DE083
:108C800018982830002106F08BFF8DF8570005E07A
:108C900004E003E001208DF85700FFE79DF857003E
:108CA00060B9FFE744F25041C5F60201086820F4BC
:108CB000E040189AD26D1043086004E09DF8570018
:108CC0008DF85600FFE7FFE71898407880060028E7
:108CD0004CD5FFE71898006E0E90C8B1FFE70E98CC
:108CE000B0F5803F15D0FFE70E98B0F5003F18D0E3
:108CF000FFE70E98B0F5403F1BD0FFE70E98B0F5A8
:108D0000802F17D0FFE70E98B0F5A02F13D013E0F7
:108D100016E018980830012106F05AFE8DF8570029
:108D20000EE018982830012106F03AFF8DF8570020
:108D300006E005E004E003E001208DF85700FFE7BE
:108D40009DF8570060B9FFE744F25041C5F60201B3
:108D5000086820F4E020189A126E1043086004E0BE
:108D60009DF857008DF85600FFE7FFE71898407808
:108D7000400600284ED5FFE71898D0F8AC000D90BB
:108D8000C8B1FFE70D98B0F1805F15D0FFE70D98EF
:108D9000B0F1005F18D0FFE70D98B0F1405F1BD035
:108DA000FFE70D98B0F1804F17D0FFE70D98B0F1B5
:108DB000A04F13D013E016E018980830012106F0F8
:108DC00007FE8DF857000EE018982830012106F0B4
:108DD000E7FE8DF8570006E005E004E003E001201F
:108DE0008DF85700FFE79DF8570068B9FFE744F298
:108DF0005841C5F60201086820F0E040189AD2F800
:108E0000AC201043086004E09DF857008DF8560030
:108E1000FFE7FFE718984078000600283BD5FFE7FA
:108E20001898C06E0C90D8B1FFE70C98B0F1805F35
:108E300005D0FFE70C98B0F1005F09D011E044F2D3
:108E40002C41C5F60201086840F4003008600CE0CF
:108E500018980830012106F0BBFD8DF8570004E09A
:108E600003E001208DF85700FFE79DF8570060B937
:108E7000FFE744F25041C5F60201086820F0405077
:108E8000189AD26E1043086004E09DF857008DF8E0
:108E90005600FFE7FFE71898C078C007002837D0D2
:108EA000FFE71898806C0B90032817D80B99DFE820
:108EB00001F014020B1344F22C41C5F602010868BC
:108EC00040F4003008600DE018980830022106F0E8
:108ED0007FFD8DF8570005E004E003E001208DF8E8
:108EE0005700FFE79DF8570060B9FFE744F24C4197
:108EF000C5F60201086820F00300189A926C10432E
:108F0000086004E09DF857008DF85600FFE7FFE782
:108F1000189880784006002840F1B480FFE744F6B6
:108F20000001C5F60201086840F480700860FDF792
:108F300017FF1690FFE744F60000C5F60200006830
:108F4000C00500280CD4FFE7FDF70AFF1699401A68
:108F5000652804D3FFE703208DF8570000E0EAE717
:108F60009DF85700002840F08780FFE744F27040EA
:108F7000C5F60200006800F440701899D1F8B010EE
:108F800001F44071884213D0FFE744F27041C5F606
:108F90000201086820F440701790086840F480309F
:108FA0000860086820F48030086017980860FFE7C0
:108FB0001898D0F8B000B0F5807F1FD1FFE7FDF71B
:108FC000CFFE1690FFE744F27040C5F6020000683D
:108FD00000F002010020B0EB510F0ED1FFE7FDF7CA
:108FE000BFFE1699401A41F28931884204D3FFE747
:108FF00003208DF8570000E0E5E7FFE79DF85700F4
:10900000A0BBFFE7FFE71898D0F8B00000F440706D
:10901000B0F5407F13D1FFE744F21041C5F60201DD
:10902000086820F47C50189AD2F8B0204FF6F0432C
:10903000C0F6FF731A4040EA1210086008E044F2DC
:109040001041C5F60201086820F47C500860FFE773
:109050001898D0F8B0206FF31F3244F27041C5F673
:109060000201086810430860FFE704E09DF857001C
:109070008DF85600FFE704E09DF857008DF8560084
:10908000FFE7FFE718980068C007002800F04C8051
:10909000FFE71898806F0A9028282BD80A99DFE8F4
:1090A00001F01529292929292929162929292929B8
:1090B00029291E292929292929292629292929292E
:1090C00029292729292929292929280016E018983A
:1090D0000830012106F07CFC8DF857000EE018984E
:1090E0002830012106F05CFD8DF8570006E005E010
:1090F00004E003E001208DF85700FFE79DF85700DA
:1091000060B9FFE744F25441C5F60201086820F057
:109110003800189A926F1043086004E09DF85700D9
:109120008DF85600FFE7FFE71898007880070028C1
:1091300039D5FFE71898406F0990052819D8099983
:10914000DFE801F003040C14151616E01898083037
:10915000012106F03DFC8DF857000EE018982830EC
:10916000012106F01DFD8DF8570006E005E004E042
:1091700003E001208DF85700FFE79DF8570060B924
:10918000FFE744F25441C5F60201086820F00700E9
:10919000189A526F1043086004E09DF857008DF84C
:1091A0005600FFE7FFE718980078400700283BD5F6
:1091B000FFE71898D0F890000890052819D808996A
:1091C000DFE801F003040C14151616E018980830B7
:1091D000012106F0FDFB8DF857000EE018982830AD
:1091E000012106F0DDFC8DF8570006E005E004E003
:1091F00003E001208DF85700FFE79DF8570068B99C
:10920000FFE744F25841C5F60201086820F0070064
:10921000189AD2F890201043086004E09DF8570097
:109220008DF85600FFE7FFE71898007880060028C1
:109230004ED5FFE71898D0F88C000790C8B1FFE72B
:109240000798B0F1805F15D0FFE70798B0F1005F95
:1092500018D0FFE70798B0F1405F1BD0FFE70798F1
:10926000B0F1804F17D0FFE70798B0F1A04F13D0AF
:1092700013E016E018980830002106F0A9FB8DF8DD
:1092800057000EE018982830022106F089FC8DF86E
:10929000570006E005E004E003E001208DF85700E8
:1092A000FFE79DF8570068B9FFE744F25441C5F65F
:1092B0000201086820F0E040189AD2F88C20104390
:1092C000086004E09DF857008DF85600FFE7FFE7BF
:1092D00018980078400600284ED5FFE71898D0F877
:1092E00098000690C8B1FFE70698B0F5806F15D0DA
:1092F000FFE70698B0F5006F18D0FFE70698B0F5C5
:10930000406F1BD0FFE70698B0F5805F17D0FFE7EE
:109310000698B0F5A05F13D013E016E01898083057
:10932000002106F055FB8DF857000EE01898283004
:10933000022106F035FC8DF8570006E005E004E058
:1093400003E001208DF85700FFE79DF8570068B94A
:10935000FFE744F25841C5F60201086820F4E050E6
:10936000189AD2F898201043086004E09DF857003E
:109370008DF85600FFE7FFE71898007800060028F0
:109380004ED5FFE71898D0F89C000590C8B1FFE7CC
:109390000598B0F5005F15D0FFE70598B0F5804F50
:1093A00018D0FFE70598B0F5C04F1BD0FFE7059830
:1093B000B0F5004F17D0FFE70598B0F5204F13D058
:1093C00013E016E018980830002106F001FB8DF834
:1093D00057000EE018982830022106F0E1FB8DF8C6
:1093E000570006E005E004E003E001208DF8570097
:1093F000FFE79DF8570068B9FFE744F25841C5F60A
:109400000201086820F46040189AD2F89C201043AA
:10941000086004E09DF857008DF85600FFE7FFE76D
:10942000189800780007002820D5FFE71898D0F892
:109430008000B0F5805F0CD1FFE71898283002213A
:1094400006F0AEFB20B1FFE701208DF85600FFE7E4
:10945000FFE744F25441C5F60201086820F4405089
:10946000189AD2F8802010430860FFE71898007817
:10947000C006002820D5FFE71898D0F89400B0F572
:10948000807F0CD1FFE718982830022106F088FB76
:1094900020B1FFE701208DF85600FFE7FFE744F217
:1094A0005841C5F60201086820F44070189AD2F8B5
:1094B000942010430860FFE7189880780007002880
:1094C0003CD5FFE71898D0F8A000049050B1FFE712
:1094D0000498B0F5803F0DD0FFE70498B0F5003F49
:1094E00010D010E018980830002106F071FA8DF8BD
:1094F00057000CE018982830022106F051FB8DF837
:10950000570004E003E001208DF85700FFE79DF8C5
:10951000570068B9FFE744F25841C5F602010868F0
:1095200020F44030189AD2F8A0201043086004E0DC
:109530009DF857008DF85600FFE7FFE718988078F0
:10954000400700283FD5FFE71898D0F88400039023
:10955000B0F5801F0AD0FFE70398B0F5001F0ED0CA
:10956000FFE70398B0F5401F11D011E044F22C4101
:10957000C5F60201086840F4003008600CE0189855
:109580002830012106F00CFB8DF8570004E003E0C1
:1095900001208DF85700FFE79DF8570068B9FFE7F5
:1095A00044F25441C5F60201086820F44010189AAC
:1095B000D2F884201043086004E09DF857008DF82D
:1095C0005600FFE7FFE718988078C007A8B3FFE7C9
:1095D0001898006D029028B1FFE70298B0F5803F1F
:1095E00009D010E044F22C41C5F60201086840F4AD
:1095F000003008600BE018980830022106F0E8F906
:109600008DF8570003E001208DF85700FFE79DF823
:10961000570060B9FFE744F24C41C5F60201086803
:1096200020F48030189A126D1043086004E09DF811
:1096300057008DF85600FFE7FFE71898C0788006BE
:1096400000280CD5FFE718982830022106F0A8FA68
:1096500020B1FFE701208DF85600FFE7FFE71898DB
:109660008078800700283AD5FFE71898C06F0190EE
:10967000D0B1FFE70198B0F5807F0AD0FFE70198ED
:10968000B0F5007F0ED0FFE70198B0F5407F0AD01B
:109690000BE044F22C41C5F60201086840F40030AA
:1096A000086006E005E004E003E001208DF85700C3
:1096B000FFE79DF8570060B9FFE744F25441C5F653
:1096C0000201086820F44070189AD26F10430860B5
:1096D00004E09DF857008DF85600FFE7FFE7189863
:1096E0008078C00600280CD5FFE744F25041C5F64B
:1096F0000201086820F00040189A126F10430860B9
:10970000FFE718988078800600280CD5FFE744F220
:109710005041C5F60201086820F08070189A926ED8
:1097200010430860FFE71898C0784006002811D55C
:10973000FFE7FFE744F21041C5F60201086820F494
:10974000004008601898D0F8B420086810430860FA
:10975000FFE7FFE71898C078000600280CD5FFE760
:1097600044F24C41C5F60201086820F04050189AB6
:10977000526D10430860FFE71898807800060028B3
:109780000DD5FFE744F25441C5F60201086820F404
:109790004000189AD2F8882010430860FFE7189814
:1097A0000079C00790B1FFE718980830002106F053
:1097B0000FF98DF857009DF8570008B9FFE704E04E
:1097C0009DF857008DF85600FFE7FFE718980079DD
:1097D0008007002812D5FFE718980830012106F00D
:1097E000F7F88DF857009DF8570008B9FFE704E037
:1097F0009DF857008DF85600FFE7FFE718980079AD
:109800004007002812D5FFE718980830022106F01B
:10981000DFF88DF857009DF8570008B9FFE704E01E
:109820009DF857008DF85600FFE7FFE7189800797C
:109830000007002812D5FFE718982830002106F00D
:10984000AFF98DF857009DF8570008B9FFE704E01D
:109850009DF857008DF85600FFE7FFE7189800794C
:10986000C006002812D5FFE718982830012106F01D
:1098700097F98DF857009DF8570008B9FFE704E005
:109880009DF857008DF85600FFE7FFE7189800791C
:109890008006002812D5FFE718982830022106F02C
:1098A0007FF98DF857009DF8570008B9FFE704E0ED
:1098B0009DF857008DF85600FFE7FFE79DF856002A
:1098C00020B9FFE700208DF8670003E001208DF844
:1098D0006700FFE79DF867001AB080BD0000000038
:1098E00080B586B004900391049820B9FFE7012069
:1098F0008DF817003CE2039842F20001C5F2002106
:10990000096801F00F01884216D9FFE742F2000012
:10991000C5F20020016821F00F01039A1143016094
:10992000006800F00F000399884204D0FFE701208F
:109930008DF817001CE2FFE7049800784007002824
:1099400019D5FFE70498006944F21841C5F60201F1
:10995000096801F0700188420CD9FFE744F2184110
:10996000C5F60201086820F07000049A12691043DD
:109970000860FFE7FFE7049800780007002819D582
:10998000FFE70498406944F21C41C5F602010968EA
:1099900001F0700188420CD9FFE744F21C41C5F682
:1099A0000201086820F07000049A526910430860B0
:1099B000FFE7FFE704980078C006002819D5FFE705
:1099C0000498806944F21C41C5F60201096801F45B
:1099D000E06188420CD9FFE744F21C41C5F6020160
:1099E000086820F4E060049A926910430860FFE779
:1099F000FFE7049800788006002819D5FFE704984F
:109A0000C06944F22041C5F60201096801F0700105
:109A100088420CD9FFE744F22041C5F602010868EC
:109A200020F07000049AD26910430860FFE7FFE756
:109A3000049800788007002819D5FFE70498C068CB
:109A400044F21841C5F60201096801F00F0188428D
:109A50000CD9FFE744F21841C5F60201086820F06E
:109A60000F00049AD26810430860FFE7FFE70498EC
:109A70000078C007002800F08C80FFE744F218410E
:109A8000C5F60201086820F47060049A92681043D9
:109A9000086004984068022811D1FFE744F20040B2
:109AA000C5F60200006800F400310020B0EB514F11
:109AB00004D1FFE701208DF8170059E13EE004983A
:109AC0004068032811D1FFE744F20040C5F60200C8
:109AD000006800F000710020B0EB516F04D1FFE787
:109AE00001208DF8170043E127E004984068012821
:109AF00011D1FFE744F20040C5F60200006800F40F
:109B000080710020B0EB112F04D1FFE701208DF808
:109B100017002DE110E044F20040C5F60200006895
:109B200000F004010020B0EB910F04D1FFE7012009
:109B30008DF817001CE1FFE7FFE7FFE744F2104153
:109B4000C5F60201086820F00700049A5268104325
:109B50000860FDF705F90190FFE744F21040C5F6F3
:109B60000200006800F0380004994968B0EBC10FAA
:109B70000ED0FFE7FDF7F4F80199401A41F2893160
:109B8000884204D3FFE703208DF81700F0E0E4E7F4
:109B9000FFE7049800788007002819D5FFE70498AC
:109BA000C06844F21841C5F60201096801F00F01CE
:109BB00088420CD2FFE744F21841C5F6020108685A
:109BC00020F00F00049AD26810430860FFE7FFE717
:109BD000039842F20001C5F20021096801F00F016B
:109BE000884216D2FFE742F20000C5F20020016869
:109BF00021F00F01039A11430160006800F00F008B
:109C00000399884204D0FFE701208DF81700AFE0E8
:109C1000FFE7049800784007002819D5FFE704986B
:109C2000006944F21841C5F60201096801F07001AB
:109C300088420CD2FFE744F21841C5F602010868D9
:109C400020F07000049A126910430860FFE7FFE7F4
:109C5000049800780007002819D5FFE704984069A8
:109C600044F21C41C5F60201096801F07001884206
:109C70000CD2FFE744F21C41C5F60201086820F04F
:109C80007000049A526910430860FFE7FFE70498E8
:109C90000078C006002819D5FFE70498806944F2CF
:109CA0001C41C5F60201096801F4E06188420CD24A
:109CB000FFE744F21C41C5F60201086820F4E060A9
:109CC000049A926910430860FFE7FFE70498007860
:109CD0008006002819D5FFE70498C06944F22041A6
:109CE000C5F60201096801F0700188420CD2FFE755
:109CF00044F22041C5F60201086820F07000049A81
:109D0000D26910430860FFE7FFE700F089F844F2EA
:109D10001842C5F602021168C1F3032346F630313A
:109D2000C0F60201CB5C03F01F03D84000900098FE
:109D3000126802F00F02895C01F01F01C84040F276
:109D4000C401C2F200410860009840F2C001C2F2B2
:109D50000041086040F2C810C2F200400068FDF700
:109D600057F88DF80B009DF80B008DF81700FFE7F2
:109D70009DF8170006B080BD80B582B000F050F8A5
:109D800044F21842C5F602021168C1F3032346F6F5
:109D90003031C0F60201CB5C03F01F03D8400190C4
:109DA0000198126802F00F02895C01F01F0120FA8D
:109DB00001F140F2C400C2F200400160019940F29A
:109DC000C002C2F200421160006802B080BD000013
:109DD00080B5FFF7D1FF44F21C41C5F602010968C6
:109DE000C1F3021246F63031C0F60201895C01F07F
:109DF0001F01C84080BD000080B5FFF7BDFF44F2E1
:109E00001C41C5F602010968C1F3022246F6303151
:109E1000C0F60201895C01F01F01C84080BD00004E
:109E20008AB044F21040C5F60200006800F0380025
:109E300001460191182800F269810199DFE811F0CB
:109E40001900660166016601660166016601660128
:109E50003A006601660166016601660166016601F7
:109E600040006601660166016601660166016601E1
:109E7000460044F20040C5F60200006800F02001F0
:109E80000020B0EB511F0ED0FFE744F20040C5F6B2
:109E900002000068C0F3C10149F20000C0F2D030F6
:109EA000C840029005E049F20000C0F2D0300290B4
:109EB000FFE731E140F60010C0F23D0002902BE1D7
:109EC00043F20060C0F26E10029025E144F2284097
:109ED000C5F60200016801F0030108910068C0F3B3
:109EE0000510079044F22C40C5F60200006800F00F
:109EF00001000690069844F23441C5F60201096853
:109F000089B2C908484300EE100AB8EE400A8DED48
:109F1000040A0798002800F0F580FFE708980090F1
:109F200048B1FFE70098012869D0FFE700980228B0
:109F300000F08980ABE044F20040C5F60200006802
:109F400000F020010020B0EB511F33D0FFE744F2B6
:109F50000040C5F602000068C0F3C10149F20000EC
:109F6000C0F2D030C84005909DED050AB8EE400A19
:109F70009DED071AB8EE411A80EE010A44F2304016
:109F8000C5F6020000686FF35F2001EE100AB8EE1C
:109F9000411A9DED042A9FED633A82EE032A31EEC9
:109FA000021AB7EE002A31EE021A20EE010A8DEDF8
:109FB000030A23E09DED070AB8EE401A9FED5B0A05
:109FC00080EE010A44F23040C5F6020000686FF3EB
:109FD0005F2001EE100AB8EE411A9DED042A9FEDB4
:109FE000513A82EE032A31EE021AB7EE002A31EE20
:109FF000021A20EE010A8DED030AFFE76BE09DEDEA
:10A00000070AB8EE401A9FED480A80EE010A44F2B2
:10A010003040C5F6020000686FF35F2001EE100AC1
:10A02000B8EE411A9DED042A9FED3E3A82EE032AD6
:10A0300031EE021AB7EE002A31EE021A20EE010AC2
:10A040008DED030A47E09DED070AB8EE401A9FED3B
:10A05000340A80EE010A44F23040C5F6020000687E
:10A060006FF35F2001EE100AB8EE411A9DED042A4D
:10A070009FED2C3A82EE032A31EE021AB7EE002A47
:10A0800031EE021A20EE010A8DED030A23E09DED68
:10A09000070AB8EE401A9FED240A80EE010A44F246
:10A0A0003040C5F6020000686FF35F2001EE100A31
:10A0B000B8EE411A9DED042A9FED1A3A82EE032A6A
:10A0C00031EE021AB7EE002A31EE021A20EE010A32
:10A0D0008DED030AFFE744F23040C5F60200006848
:10A0E00081B2012000EB512009909DED030A9DED06
:10A0F000091AB8EE411A80EE010ABCEEC00A8DEDD5
:10A10000020A02E000200290FFE705E040F600109E
:10A11000C0F23D000290FFE702980AB0704700BF0E
:10A12000001BB74B000000460024744A0024744C06
:10A1300080B58CB00A900A9828B9FFE701208DF805
:10A140002F0000F001BD0A980078C007002800F039
:10A15000B980FFE744F21040C5F60200006800F045
:10A160003800069044F22840C5F6020000680590C9
:10A17000069810280AD0FFE7069818281CD1FFE798
:10A18000059800F00300022816D1FFE744F20040D2
:10A19000C5F60200006800F400310020B0EB514F1A
:10A1A00009D0FFE70A98406828B9FFE701208DF839
:10A1B0002F0000F0C9BC84E0FFE70A984068B0F5C2
:10A1C000803F09D1FFE744F20041C5F6020108686B
:10A1D00040F48030086032E00A98406868B9FFE7D0
:10A1E00044F20041C5F60201086820F4803008609E
:10A1F000086820F48020086020E00A984068B0F5E4
:10A20000A02F0DD1FFE744F20041C5F60201086816
:10A2100040F480200860086840F4803008600CE05A
:10A2200044F20041C5F60201086820F4803008605D
:10A23000086820F480200860FFE7FFE7FFE7FFE7FA
:10A240000A984068F0B1FFE7FCF78AFD0990FFE744
:10A2500044F20040C5F60200006800F4003100201E
:10A26000B0EB514F0DD1FFE7FCF77AFD0999401A89
:10A27000652805D3FFE703208DF82F0000F064BCAC
:10A28000E6E71DE0FCF76CFD0990FFE744F20040B3
:10A29000C5F60200006800F400310020B0EB514F19
:10A2A0000DD0FFE7FCF75CFD0999401A652805D33E
:10A2B000FFE703208DF82F0000F046BCE6E7FFE73C
:10A2C000FFE7FFE70A9800788007002840F1C58083
:10A2D000FFE744F21040C5F60200006800F03800C5
:10A2E000049044F22840C5F60200006803900498E8
:10A2F00050B1FFE70498182850D1FFE79DF80C00F3
:10A30000800700284AD1FFE744F20040C5F602006A
:10A31000006800F004010020B0EB910F09D0FFE7C6
:10A320000A98C06828B9FFE701208DF82F0000F0D7
:10A330000BBC44F20041C5F60201086820F0190088
:10A340000A9AD26810430860FCF70AFD0990FFE7FB
:10A3500044F20040C5F60200006800F0040100204D
:10A36000B0EB910F0CD1FFE7FCF7FAFC0999401A0A
:10A37000032804D3FFE703208DF82F00E4E3E7E789
:10A3800044F20441C5F60201086820F0FE400A9A32
:10A39000126940EA02600860FFE75DE00A98C06861
:10A3A000A0B3FFE744F20041C5F60201086820F0BF
:10A3B00019000A9AD26810430860FCF7D1FC099092
:10A3C000FFE744F20040C5F60200006800F0040117
:10A3D0000020B0EB910F0CD1FFE7FCF7C1FC09990D
:10A3E000401A032804D3FFE703208DF82F00ABE3C6
:10A3F000E7E744F20441C5F60201086820F0FE4098
:10A400000A9A126940EA0260086024E044F20041BE
:10A41000C5F60201086820F001000860FCF7A0FC06
:10A420000990FFE744F20040C5F60200006800F022
:10A4300004010020B0EB910F0CD0FFE7FCF790FC7B
:10A440000999401A032804D3FFE703208DF82F0051
:10A450007AE3E7E7FFE7FFE7FFE70A980078C0063F
:10A46000002840F1A080FFE744F21040C5F602004A
:10A47000006800F03800029044F22840C5F602005F
:10A4800000680190029808280AD0FFE7029818286F
:10A490002BD1FFE7019800F00300012825D1FFE749
:10A4A00044F20040C5F60200006800F4807100200C
:10A4B000B0EB112F09D0FFE70A98C069802804D0BB
:10A4C000FFE701208DF82F003EE3FFE744F20C4147
:10A4D000C5F60201086820F07C500A9A126A40EA28
:10A4E00002600860FFE7FFE75CE00A98C06998B384
:10A4F000FFE744F20041C5F60201086840F0800021
:10A500000860FCF72DFC0990FFE744F20040C5F617
:10A510000200006800F480710020B0EB112F0CD114
:10A52000FFE7FCF71DFC0999401A032804D3FFE755
:10A5300003208DF82F0007E3E7E7FFE744F20C4123
:10A54000C5F60201086820F07C500A9A126A40EAB7
:10A5500002600860FFE724E044F20041C5F6020112
:10A56000086820F080000860FCF7FAFB0990FFE71C
:10A5700044F20040C5F60200006800F4807100203B
:10A58000B0EB112F0CD0FFE7FCF7EAFB0999401A5A
:10A59000032804D3FFE703208DF82F00D4E2E7E778
:10A5A000FFE7FFE7FFE70A980078000700284FD58C
:10A5B000FFE70A98406928B3FFE744F27441C5F603
:10A5C0000201086840F001000860FCF7C9FB09902F
:10A5D000FFE744F27440C5F60200006800F0020193
:10A5E0000020B0EB510F0CD1FFE7FCF7B9FB099944
:10A5F000401A032804D3FFE703208DF82F00A3E2BD
:10A60000E7E724E044F27441C5F60201086820F04F
:10A6100001000860FCF7A4FB0990FFE744F27440D6
:10A62000C5F60200006800F002010020B0EB510FF7
:10A630000CD0FFE7FCF794FB0999401A032804D3D8
:10A64000FFE703208DF82F007EE2E7E7FFE7FFE753
:10A650000A980078800600284FD5FFE70A9880699D
:10A6600028B3FFE744F20041C5F60201086840F450
:10A6700080500860FCF774FB0990FFE744F200404B
:10A68000C5F60200006800F400510020B0EB513F15
:10A690000CD1FFE7FCF764FB0999401A032804D3A7
:10A6A000FFE703208DF82F004EE2E7E724E044F2B5
:10A6B0000041C5F60201086820F480500860FCF7EC
:10A6C0004FFB0990FFE744F20040C5F60200006826
:10A6D00000F400510020B0EB513F0CD0FFE7FCF735
:10A6E0003FFB0999401A032804D3FFE703208DF8A4
:10A6F0002F0029E2E7E7FFE7FFE70A980078400725
:10A70000002840F1A780FFE744F60001C5F60201EA
:10A71000086840F480700860FCF722FB0990FFE7AE
:10A7200044F60000C5F602000068C00500280CD4FD
:10A73000FFE7FCF715FB0999401A652804D3FFE7EA
:10A7400003208DF82F00FFE1EAE7FFE70A98806811
:10A75000012809D1FFE744F27041C5F602010868FB
:10A7600040F00100086031E00A98806868B9FFE7AE
:10A7700044F27041C5F60201086820F0010008604B
:10A78000086820F0040008601FE00A988068052827
:10A790000DD1FFE744F27041C5F60201086840F0B0
:10A7A00004000860086840F0010008600CE044F212
:10A7B0007041C5F60201086820F0010008600868D1
:10A7C00020F004000860FFE7FFE7FFE7FFE70A98D3
:10A7D0008068F8B1FFE7FCF7C3FA0990FFE744F29D
:10A7E0007040C5F60200006800F002010020B0EBE6
:10A7F000510F0ED1FFE7FCF7B3FA0999401A41F265
:10A800008931884204D3FFE703208DF82F009BE1B4
:10A81000E5E71EE0FCF7A4FA0990FFE744F2704078
:10A82000C5F60200006800F002010020B0EB510FF5
:10A830000ED0FFE7FCF794FA0999401A41F28931EA
:10A84000884204D3FFE703208DF82F007CE1E5E781
:10A85000FFE7FFE70A98406A002800F07181FFE7F0
:10A8600044F21040C5F60200006800F038001828D5
:10A8700000F0E080FFE70A98406A022840F0B480C8
:10A88000FFE744F20041C5F60201086820F080703D
:10A890000860FCF765FA0990FFE744F20040C5F64E
:10A8A0000200006800F000710020B0EB516F0CD086
:10A8B000FFE7FCF755FA0999401A032804D3FFE78C
:10A8C00003208DF82F003FE1E7E7FFE744F228413E
:10A8D000C5F60201086840F2F33290430A9B9A6A77
:10A8E000DB6A42EA0312104308600A99086BD1F848
:10A8F00034C08B6BCA6B01386FF35F204FF6006179
:10A90000CFF6FF7101EB4C2189B208440021CFF64C
:10A91000FF7101EB034101F4FE0108444FF07F4158
:10A9200001EB026101F0FE41084444F23041C5F6FA
:10A9300002010860FFE744F22C41C5F602010091D4
:10A94000086820F00100086044F23442C5F60202B3
:10A9500010684FF6F87398430A9B9B6C40EAC3005B
:10A960001060086820F00C000A9A126C104308600E
:10A97000086820F002000A9A526C104308600868C8
:10A9800040F480300860086840F4003008600868CF
:10A9900040F480200860086840F00100086044F23C
:10A9A0000041C5F60201086840F080700860FCF7BD
:10A9B000D7F90990FFE744F20040C5F602000068AD
:10A9C00000F000710020B0EB516F0CD1FFE7FCF7F5
:10A9D000C7F90999401A032804D3FFE703208DF82B
:10A9E0002F00B1E0E7E724E044F20041C5F60201A0
:10A9F000086820F080700860FCF7B2F90990FFE762
:10AA000044F20040C5F60200006800F0007100202A
:10AA1000B0EB516F0CD0FFE7FCF7A2F90999401A8F
:10AA2000032804D3FFE703208DF82F008CE0E7E72D
:10AA3000FFE784E044F22840C5F602000068089071
:10AA400044F23040C5F60200006807900A98406A58
:10AA5000012837D0FFE7089800F003000A99896AB7
:10AA600088422FD1FFE7089800F47C710A98C06AE9
:10AA7000B0EB111F26D1FFE707986FF35F200A990B
:10AA8000096B013988421DD1FFE7BDF81C100A98F7
:10AA9000406B0138B0EB512F14D1FFE7079800F459
:10AAA000FE010A98806B0138B0EB114F0AD1FFE725
:10AAB000079800F0FE410A98C06B0138B0EB116FA7
:10AAC00004D0FFE701208DF82F003DE044F2344030
:10AAD000C5F60200006880B2C00808900A98806C31
:10AAE0000899884229D0FFE744F22C41C5F60201BB
:10AAF000086820F001000860FCF732F90990FFE7D0
:10AB0000FCF72EF90999401A08B9FFE7F8E744F273
:10AB10003441C5F6020108684FF6F87290430A9A6C
:10AB2000926C40EAC200086044F22C41C5F6020172
:10AB3000086840F001000860FFE7FFE7FFE7FFE774
:10AB400000208DF82F00FFE79DF82F000CB080BD8E
:10AB500081B0009001B0704780B588B00790079829
:10AB6000006800690690079800684069059006989B
:10AB700005990840049007980068806803900020B9
:10AB80000290079890F881008DF8070007980068F8
:10AB9000303000909DF815000007002810D5FFE721
:10ABA0009DF81800000700280AD5FFE707980168FC
:10ABB000886940F400608861079800F0C5FB91E166
:10ABC0009DF810004006002815D4FFE79DF81000FE
:10ABD000800600280FD4FFE79DF8100040070028EA
:10ABE00009D5FFE70798416F88470798016F8847A5
:10ABF00001200290FFE79DF810004006002811D4C4
:10AC0000FFE79DF81000C00760B1FFE79DF8100056
:10AC10004007002806D4FFE70798016F8847012006
:10AC20000290FFE79DF810008006002812D4FFE78D
:10AC30009DF81000800700280CD5FFE79DF8100054
:10AC40004007002806D4FFE70798416F8847012096
:10AC50000290FFE7029808B1FFE743E19DF810007A
:10AC60000007002840F18980FFE70798016888699C
:10AC700040F00800886107980168886940F010007A
:10AC8000886107980168886940F4006088610798C6
:10AC90000168086920F0080008610798006880686A
:10ACA00010F4404F3AD1FFE7FFE70798B0F86A0089
:10ACB00098B3FFE70798C06810280BD3FFE7079801
:10ACC0000068006B0799496E08600799486E043068
:10ACD00048661BE00798C06808280AD3FFE7009879
:10ACE00000880799496E08800799486E02304866C7
:10ACF0000BE00798006890F830000799496E0870DB
:10AD00000799486E01304866FFE7FFE70799B1F8F9
:10AD10006A000138A1F86A00C7E7FFE7079805F065
:10AD20002FF80799012081F881000798D0F8840056
:10AD300020B1FFE70798FFF70BFFD3E09DF807006E
:10AD4000052804D1FFE7079801F05AF814E09DF8B0
:10AD50000700042804D1FFE7079800F0F1FA0AE0A1
:10AD60009DF80700032804D1FFE7079801F044F895
:10AD700000E0FFE7FFE7FFE7B4E0BDF8100010F4E4
:10AD8000587F00F0AF80FFE79DF8100040060028D4
:10AD90000ED5FFE70799D1F8840040F00400C1F810
:10ADA000840007980168886940F040008861FFE7E7
:10ADB0009DF81100800700280ED5FFE70799D1F80C
:10ADC000840040F00100C1F8840007980168886998
:10ADD00040F400708861FFE79DF81100C00770B172
:10ADE000FFE70799D1F8840040F00800C1F884001B
:10ADF00007980168886940F480708861FFE79DF8D2
:10AE00001000800600280ED5FFE70799D1F88400CE
:10AE100040F08000C1F8840007980168886940F01C
:10AE200020008861FFE70798D0F88400002858D0F8
:10AE3000FFE707980168086820F00100086007989C
:10AE40000168086940F26B3290430861039800F48E
:10AE50004040B0F5404F3BD1FFE707980168886854
:10AE600020F4404088600798C06FB0B1FFE70798B2
:10AE7000C16F4FF69960C0F6000008650798C06F73
:10AE8000F7F7D2FD40B1FFE70799D1F8840040F011
:10AE90004000C1F88400FFE7FFE70798806FB0B17A
:10AEA000FFE70798816F4FF69960C0F600000865CC
:10AEB0000798806FF7F7B8FD40B1FFE70799D1F821
:10AEC000840040F04000C1F88400FFE7FFE707E09E
:10AED0000799012081F881000798FFF739FEFFE705
:10AEE000FFE7FFE708B080BD80B586B00490049806
:10AEF00020B9FFE701208DF817003AE10498406A75
:10AF000008B9FFE7FFE70499002088620498006809
:10AF100043F20001C4F2010188421BD0FFE704980C
:10AF2000006843F60001C4F20001884212D0FFE736
:10AF30000498006843F60041C4F20001884209D039
:10AF4000FFE70498C068102804D3FFE701208DF8BC
:10AF500017000EE1049805F007F8029004980068C5
:10AF600043F20001C4F20101884216D0FFE70498C1
:10AF7000006843F60001C4F2000188420DD0FFE7EB
:10AF80000498006843F60041C4F20001884204D0EE
:10AF9000FFE7029808281FD8FFE70498006843F2EB
:10AFA0000001C4F20101884212D0FFE70498006852
:10AFB00043F60001C4F20001884209D0FFE704987B
:10AFC000006843F60041C4F20001884208D1FFE75F
:10AFD0000298112804D3FFE701208DF81700C8E07C
:10AFE000049890F8810040B9FFE70499002081F8A7
:10AFF0008000049800F0C4F8FFE70499022081F86B
:10B00000810004980168086820F001000860049835
:10B010000068806800F4F810039004988069B0F12B
:10B02000806F1BD1FFE704984068B0F5800F04D112
:10B03000FFE70498806B50B1FFE70498406868B957
:10B04000FFE70498806BB0F1805F07D1FFE70498B9
:10B050000168086840F480500860FFE70498807930
:10B060004006002810D5FFE70498C06807280BD3D6
:10B07000FFE704980068006820F48070049A116863
:10B08000126D1043086006E004980168086820F417
:10B0900080700860FFE7049B1968DA68D869D3F804
:10B0A00028C040EA0C00DDF80CC040EA0C00DB6B65
:10B0B000184310438860049A0192506B516A084308
:10B0C000916B0843916908431168D2F804C09368F2
:10B0D000D2F810E040EA0E00D2F814E040EA0E0088
:10B0E000D2F820E040EA0E0040EA0C00D2F84CC052
:10B0F00040EA0C001843936C1843926D1043C860EB
:10B100000498406898B9FFE70498006880680121B6
:10B1100061F3CC200499096888600498006880680D
:10B12000022161F34A20049909688860FFE70498C6
:10B130000168086D20F001000865049880794006D8
:10B1400000280BD5FFE704980068C06820F0004095
:10B15000049A1168526D1043C860FFE704990020FB
:10B16000C1F88400049A012182F881108DF817003B
:10B17000FFE79DF8170006B080BD0000000000004A
:10B1800080B5C0B03F9000203E903D903C903B90F9
:10B190003A900CA8B821F5F7B1FA3F98006843F649
:10B1A0000001C4F20001884240F0C680FFE70020A1
:10B1B0000D904FF480510C9123900CA8FDF798FB53
:10B1C00018B1FFE7F6F768FDFFE7FFE744F2E84054
:10B1D000C5F60200016841F480410160006800F496
:10B1E00080400B900B98FFE7FFE744F2E040C5F684
:10B1F0000200016841F004010160006800F00400F1
:10B200000A900A98FFE7FFE744F2E040C5F6020023
:10B21000016841F002010160006800F0020009903D
:10B220000998FFE706203A90022003903B90002007
:10B2300007903C90032004903D90052005903E909F
:10B2400040F60000C5F602003AA90691FBF77CFB28
:10B25000DDF80CC0049A05980699079B4FF4005E30
:10B26000CDF8E8E0CDF8ECC03C933D923E9040F242
:10B270000040C5F60200FBF767FB079945F6F8406A
:10B28000C2F20040089040F22842C4F2020202607A
:10B29000272242608160C1604FF480620261416197
:10B2A0008161C1614FF4403202624162F8F7FCFFF4
:10B2B00018B1FFE7F6F7F0FCFFE7FFE73F9845F628
:10B2C000F841C2F20041C1673F988863FFE745F645
:10B2D0007050C2F20040029040F27041C4F202018C
:10B2E000016028214160402181600021C1604FF44C
:10B2F0008062026141618161C1614FF4003202628A
:10B300004162F8F7D1FF18B1FFE7F6F7C5FCFFE798
:10B31000FFE73F9845F67051C2F2004181673F98C0
:10B320008863FFE72420019000221146FBF7D8FD37
:10B330000198FBF7C9FDFFE740B080BD00000000A9
:10B3400081B0009001B0704781B0009001B07047AB
:10B3500080B590B0DDF848C00E900D910C92ADF81C
:10B360002E300E98006820300A900E980068303019
:10B3700009900E98C16B012000EB5110ADF812003E
:10B38000FBF7EEFC0890BDF82E00ADF81600BDF8F6
:10B390002E00ADF814000E9890F88100012804D01A
:10B3A000FFE702208DF83F0050E30D9838B1FFE72A
:10B3B0000C9820B1FFE7BDF82E0020B9FFE701206F
:10B3C0008DF83F0042E3FFE70E9890F880000128D7
:10B3D00004D1FFE702208DF83F0037E30E990120EA
:10B3E00081F88000FFE7FFE70E99052081F88100D2
:10B3F0000E990020C1F884000C990E9A5166BDF890
:10B400002E100E9AA2F86A10BDF82E100E9AA2F80D
:10B4100068100D990E9AD165BDF82E100E9AA2F8FB
:10B420006210BDF82E100E9AA2F860100E990867EF
:10B430000E9948670E980068C06820F4C0200E99E5
:10B440000968C8600E98006843F20001C4F2010167
:10B45000884212D0FFE70E98006843F60001C4F25C
:10B460000001884209D0FFE70E98006843F60041CA
:10B47000C4F20001884203D1FFE71020079002E0E8
:10B4800008200790FFE70E98006840684FF6FF71AC
:10B490008843BDF82E1008440E99096848600E983C
:10B4A0000168086840F0010008600E984068B0F537
:10B4B000800F07D1FFE70E980168086840F400701C
:10B4C0000860FFE70E98C0681028C0F0B580FFE75D
:10B4D000079880080790FFE7BDF816100120039039
:10B4E00039B9FFE7BDF81400002818BF0120039008
:10B4F000FFE70398C007002800F09D80FFE70E9843
:10B50000006840698007002822D5FFE7BDF81600D3
:10B51000F0B1FFE7BDF81400BDF81610079A11440A
:10B52000884215D2FFE70E980168C06D0068086276
:10B530000E99C86D0430C8650E99B1F862000138E3
:10B54000A1F862000E98B0F86200ADF81600FFE7AF
:10B550000E98006840690690BDF81400002869D074
:10B56000FFE70E9800684069C007B0B1FFE70E988A
:10B570000068006B0E99496E08600E99486E0430A1
:10B5800048660E99B1F86A000138A1F86A000E9871
:10B59000B0F86A00ADF814004BE0BDF81400BDF837
:10B5A000121088421CDAFFE79DF8190000060028F7
:10B5B00016D5FFE70E980068006B0E99496E08607B
:10B5C0000E99486E043048660E99B1F86A00013849
:10B5D000A1F86A000E98B0F86A00ADF8140027E0F0
:10B5E000FBF7BEFB0899401A1299884204D3FFE783
:10B5F0001298013018B9FFE71298C0B9FFE70E980A
:10B6000004F0BEFB0E99D1F8840040F48070C1F8BC
:10B6100084000E99012081F88100FFE70E99002037
:10B6200081F88000FFE703208DF83F000EE2FFE77E
:10B63000FFE7FFE750E7DCE10E98C0680828C0F09C
:10B64000DE80FFE7079840080790FFE7BDF8161077
:10B650000120029039B9FFE7BDF81400002818BF97
:10B6600001200290FFE70298C007002800F0C68082
:10B67000FFE70E98006840698007002822D5FFE7A1
:10B68000BDF81600F0B1FFE7BDF81400BDF81610C4
:10B69000079A1144884215D2FFE70E98C06D0088C2
:10B6A0000A9908800E99C86D0230C8650E99B1F8E4
:10B6B00062000138A1F862000E98B0F86200ADF89F
:10B6C0001600FFE70E98006840690690BDF8140068
:10B6D000002800F09280FFE70E9800684069C007DC
:10B6E000A8B1FFE7099800880E99496E08800E9965
:10B6F000486E023048660E99B1F86A000138A1F828
:10B700006A000E98B0F86A00ADF8140074E0BDF855
:10B710001400BDF81210884224DAFFE79DF81900E2
:10B72000000600281ED5FFE7099800880E99496E8B
:10B7300008800E99486E02304866099800880E9974
:10B74000496E08800E99486E023048660E99B1F82D
:10B750006A000238A1F86A000E98B0F86A00ADF8E5
:10B76000140048E0BDF8140001281BD1FFE79DF844
:10B7700019008006002815D5FFE7099800880E9962
:10B78000496E08800E99486E023048660E99B1F8ED
:10B790006A000138A1F86A000E98B0F86A00ADF8A6
:10B7A000140027E0FBF7DCFA0899401A1299884246
:10B7B00004D3FFE71298013018B9FFE71298C0B917
:10B7C000FFE70E9804F0DCFA0E99D1F8840040F4FB
:10B7D0008070C1F884000E99012081F88100FFE794
:10B7E0000E99002081F88000FFE703208DF83F00CC
:10B7F0002CE1FFE7FFE7FFE7FFE727E7F8E0FFE7D8
:10B80000BDF816100120019039B9FFE7BDF814000A
:10B81000002818BF01200190FFE70198C007002809
:10B8200000F0E580FFE70E98006840698007002877
:10B8300023D5FFE7BDF81600F8B1FFE7BDF8140007
:10B84000BDF81610079A1144884216D2FFE70E98E9
:10B850000168C06D007881F820000E99C86D013034
:10B86000C8650E99B1F862000138A1F862000E981F
:10B87000B0F86200ADF81600FFE70E980068406966
:10B880000690BDF81400002800F0B080FFE70E9885
:10B8900000684069C007B8B1FFE70E98006890F8EB
:10B8A00030000E99496E08700E99486E0130486656
:10B8B0000E99B1F86A000138A1F86A000E98B0F844
:10B8C0006A00ADF8140090E0BDF81400BDF8121045
:10B8D00088423EDAFFE79DF819000006002838D5B7
:10B8E000FFE70E98006890F830000E99496E0870D6
:10B8F0000E99486E013048660E98006890F8300046
:10B900000E99496E08700E99486E013048660E987F
:10B91000006890F830000E99496E08700E99486ED4
:10B92000013048660E98006890F830000E99496E14
:10B9300008700E99486E013048660E99B1F86A0099
:10B940000438A1F86A000E98B0F86A00ADF8140047
:10B950004AE0BDF8140003281DD8FFE79DF8190040
:10B9600010F0600F17D0FFE70E98006890F83000D5
:10B970000E99496E08700E99486E013048660E990E
:10B98000B1F86A000138A1F86A000E98B0F86A00B0
:10B99000ADF8140027E0FBF7E3F90899401A129973
:10B9A000884204D3FFE71298013018B9FFE71298D4
:10B9B000C0B9FFE70E9804F0E3F90E99D1F88400BE
:10B9C00040F48070C1F884000E99012081F8810054
:10B9D000FFE70E99002081F88000FFE703208DF833
:10B9E0003F0033E0FFE7FFE7FFE7FFE708E7FFE798
:10B9F000FFE70E98129B08996A4611600821002201
:10BA000004F09AFB40B1FFE70E99D1F8840040F0B2
:10BA10002000C1F88400FFE70E9804F0B1F90E99F8
:10BA2000012081F88100FFE70E99002081F8800055
:10BA3000FFE70E98D0F8840020B1FFE701208DF8D1
:10BA40003F0003E000208DF83F00FFE79DF83F0036
:10BA500010B080BD0000000080B586B00490039156
:10BA60000292ADF80630049890F88100012804D0C5
:10BA7000FFE702208DF81700B9E1039838B1FFE71E
:10BA8000029820B1FFE7BDF8060020B9FFE70120CA
:10BA90008DF81700ABE1FFE7049890F880000128CB
:10BAA00004D1FFE702208DF81700A0E104990120DE
:10BAB00081F88000FFE7FFE70499052081F8810005
:10BAC00004990020C1F884000399049AD165BDF857
:10BAD0000610049AA2F86010BDF80610049AA2F8A5
:10BAE00062100299049A5166BDF80610049AA2F8F1
:10BAF0006810BDF80610049AA2F86A100499086745
:10BB00000499486704980068C06820F4C02004992C
:10BB10000968C86004980168886820F4404088601B
:10BB20000498C06810280ED3FFE70498C06F80699E
:10BB3000B0F5804F28D1FFE70498806F8069B0F599
:10BB4000804F21D1FFE70498C068082826D3FFE77B
:10BB50000498C06F8069B0F5005F07D0FFE70498D4
:10BB6000C06F8069B0F5804F0ED1FFE70498806FF9
:10BB70008069B0F5005F11D0FFE70498806F80699D
:10BB8000B0F5804F0AD0FFE7FFE70499002081F865
:10BB90008000FFE701208DF8170028E10498C068B5
:10BBA000072841D8FFE70498806F8069B0F5005FEF
:10BBB00009D1FFE70498B0F8620001304008049909
:10BBC000A1F86200FFE70498806F8069B0F5804FAC
:10BBD00009D1FFE70498B0F86200033080080499A7
:10BBE000A1F86200FFE70498C06F8069B0F5005FBC
:10BBF00009D1FFE70498B0F86A00013040080499C1
:10BC0000A1F86A00FFE70498C06F8069B0F5804F23
:10BC100009D1FFE70498B0F86A000330800804995E
:10BC2000A1F86A00FFE727E00498C0680F2821D830
:10BC3000FFE70498806F8069B0F5804F09D1FFE776
:10BC40000498B0F86200013040080499A1F862003D
:10BC5000FFE70498C06F8069B0F5804F09D1FFE716
:10BC60000498B0F86A00013040080499A1F86A000D
:10BC7000FFE700E0FFE7FFE70498C16F4FF60970A8
:10BC8000C0F6000008640498C16F4FF62170C0F63A
:10BC90000000C8630498C16F4FF6C960C0F6000089
:10BCA000C8640498C16F00200865049B19685A6E27
:10BCB000D86F3031B3F86A30F8F7A6FFA8B1FFE7C4
:10BCC0000499D1F8840040F01000C1F88400049970
:10BCD000012081F88100FFE70499002081F88000AD
:10BCE000FFE701208DF8170081E00498016888685B
:10BCF00040F4804088600498816F002008640499B3
:10BD0000896FC8630499896F08650498816F4FF63D
:10BD1000C960C0F60000C864049B1A68D96D986FAA
:10BD20002032B3F86230F8F76FFFC8B1FFE704982C
:10BD3000C06FF6F7BDF90499D1F8840040F0100007
:10BD4000C1F884000499012081F88100FFE704997B
:10BD5000002081F88000FFE701208DF8170046E001
:10BD60000498806FC069B0F5807F0AD1FFE704981E
:10BD7000006840684FF6FF7188430499096848607D
:10BD80000CE00498006840684FF6FF718843BDF8E6
:10BD900006100844049909684860FFE704980168A0
:10BDA000886840F40040886004980168086940F49D
:10BDB0005870086104980168086840F00100086044
:10BDC00004984068B0F5800F07D1FFE70498016838
:10BDD000086840F400700860FFE7FFE7049900205E
:10BDE00081F88000FFE700208DF81700FFE79DF83D
:10BDF000170006B080BD000081B0009001B0704710
:10BE000080B584B003900398006843F20001C4F247
:10BE10000101884213D1FFE740F21051C2F2004104
:10BE2000029148680989FAF76FFF0299D1F8103139
:10BE3000B1F80A2101F10A008A31984739E00398E4
:10BE4000006843F60001C4F20001884213D1FFE705
:10BE500040F22461C2F20041019148680989FAF771
:10BE600053FF0199D1F81031B1F80A2101F10A000C
:10BE70008A3198471CE00398006843F60041C4F2F9
:10BE80000001884213D1FFE740F23871C2F200414D
:10BE9000009148680989FAF737FF0099D1F8103105
:10BEA000B1F80A2101F10A008A319847FFE7FFE75C
:10BEB000FFE704B080BD000081B0009001B0704782
:10BEC00082B00190009140F20441C5F6000108687B
:10BED000019A9043009A1043086002B07047000036
:10BEE00080B582B00190019804F07AF902B080BD6B
:10BEF00081B0009001B0704781B0009001B07047F0
:10BF000081B0009001B0704785B003900291FFE7C7
:10BF1000039890F83C00012804D1FFE702208DF837
:10BF20001300ABE00399012081F83C00FFE7FFE735
:10BF30000399022081F83D00039800684068019051
:10BF40000398006880680090039800680021C4F29C
:10BF50000101884209D0FFE70398006840F20041E0
:10BF6000C4F2010188420AD1FFE7019820F4700071
:10BF7000019002984168019808430190FFE70198F9
:10BF800020F0700001900298016801980843019028
:10BF90000198039909684860039800680021C4F279
:10BFA000010188424ED0FFE703980068B0F1804F4E
:10BFB00048D0FFE70398006840F20041C4F2000156
:10BFC00088423FD0FFE70398006840F60001C4F2C2
:10BFD0000001884236D0FFE70398006840F6004130
:10BFE000C4F2000188422DD0FFE70398006840F2B8
:10BFF0000041C4F20101884224D0FFE703980068A1
:10C0000041F60001C4F2000188421BD0FFE703980B
:10C01000006844F20001C4F20101884212D0FFE737
:10C02000039800684EF20001C4F20001884209D072
:10C03000FFE7039800684EF20041C4F20001884215
:10C040000ED1FFE7009820F08000009002988168F0
:10C050000098084300900098039909688860FFE7FA
:10C060000399012081F83D00FFE70399002081F842
:10C070003C00FFE700208DF81300FFE79DF8130058
:10C0800005B070470000000080B582B000900098B5
:10C0900020B9FFE701208DF8070045E0009890F8EF
:10C0A0003D0040B9FFE70099002081F83C0000986E
:10C0B00000F03EF8FFE70099022081F83D0000996A
:10C0C00051F8040B04F0D4F90099012081F84800DC
:10C0D000FFE70099012081F83E00009981F83F00B8
:10C0E000009981F84000009981F84100009981F899
:10C0F0004200009981F84300FFE7FFE70099012023
:10C1000081F84400009981F84500009981F84600C3
:10C11000009981F84700FFE70099012081F83D0070
:10C1200000208DF80700FFE79DF8070002B080BDF2
:10C1300080B586B005900598006840F20041C4F2D1
:10C140000001884210D1FFE7FFE744F2E840C5F65E
:10C150000200016841F002010160006800F0020085
:10C1600004900498FFE745E00598006840F6000158
:10C17000C4F20001884219D1FFE7FFE744F2E8402A
:10C18000C5F60200016841F004010160006800F09A
:10C19000040003900398FFE71E2001900221002273
:10C1A000FAF79EFE0198FAF78FFE22E005980068E4
:10C1B00040F60041C4F20001884219D1FFE7FFE7D1
:10C1C00044F2E840C5F60200016841F00801016050
:10C1D000006800F0080002900298FFE7322000900B
:10C1E00001210022FAF77CFE0098FAF76DFEFFE7C6
:10C1F000FFE7FFE706B080BD83B00190019890F89B
:10C200003D00012804D0FFE701208DF80B0083E0FA
:10C210000199022081F83D0001980168C86840F04A
:10C220000100C860019800680021C4F20101884241
:10C230004ED0FFE701980068B0F1804F48D0FFE78B
:10C240000198006840F20041C4F2000188423FD0EA
:10C25000FFE70198006840F60001C4F2000188423F
:10C2600036D0FFE70198006840F60041C4F20001B3
:10C2700088422DD0FFE70198006840F20041C4F2E7
:10C280000101884224D0FFE70198006841F60001CF
:10C29000C4F2000188421BD0FFE70198006844F215
:10C2A0000001C4F20101884212D0FFE70198006842
:10C2B0004EF20001C4F20001884209D0FFE7019864
:10C2C00000684EF20041C4F20001884219D1FFE734
:10C2D0000198006880680721C0F2010108400090C1
:10C2E000009806280CD0FFE70098B0F5803F07D0F3
:10C2F000FFE701980168086840F001000860FFE767
:10C3000006E001980168086840F001000860FFE756
:10C3100000208DF80B00FFE79DF80B0003B070477D
:10C3200080B586B00490039100208DF80B00FFE7E4
:10C33000049890F83C00012804D1FFE702208DF812
:10C340001700D1E00499012081F83C00FFE7FFE7E6
:10C350000499022081F83D000498006880680190EB
:10C3600001984FF68871CFF6CE7108400190019880
:10C3700020F47F400190019804990968886003982F
:10C3800000680090002800F09580FFE700981028D2
:10C3900000F09080FFE70098202800F08B80FFE7F6
:10C3A0000098302800F08680FFE70098402874D07D
:10C3B000FFE70098502856D0FFE7009860285FD02C
:10C3C000FFE7009870282AD0FFE70098B0F5805F5B
:10C3D00024D0FFE70098B0F5005F35D0FFE7009864
:10C3E000B0F5801F66D0FFE70098B0F1101F61D054
:10C3F000FFE700982021C0F2100188425AD0FFE7E1
:10C4000000983021C0F21001884253D0FFE7009815
:10C410004021C0F2100188424CD052E055E004980F
:10C420000068039B5A689968DB6804F0B9F90498BE
:10C43000006880680190019840F0770001900198B1
:10C4400004990968886040E004980068039B5A6872
:10C450009968DB6804F0A4F904980168886840F4DE
:10C460008040886031E004980068039A5168D2687F
:10C4700004F0C2FD04980068502104F0ADF924E0F6
:10C4800004980068039A5168D26804F00DFE04987D
:10C490000068602104F0A0F917E004980068039A8E
:10C4A0005168D26804F0A8FD04980068402104F0A7
:10C4B00093F90AE0049800680399096804F08CF97C
:10C4C00003E001208DF80B00FFE70499012081F8BB
:10C4D0003D00FFE70499002081F83C00FFE79DF84C
:10C4E0000B008DF81700FFE79DF8170006B080BD20
:10C4F00081B0009001B0704780B584B0039003987C
:10C500000068C068029003980068006901909DF877
:10C5100004008007002824D5FFE79DF80800800765
:10C5200000281DD5FFE7039801686FF0020008613D
:10C53000039901200877039800688069800720B17B
:10C54000FFE70398FFF7D4FF06E0039800F030F907
:10C55000039800F061FAFFE7039900200877FFE7EE
:10C56000FFE79DF804004007002825D5FFE79DF868
:10C570000800400700281ED5FFE7039801686FF008
:10C580000400086103990220087703980068806915
:10C5900010F4407F04D0FFE70398FFF7A9FF06E0FF
:10C5A000039800F005F9039800F036FAFFE70399C5
:10C5B00000200877FFE7FFE79DF804000007002848
:10C5C00024D5FFE79DF80800000700281DD5FFE7E8
:10C5D000039801686FF00800086103990420087748
:10C5E00003980068C069800720B1FFE70398FFF750
:10C5F0007FFF06E0039800F0DBF8039800F00CFAE8
:10C60000FFE7039900200877FFE7FFE79DF80400A4
:10C61000C006002825D5FFE79DF80800C0060028C1
:10C620001ED5FFE7039801686FF0100008610399B9
:10C630000820087703980068C06910F4407F04D090
:10C64000FFE70398FFF754FF06E0039800F0B0F807
:10C65000039800F0E1F9FFE7039900200877FFE76E
:10C66000FFE79DF80400C00778B1FFE79DF80800D8
:10C67000C00748B1FFE7039801686FF00100086147
:10C68000039800F021FBFFE7FFE7019800F080002E
:10C69000802806D0FFE79DF805008006002810D509
:10C6A000FFE79DF808000006002809D5FFE703987A
:10C6B00001686FF4025008610398FFF71DFCFFE763
:10C6C000FFE79DF80500C00780B1FFE79DF808006F
:10C6D0000006002809D5FFE7039801686FF4807011
:10C6E00008610398FFF704FCFFE7FFE79DF80400EB
:10C6F0004006002810D5FFE79DF8080040060028F6
:10C7000009D5FFE7039801686FF0400008610398BE
:10C7100000F062FBFFE7FFE79DF8040080060028B9
:10C7200010D5FFE79DF808008006002809D5FFE72F
:10C73000039801686FF0200008610398FFF7E0FBA1
:10C74000FFE7FFE704B080BD80B588B00790002008
:10C75000069005900490039002900798006840F2BC
:10C760000041C4F2000188421ED1FFE7FFE744F216
:10C77000E040C5F60200016841F002010160006876
:10C7800000F0020001900198FFE702200290039060
:10C79000002104910591069040F20040C5F6020088
:10C7A00002A9FAF7D1F8FFE708B080BD0000000049
:10C7B00081B0009001B0704780B586B004900391BD
:10C7C000029200208DF80700FFE7049890F83C00E3
:10C7D000012804D1FFE702208DF81700C0E004997A
:10C7E000012081F83C00FFE7FFE702980090142841
:10C7F00000F2A7800099DFE801F00BA4A4A424A410
:10C80000A4A43EA4A4A457A4A4A471A4A4A48A008C
:10C8100004980068039904F08FF804980168886907
:10C8200040F00800886104980168886920F00400DD
:10C8300088610398026904980168886910438861D7
:10C8400083E004980068039904F022F904980168D1
:10C85000886940F40060886104980168886920F460
:10C86000806088610398026904980168886940EAD9
:10C870000220886169E004980068039904F0C0F917
:10C8800004980168C86940F00800C861049801680C
:10C89000C86920F00400C86103980269049801681F
:10C8A000C8691043C86150E004980068039904F017
:10C8B0005FFA04980168C86940F40060C861049890
:10C8C0000168C86920F48060C8610398026904980F
:10C8D0000168C86940EA0220C86136E0049800682F
:10C8E000039904F0B5FA04980168486D40F0080017
:10C8F000486504980168486D20F004004865039875
:10C90000026904980168486D104348651DE0049869
:10C910000068039904F004FB04980168486D40F432
:10C920000060486504980168486D20F4806048659F
:10C930000398026904980168486D40EA022048653E
:10C9400003E001208DF80700FFE7FFE704990020CE
:10C9500081F83C00FFE79DF807008DF81700FFE71E
:10C960009DF8170006B080BD80B582B00090009899
:10C9700020B9FFE701208DF8070045E0009890F806
:10C980003D0040B9FFE70099002081F83C00009885
:10C9900000F03EF8FFE70099022081F83D00009981
:10C9A00051F8040B03F064FD0099012081F8480060
:10C9B000FFE70099012081F83E00009981F83F00CF
:10C9C000009981F84000009981F84100009981F8B0
:10C9D0004200009981F84300FFE7FFE7009901203A
:10C9E00081F84400009981F84500009981F84600DB
:10C9F000009981F84700FFE70099012081F83D0088
:10CA000000208DF80700FFE79DF8070002B080BD09
:10CA100081B0009001B0704781B0009001B07047C4
:10CA200080B590B00E900D910D9828B9FFE70E9843
:10CA300090F83E000B9034E00D98042805D1FFE7F4
:10CA40000E9890F83F000A9028E00D98082805D12C
:10CA5000FFE70E9890F8400009901CE00D980C2814
:10CA600005D1FFE70E9890F84100089010E00D986E
:10CA7000102805D1FFE70E9890F84200079004E0D7
:10CA80000E9890F843000790FFE707980890FFE79B
:10CA900008980990FFE709980A90FFE70A980B9019
:10CAA000FFE70B98012804D0FFE701208DF83F0035
:10CAB00003E10D9828B9FFE70E99022081F83E00A6
:10CAC00038E00D98042806D1FFE70E99022081F87E
:10CAD0003F0006902CE00D98082806D1FFE70E993C
:10CAE000022081F8400005901FE00D980C2806D127
:10CAF000FFE70E99022081F84100049012E00D98A2
:10CB0000102806D1FFE70E99022081F84200039019
:10CB100005E00E99022081F843000390FFE7039897
:10CB20000490FFE704980590FFE705980690FFE75B
:10CB30000698FFE70E9800680D990122019203F014
:10CB400013FE01980E9909680022C4F20102914275
:10CB500002902DD0FFE70E980168012040F20042BC
:10CB6000C4F201029142029022D0FFE70E980168C0
:10CB7000012044F20002C4F201029142029017D057
:10CB8000FFE70E980168012044F20042C4F201025E
:10CB9000914202900CD0FFE70E9800684BF600011E
:10CBA000CBF6FE710844B0FA80F040090290FFE72E
:10CBB0000298C00738B1FFE70E980168486C40F44E
:10CBC00000404864FFE70E9800680021C4F20101AC
:10CBD00088424ED0FFE70E980068B0F1804F48D0F1
:10CBE000FFE70E98006840F20041C4F2000188425D
:10CBF0003FD0FFE70E98006840F60001C4F2000144
:10CC0000884236D0FFE70E98006840F60041C4F233
:10CC1000000188422DD0FFE70E98006840F20041E5
:10CC2000C4F20101884224D0FFE70E98006841F663
:10CC30000001C4F2000188421BD0FFE70E98006893
:10CC400044F20001C4F20101884212D0FFE70E98BD
:10CC500000684EF20001C4F20001884209D0FFE7EB
:10CC60000E9800684EF20041C4F20001884219D1CA
:10CC7000FFE70E98006880680721C0F201010840B4
:10CC80000C900C9806280CD0FFE70C98B0F5803F6C
:10CC900007D0FFE70E980168086840F001000860BF
:10CCA000FFE706E00E980168086840F001000860A0
:10CCB000FFE700208DF83F00FFE79DF83F0010B030
:10CCC00080BD00000000000080B582B00190019896
:10CCD00000680021C4F20101884207D1FFE740F655
:10CCE0005C00C2F200404068804773E00198006831
:10CCF000B0F1804F07D1FFE740F66400C2F2004078
:10CD00004068804765E00198006840F20041C4F245
:10CD10000001884207D1FFE740F66C00C2F20040F4
:10CD20004068804754E00198006840F60001C4F272
:10CD30000001884207D1FFE740F67400C2F20040CC
:10CD40004068804743E00198006840F60041C4F223
:10CD50000001884207D1FFE740F67C00C2F20040A4
:10CD60004068804732E00198006841F20001C4F257
:10CD70000001884207D1FFE740F68400C2F200407C
:10CD80004068804721E00198006841F20041C4F208
:10CD90000001884207D1FFE740F68C00C2F2004054
:10CDA0004068804710E00198006840F20041C4F2FA
:10CDB0000101884207D1FFE740F69400C2F200402B
:10CDC00040688047FFE7FFE7FFE7FFE7FFE7FFE790
:10CDD000FFE7FFE702B080BD81B0009001B070476F
:10CDE00083B00190FFE7019890F88400012804D1F6
:10CDF000FFE702208DF80B002CE00199012081F85B
:10CE00008400FFE7FFE701992420C1F8880001981A
:10CE100000680068009001980168086820F001002F
:10CE20000860009820F000500090019900204866AA
:10CE3000009801990968086001992020C1F88800CC
:10CE4000FFE70199002081F88400FFE700208DF8BA
:10CE50000B00FFE79DF80B0003B0704700000000D7
:10CE600080B586B004900391ADF80A200498D0F8FC
:10CE70008C00202844D1FFE7039820B1FFE7BDF8DC
:10CE80000A0020B9FFE701208DF817003CE0049963
:10CE90000120C86604990020086704980399BDF82A
:10CEA0000A2005F015FE8DF809009DF8090010BB59
:10CEB000FFE70498C06E012818D1FFE704980168C5
:10CEC00010200862FFE7FFE70498006850E8000FB1
:10CED00040F010000190FFE701990498026842E8D1
:10CEE00000100028F0D1FFE7FFE703E001208DF8F4
:10CEF0000900FFE7FFE79DF809008DF8170003E040
:10CF000002208DF81700FFE79DF8170006B080BDDE
:10CF100080B588B00790ADF81A100798006841F204
:10CF20000001C4F20101884211D1FFE7BDF81A00E7
:10CF300040F6AC11C2F20041A1F808010798B1F81F
:10CF400004215200843192B2FFF78AFF7DE20798F4
:10CF5000006845F20001C4F20001884240F0F98007
:10CF6000FFE7BDF81A0040F6EC51C2F20041A1F80B
:10CF70000801B1F80801B1F8041188420BDCFFE7A1
:10CF800040F6EC50C2F20040D0F80C21BDF81A1067
:10CF900084309047FFE7079840F6EC51C2F2004119
:10CFA000B1F804215200843192B2FFF759FF45F6DF
:10CFB000E850C2F2004000681021C4F20201884229
:10CFC00000F0B280FFE745F6E850C2F2004000688A
:10CFD0002821C4F20201884200F0A680FFE745F64E
:10CFE000E850C2F2004000684021C4F202018842C9
:10CFF00000F09A80FFE745F6E850C2F20040006872
:10D000005821C4F20201884200F08E80FFE745F605
:10D01000E850C2F2004000687021C4F20201884268
:10D0200000F08280FFE745F6E850C2F20040006859
:10D030008821C4F20201884276D0FFE745F6E85025
:10D04000C2F200400068A021C4F2020188426BD005
:10D05000FFE745F6E850C2F200400068B821C4F28C
:10D060000201884260D0FFE745F6E850C2F2004076
:10D07000006840F21041C4F20201884254D0FFE738
:10D0800045F6E850C2F20040006840F22841C4F280
:10D090000201884248D0FFE745F6E850C2F200405E
:10D0A000006840F24041C4F2020188423CD0FFE7F0
:10D0B00045F6E850C2F20040006840F25841C4F220
:10D0C0000201884230D0FFE745F6E850C2F2004046
:10D0D000006840F27041C4F20201884224D0FFE7A8
:10D0E00045F6E850C2F20040006840F28841C4F2C0
:10D0F0000201884218D0FFE745F6E850C2F200402E
:10D10000006840F2A041C4F2020188420CD0FFE75F
:10D1100045F6E850C2F20040006840F2B841C4F25F
:10D12000020188420AD1FFE745F6E850C2F200400A
:10D130000168086820F00800086009E045F6E8503A
:10D14000C2F200400168086820F004000860FFE7B0
:10D150007AE10798006847F60001C4F200018842AE
:10D1600040F0EA80FFE7BDF81A1041F20C00C2F26D
:10D1700000400490A0F80811D0F80C21BDF81A1056
:10D18000843005909047049A05990798B2F80421D5
:10D19000FFF766FE45F66060C2F2004000681021AD
:10D1A000C4F20201884200F0B280FFE745F66060F9
:10D1B000C2F2004000682821C4F20201884200F057
:10D1C000A680FFE745F66060C2F20040006840219B
:10D1D000C4F20201884200F09A80FFE745F66060E1
:10D1E000C2F2004000685821C4F20201884200F0F7
:10D1F0008E80FFE745F66060C2F200400068702153
:10D20000C4F20201884200F08280FFE745F66060C8
:10D21000C2F2004000688821C4F20201884276D040
:10D22000FFE745F66060C2F200400068A021C4F24A
:10D23000020188426BD0FFE745F66060C2F2004011
:10D240000068B821C4F20201884260D0FFE745F6C9
:10D250006060C2F20040006840F21041C4F2020176
:10D26000884254D0FFE745F66060C2F20040006893
:10D2700040F22841C4F20201884248D0FFE745F657
:10D280006060C2F20040006840F24041C4F2020116
:10D2900088423CD0FFE745F66060C2F2004000687B
:10D2A00040F25841C4F20201884230D0FFE745F60F
:10D2B0006060C2F20040006840F27041C4F20201B6
:10D2C000884224D0FFE745F66060C2F20040006863
:10D2D00040F28841C4F20201884218D0FFE745F6C7
:10D2E0006060C2F20040006840F2A041C4F2020156
:10D2F00088420CD0FFE745F66060C2F2004000684B
:10D3000040F2B841C4F2020188420AD1FFE745F673
:10D310006060C2F200400168086820F00800086000
:10D3200009E045F66060C2F200400168086820F03C
:10D3300004000860FFE786E00798006847F60041B0
:10D34000C4F20001884223D1FFE7BDF81A0041F280
:10D350001C11C2F200410391A1F808010798B1F82D
:10D3600004218431FFF77CFD0399B1F80801B1F87D
:10D37000041188420BDCFFE741F21C10C2F20040AE
:10D38000D0F80C21BDF81A1084309047FFE759E01F
:10D390000798006841F60001C4F20101884223D1D8
:10D3A000FFE7BDF81A0041F22C21C2F200410291C0
:10D3B000A1F808010798B1F804218431FFF750FD66
:10D3C0000299B1F80801B1F8041188420BDCFFE7BB
:10D3D00041F22C20C2F20040D0F80C21BDF81A1006
:10D3E00084309047FFE72CE00798006841F6004141
:10D3F000C4F20101884223D1FFE7BDF81A0040F6CC
:10D400009C01C2F200410191A1F808010798B1F80E
:10D4100004218431FFF724FD0199B1F80801B1F826
:10D42000041188420BDCFFE740F69C00C2F200408A
:10D43000D0F80C21BDF81A1084309047FFE7FFE7C1
:10D44000FFE7FFE7FFE7FFE7FFE708B080BD000069
:10D4500081B0009001B0704780B584B00290019116
:10D46000FFE7029890F88400012804D1FFE702202A
:10D470008DF80F0032E00299012081F88400FFE767
:10D48000FFE702992420C1F888000298006800682C
:10D49000009002980168086820F001000860029876
:10D4A0000068806820F0606001990843029909686B
:10D4B0008860029803F018FF0098029909680860D4
:10D4C00002992020C1F88800FFE70299002081F826
:10D4D0008400FFE700208DF80F00FFE79DF80F00A4
:10D4E00004B080BD0000000080B584B002900191BE
:10D4F000FFE7029890F88400012804D1FFE702209A
:10D500008DF80F0032E00299012081F88400FFE7D6
:10D51000FFE702992420C1F888000298006800689B
:10D52000009002980168086820F0010008600298E5
:10D530000068806820F060400199084302990968FA
:10D540008860029803F0D0FE00980299096808608C
:10D5500002992020C1F88800FFE70299002081F895
:10D560008400FFE700208DF80F00FFE79DF80F0013
:10D5700004B080BD0000000081B0009001B0704791
:10D5800081B0009001B0704780B586B004900498D7
:10D59000D0F8880003900498D0F88C00029004988A
:10D5A000006880680006002836D5FFE70398212828
:10D5B00032D1FFE7FFE7FFE70498006850E8020F69
:10D5C00020F080000190FFE701990498026842E88A
:10D5D00002100028F0D1FFE7FFE70498C06FB8B150
:10D5E000FFE70498C06FF4F763FD80B1FFE704988C
:10D5F000C06FF5F771FD202808D1FFE704991020CE
:10D60000C1F8900003208DF8170049E0FFE7FFE71D
:10D61000049804F0A1FAFFE70498006880684006C7
:10D62000002839D5FFE70298222835D1FFE7FFE728
:10D63000FFE70498006850E8020F20F040000090D7
:10D64000FFE700990498026842E802100028F0D130
:10D65000FFE7FFE70498D0F88000C8B1FFE704981F
:10D66000D0F88000F4F724FD88B1FFE70498D0F8E3
:10D670008000F5F731FD202808D1FFE7049910203C
:10D68000C1F8900003208DF8170009E0FFE7FFE7DD
:10D69000049804F0EDF9FFE700208DF81700FFE78C
:10D6A0009DF8170006B080BD80B586B0059005983E
:10D6B000006847F60001C4F20001884240F0FA8099
:10D6C000FFE705980021C0F890100598026808202F
:10D6D0001062059802680120106205980268022015
:10D6E0001062059802680420106241F20C00C2F238
:10D6F00000400390A0F80811843004908021F2F7D4
:10D70000FDFF039A04990598B2F80421FFF7A8FBDE
:10D7100045F66060C2F2004000681021C4F20201C8
:10D72000884200F0B280FFE745F66060C2F2004038
:10D7300000682821C4F20201884200F0A680FFE7B9
:10D7400045F66060C2F2004000684021C4F2020168
:10D75000884200F09A80FFE745F66060C2F2004020
:10D7600000685821C4F20201884200F08E80FFE771
:10D7700045F66060C2F2004000687021C4F2020108
:10D78000884200F08280FFE745F66060C2F2004008
:10D7900000688821C4F20201884276D0FFE745F68E
:10D7A0006060C2F200400068A021C4F20201884219
:10D7B0006BD0FFE745F66060C2F200400068B82118
:10D7C000C4F20201884260D0FFE745F66060C2F211
:10D7D0000040006840F21041C4F20201884254D077
:10D7E000FFE745F66060C2F20040006840F2284161
:10D7F000C4F20201884248D0FFE745F66060C2F2F9
:10D800000040006840F24041C4F2020188423CD02E
:10D81000FFE745F66060C2F20040006840F2584100
:10D82000C4F20201884230D0FFE745F66060C2F2E0
:10D830000040006840F27041C4F20201884224D0E6
:10D84000FFE745F66060C2F20040006840F28841A0
:10D85000C4F20201884218D0FFE745F66060C2F2C8
:10D860000040006840F2A041C4F2020188420CD09E
:10D87000FFE745F66060C2F20040006840F2B84140
:10D88000C4F2020188420AD1FFE745F66060C2F2A5
:10D8900000400168086820F00800086009E045F6CB
:10D8A0006060C2F200400168086820F0040008606F
:10D8B000FFE7FFE70598006841F60041C4F2010167
:10D8C000884228D1FFE705980021C0F890100598FC
:10D8D000026808201062059802680120106205980D
:10D8E000026802201062059802680420106240F667
:10D8F0009C00C2F200400190A0F808118430029010
:10D900008021F2F7FBFE019A02990598B2F80421F2
:10D91000FFF7A6FAFFE706B080BD00000000000098
:10D9200080B592B0119011980068C069109011985C
:10D93000006800680F901198006880680E90109839
:10D9400040F60F0108400D900D98E0B9FFE79DF8F3
:10D9500040008006002815D5FFE79DF83C008006B2
:10D96000002806D4FFE79DF83B00C006002809D533
:10D97000FFE71198406F20B1FFE71198416F88478A
:10D98000FFE74AE3FFE70D98002800F00C81FFE76E
:10D990000E980121C1F20001084209D1FFE70F985A
:10D9A00040F22011C0F20041084200F0FC80FFE785
:10D9B0009DF84000C00788B1FFE79DF83D00C00713
:10D9C00060B1FFE711980168012008621199D1F850
:10D9D000900040F00100C1F89000FFE79DF8400082
:10D9E0008007002811D5FFE79DF83800C00760B117
:10D9F000FFE711980168022008621199D1F89000A0
:10DA000040F00400C1F89000FFE79DF84000400797
:10DA1000002811D5FFE79DF83800C00760B1FFE787
:10DA200011980168042008621199D1F8900040F023
:10DA30000200C1F89000FFE79DF8400000070028B1
:10DA400019D5FFE79DF83C008006002807D4FFE7C2
:10DA50000E980121C1F2000108420CD0FFE7119895
:10DA60000168082008621199D1F8900040F0080080
:10DA7000C1F89000FFE79DF841000007002813D58A
:10DA8000FFE79DF83F00400700280DD5FFE71198FC
:10DA900001684FF4006008621199D1F8900040F0DD
:10DAA0002000C1F89000FFE71198D0F890000028FE
:10DAB00078D0FFE79DF840008006002815D5FFE7E5
:10DAC0009DF83C008006002806D4FFE79DF83B0047
:10DAD000C006002809D5FFE71198406F20B1FFE785
:10DAE0001198416F8847FFE7FFE71198D0F8900041
:10DAF0000C9011980068806800F04000402806D023
:10DB0000FFE79DF8300010F0280F42D0FFE7119892
:10DB100003F0AEFF1198006880684006002833D5F6
:10DB2000FFE7FFE7FFE71198006850E8020F20F0D9
:10DB300040000B90FFE70B991198026842E8021031
:10DB40000028F0D1FFE7FFE71198D0F88000B0B1CE
:10DB5000FFE71198D0F8801041F20160C0F6010093
:10DB600008651198D0F88000F4F75EFF30B1FFE748
:10DB70001198D0F88000016D8847FFE703E0119805
:10DB8000FFF792FDFFE703E01198FFF78DFDFFE738
:10DB900007E01198FFF788FD11990020C1F8900067
:10DBA000FFE7FFE739E21198C06E012840F0D68107
:10DBB000FFE79DF84000C006002840F1CF81FFE755
:10DBC0009DF83C00C006002840F1C881FFE711988D
:10DBD00001681020086211980068806840060028DB
:10DBE00040F15A81FFE71198D0F8800000681021B9
:10DBF000C4F20201884200F0A280FFE71198D0F839
:10DC0000800000682821C4F20201884200F0978059
:10DC1000FFE71198D0F8800000684021C4F20201AB
:10DC2000884200F08C80FFE71198D0F880000068EF
:10DC30005821C4F20201884200F08180FFE7119868
:10DC4000D0F8800000687021C4F20201884276D0CA
:10DC5000FFE71198D0F8800000688821C4F2020123
:10DC600088426CD0FFE71198D0F880000068A021AE
:10DC7000C4F20201884262D0FFE71198D0F8800018
:10DC80000068B821C4F20201884258D0FFE7119819
:10DC9000D0F88000006840F21041C4F202018842CE
:10DCA0004DD0FFE71198D0F88000006840F228417D
:10DCB000C4F20201884242D0FFE71198D0F88000F8
:10DCC000006840F24041C4F20201884237D0FFE7C9
:10DCD0001198D0F88000006840F25841C4F2020167
:10DCE00088422CD0FFE71198D0F88000006840F2FD
:10DCF0007041C4F20201884221D0FFE71198D0F8A8
:10DD00008000006840F28841C4F20201884216D0C7
:10DD1000FFE71198D0F88000006840F2A041C4F2FB
:10DD2000020188420BD0FFE71198D0F8800000680C
:10DD300040F2B841C4F20201884207D1FFE71198CE
:10DD4000D0F8800000684068019006E01198D0F893
:10DD50008000006840680190FFE70198ADF82A0054
:10DD6000BDF82A0000287BD0FFE7BDF82A001199F2
:10DD7000B1F85C10884273DAFFE7BDF82A00119908
:10DD8000A1F85E001198D0F88000C069B0F5807FDE
:10DD900059D0FFE7FFE7FFE71198006850E8000F50
:10DDA00020F480700990FFE709991198026842E811
:10DDB00000100028F0D1FFE7FFE7FFE7FFE7119829
:10DDC000006850E8020F20F001000890FFE7089972
:10DDD0001198026842E802100028F0D1FFE7FFE73F
:10DDE000FFE7FFE71198006850E8020F20F04000BD
:10DDF0000790FFE707991198026842E8021000288F
:10DE0000F0D1FFE7FFE711992020C1F88C001199AC
:10DE10000020C866FFE7FFE71198006850E8000F90
:10DE200020F010000690FFE706991198026842E87A
:10DE300000100028F0D1FFE7FFE71198D0F880002C
:10DE4000F4F736F9FFE71199022008671198B0F846
:10DE50005C10B0F85E20891A89B2FFF759F81AE011
:10DE6000BDF82A001199B1F85C10884212D1FFE781
:10DE70001198D0F88000C069B0F5807F09D1FFE724
:10DE80001199022008671198B0F85C10FFF740F86C
:10DE9000FFE7FFE7FFE7C0E01199B1F85C00B1F8D8
:10DEA0005E10401AADF816001198B0F85E00002818
:10DEB00053D0FFE7BDF8160000284ED0FFE7FFE77C
:10DEC000FFE71198006850E8000F20F4907004906C
:10DED000FFE704991198026842E800100028F0D189
:10DEE000FFE7FFE7FFE7FFE71198006850E8020F40
:10DEF0004FF6FE71CEF6FF7108400390FFE70399DD
:10DF00001198026842E802100028EDD1FFE7FFE710
:10DF100011992020C1F88C0011990020C866119930
:10DF20004867FFE7FFE71198006850E8000F20F00E
:10DF300010000290FFE702991198026842E8001071
:10DF40000028F0D1FFE7FFE7119902200867119838
:10DF5000BDF81610FEF7DCFFFFE75EE09DF842001B
:10DF6000C00600280FD5FFE79DF83A0040060028BC
:10DF700009D5FFE7119801684FF4801008621198E5
:10DF8000FFF7FEFA49E09DF840000006002815D58D
:10DF9000FFE79DF83C000006002806D4FFE79DF847
:10DFA0003A000006002809D5FFE71198806F20B1DC
:10DFB000FFE71198816F8847FFE72EE09DF840004A
:10DFC000400600280AD5FFE79DF83C0040060028DF
:10DFD00004D5FFE7119803F09BFD1EE09DF8420079
:10DFE000000600280AD5FFE79DF83F0040060028FC
:10DFF00004D5FFE71198FFF7BFFA0EE09DF8430044
:10E00000C00750B1FFE79DF83F000006002804D587
:10E01000FFE71198FFF71CFAFFE712B080BD000080
:10E0200080B582B00090009820B9FFE701208DF8FC
:10E03000070046E00098806908B1FFE700E0FFE7CD
:10E040000098D0F8880040B9FFE70099002081F8D7
:10E050008400009800F03CF8FFE700992420C1F804
:10E06000880000980168086820F0010008600098A6
:10E07000806A20B1FFE7009803F07AF9FFE7009883
:10E0800003F0FEFF012804D1FFE701208DF807000F
:10E0900017E000980168486820F4904048600098B4
:10E0A0000168886820F02A00886000980168086884
:10E0B00040F001000860009803F0FEF98DF80700B9
:10E0C000FFE79DF8070002B080BD000000000000DF
:10E0D00080B5DCB05B9000205A90599058905790D2
:10E0E000569028A8B821F2F709FB5B98006845F222
:10E0F0000001C4F20001884240F09680FFE7002052
:10E10000299002212891459028A8FAF7F1FB18B12F
:10E11000FFE7F3F7C1FDFFE7FFE744F2E840C5F68C
:10E120000200016841F480110160006800F4801071
:10E1300027902798FFE7FFE744F2E040C5F602008A
:10E14000016841F004010160006800F004002690BD
:10E150002698FFE7FFE744F2E040C5F602000168B9
:10E1600041F008010160006800F008002590259842
:10E17000FFE74FF4805056900220169057900020F1
:10E18000199058905990082017905A9040F6000026
:10E19000C5F6020056A91891F8F7D6FB169B1798FA
:10E1A0001899199A4FF0040CCDF858C1579358920A
:10E1B00059925A9040F60040C5F60200F8F7C4FBA9
:10E1C000199945F6E850C2F200401A901022C4F2A4
:10E1D00002020260412242608160C1604FF48062AD
:10E1E000026141618161C1614FF44032026241626A
:10E1F000F6F75AF818B1FFE7F3F74EFDFFE7FFE730
:10E200005B9845F6E851C2F20041C0F880105B9877
:10E210008863FFE73520159000221146F8F760FE6D
:10E220001598F8F751FEC6E25B98006847F60001C2
:10E23000C4F2000188426FD1FFE70020299002213B
:10E240002891459028A8FAF753FB18B1FFE7F3F798
:10E2500023FDFFE7FFE744F2E840C5F6020001684E
:10E2600041F080410160006800F0804024902498D3
:10E27000FFE7FFE744F2E040C5F60200016841F025
:10E2800010010160006800F0100023902398FFE760
:10E290004FF4C07056900220579000201390589071
:10E2A000599007205A9041F20000C5F6020056A985
:10E2B000F8F74AFB139945F66060C2F200401490EB
:10E2C0008822C4F2020202604F2242608160C16073
:10E2D0004FF48062026141618161C161016241620A
:10E2E000F5F7E2FF18B1FFE7F3F7D6FCFFE7FFE72A
:10E2F0005B9845F66061C2F20041C0F880105B98FF
:10E300008863FFE75220129001221146F8F7E8FDDA
:10E310001298F8F7D9FD4DE25B98006847F6004186
:10E32000C4F20001884240F09980FFE70020299064
:10E3300002212891459028A8FAF7DAFA18B1FFE7E8
:10E34000F3F7AAFCFFE7FFE744F2E840C5F6020056
:10E35000016841F000410160006800F00040229037
:10E360002298FFE7FFE744F2E040C5F602000168AB
:10E3700041F010010160006800F010002190219828
:10E38000FFE70320569002205790002010905890ED
:10E39000599008205A9041F20000C5F6020056A993
:10E3A000F8F7D2FA109945F6D860C2F20040119001
:10E3B000A022C4F202020260512242608160C16068
:10E3C0004FF480620261416181614FF48072C261E9
:10E3D00001624162F5F768FF18B1FFE7F3F75CFCF3
:10E3E000FFE7FFE75B9845F6D861C2F20041C0F84D
:10E3F00080105B988863FFE745F65070C2F20040DA
:10E400000F90B821C4F20201016052214160402105
:10E4100081600021C1604FF48062026141618161CD
:10E42000C16101624162F5F73FFF18B1FFE7F3F701
:10E4300033FCFFE7FFE75B9845F65071C2F20041FD
:10E44000C1675B988863FFE753200E900022114656
:10E45000F8F746FD0E98F8F737FDAAE15B980068DB
:10E4600041F60001C4F20101884240F09B80FFE7C1
:10E470000020299001212891469028A8FAF738FA1F
:10E4800018B1FFE7F3F708FCFFE7FFE744F2F040BD
:10E49000C5F60200016841F040010160006800F02B
:10E4A000400020902098FFE7FFE744F2E040C5F6E7
:10E4B0000200016841F008010160006800F00800F6
:10E4C0001F901F98FFE74FF440405690022057904E
:10E4D00000200C90589059900B205A9040F6004024
:10E4E000C5F6020056A9F8F72FFA0C9945F6C87040
:10E4F000C2F200400D9040F21042C4F202020260EB
:10E50000742242608160C1604FF4806202614161A7
:10E5100081614FF48072C26101624162F5F7C4FE0D
:10E5200018B1FFE7F3F7B8FBFFE7FFE75B9845F6A5
:10E53000C871C2F20041C0F880105B988863FFE7A1
:10E5400046F24000C2F200400B904021C4F20201AA
:10E55000016075214160402181600021C1604FF45C
:10E560008062026141618161C16101624162F5F7CE
:10E570009BFE18B1FFE7F3F78FFBFFE7FFE75B9820
:10E5800046F24001C2F20041C1675B988863FFE731
:10E590009B200A9000221146F8F7A2FC0A98F8F78F
:10E5A00093FC05E15B98006841F20001C4F20101AF
:10E5B000884270D1FFE700202990012128914690E0
:10E5C00028A8FAF795F918B1FFE7F3F765FBFFE71D
:10E5D000FFE744F2F040C5F60200016841F0100187
:10E5E0000160006800F010001E901E98FFE7FFE732
:10E5F00044F2E040C5F60200016841F0010101600B
:10E60000006800F001001D901D98FFE74FF4C06006
:10E61000569002205790002008905890599007205B
:10E620005A900020C5F6020056A9F8F78DF908990E
:10E6300046F23010C2F2004009907022C4F2020289
:10E640000260292242608160C1604FF480620261F1
:10E65000416181614FF48072C26101624162F5F7EC
:10E6600023FE18B1FFE7F3F717FBFFE7FFE75B981F
:10E6700046F23011C2F20041C0F880105B98886306
:10E68000FFE72520079001221146F8F729FC07989B
:10E69000F8F71AFC8BE05B98006841F60041C4F281
:10E6A0000101884240F08280FFE70020299001218B
:10E6B0002891469028A8FAF71BF918B1FFE7F3F75D
:10E6C000EBFAFFE7FFE744F2F040C5F6020001680D
:10E6D00041F080010160006800F080001C901C98EF
:10E6E000FFE7FFE744F2E040C5F60200016841F0B1
:10E6F00010010160006800F010001B901B98FFE7FC
:10E7000004205690022102915791002105915891C1
:10E7100059915A9041F20000C5F60200039056A9A3
:10E720000491F8F711F9029B03980499059A4FF0A8
:10E73000080CCDF858C15793589259920B225A920F
:10E74000F8F702F9059946F2B800C2F200400690C7
:10E750005822C4F202020260762242608160C160E7
:10E760004FF48062026141618161C1614FF4003206
:10E7700002624162F5F798FD18B1FFE7F3F78CFAF2
:10E78000FFE7FFE75B9846F2B801C2F20041C0F82C
:10E7900080105B988863FFE79C200190002211465F
:10E7A000F8F79EFB0198F8F78FFBFFE7FFE7FFE71D
:10E7B000FFE7FFE7FFE75CB080BD0000000000005E
:10E7C00080B584B003900398006847F60001C4F256
:10E7D0000001884240F0EA80FFE741F20C00C2F2FB
:10E7E00000400190B0F80411A0F80811D0F80C21F5
:10E7F000B0F80411843002909047019A029903986E
:10E80000B2F80421FEF72CFB45F66060C2F200402E
:10E8100000681021C4F20201884200F0B280FFE7D4
:10E8200045F66060C2F2004000682821C4F202018F
:10E83000884200F0A680FFE745F66060C2F2004023
:10E8400000684021C4F20201884200F09A80FFE78C
:10E8500045F66060C2F2004000685821C4F202012F
:10E86000884200F08E80FFE745F66060C2F200400B
:10E8700000687021C4F20201884200F08280FFE744
:10E8800045F66060C2F2004000688821C4F20201CF
:10E89000884276D0FFE745F66060C2F2004000682B
:10E8A000A021C4F2020188426BD0FFE745F6606008
:10E8B000C2F200400068B821C4F20201884260D070
:10E8C000FFE745F66060C2F20040006840F2104188
:10E8D000C4F20201884254D0FFE745F66060C2F2FC
:10E8E0000040006840F22841C4F20201884248D04A
:10E8F000FFE745F66060C2F20040006840F2404128
:10E90000C4F2020188423CD0FFE745F66060C2F2E3
:10E910000040006840F25841C4F20201884230D001
:10E92000FFE745F66060C2F20040006840F27041C7
:10E93000C4F20201884224D0FFE745F66060C2F2CB
:10E940000040006840F28841C4F20201884218D0B9
:10E95000FFE745F66060C2F20040006840F2A04167
:10E96000C4F2020188420CD0FFE745F66060C2F2B3
:10E970000040006840F2B841C4F2020188420AD166
:10E98000FFE745F66060C2F200400168086820F0C9
:10E990000800086009E045F66060C2F200400168C6
:10E9A000086820F004000860FFE7FFE704B080BDBE
:10E9B00081B0009001B0704786B004900391ADF82B
:10E9C0000A200498D0F88800202840F08580FFE7CE
:10E9D000039820B1FFE7BDF80A0020B9FFE7012046
:10E9E0008DF817007CE0039804990865BDF80A00CB
:10E9F0000499A1F85400BDF80A000499A1F8560042
:10EA00000499002088670499C1F890000499212096
:10EA1000C1F888000498406EB0F1005F2CD1FFE788
:10EA200004988068B0F5805F0BD1FFE70498006917
:10EA300038B9FFE7049942F69940C0F601008867AB
:10EA400006E0049942F6F950C0F601008867FFE736
:10EA5000FFE7FFE70498006850E8020F40F4000069
:10EA60000190FFE701990498026842E8021000282B
:10EA7000F0D1FFE7FFE72BE004988068B0F5805FF6
:10EA80000BD1FFE70498006938B9FFE7049942F613
:10EA90000140C0F60100886706E0049942F669501B
:10EAA000C0F601008867FFE7FFE7FFE7049800680A
:10EAB00050E8000F40F080000090FFE700990498B4
:10EAC000026842E800100028F0D1FFE7FFE7FFE707
:10EAD00000208DF8170003E002208DF81700FFE7F3
:10EAE0009DF8170006B0704781B0009001B07047E4
:10EAF000FFE7FEE70000000083B0029001918DF86F
:10EB0000032000208DF802008DF80200FFE79DF839
:10EB100002009DF80310884229DAFFE70298000FEF
:10EB2000092809D8FFE70298000F303001999DF8B5
:10EB3000022001F8120009E00299372000EB117061
:10EB400001999DF8022001F81200FFE702980001E8
:10EB5000029001989DF8021000EB410100204870DE
:10EB6000FFE79DF8020001308DF80200CFE703B007
:10EB7000704700000000000080B58EB0FFE744F24F
:10EB8000D840C5F60200016841F00101016000684B
:10EB900000F001000D900D98FFE7FFE744F2D84028
:10EBA000C5F60200016841F002010160006800F052
:10EBB00002000C900C98FFE70B20019000220A92B3
:10EBC0001146F8F78DF90198F8F77EF90A9A0D20A9
:10EBD00002901146F8F784F90298F8F775F90A9A45
:10EBE0000E2003901146F8F77BF90398F8F76CF9BB
:10EBF0000A9A0F2004900121F8F772F90498F8F7A7
:10EC000063F90A9A102005901146F8F769F90598FA
:10EC1000F8F75AF90A9A112006901146F8F760F9A8
:10EC20000698F8F751F90A9A2F2007901146F8F73D
:10EC300057F90798F8F748F90A9A382008901146CA
:10EC4000F8F74EF90898F8F73FF90A9A3920099031
:10EC50001146F8F745F90998F8F736F90A9A3C2071
:10EC60000B901146F8F73CF90B98F8F72DF90EB018
:10EC700080BD00000000000080B582B046F2A81000
:10EC8000C2F2004000904AF20001C4F200010160AB
:10EC9000002201928260C260027442740121817478
:10ECA0004FF0030EC0F814E00A2383614FF01D0CEF
:10ECB000C0F81CC00362C0F824E08362C0F82CC016
:10ECC000036342638163C2630C23036404214164D0
:10ECD0008264C164026541658265C26503664266FD
:10ECE0008166F7F7C5F918B1FFE7F2F7D5FFFFE73F
:10ECF00002B080BD0000000080B582B046F248201E
:10ED0000C2F2004000904AF20041C4F200010160EA
:10ED1000002201928260C2600274427401218174F7
:10ED20004FF0030EC0F814E00A2383614FF01D0C6E
:10ED3000C0F81CC00362C0F824E08362C0F82CC095
:10ED4000036340F2563343638163C2630264042168
:10ED500041640C238364C164026541658265C265B8
:10ED6000036642668166F7F783F918B1FFE7F2F7A9
:10ED700093FFFFE702B080BD80B582B046F2E82085
:10ED8000C2F2004000904DF20041C4F20001016067
:10ED9000002201928260C260027442740121817477
:10EDA0004FF0030EC0F814E00A2383614FF01D0CEE
:10EDB000C0F81CC00362C0F824E08362C0F82CC015
:10EDC000036340F2AB6343638163C2630C23036458
:10EDD000042141648264C164026541658265C26543
:10EDE000036642668166F7F743F918B1FFE7F2F769
:10EDF00053FFFFE702B080BD80B590B000200F90B8
:10EE00000E900D900C900B90FFE744F2E040C5F699
:10EE10000200016841F010010160006800F010007C
:10EE20000A900A98FFE7FFE744F2E040C5F60200C7
:10EE3000016841F004010160006800F004000990DD
:10EE40000998FFE7FFE744F2E040C5F602000168D9
:10EE500041F080010160006800F08000089008988F
:10EE6000FFE7FFE744F2E040C5F60200016841F029
:10EE700002010160006800F0020007900798FFE7B8
:10EE8000FFE744F2E040C5F60200016841F00801E6
:10EE90000160006800F0080006900698FFE7FFE7B1
:10EEA00044F2E040C5F60200016841F00101016052
:10EEB000006800F0010005900598FFE740F60000AB
:10EEC000C5F60200009048F2090101220192F7F70D
:10EED0002FFF009801994FF400420B920C910021F2
:10EEE00003910D910E910BA90291F7F72DFD00985A
:10EEF000019A029909230B930C920D9202220E9211
:10EF0000F7F722FD019802994FF4A0520B924FF4AB
:10EF100004120C920D9041F20000C5F60200F7F7C2
:10EF200013FD03994FF00060FCF7CAFF039A2820F5
:10EF300004901146F7F7D4FF0498F7F7C5FF10B017
:10EF400080BD00000000000080B582B046F66C0075
:10EF5000C2F20040009043F60001C4F200010160DB
:10EF60004FF4800141600021019181600722C2605D
:10EF70004FF0007202614FF0807242614FF0806288
:10EF800082614FF04052C261016241628162C1629E
:10EF90004FF0804242638163C163016441648164D4
:10EFA000C164016541658165FBF79EFF18B1FFE70C
:10EFB000F2F772FEFFE702B080BD00000000000023
:10EFC00080B590B0002101910F910E910D910C919F
:10EFD0000B910A910991089107910691059104916D
:10EFE0000391029146F6F400C2F2004040F2004262
:10EFF000C4F20002026017224260816042F20F7286
:10F00000C260016180218161FDF73EF818B1FFE720
:10F01000F2F742FEFFE74FF480500C9046F6F40002
:10F02000C2F200400CA9FDF77BF918B1FFE7F2F737
:10F0300033FEFFE746F6F400C2F20040FDF794FC11
:10F0400018B1FFE7F2F728FEFFE7002009900B90C8
:10F0500046F6F400C2F2004009A9FCF755FF18B1CA
:10F06000FFE7F2F719FEFFE760200290002003900F
:10F070000490069046F6F400C2F2004002A90C2269
:10F08000FDF79AFB18B1FFE7F2F706FEFFE746F639
:10F09000F400C2F20040FDF757FB10B080BD000045
:10F0A00080B588B0002100910791069105910491E7
:10F0B00003910291019146F64010C2F2004040F6E1
:10F0C0000002C4F200020260EF224260816040F25E
:10F0D000E732C26001618161FCF7D6FF18B1FFE73A
:10F0E000F2F7DAFDFFE74FF48050049046F6401047
:10F0F000C2F2004004A9FDF713F918B1FFE7F2F7D7
:10F10000CBFDFFE700200190039046F64010C2F2CD
:10F11000004001A9FCF7F8FE18B1FFE7F2F7BCFDCB
:10F12000FFE708B080BD000080B588B000210091E5
:10F13000079106910591049103910291019146F680
:10F140008C10C2F2004040F60042C4F2000202609D
:10F15000EF224260816040F2E732C260016181616A
:10F16000FCF792FF18B1FFE7F2F796FDFFE74FF4C7
:10F170008050049046F68C10C2F2004004A9FDF7BE
:10F18000CFF818B1FFE7F2F787FDFFE70020019005
:10F19000039046F68C10C2F2004001A9FCF7B4FEC1
:10F1A00018B1FFE7F2F778FDFFE708B080BD000077
:10F1B00080B582B046F60030C2F20040019045F2C0
:10F1C0000001C4F20001016048F2A061C0F2010137
:10F1D00041604FF4805181604FF40051C1604FF4A1
:10F1E000806101610C21416100218161C161016285
:10F1F00041628162FEF714FF18B1FFE7F2F74CFDA0
:10F20000FFE746F60030C2F200400021FEF76CF93D
:10F2100018B1FFE7F2F740FDFFE746F60030C2F213
:10F2200000400021FEF718F918B1FFE7F2F734FDAE
:10F23000FFE746F60030C2F20040FDF7D1FD18B1FD
:10F24000FFE7F2F729FDFFE702B080BD00000000F4
:10F2500080B582B046F69430C2F20040009047F686
:10F260000001C4F2000101604FF4613141600021EE
:10F2700001918160C16001610C2242618161C161C3
:10F28000016241628162FEF7CBFE18B1FFE7F2F73F
:10F2900003FDFFE746F69430C2F200400021FEF77E
:10F2A00023F918B1FFE7F2F7F7FCFFE746F69430D1
:10F2B000C2F200400021FEF7CFF818B1FFE7F2F7E5
:10F2C000EBFCFFE746F69430C2F20040FDF788FD04
:10F2D00018B1FFE7F2F7E0FCFFE702B080BD0000E5
:10F2E00080B582B046F62840C2F20040009047F652
:10F2F0000041C4F2000101604FF4E131416000219E
:10F3000001918160C16001610C2242618161C16132
:10F31000016241628162FEF783FE18B1FFE7F2F7F6
:10F32000BBFCFFE746F62840C2F200400021FEF792
:10F33000DBF818B1FFE7F2F7AFFCFFE746F628402D
:10F34000C2F200400021FEF787F818B1FFE7F2F79C
:10F35000A3FCFFE746F62840C2F20040FDF740FD5F
:10F3600018B1FFE7F2F798FCFFE702B080BD00009C
:10F3700080B582B046F6BC40C2F20040009041F633
:10F380000001C4F2010101604FF4E131416000214C
:10F3900001918160C16001610C2242618161C161A2
:10F3A000016241628162FEF73BFE18B1FFE7F2F7AE
:10F3B00073FCFFE746F6BC40C2F200400021FEF7B6
:10F3C00093F818B1FFE7F2F767FCFFE746F6BC4099
:10F3D000C2F200400021FEF73FF818B1FFE7F2F754
:10F3E0005BFCFFE746F6BC40C2F20040FDF7F8FCCC
:10F3F00018B1FFE7F2F750FCFFE702B080BD000054
:10F4000080B582B046F66C20C2F20040019041F611
:10F410000041C4F2010101604FF4E131416000217B
:10F420008160C16001610C2242618161C161016240
:10F430004162102181624FF48051C163FEF7F0FDFB
:10F4400018B1FFE7F2F728FCFFE746F66C20C2F29E
:10F4500000400021FEF748F818B1FFE7F2F71CFC66
:10F46000FFE746F66C20C2F200400021FDF7F4FFF2
:10F4700018B1FFE7F2F710FCFFE746F66C20C2F286
:10F480000040FDF7ADFC18B1FFE7F2F705FCFFE720
:10F4900002B080BD0000000080B582B046F6D810F2
:10F4A000C2F20040009041F20001C4F2010101608B
:10F4B0004FF4E1314160002101918160C16001613F
:10F4C0000C2242618161C161016241628162FEF789
:10F4D000A7FD18B1FFE7F2F7DFFBFFE746F6D8100C
:10F4E000C2F200400021FDF7FFFF18B1FFE7F2F77D
:10F4F000D3FBFFE746F6D810C2F200400021FDF72B
:10F50000ABFF18B1FFE7F2F7C7FBFFE746F6D810ED
:10F51000C2F20040FDF764FC18B1FFE7F2F7BCFB54
:10F52000FFE702B080BD000080B545F61C20C2F2A6
:10F53000004040F20C01C2F20041012204F0E0FE62
:10F5400018B1FFE7F2F7A8FBFFE745F61C20C2F26F
:10F55000004040F2C801C2F2004105F009FC18B1B8
:10F56000FFE7F2F799FBFFE745F61C20C2F20040E7
:10F5700040F26411C2F2004104F0AAF818B1FFE7AA
:10F58000F2F78AFBFFE745F61C20C2F2004005F0C7
:10F590007FFD18B1FFE7F2F77FFBFFE7F8F7D8FE32
:10F5A00080BD000000000000FFE7FEE70000000053
:10F5B000FFE7FEE70000000088B007900691059283
:10F5C000079800F0070004900498C0F10700052890
:10F5D00003D3FFE70420019004E00498C0F1070082
:10F5E0000190FFE70198039004980430062803D89F
:10F5F000FFE70020009003E0049803380090FFE745
:10F600000098029006980399012202FA01F101394B
:10F610000840029B984005999A40013A11400843DE
:10F6200008B070470000000080B546F28830C2F292
:10F630000040F7F789FF80BD80B586B00590049142
:10F64000059800680390039802900398006C01905D
:10F650000298049900EB4110D0F8080B0090019833
:10F6600043F20B01C4F6547188420FD3FFE79DF8B3
:10F6700001000006002809D5FFE70298049900EB75
:10F6800041114FF40040C1F8080BFFE70598F8F767
:10F690009FFD019843F20B01C4F6547188420DD3CB
:10F6A000FFE705988079012808D1FFE705990868E8
:10F6B00001F29C42012106F027FBFFE7002006B083
:10F6C00080BD00000000000080B588B00790069162
:10F6D000079800680490049803900498006C0290C6
:10F6E0000398069900EB4110D0F8080B0190079899
:10F6F0008079012840F08180FFE79DF80400000731
:10F70000002818D5FFE7029843F20B01C4F65471A4
:10F7100088420FD3FFE79DF805000006002809D5B1
:10F72000FFE70398069900EB41114FF40040C1F840
:10F73000080BFFE760E09DF804008006002808D56C
:10F74000FFE70398069900EB41112020C1F8080B50
:10F7500051E09DF8040010F0280F4AD1FFE702980D
:10F7600043F20B01C4F6547188420FD3FFE79DF8B2
:10F7700005000006002809D5FFE70398069900EB6D
:10F7800041114FF40040C1F8080B31E00798069989
:10F7900001EBC10100EB810000F5157005900598A3
:10F7A000006A0399069A01EB4211D1F8101B6FF31E
:10F7B000DF41401A05994861069898B9FFE7059816
:10F7C000006940B9FFE70799086801F29C420121EE
:10F7D00006F09AFA05E00599C8684A691044C860BD
:10F7E000FFE7FFE707989DF81810F7F739FCFFE7E8
:10F7F00000E0FFE7FFE7FFE747E0029843F20A1166
:10F80000C4F65471884224D1FFE79DF80500000634
:10F81000002809D5FFE70398069900EB41114FF442
:10F820000040C1F8080B13E09DF804008006002892
:10F8300008D5FFE70398069900EB41112020C1F895
:10F84000080BFFE707989DF81810F7F709FCFFE78A
:10F850001AE0069890B9FFE70798069901EBC101F5
:10F8600000EB8100D0F8640240B9FFE7079908680F
:10F8700001F29C42002106F047FAFFE707989DF845
:10F880001810F7F7EDFBFFE7FFE7002008B080BD99
:10F8900080B58CB00A9009910A9800680890089881
:10F8A00007900A98099901EBC10100EB810014301F
:10F8B0000690069801694069884204D9FFE7012053
:10F8C0008DF82F0079E0069908694969401A05907A
:10F8D000059806998968884204D9FFE706988068E8
:10F8E0000590FFE70598033080080490FFE707982C
:10F8F000099900EB4110D0F8180981B2049A002050
:10F90000914202900FD3FFE70698026941690020F7
:10F910009142029007D2FFE706980069002818BFBD
:10F9200001200290FFE70298C00770B3FFE7069935
:10F9300008694969401A05900598069989688842BE
:10F9400004D9FFE7069880680590FFE70598033023
:10F950008008049008980699C9689DF82420BDF88D
:10F960001430DDF828C09CF806C0EE46CEF800C082
:10F9700007F0AEF8059A0699C8681044C860059A61
:10F980000699486910444861B1E7069908694969D0
:10F9900088420ED8FFE7099800F00F010120884047
:10F9A0000390039A0799D1F834089043C1F83408BA
:10F9B000FFE700208DF82F00FFE79DF82F000CB027
:10F9C00080BD000000000000704700000000000043
:10F9D00080B586B00490039100208DF8070044F2B2
:10F9E0002840C5F60200006800F00300032804D197
:10F9F000FFE701208DF81700CBE044F20041C5F687
:10FA00000201086820F080600860F7F7A9F9029009
:10FA1000FFE744F20040C5F60200006800F0006114
:10FA20000020B0EBD16F0CD0FFE7F7F799F90299FE
:10FA3000401A032804D3FFE703208DF81700A8E03D
:10FA4000E7E7FFE744F22841C5F60201086820F421
:10FA50007C30049A126840EA0230086004994868D1
:10FA6000D1F808C0CB680A6901386FF35F204FF600
:10FA70000061CFF6FF7101EB4C2189B208440021EF
:10FA8000CFF6FF7101EB034101F4FE0108444FF092
:10FA90007F4101EB026101F0FE41084444F238412C
:10FAA000C5F602010860FFE744F22C41C5F60201E9
:10FAB0000091086820F0C000049A52691043086061
:10FAC000086820F02000049A9269104308600868D2
:10FAD00020F01000086044F23C42C5F602021068B3
:10FAE0004FF6F8739843049BDB6940EAC30010604B
:10FAF000086840F010000860039848B9FFE744F236
:10FB00002C41C5F60201086840F40020086016E0A8
:10FB10000398012809D1FFE744F22C41C5F6020100
:10FB2000086840F48010086008E044F22C41C5F6F3
:10FB30000201086840F400100860FFE7FFE744F2A4
:10FB40000041C5F60201086840F080600860F7F7E0
:10FB500007F90290FFE744F20040C5F60200006892
:10FB600000F000610020B0EBD16F0CD1FFE7F7F798
:10FB7000F7F80299401A032804D3FFE703208DF811
:10FB8000170006E0E7E7FFE79DF807008DF817008C
:10FB9000FFE79DF8170006B080BD000000000000E0
:10FBA00080B586B00490039100208DF8070044F2E0
:10FBB0002840C5F60200006800F00300032804D1C5
:10FBC000FFE701208DF81700CBE044F20041C5F6B5
:10FBD0000201086820F080500860F7F7C1F8029031
:10FBE000FFE744F20040C5F60200006800F0005153
:10FBF0000020B0EB517F0CD0FFE7F7F7B1F8029986
:10FC0000401A032804D3FFE703208DF81700A8E06B
:10FC1000E7E7FFE744F22841C5F60201086820F053
:10FC20007C70049A126840EA02500860049948689F
:10FC3000D1F808C0CB680A6901386FF35F204FF62E
:10FC40000061CFF6FF7101EB4C2189B2084400211D
:10FC5000CFF6FF7101EB034101F4FE0108444FF0C0
:10FC60007F4101EB026101F0FE41084444F2404152
:10FC7000C5F602010860FFE744F22C41C5F6020117
:10FC80000091086820F44060049A526910430860AB
:10FC9000086820F40070049A9269104308600868AC
:10FCA00020F48070086044F24442C5F602021068F5
:10FCB0004FF6F8739843049BDB6940EAC300106079
:10FCC000086840F480700860039848B9FFE744F280
:10FCD0002C41C5F60201086840F48000086016E077
:10FCE0000398012809D1FFE744F22C41C5F602012F
:10FCF000086840F40000086008E044F22C41C5F6B2
:10FD00000201086840F080700860FFE7FFE744F2F6
:10FD10000041C5F60201086840F080500860F7F71E
:10FD20001FF80290FFE744F20040C5F602000068A9
:10FD300000F000510020B0EB517F0CD1FFE7F7F746
:10FD40000FF80299401A032804D3FFE703208DF827
:10FD5000170006E0E7E7FFE79DF807008DF81700BA
:10FD6000FFE79DF8170006B080BD0000000000000E
:10FD700080B546F66C00C2F20040FAF7EDFE80BD99
:10FD800082B0019001980068406900900198016874
:10FD9000886940F00800886101980168886940F02E
:10FDA0001000886101980168086820F0010008606F
:10FDB00001980168086940F26F3290430861019828
:10FDC0000168886820F440408860019890F88100BC
:10FDD000042815D0FFE79DF80000800600280ED506
:10FDE000FFE70199D1F8840040F08000C1F8840059
:10FDF00001980168886940F020008861FFE7FFE70B
:10FE0000019890F88100032815D0FFE79DF80000C5
:10FE1000400600280ED5FFE70199D1F8840040F094
:10FE20000400C1F8840001980168886940F040002E
:10FE30008861FFE7FFE79DF80100800700280ED5E5
:10FE4000FFE70199D1F8840040F00100C1F8840077
:10FE500001980168886940F400708861FFE79DF8A7
:10FE60000100C00770B1FFE70199D1F8840040F0AC
:10FE70000800C1F8840001980168886940F4807026
:10FE80008861FFE701990020A1F862000199A1F8BB
:10FE90006A0002B07047000080B582B001900198FE
:10FEA000806B009000990020A1F86A000099A1F8E9
:10FEB00062000099012081F881000098FAF748FE5D
:10FEC00002B080BD0000000080B582B001900198B2
:10FED000806B00900198F3F7FFF8022812D0FFE73B
:10FEE0000098FFF74DFF0099D1F8840040F0100012
:10FEF000C1F884000099012081F881000098FAF788
:10FF000027FEFFE702B080BD80B582B00190019866
:10FF1000806B00900098FBF7CFFF02B080BD00001F
:10FF200080B582B001900198806B0090009890F8A5
:10FF30008100072813D0FFE70098806FC069B0F5F3
:10FF4000807F04D1FFE70098FBF75AFF06E0009896
:10FF50000168086940F008000861FFE7FFE702B0A8
:10FF600080BD00000000000083B002900298C16BC9
:10FF7000012000EB511001900298C0680130009000
:10FF800000980730C008009000980199484303B0DA
:10FF9000704700000000000082B0019000910198BD
:10FFA000006843F20001C4F2010188420AD1FFE770
:10FFB000019840F21051C2F2004108600098C1F867
:10FFC000100127E00198006843F60001C4F2000127
:10FFD00088420AD1FFE7019840F22461C2F2004151
:10FFE00008600098C1F8100113E00198006843F61A
:10FFF0000041C4F2000188420AD1FFE7019840F2B3
:020000040801F1
:100000003871C2F2004108600098C1F81001FFE7A2
:10001000FFE7FFE702B0704780B586B084460898D6
:10002000CDF810C00391ADF80A20ADF80830ADF856
:1000300006000498006843F20001C4F201018842FE
:100040001FD1FFE7039840F21052C2F20042506005
:10005000BDF80A001081BDF80800A2F80A01BDF839
:100060000600A2F80C0104986B464FF47A711960EF
:1000700002F10A018A320123FBF76AF98DF81700B1
:1000800054E00498006843F60001C4F2000188427D
:100090001FD1FFE7039840F22462C2F20042506091
:1000A000BDF80A001081BDF80800A2F80A01BDF8E9
:1000B0000600A2F80C0104986B464FF47A7119609F
:1000C00002F10A018A320123FBF742F98DF8170089
:1000D0002CE00498006843F60041C4F20001884215
:1000E00020D1FFE7039840F23872C2F2004250601C
:1000F000BDF80A001081BDF80800A2F80A01BDF899
:100100000600A2F80C010498BDF80810BDF80630EE
:1001100019448BB202F10A018A32FBF79DFC8DF87B
:10012000170003E000208DF81700FFE79DF8170087
:1001300006B080BD0000000080B586B0DDF820C0AC
:10014000049003918DF80B200193FFE70498006859
:10015000406903990840401AB0FA80F040099DF8C0
:100160000B10884214D1FFE7F6F7FAFD0899401A00
:100170000199884204D3FFE70198013018B9FFE7DD
:10018000019820B9FFE703208DF8170004E0DDE7B0
:1001900000208DF81700FFE79DF8170006B080BD1E
:1001A000704700000000000084B0039003980090A6
:1001B00000980078ADF80800009801300090009891
:1001C0000078ADF80600BDF80610BDF8080040EA5A
:1001D0000120ADF80A00BDF80A0004B07047000025
:1001E00080B582B0009000980138B0F1807F03D3D1
:1001F000FFE70120019019E0009801384EF2140148
:10020000CEF2000108604FF0FF300F2114F070FAB9
:100210004EF21801CEF20001002008604EF21002EA
:10022000CEF20002072111600190FFE7019802B0B1
:1002300080BD00000000000080B5F6F799FD80BD8C
:1002400080B59EB00BA84C21F0F758FA0020019021
:100250000A900990089007900690059004900390EA
:100260000220F8F721F8FFE70020029044F618007A
:10027000C5F60200016821F440410160006800F405
:10028000404002900298FFE7FFE744F61800C5F6E9
:100290000200006800F40050B0F5005F01D0FFE7F5
:1002A000F3E721200B904FF480300C900121119145
:1002B000022014901590169028221792189104216C
:1002C00019911A900C201B9000201C901D900BA8D7
:1002D000F9F72EFF18B1FFE7F1F7DEFCFFE73F204B
:1002E00003900321049100200590082006904020EF
:1002F000079008904FF4806209920A9003A8F9F7DA
:10030000EFFA18B1FFE7F1F7C7FCFFE71EB080BDB9
:100310004EF68851CEF20001086840F47000086083
:1003200042F20000C5F20020006800F00F0006282D
:100330000AD8FFE742F20001C5F20021086807224F
:1003400062F303000860FFE744F20041C5F60201D2
:10035000086840F00100086044F21042C5F602024D
:100360000020106008684EF67F52CEF6F62210404C
:10037000086042F20000C5F20020006800F00F00A3
:1003800008280AD3FFE742F20001C5F200210868FD
:10039000072262F303000860FFE744F21841C5F644
:1003A00002010020086044F21C41C5F60201086009
:1003B00044F22041C5F60201086044F22842C5F625
:1003C000020240F20021C0F20221116044F22C42EC
:1003D000C5F602020021C0F2FF11116044F2304262
:1003E000C5F6020240F28021C0F20111116044F210
:1003F0003442C5F60202106044F23842C5F60202E9
:10040000116044F23C42C5F60202106044F24042E0
:10041000C5F60202116044F24441C5F602010860CB
:1004200044F20042C5F60202116821F480211160F5
:1004300044F26041C5F60201086044F20001C5F2D1
:10044000002143F2D2000860704700000000000065
:1004500080B546F64010C2F20040FCF74DF880BD72
:1004600080B546F68C10C2F20040FCF745F880BD1E
:1004700083B00290019102980068009002980021D8
:10048000C4F20101884225D0FFE70298B0F1804F05
:1004900020D0FFE7029840F20041C4F200018842F8
:1004A00018D0FFE7029840F60001C4F2000188422C
:1004B00010D0FFE7029840F60041C4F200018842E4
:1004C00008D0FFE7029840F20041C4F201018842DF
:1004D0000AD1FFE7009820F0700000900198416871
:1004E000009808430090FFE702980021C4F2010140
:1004F00088424DD0FFE70298B0F1804F48D0FFE727
:10050000029840F20041C4F20001884240D0FFE767
:10051000029840F60001C4F20001884238D0FFE79B
:10052000029840F60041C4F20001884230D0FFE753
:10053000029840F20041C4F20101884228D0FFE74E
:10054000029844F20001C4F20101884220D0FFE782
:10055000029844F20041C4F20101884218D0FFE73A
:10056000029844F60001C4F20101884210D0FFE76E
:1005700002984EF20001C4F20001884208D0FFE761
:1005800002984EF20041C4F2000188420AD1FFE70E
:10059000009820F4407000900198C16800980843CA
:1005A0000090FFE7009820F0800001994969084316
:1005B0000090019880680299C862019800680299C9
:1005C000886202980021C4F20101884220D0FFE72E
:1005D000029840F20041C4F20101884218D0FFE7BE
:1005E000029844F20001C4F20101884210D0FFE7F2
:1005F000029844F20041C4F20101884208D0FFE7AA
:10060000029844F60001C4F20101884205D1FFE7D7
:100610000198006902990863FFE70299086840F0B1
:10062000040008600299012048610098029908605E
:1006300003B070470000000080B582B046F2A810F9
:10064000C2F2004040F27022C2F200424FF4FF7149
:100650000823F0F725FB42F62020C2F20040007884
:10066000032814D1FFE746F2A810C2F2004040F27E
:100670008022C2F200424FF400710823F0F710FB11
:1006800042F62021C2F2004100200870FFE742F646
:100690002021C2F2004108780130087046F248205B
:1006A000C2F20040019040F21032C2F200424FF418
:1006B000007108230093F0F7F3FA009B019840F2D1
:1006C000C822C2F2004240F24111F0F7E9FA42F6C4
:1006D0002120C2F2004001780131017042F622224D
:1006E000C2F2004211780131117042F62322C2F2A7
:1006F00000421178013111700078052813D1FFE70D
:1007000042F62121C2F200410020087046F2482042
:10071000C2F2004040F29032C2F200427721082338
:10072000F0F7BEFAFFE742F62220C2F2004000785E
:100730000A2807D1FFE742F62221C2F20041002039
:100740000870FFE742F62320C2F200400078142828
:1007500007D1FFE742F62321C2F2004100200870D2
:10076000FFE702B080BD000084B0039002910192C7
:10077000029800F01F01012088400090009A039920
:10078000086A904308620198029901F01F0100FA7B
:1007900001F20399086A1043086204B07047000030
:1007A00085B00490039102920193049880680090B0
:1007B000009820F47F40009003980299019A41EA42
:1007C0000221014300980843009000980499886032
:1007D00005B070470000000083B0029001910298BC
:1007E0008068009000984FF68F71CFF6CF71084067
:1007F000009001980099084340F00700009000988D
:100800000299886003B0704782B00190009101980E
:1008100000680021C4F20101884209D1FFE7019874
:1008200040F65C01C2F2004108600098486081E037
:1008300001980068B0F1804F09D1FFE7019840F6B8
:100840006401C2F2004108600098486071E00198BC
:10085000006840F20041C4F20001884209D1FFE77C
:10086000019840F66C01C2F20041086000984860AF
:100870005EE00198006840F60001C4F20001884281
:1008800009D1FFE7019840F67401C2F20041086007
:10089000009848604BE00198006840F60041C4F2BF
:1008A0000001884209D1FFE7019840F67C01C2F2BD
:1008B000004108600098486038E00198006841F203
:1008C0000001C4F20001884209D1FFE7019840F617
:1008D0008401C2F2004108600098486025E0019858
:1008E000006841F20041C4F20001884209D1FFE7EB
:1008F000019840F68C01C2F20041086000984860FF
:1009000012E00198006840F20041C4F201018842FF
:1009100009D1FFE7019840F69401C2F20041086056
:1009200000984860FFE7FFE7FFE7FFE7FFE7FFE723
:10093000FFE7FFE702B0704785B004900391049889
:10094000006A01900499086A20F001000862049886
:100950004068009004988069029002984FF68F7169
:10096000CFF6FE7108400290029820F0030002903A
:1009700003980168029808430290019820F0020051
:100980000190039881680198084301900498002120
:10099000C4F20101884220D0FFE7049840F20041F0
:1009A000C4F20101884218D0FFE7049844F2000124
:1009B000C4F20101884210D0FFE7049844F20041DC
:1009C000C4F20101884208D0FFE7049844F6000110
:1009D000C4F2010188420FD1FFE70499086A20F0B0
:1009E00004000862019820F0080001900398C16893
:1009F000019808430190FFE704980021C4F2010127
:100A0000884220D0FFE7049840F20041C4F201017F
:100A1000884218D0FFE7049844F20001C4F20101B3
:100A2000884210D0FFE7049844F20041C4F201016B
:100A3000884208D0FFE7049844F60001C4F201019F
:100A4000884213D1FFE7009820F48070009000984E
:100A500020F40070009003984169009808430090CA
:100A600003988169009808430090FFE70098049973
:100A70004860029804998861039840680499486323
:100A800001980499086205B070470000000000005A
:100A900085B0049003910498006A01900499086A53
:100AA00020F0100008620498406800900498806963
:100AB0000290029848F6FF71CFF6FF61084002905D
:100AC000029820F44070029003980168029840EA6E
:100AD00001200290019820F0200001900398816885
:100AE000019840EA0110019004980021C4F201012C
:100AF000884229D0FFE7049840F20041C4F2010186
:100B0000884221D0FFE7049844F20001C4F20101B9
:100B1000884203D1FFE70020B0B9FFE7049844F210
:100B20000041C4F20101884203D1FFE7002058B917
:100B3000FFE7049844F60001C4F20101884213D192
:100B4000FFE7012080B9FFE70499086A20F0400020
:100B50000862019820F0800001900398C168019814
:100B600040EA01100190FFE704980021C4F201015E
:100B7000884220D0FFE7049840F20041C4F201010E
:100B8000884218D0FFE7049844F20001C4F2010142
:100B9000884210D0FFE7049844F20041C4F20101FA
:100BA000884208D0FFE7049844F60001C4F201012E
:100BB000884215D1FFE7009820F4806000900098EB
:100BC00020F40060009003984169009840EA810099
:100BD000009003988169009840EA81000090FFE747
:100BE00000980499486002980499886103984068C5
:100BF0000499886301980499086205B07047000061
:100C000085B0049003910498006A01900499086AE1
:100C100020F4807008620498406800900498C069CD
:100C2000029002984FF68F71CFF6FE710840029045
:100C3000029820F00300029003980168029808438C
:100C40000290019820F40070019003988168019847
:100C500040EA0120019004980021C4F20101884279
:100C600029D0FFE7049840F20041C4F20101884214
:100C700021D0FFE7049844F20001C4F20101884248
:100C800003D1FFE70020B0B9FFE7049844F2004128
:100C9000C4F20101884203D1FFE7002058B9FFE701
:100CA000049844F60001C4F20101884213D1FFE721
:100CB000012080B9FFE70499086A20F48060086287
:100CC000019820F4006001900398C168019840EAFF
:100CD00001200190FFE704980021C4F2010188423D
:100CE00020D0FFE7049840F20041C4F2010188429D
:100CF00018D0FFE7049844F20001C4F201018842D1
:100D000010D0FFE7049844F20041C4F20101884288
:100D100008D0FFE7049844F60001C4F201018842BC
:100D200015D1FFE7009820F480500090009820F43F
:100D30000050009003984169009840EA011000902B
:100D400003988169009840EA01100090FFE700983D
:100D50000499486002980499C8610398406804990E
:100D6000C86301980499086205B07047000000004C
:100D700085B0049003910498006A01900499086A70
:100D800020F4805008620498406800900498C0697C
:100D90000290029848F6FF71CFF6FF61084002907A
:100DA000029820F44070029003980168029840EA8B
:100DB00001200290019820F400500190039881686E
:100DC000019840EA0130019004980021C4F2010129
:100DD000884220D0FFE7049840F20041C4F20101AC
:100DE000884218D0FFE7049844F20001C4F20101E0
:100DF000884210D0FFE7049844F20041C4F2010198
:100E0000884208D0FFE7049844F60001C4F20101CB
:100E100088420BD1FFE7009820F4804000900398AF
:100E20004169009840EA81100090FFE7009804991A
:100E3000486002980499C86103984068049908645E
:100E400001980499086205B0704700000000000096
:100E500085B0049003910498006A01900499086A8F
:100E600020F4803008620498406800900498406D37
:100E7000029002984FF68F71CFF6FE7108400290F3
:100E800003980168029808430290019820F400300A
:100E9000019003988168019840EA0140019004980C
:100EA0000021C4F20101884220D0FFE7049840F2FB
:100EB0000041C4F20101884218D0FFE7049844F2CF
:100EC0000001C4F20101884210D0FFE7049844F207
:100ED0000041C4F20101884208D0FFE7049844F6BB
:100EE0000001C4F2010188420BD1FFE7009820F411
:100EF0008030009003984169009840EA01200090FA
:100F0000FFE700980499486002980499486503989F
:100F100040680499886501980499086205B0704793
:100F200085B0049003910498006A01900499086ABE
:100F300020F4801008620498406800900498406D86
:100F40000290029848F6FF71CFF6FF6108400290C8
:100F500003980168029840EA01200290019820F469
:100F60000010019003988168019840EA01500190B7
:100F700004980021C4F20101884220D0FFE70498C0
:100F800040F20041C4F20101884218D0FFE7049802
:100F900044F20001C4F20101884210D0FFE7049836
:100FA00044F20041C4F20101884208D0FFE70498EE
:100FB00044F60001C4F2010188420BD1FFE700981A
:100FC00020F48020009003984169009840EA812035
:100FD0000090FFE7009804994860029804994865DA
:100FE000039840680499C86501980499086205B09F
:100FF000704700000000000085B004900391029249
:101000000498006A00900499086A20F001000862C0
:1010100004980021C4F20101884220D0FFE704981F
:1010200040F20041C4F20101884218D0FFE7049861
:1010300044F20001C4F20101884210D0FFE7049895
:1010400044F20041C4F20101884208D0FFE704984D
:1010500044F60001C4F20101884206D1FFE7049979
:10106000086A20F004000862FFE704988069019094
:10107000019820F0F00001900299019840EA0110D7
:101080000190009820F00A0000900399009808430E
:10109000009001980499886100980499086205B04D
:1010A000704700000000000085B004900391029298
:1010B0000498006A00900499086A20F01000086201
:1010C00004980021C4F20101884229D0FFE7049866
:1010D00040F20041C4F20101884221D0FFE70498A8
:1010E00044F20001C4F20101884203D1FFE700206D
:1010F000B0B9FFE7049844F20041C4F2010188420C
:1011000003D1FFE7002058B9FFE7049844F6000137
:10111000C4F20101884209D1FFE7012030B9FFE79D
:101120000499086A20F040000862FFE7049880698B
:101130000190019820F4704001900299019840EAD2
:1011400001300190009820F0A000009003990098D1
:1011500040EA011000900198049988610098049970
:10116000086205B0704700007047000000000000F2
:1011700080B582B001900198B0F86210023189B256
:10118000EFF76EFE02B080BD80B582B04FF4F07014
:10119000F0F7A2FC46F2A810C2F2004048F619513E
:1011A000C0F60101EFF7E4FC46F24820C2F200402D
:1011B00048F61161C0F60101EFF7DAFC46F2E820CB
:1011C000C2F2004048F6C161C0F60101EFF7D0FC61
:1011D00046F66C00C2F2004047F63151C0F60101FC
:1011E000FEF7DAFE46F60030C2F2004047F67971AB
:1011F000C0F60101192200F0DFFC40F2A840C2F263
:10120000004047F61151C0F6010105F005FA46F617
:101210002840C2F2004047F60971C0F601013822A9
:1012200000F0CAFC46F66C20C2F2004048F2A93138
:10123000C0F60101802200F0BFFC46F69430C2F2F5
:10124000004047F64151C0F601011C2200F0B4FCF9
:1012500046F64010C2F20040009048F2C931C0F694
:101260000101FFF7D1FA46F68C10C2F2004001905E
:1012700048F22901C0F60101FFF7C6FA42F69020B4
:10128000C2F200409FED050A0CF022FD0098FAF72B
:10129000B3FF0198FAF7B0FF02B080BD0000000074
:1012A000704700000000000080B546F60030C2F232
:1012B0000040FCF735FB80BD80B546F69430C2F2A5
:1012C0000040FCF72DFB80BD80B546F62840C2F2F9
:1012D0000040FCF725FB80BD80B546F6BC40C2F25D
:1012E0000040FCF71DFB80BD82B001900198406E6C
:1012F00040B9FFE701990120A1F86A000199A1F81E
:10130000680032E010208DF803008DF8020001988B
:1013100000688068C0F342608DF8010001980068A1
:101320008068400F8DF800009DF802009DF80020B5
:1013300046F66033C0F60203995C484346F65831DE
:10134000C0F602018A5CB0FBF2F0019AA2F86A00D2
:101350009DF803009DF801209B5C5843895CB0FB1D
:10136000F1F00199A1F86800FFE702B070470000B2
:1013700081B00090009890F82800000700280BD555
:10138000FFE700980068406820F40040009A116868
:10139000926B10434860FFE7009890F82800C00760
:1013A00058B1FFE700980068406820F40030009AC8
:1013B0001168D26A10434860FFE7009890F828004F
:1013C000800700280BD5FFE700980068406820F4EC
:1013D0008030009A1168126B10434860FFE7009854
:1013E00090F82800400700280BD5FFE70098006818
:1013F000406820F48020009A1168526B10434860C6
:10140000FFE7009890F82800C00600280BD5FFE7FA
:1014100000980068806820F48050009A1168D26BB0
:1014200010438860FFE7009890F8280080060028A5
:101430000BD5FFE700980068806820F40050009A00
:101440001168126C10438860FFE7009890F828003C
:10145000400600281CD5FFE700980068406820F48B
:101460008010009A1168526C104348600098406CDC
:10147000B0F5801F0BD1FFE700980068406820F4AA
:10148000C000009A1168926C10434860FFE7FFE7C4
:10149000009890F82800000600280BD5FFE7009878
:1014A0000068406820F40020009A1168D26C104354
:1014B0004860FFE701B0704780B588B00690069994
:1014C0000020C1F89000F5F74BFC059006980068E5
:1014D0000068000700282FD5FFE70698059B6A469D
:1014E0006FF07E4111604FF40011002201F0E8FC22
:1014F00008B3FFE7FFE7FFE70698006850E8000F32
:1015000020F080000490FFE704990698026842E802
:1015100000100028F0D1FFE7FFE706992020C1F86E
:101520008800FFE70699002081F88400FFE7032088
:101530008DF81F005FE0FFE706980068006840072D
:10154000002842D5FFE70698059B6A466FF07E416A
:1015500011604FF48001002201F0B2FCA0B3FFE75C
:10156000FFE7FFE70698006850E8000F20F490704E
:101570000390FFE703990698026842E800100028EC
:10158000F0D1FFE7FFE7FFE7FFE70698006850E8C4
:10159000020F20F001000290FFE70299069802680E
:1015A00042E802100028F0D1FFE7FFE7069920206B
:1015B000C1F88C00FFE70699002081F88400FFE75E
:1015C00003208DF81F0016E0FFE706992020C1F8E0
:1015D00088000699C1F88C0006990020C866069913
:1015E0000867FFE70699002081F88400FFE70020E4
:1015F0008DF81F00FFE79DF81F0008B080BD0000B8
:1016000080B582B001900198806B00900098FCF743
:101610004BF802B080BD000080B584B00390039801
:10162000806B02900298D0F8880001900298D0F860
:101630008C0000900298006880680006002808D599
:10164000FFE70198212804D1FFE7029800F084FA0F
:10165000FFE70298006880684006002808D5FFE789
:101660000098222804D1FFE7029800F001FAFFE772
:101670000299D1F8900040F01000C1F89000029853
:10168000FCF712F804B080BD80B588B007900798C9
:10169000806B06900798C069B0F5807F5BD0FFE74C
:1016A00006990020A1F85E00FFE7FFE706980068B2
:1016B00050E8000F20F480700590FFE70599069828
:1016C000026842E800100028F0D1FFE7FFE7FFE7DB
:1016D000FFE70698006850E8020F20F00100049030
:1016E000FFE704990698026842E802100028F0D14A
:1016F000FFE7FFE7FFE7FFE70698006850E8020F03
:1017000020F040000390FFE703990698026842E842
:1017100002100028F0D1FFE7FFE706992020C1F86A
:101720008C000698C06E012814D1FFE7FFE7FFE7A1
:101730000698006850E8000F20F010000290FFE7C4
:1017400002990698026842E800100028F0D1FFE7ED
:10175000FFE7FFE7FFE70699002008670698C06EDD
:10176000012840F0B380FFE706990020A1F85E0051
:10177000079800681021C4F20201884200F08180BD
:10178000FFE7079800682821C4F20201884278D058
:10179000FFE7079800684021C4F20201884270D038
:1017A000FFE7079800685821C4F20201884268D018
:1017B000FFE7079800687021C4F20201884260D0F8
:1017C000FFE7079800688821C4F20201884258D0D8
:1017D000FFE707980068A021C4F20201884250D0B8
:1017E000FFE707980068B821C4F20201884248D098
:1017F000FFE70798006840F21041C4F202018842F6
:101800003FD0FFE70798006840F22841C4F2020188
:10181000884236D0FFE70798006840F24041C4F2A2
:10182000020188422DD0FFE70798006840F2584136
:10183000C4F20201884224D0FFE70798006840F212
:101840007041C4F2020188421BD0FFE7079800688C
:1018500040F28841C4F20201884212D0FFE70798A3
:10186000006840F2A041C4F20201884209D0FFE7BB
:101870000798006840F2B841C4F20201884205D1DD
:10188000FFE7079800684068009004E00798006848
:1018900040680090FFE70098ADF80600BDF806002C
:1018A0000699B1F85C10884206DAFFE7BDF8060039
:1018B0000699A1F85E00FFE70698B0F85C10B0F852
:1018C0005E20891A89B2FBF723FB03E00698FCF738
:1018D00077FFFFE708B080BD80B584B00390039820
:1018E000806B02900299012008670298C06E01285F
:1018F00040F0B580FFE70299B1F85C004008A1F81C
:101900005E00039800681021C4F20201884200F0D2
:101910008180FFE7039800682821C4F20201884211
:1019200078D0FFE7039800684021C4F202018842A2
:1019300070D0FFE7039800685821C4F20201884282
:1019400068D0FFE7039800687021C4F20201884262
:1019500060D0FFE7039800688821C4F20201884242
:1019600058D0FFE703980068A021C4F20201884222
:1019700050D0FFE703980068B821C4F20201884202
:1019800048D0FFE70398006840F21041C4F202011A
:1019900088423FD0FFE70398006840F22841C4F234
:1019A0000201884236D0FFE70398006840F24041C8
:1019B000C4F2020188422DD0FFE70398006840F28C
:1019C0005841C4F20201884224D0FFE7039800681E
:1019D00040F27041C4F2020188421BD0FFE7039835
:1019E000006840F28841C4F20201884212D0FFE749
:1019F0000398006840F2A041C4F20201884209D075
:101A0000FFE70398006840F2B841C4F2020188423F
:101A100005D1FFE7039800684068009004E0039850
:101A2000006840680090FFE70098ADF80600BDF838
:101A300006000299B1F85C10884206DCFFE7BDF8A9
:101A400006000299A1F85E00FFE70298B0F85C106A
:101A5000B0F85E20891A89B2FBF75AFA03E00298BF
:101A6000FCF7A6FFFFE704B080BD00000000000007
:101A700084B00390FFE7FFE70398006850E8000F89
:101A800020F490700290FFE702990398026842E800
:101A900000100028F0D1FFE7FFE7FFE7FFE703981A
:101AA000006850E8020F4FF6FE71CEF6FF71084055
:101AB0000190FFE701990398026842E802100028AC
:101AC000EDD1FFE7FFE70398C06E012814D1FFE7CF
:101AD000FFE7FFE70398006850E8000F20F01000D0
:101AE0000090FFE700990398026842E80010002880
:101AF000F0D1FFE7FFE7FFE703992020C1F88C0052
:101B000003990020C8660399486704B07047000035
:101B100080B582B00190FFE7FFE70198006850E8C8
:101B2000000F20F040000090FFE700990198026844
:101B300042E800100028F0D1FFE7FFE701992020DC
:101B4000C1F888000199002088670198FCF7CCFF54
:101B500002B080BD0000000083B00290FFE7FFE705
:101B60000298006850E8000F20F0C0000190FFE7E5
:101B700001990298026842E800100028F0D1FFE7BE
:101B8000FFE7FFE7FFE70298006850E8020F20F444
:101B900000000090FFE700990298026842E80210F6
:101BA0000028F0D1FFE7FFE702992020C1F8880064
:101BB00003B070470000000080B584B0039002912C
:101BC000ADF806200398006841F20001C4F201015B
:101BD000884214D1FFE7039840F6AC11C2F20041ED
:101BE00008600298C1F80C01BDF80600A1F80401D4
:101BF0000398B1F804218431FBF732F93BE20398F2
:101C0000006845F20001C4F20001884240F0E8801B
:101C1000FFE7039840F6EC51C2F2004108600298D9
:101C2000C1F80C01BDF80600A1F804010398B1F851
:101C300004215200843192B2FBF712F945F6E850C4
:101C4000C2F2004000681021C4F20201884200F094
:101C5000B280FFE745F6E850C2F200400068282154
:101C6000C4F20201884200F0A680FFE745F6E85082
:101C7000C2F2004000684021C4F20201884200F034
:101C80009A80FFE745F6E850C2F20040006858210C
:101C9000C4F20201884200F08E80FFE745F6E8506A
:101CA000C2F2004000687021C4F20201884200F0D4
:101CB0008280FFE745F6E850C2F2004000688821C4
:101CC000C4F20201884276D0FFE745F6E850C2F23E
:101CD00000400068A021C4F2020188426BD0FFE7F7
:101CE00045F6E850C2F200400068B821C4F2020193
:101CF000884260D0FFE745F6E850C2F20040006835
:101D000040F21041C4F20201884254D0FFE745F688
:101D1000E850C2F20040006840F22841C4F20201DB
:101D2000884248D0FFE745F6E850C2F2004000681C
:101D300040F24041C4F2020188423CD0FFE745F640
:101D4000E850C2F20040006840F25841C4F202017B
:101D5000884230D0FFE745F6E850C2F20040006804
:101D600040F27041C4F20201884224D0FFE745F6F8
:101D7000E850C2F20040006840F28841C4F202011B
:101D8000884218D0FFE745F6E850C2F200400068EC
:101D900040F2A041C4F2020188420CD0FFE745F6B0
:101DA000E850C2F20040006840F2B841C4F20201BB
:101DB00088420AD1FFE745F6E850C2F200400168C8
:101DC000086820F00800086009E045F6E850C2F213
:101DD00000400168086820F004000860FFE749E15E
:101DE0000398006847F60001C4F20001884240F001
:101DF000E680FFE7039841F20C01C2F2004108605F
:101E00000298C1F80C01BDF80600A1F8040103987E
:101E1000B1F804218431FBF723F845F66060C2F283
:101E2000004000681021C4F20201884200F0B28034
:101E3000FFE745F66060C2F2004000682821C4F266
:101E40000201884200F0A680FFE745F66060C2F21A
:101E5000004000684021C4F20201884200F09A80EC
:101E6000FFE745F66060C2F2004000685821C4F206
:101E70000201884200F08E80FFE745F66060C2F202
:101E8000004000687021C4F20201884200F08280A4
:101E9000FFE745F66060C2F2004000688821C4F2A6
:101EA0000201884276D0FFE745F66060C2F200404A
:101EB0000068A021C4F2020188426BD0FFE745F61A
:101EC0006060C2F200400068B821C4F2020188429A
:101ED00060D0FFE745F66060C2F20040006840F263
:101EE0001041C4F20201884254D0FFE745F6606019
:101EF000C2F20040006840F22841C4F20201884268
:101F000048D0FFE745F66060C2F20040006840F24A
:101F10004041C4F2020188423CD0FFE745F66060D0
:101F2000C2F20040006840F25841C4F20201884207
:101F300030D0FFE745F66060C2F20040006840F232
:101F40007041C4F20201884224D0FFE745F6606088
:101F5000C2F20040006840F28841C4F202018842A7
:101F600018D0FFE745F66060C2F20040006840F21A
:101F7000A041C4F2020188420CD0FFE745F6606040
:101F8000C2F20040006840F2B841C4F20201884247
:101F90000AD1FFE745F66060C2F2004001680868B8
:101FA00020F00800086009E045F66060C2F20040D9
:101FB0000168086820F004000860FFE759E0039812
:101FC000006847F60041C4F20001884214D1FFE7DF
:101FD000039841F21C11C2F2004108600298C1F856
:101FE0000C01BDF80600A1F804010398B1F8042122
:101FF0008431FAF735FF3BE00398006841F60001B1
:10200000C4F20101884214D1FFE7039841F22C2168
:10201000C2F2004108600298C1F80C01BDF8060048
:10202000A1F804010398B1F804218431FAF718FFEC
:102030001DE00398006841F60041C4F201018842A6
:1020400014D1FFE7039840F69C01C2F200410860FA
:102050000298C1F80C01BDF80600A1F8040103982C
:10206000B1F804218431FAF7FBFEFFE7FFE7FFE751
:10207000FFE7FFE7FFE704B080BD000000000000BD
:1020800080B59EB01D9000208DF867001D980068F7
:1020900040F60041C5F60001884201D1FFE700E0AB
:1020A000FFE71D9988680B694A69C969184310439D
:1020B00008431C901D980068006846F6F311CCF6A2
:1020C000FF7108401C9908431D99096808601D9814
:1020D0000068406820F440501D9A1168D26810438F
:1020E00048601D9880691C901D98006840F600416A
:1020F000C5F60001884206D0FFE71D98016A1C98CA
:1021000008431C90FFE71D98006880684FF2FF416C
:10211000C1F2FF1108401C9908431D9909688860A5
:102120001D980068C06A20F00F001D9A1168526A5D
:102130001043C862FFE71D98006841F20001C4F235
:102140000101884240F04180FFE744F25440C5F667
:102150000200006800F038000146109128282FD8AE
:102160001099DFE801F0152D2D2D2D2D2D2D192D78
:102170002D2D2D2D2D2D1D2D2D2D2D2D2D2D212DAB
:102180002D2D2D2D2D2D252D2D2D2D2D2D2D2900B8
:1021900001208DF86D0017E004208DF86D0013E02C
:1021A00008208DF86D000FE010208DF86D000BE019
:1021B00020208DF86D0007E040208DF86D0003E0D1
:1021C00080208DF86D00FFE76CE21D98006844F2F6
:1021D0000041C4F2000188422ED1FFE744F254408E
:1021E000C5F60200006800F0070001460F910528BF
:1021F0001DD80F99DFE801F003070B0F131700201C
:102200008DF86D0017E004208DF86D0013E00820B4
:102210008DF86D000FE010208DF86D000BE0202090
:102220008DF86D0007E040208DF86D0003E0802000
:102230008DF86D00FFE734E21D98006844F6000158
:10224000C4F2000188422ED1FFE744F25440C5F6A3
:102250000200006800F0070001460E9105281DD815
:102260000E99DFE801F003070B0F131700208DF81C
:102270006D0017E004208DF86D0013E008208DF844
:102280006D000FE010208DF86D000BE020208DF820
:102290006D0007E040208DF86D0003E080208DF890
:1022A0006D00FFE7FCE11D98006844F60041C4F2B0
:1022B000000188422ED1FFE744F25440C5F60200E7
:1022C000006800F0070001460D9105281DD80D9902
:1022D000DFE801F003070B0F131700208DF86D00E6
:1022E00017E004208DF86D0013E008208DF86D00D4
:1022F0000FE010208DF86D000BE020208DF86D00B0
:1023000007E040208DF86D0003E080208DF86D001F
:10231000FFE7C4E11D98006845F20001C4F2000126
:1023200088422ED1FFE744F25440C5F6020000680F
:1023300000F0070001460C9105281DD80C99DFE834
:1023400001F003070B0F131700208DF86D0017E045
:1023500004208DF86D0013E008208DF86D000FE06B
:1023600010208DF86D000BE020208DF86D0007E047
:1023700040208DF86D0003E080208DF86D00FFE7B0
:102380008CE11D98006841F20041C4F201018842CD
:1023900040F04180FFE744F25440C5F60200006877
:1023A00000F0380001460B9128282FD80B99DFE860
:1023B00001F0152D2D2D2D2D2D2D192D2D2D2D2DE2
:1023C0002D2D1D2D2D2D2D2D2D2D212D2D2D2D2D59
:1023D0002D2D252D2D2D2D2D2D2D290001208DF874
:1023E0006D0017E004208DF86D0013E008208DF8D3
:1023F0006D000FE010208DF86D000BE020208DF8AF
:102400006D0007E040208DF86D0003E080208DF81E
:102410006D00FFE741E11D98006847F60001C4F236
:10242000000188422ED1FFE744F25440C5F6020075
:10243000006800F0070001460A9105281DD80A9996
:10244000DFE801F003070B0F131700208DF86D0074
:1024500017E004208DF86D0013E008208DF86D0062
:102460000FE010208DF86D000BE020208DF86D003E
:1024700007E040208DF86D0003E080208DF86D00AE
:10248000FFE709E11D98006847F60041C4F200012A
:1024900088422ED1FFE744F25440C5F6020000689E
:1024A00000F007000146099105281DD80999DFE8C9
:1024B00001F003070B0F131700208DF86D0017E0D4
:1024C00004208DF86D0013E008208DF86D000FE0FA
:1024D00010208DF86D000BE020208DF86D0007E0D6
:1024E00040208DF86D0003E080208DF86D00FFE73F
:1024F000D1E01D98006841F60001C4F20101884254
:1025000040F04180FFE744F25440C5F60200006805
:1025100000F038000146089128282FD80899DFE8F4
:1025200001F0152D2D2D2D2D2D2D192D2D2D2D2D70
:102530002D2D1D2D2D2D2D2D2D2D212D2D2D2D2DE7
:102540002D2D252D2D2D2D2D2D2D290001208DF802
:102550006D0017E004208DF86D0013E008208DF861
:102560006D000FE010208DF86D000BE020208DF83D
:102570006D0007E040208DF86D0003E080208DF8AD
:102580006D00FFE786E01D98006841F60041C4F247
:102590000101884240F04180FFE744F25440C5F613
:1025A0000200006800F038000146079128282FD863
:1025B0000799DFE801F0152D2D2D2D2D2D2D192D2D
:1025C0002D2D2D2D2D2D1D2D2D2D2D2D2D2D212D57
:1025D0002D2D2D2D2D2D252D2D2D2D2D2D2D290064
:1025E00001208DF86D0017E004208DF86D0013E0D8
:1025F00008208DF86D000FE010208DF86D000BE0C5
:1026000020208DF86D0007E040208DF86D0003E07C
:1026100080208DF86D00FFE73BE01D98006840F6D4
:102620000041C5F6000188422ED1FFE744F2584030
:10263000C5F60200006800F0070001460691052873
:102640001DD80699DFE801F003070B0F13170220CE
:102650008DF86D0017E004208DF86D0013E0082060
:102660008DF86D000FE010208DF86D000BE020203C
:102670008DF86D0007E040208DF86D0003E08020AC
:102680008DF86D00FFE703E080208DF86D00FFE717
:10269000FFE7FFE7FFE7FFE7FFE7FFE7FFE7FFE70A
:1026A000FFE7FFE7FFE71D98006840F60041C5F629
:1026B0000001884240F0B480FFE79DF86D000146BC
:1026C0000591022814D0FFE70598042814D0FFE7ED
:1026D0000598082816D0FFE70598102818D0FFE7BE
:1026E0000598202835D0FFE70598402837D03AE0F4
:1026F000F5F73AFE11903CE015A8F5F749FE16985B
:10270000119036E012A8F5F79BFF1398119030E076
:1027100044F20040C5F60200006800F020010020ED
:10272000B0EB511F0ED0FFE744F20040C5F60200A7
:102730000068C0F3C10149F20000C0F2D030C840C7
:10274000119005E049F20000C0F2D0301190FFE78F
:102750000FE040F60010C0F23D00119009E04FF488
:102760000040119005E00020119001208DF86700D5
:10277000FFE71198002852D0FFE711981D994A6A87
:1027800046F66831C0F6020131F81210B0FBF1F0E4
:10279000189018981D99496801EB4101884207D3A8
:1027A000FFE718981D994968B0EB013F04D9FFE78E
:1027B00001208DF8670031E011981D994A68039255
:1027C0004A6A46F66831C0F6020131F81220002349
:1027D00004931946EDF77CFE039A049B090241EA33
:1027E0001061000210EB520041F10001EDF770FEA4
:1027F0001A901A98B0F5407F0BD3FFE71A99002082
:10280000B0EB115F05D1FFE71A981D990968C86000
:1028100003E001208DF86700FFE7FFE7FFE746E1EF
:102820001D98C069B0F5004F40F0A880FFE79DF803
:102830006D0001460291402800F263800299DFE8B2
:1028400001F021256060296060602F606060606039
:1028500060603560606060606060606060606060A3
:102860006060566060606060606060606060606072
:102870006060606060606060606060606060606058
:1028800060605C00F7F7A4FA119040E0F7F7B4FA43
:1028900011903CE015A8F5F77BFD1698119036E0F5
:1028A00012A8F5F7CDFE1398119030E044F20040E5
:1028B000C5F60200006800F020010020B0EB511FB7
:1028C0000ED0FFE744F20040C5F602000068C0F3F6
:1028D000C10149F20000C0F2D030C840119005E0BB
:1028E00049F20000C0F2D0301190FFE70FE040F64F
:1028F0000010C0F23D00119009E04FF4004011902B
:1029000005E00020119001208DF86700FFE7119885
:1029100098B3FFE711981D9A5168536A46F66832DA
:10292000C0F6020232F81320B0FBF2F0400000EBD8
:102930005100B0FBF1F01A901A98102818D3FFE755
:10294000BDF86A00A0B9FFE71A9820F00F00ADF8B3
:102950006E001A9800F00E01BDF86E0040EA5100BA
:10296000ADF86E00BDF86E001D990968C86003E0FF
:1029700001208DF86700FFE7FFE797E09DF86D0005
:1029800001460191402800F263800199DFE801F0DF
:1029900021256060296060602F6060606060606019
:1029A0003560606060606060606060606060606052
:1029B0005660606060606060606060606060606021
:1029C0006060606060606060606060606060606007
:1029D0005C00F7F7FDF9119040E0F7F70DFA119060
:1029E0003CE015A8F5F7D4FC1698119036E012A833
:1029F000F5F726FE1398119030E044F20040C5F63A
:102A00000200006800F020010020B0EB511F0ED042
:102A1000FFE744F20040C5F602000068C0F3C101C0
:102A200049F20000C0F2D030C840119005E049F2F0
:102A30000000C0F2D0301190FFE70FE040F6001028
:102A4000C0F23D00119009E04FF40040119005E004
:102A50000020119001208DF86700FFE7119820B346
:102A6000FFE711981D9A5168536A46F66832C0F61E
:102A7000020232F81320B0FBF2F000EB5100B0FB81
:102A8000F1F01A901A9810280AD3FFE7BDF86A00EF
:102A900030B9FFE7BDF868001D990968C86003E018
:102AA00001208DF86700FFE7FFE7FFE7FFE71D99CB
:102AB0000120A1F86A001D99A1F868001D99002065
:102AC00048671D9988679DF867001EB080BD0000AB
:102AD00080B588B006900591ADF81220059806994A
:102AE0008865BDF812000699A1F85C0006990020DF
:102AF000C1F8900006992220C1F88C000698D0F801
:102B00008000B0B3FFE70698D0F8801041F28960EA
:102B1000C0F60100C8630698D0F8801041F6D900CD
:102B2000C0F6010008640698D0F8801041F21960E0
:102B3000C0F60100C8640698D0F88010002008652F
:102B400006980168826DD0F880002431BDF81230FB
:102B5000F2F75AF860B1FFE706991020C1F890002B
:102B600006992020C1F88C0001208DF81F0042E05A
:102B7000FFE706980069A0B1FFE7FFE7FFE70698C7
:102B8000006850E8000F40F480700390FFE703995D
:102B90000698026842E800100028F0D1FFE7FFE73E
:102BA000FFE7FFE7FFE70698006850E8020F40F0F4
:102BB00001000290FFE702990698026842E80210BD
:102BC0000028F0D1FFE7FFE7FFE7FFE7069800687E
:102BD00050E8020F40F040000190FFE7019906988D
:102BE000026842E802100028F0D1FFE7FFE700206A
:102BF0008DF81F00FFE79DF81F0008B080BD0000A2
:102C000084B003900398D0F88800212842D1FFE7D0
:102C10000398B0F8560038BBFFE7FFE7FFE70398DB
:102C2000006850E8000F20F080000190FFE7019954
:102C30000398026842E800100028F0D1FFE7FFE7A0
:102C4000FFE7FFE70398006850E8000F40F04000FE
:102C50000090FFE700990398026842E800100028FE
:102C6000F0D1FFE7FFE714E00398006D02900298AF
:102C700000886FF35F200399096888620399086DE3
:102C8000023008650399B1F856000138A1F85600E2
:102C9000FFE7FFE704B0704785B004900498D0F8D0
:102CA000880021285DD1FFE70498B0F86A00ADF8EC
:102CB0000A00FFE7BDF80A00002851D0FFE704989A
:102CC000B0F8560038BBFFE7FFE7FFE7049800685D
:102CD00050E8020F20F400000190FFE701990498EA
:102CE000026842E802100028F0D1FFE7FFE7FFE7A3
:102CF000FFE70498006850E8000F40F040000090A3
:102D0000FFE700990498026842E800100028F0D11B
:102D1000FFE7FFE724E004980068C0690006002888
:102D200015D5FFE70498006D0390039800886FF3B2
:102D30005F200499096888620499086D023008656B
:102D40000499B1F856000138A1F8560000E0FFE7F9
:102D5000FFE7FFE7BDF80A000138ADF80A00A9E770
:102D6000FFE705B07047000083B002900298D0F8EA
:102D7000880021283DD1FFE70298B0F8560038BB03
:102D8000FFE7FFE7FFE70298006850E8000F20F038
:102D900080000190FFE701990298026842E8001064
:102DA0000028F0D1FFE7FFE7FFE7FFE702980068A0
:102DB00050E8000F40F040000090FFE700990298B3
:102DC000026842E800100028F0D1FFE7FFE70FE0BB
:102DD00002980168006D007888620299086D0130E0
:102DE00008650299B1F856000138A1F85600FFE7CE
:102DF000FFE703B07047000084B003900398D0F859
:102E00008800212858D1FFE70398B0F86A00ADF890
:102E10000A00FFE7BDF80A0000284CD0FFE703983E
:102E2000B0F8560038BBFFE7FFE7FFE703980068FC
:102E300050E8020F20F400000190FFE70199039889
:102E4000026842E802100028F0D1FFE7FFE7FFE741
:102E5000FFE70398006850E8000F40F04000009042
:102E6000FFE700990398026842E800100028F0D1BB
:102E7000FFE7FFE71FE003980068C069000600282D
:102E800010D5FFE703980168006D00788862039908
:102E9000086D013008650399B1F856000138A1F8B2
:102EA000560000E0FFE7FFE7FFE7BDF80A00013842
:102EB000ADF80A00AEE7FFE704B07047000000007D
:102EC00080B586B0DDF820C0049003918DF80B200A
:102ED0000193FFE704980068C06903990840401A0D
:102EE000B0FA80F040099DF80B10884266D1FFE7E8
:102EF00008980130002860D0FFE7F3F731FF01990F
:102F0000401A0899884203D8FFE7089820B9FFE7DC
:102F100003208DF8170055E004980068006840070A
:102F2000002849D5FFE70398802845D0FFE703989C
:102F3000402841D0FFE704980068C06900F008010C
:102F40000120B0EBD10F16D1FFE7049801680820EB
:102F5000009008620498FEF78BFD00980499C1F870
:102F60009000FFE70499002081F88400FFE701202A
:102F70008DF8170026E004980068C06900F400612D
:102F80000120B0EBD12F16D1FFE7049801684FF470
:102F9000006008620498FEF76BFD04992020C1F8D8
:102FA0009000FFE70499002081F88400FFE70320E8
:102FB0008DF8170006E0FFE7FFE78BE700208DF8AC
:102FC0001700FFE79DF8170006B080BD0000000065
:102FD00080B546F66C20C2F20040FAF7A1FC80BD35
:102FE00080B546F6D810C2F20040FAF799FC80BDD1
:102FF00080B586B004908DF80F100498D0F8C80200
:1030000001900498D0F8D41200EB8100D0F8C002EF
:1030100020B9FFE703208DF817005FE00498D0F88F
:10302000D41200EB8100D0F8C002029004989DF801
:103030000F1001F00F0101EB810100EB81004069ED
:1030400040B3FFE704989DF80F1001F00F0101EB6A
:10305000810200EB82004269019801EBC10100EBA3
:103060008100C169B2FBF1F000FB112090B9FFE7CC
:1030700004989DF80F1001F00F0101EB810100EBA6
:1030800081000023436104989DF80F101A4601F057
:1030900017FE1FE002990020C1F814020498D0F82E
:1030A000D41200EB8100D0F8C402006988B1FFE7B8
:1030B0000498D0F8D41200EB8100D0F8C402036960
:1030C0000299D1F8080201F504719DF80F20984784
:1030D000FFE7FFE700208DF81700FFE79DF81700D6
:1030E00006B080BD0000000080B584B002908DF86D
:1030F00007100298D0F8D41200EB8100D0F8C0027B
:1031000000900298D0F8D41200EB8100D0F8C002F1
:1031100020B9FFE703208DF80F0019E002989DF811
:10312000071001F03DFB0099C1F80C020298D0F89D
:10313000D41200EB8100D0F8C402C2680099D1F823
:10314000040201F50371904700208DF80F00FFE79E
:103150009DF80F0004B080BD80B586B005908DF855
:103160001310059840F20901C2F20041009109785C
:1031700001F01EF900990598097801F00F0101EBA3
:10318000810100EB81010020039081F82300059864
:1031900040F20A01C2F200410191097801F008F9F8
:1031A000019A03980599127802F00F0202EB82024D
:1031B00001EB820181F86301059840F20801C2F237
:1031C00000410291097801F0F3F8029A03980599F9
:1031D000137803F00F0303EB830301EB830181F802
:1031E00023000599127802F00F0202EB820201EB34
:1031F0008201C8610598D0F8D41200EB8100D0F8A4
:10320000C002F0B1FFE70598D0F8D41200EB8100BE
:10321000D0F8C402406880470598D0F8D41200EB7B
:103220008100D0F8C00202F0FBF90598D0F8D41262
:1032300000EB81010020C1F8C0020599C1F8BC0271
:10324000FFE7002006B080BD80B584B002900298F0
:10325000D0F8D41200EB8100D0F8C00201900198A0
:1032600020B9FFE703208DF80F0025E00298D0F881
:10327000D41200EB8100D0F8C402C8B1FFE7019876
:1032800090F80002FF2813D0FFE70298D0F8D4127C
:1032900000EB8100D0F8C4028368019991F8000224
:1032A00091F8012298470199FF2081F80002FFE779
:1032B00000208DF80F00FFE79DF80F0004B080BDDF
:1032C00081B0009000990A20088040F24410C2F2B8
:1032D000004001B07047000080B586B0059040F214
:1032E0000010C2F200400190822100F021FE014650
:1032F00001980491012100F01BFE01460198039101
:10330000812100F015FE0290049820B1FFE7049996
:1033100010208871FFE7039820B1FFE70399402050
:103320008880FFE7029820B1FFE70299402088805B
:10333000FFE705994320088040F20010C2F20040E8
:1033400006B080BD0000000080B586B0059040F258
:103350000010C2F200400190822100F0E9FD014618
:1033600001980491012100F0E3FD014601980391C9
:10337000812100F0DDFD0290049820B1FFE704995F
:1033800010208871FFE7039828B1FFE703994FF4F5
:1033900000708880FFE7029828B1FFE702994FF498
:1033A00000708880FFE705994320088040F20010F4
:1033B000C2F2004006B080BD80B586B0059040F2F4
:1033C0000010C2F200400190822100F0B1FD0146E0
:1033D00001980491012100F0ABFD01460198039191
:1033E000812100F0A5FD0290049820B1FFE7049927
:1033F00010208871FFE7039820B1FFE70399402070
:103400008880FFE7029820B1FFE70299402088807A
:10341000FFE705994320088040F20010C2F2004007
:1034200006B080BD0000000080B590B00E908DF811
:1034300037104FF4077002F0F7F80C900C9860B951
:10344000FFE70E98D0F8D41200EB81010020C1F8FC
:10345000C00202208DF83F00F3E00C984FF4077192
:10346000EDF74CF90C980E99D1F8D42201EB8201BA
:10347000C1F8C0020E99D1F8D40201EB8000D0F857
:10348000C002C1F8BC020E98007C002841D1FFE7C1
:103490000E9840F20901C2F2004107910978022218
:1034A00008924FF40073099301F06EFA0799089A95
:1034B000099B0E98097801F00F0101EB810100EBE7
:1034C000810101200B9081F823000E9840F20A013F
:1034D000C2F200410A91097801F056FA0A9A0B9853
:1034E0000E99127802F00F0202EB820201EB8201C8
:1034F00081F863010E9840F20801C2F20041097898
:1035000001F00F0101EB810100EB81011020C86186
:103510003FE00E9840F20901C2F2004102910978A1
:10352000022203924023049301F02EFA0299039A97
:10353000049B0E98097801F00F0101EB810100EB6B
:1035400081010120069081F823000E9840F20A01C3
:10355000C2F200410591097801F016FA059A069821
:103560000E99127802F00F0202EB820201EB820147
:1035700081F863010E9840F20801C2F20041097817
:1035800001F00F0101EB810100EB81011020C86106
:10359000FFE70E9840F20801C2F20041009109785D
:1035A0000322082301F0F0F900990E98097801F040
:1035B0000F0101EB810100EB8101012081F8230063
:1035C0000C9900200190C1F804020E98D0F8D41292
:1035D00000EB8100D0F8C4020068804701980C9984
:1035E000C1F814020C99C1F818020C98D0F8040222
:1035F00020B9FFE702208DF83F0022E00E98007C02
:1036000070B9FFE70E9840F20A01C2F20041097852
:103610000C9AD2F804224FF4007301F0DDF90CE0AB
:103620000E9840F20A01C2F2004109780C9AD2F8D1
:103630000422402301F0D0F9FFE700208DF83F007D
:10364000FFE79DF83F0010B080BD000000000000C3
:1036500080B584B002900298D0F8D41200EB8100BB
:10366000D0F8C00201900298D0F8D41200EB81008B
:10367000D0F8C00220B9FFE703208DF80F0022E048
:103680000298007C70B9FFE7029840F20A01C2F28A
:1036900000410978019AD2F804224FF4007301F036
:1036A0009BF90CE0029840F20A01C2F2004109784D
:1036B000019AD2F80422402301F08EF9FFE700209E
:1036C0008DF80F00FFE79DF80F0004B080BD0000EB
:1036D00083B001900091009820B9FFE703208DF896
:1036E0000B000BE000980199D1F8D42201EB820184
:1036F000C1F8C40200208DF80B00FFE79DF80B0015
:1037000003B070470000000084B00290019102985D
:10371000D0F8D41200EB8100D0F8C00200900098DD
:1037200020B9FFE703208DF80F0007E0019800990A
:10373000C1F8040200208DF80F00FFE79DF80F008C
:1037400004B070470000000085B003900291019220
:103750000398D0F8D41200EB8100D0F8C00200909A
:10376000009820B9FFE703208DF813000BE00298C2
:103770000099C1F8080201980099C1F810020020D0
:103780008DF81300FFE79DF8130005B070470000A7
:1037900080B58AB0089007910898D0F8D41200EB51
:1037A0008100D0F8C002069000208DF81500ADF819
:1037B00012008DF81100069820B9FFE703208DF85C
:1037C0002700C7E00798007800F0600001460391E9
:1037D00000285ED0FFE70398202840F0AE80FFE786
:1037E0000798C088002846D0FFE7079800780006B1
:1037F000002823D5FFE70898D0F8D41200EB810009
:10380000D0F8C4028368079A50780699D2889847FE
:103810000798C088082803D3FFE70720029003E039
:103820000798C0880290FFE70298ADF81600089844
:103830000699BDF8162000F087F91BE0079840783C
:10384000069981F800020798C0883F2804D8FFE74E
:103850000798C088019002E040200190FFE701989E
:10386000069981F801020898069991F8012200F062
:1038700037F9FFE70CE00898D0F8D41200EB81008C
:10388000D0F8C40283680799487800229847FFE778
:103890005BE007984078014600910B2844D80099D6
:1038A000DFE801F0064142424242424242421C32BB
:1038B000089890F89C02032807D1FFE708980DF1BB
:1038C0001201022200F040F907E00898079900F081
:1038D000F7F803208DF81100FFE72DE0089890F825
:1038E0009C02032807D1FFE708980DF1150101227A
:1038F00000F02AF907E00898079900F0E1F80320A2
:103900008DF81100FFE717E0089890F89C02032853
:1039100008D0FFE70898079900F0D2F803208DF847
:103920001100FFE708E007E00898079900F0C8F8E1
:1039300003208DF81100FFE707E00898079900F0D1
:10394000BFF803208DF81100FFE79DF811008DF8F6
:103950002700FFE79DF827000AB080BD00000000A7
:1039600080B584B002900298D0F8D41200EB8100A8
:10397000D0F8C002019001208DF80300019820B911
:10398000FFE703208DF80F002AE00198D0F8140219
:1039900008BBFFE701990120C1F814020198D0F893
:1039A0001002029A40F20901C2F200410B7803F0C2
:1039B0000F0303EB830302EB830250610298097843
:1039C000019BD3F80822D3F8103201F079F90020D6
:1039D0008DF80300FFE79DF803008DF80F00FFE767
:1039E0009DF80F0004B080BD80B582B001908DF8C5
:1039F000031000208DF802000198D0F8B8124A6830
:103A00009DF80310904720B1FFE703208DF80200D6
:103A1000FFE79DF8020002B080BD0000000000003A
:103A200080B582B001900091019890F89C02013815
:103A300002280ED8FFE700984088012808D1FFE748
:103A400001990020C1F8A402019800F099F8FFE75D
:103A500004E00198009900F033F8FFE702B080BD60
:103A600082B001908DF80310002002B07047000072
:103A700082B001908DF80310002002B07047000062
:103A800080B584B00390029101920398029A019B41
:103A90000021009100F0A0FF009804B080BD00005C
:103AA00080B584B00390029101920398029A019B21
:103AB0000021009101F004F9009804B080BD0000DD
:103AC00080B582B0019000910198802101F0A4F8A6
:103AD0000198002101F0A0F802B080BD00000000B4
:103AE00080B584B003900291019203990320C1F83C
:103AF000940201980399C1F8540102980399C1F8FE
:103B0000640101980399C1F858010398029A019B36
:103B10000021009100F060FF009804B080BD00001B
:103B200080B582B0019001990520C1F894020198F6
:103B30000023009319461A4600F04EFF009802B089
:103B400080BD00000000000080B584B003900291A9
:103B5000019203990220C1F89402019803994861E7
:103B60000298039948620198039988610398029A20
:103B7000019B0021009101F0A3F8009804B080BDE2
:103B800080B582B0019001990420C1F89402019897
:103B90000023009319461A4601F092F8009802B0EB
:103BA00080BD00000000000080B584B00390029149
:103BB0000298C088012805D0FFE703980299FFF713
:103BC0007FFF21E0039890F89C12481E0191022883
:103BD00004D3FFE7019803280AD00FE003990020DF
:103BE0008860039800F108010122FFF7ADFF0AE0A9
:103BF0000398011D0122FFF7A7FF04E00398029933
:103C0000FFF75EFFFFE7FFE704B080BD00000000A4
:103C100080B588B0079006910020ADF8160004909A
:103C20008DF80F000698C0780138014602910E28E1
:103C300000F241810299DFE811F02A0034005100BE
:103C40003E013E010B0123013E013E013E013E01CA
:103C50003E013E013E010F000798D0F8B402C06952
:103C600050B1FFE70798D0F8B412CA69007C0DF193
:103C700016019047049009E007980699FFF720FF86
:103C80009DF80F0001308DF80F00FFE71DE1079848
:103C9000D0F8B4120A68007C0DF116019047049028
:103CA00013E10798007C60B9FFE70798D0F8B802E5
:103CB000816A0DF11600884704900499022048702B
:103CC0000BE00798D0F8B802C16A0DF116008847DA
:103CD0000490049902204870FFE7F6E00698807887
:103CE00001460191052800F2A8800199DFE801F062
:103CF000031E39546F8A0798D0F8B402406850B157
:103D0000FFE70798D0F8B4124A68007C0DF116015D
:103D10009047049009E007980699FFF7D1FE9DF8B7
:103D20000F0001308DF80F00FFE790E00798D0F802
:103D3000B402806850B1FFE70798D0F8B4128A68DF
:103D4000007C0DF116019047049009E00798069950
:103D5000FFF7B6FE9DF80F0001308DF80F00FFE76A
:103D600075E00798D0F8B402C06850B1FFE7079833
:103D7000D0F8B412CA68007C0DF116019047049087
:103D800009E007980699FFF79BFE9DF80F000130A8
:103D90008DF80F00FFE75AE00798D0F8B4020069E9
:103DA00050B1FFE70798D0F8B4120A69007C0DF112
:103DB00016019047049009E007980699FFF780FEE6
:103DC0009DF80F0001308DF80F00FFE73FE00798E6
:103DD000D0F8B402406950B1FFE70798D0F8B412A8
:103DE0004A69007C0DF116019047049009E007989C
:103DF0000699FFF765FE9DF80F0001308DF80F0062
:103E0000FFE724E00798D0F8B402806950B1FFE7DB
:103E10000798D0F8B4128A69007C0DF1160190471A
:103E2000049009E007980699FFF74AFE9DF80F00F5
:103E300001308DF80F00FFE709E007980699FFF7BA
:103E40003FFE9DF80F0001308DF80F00FFE73CE0CA
:103E50000798007C48B9FFE70798D0F8B802416B93
:103E60000DF116008847049009E007980699FFF7BE
:103E700027FE9DF80F0001308DF80F00FFE724E0CA
:103E80000798007C60B9FFE70798D0F8B802016B8B
:103E90000DF116008847049004990720487009E046
:103EA00007980699FFF70CFE9DF80F0001308DF87A
:103EB0000F00FFE709E007980699FFF701FE9DF85C
:103EC0000F0001308DF80F00FFE79DF80F0008B1DB
:103ED000FFE72AE00698C08818B3FFE7BDF8160090
:103EE000C8B1FFE7BDF816000699C988884204DA10
:103EF000FFE7BDF81600009003E00698C088009028
:103F0000FFE70098ADF8160007980499BDF8162051
:103F1000FFF71AFE04E007980699FFF7D1FDFFE7C7
:103F200003E00798FFF72CFEFFE708B080BD000014
:103F300080B586B005908DF813100598039005980C
:103F4000029000200190029948880978884227DD74
:103F5000FFE702980078ADF80200FFE7BDF8020025
:103F60000299498888421ADAFFE703980DF10201A5
:103F700000F036F803900398407805280ED1FFE74B
:103F800003980190019880789DF81310884201D120
:103F9000FFE704E000200190FFE7FFE7DEE7FFE72F
:103FA000019806B080BD000083B0029000208DF81B
:103FB000070002980090FFE70098007848B1FFE7FB
:103FC0009DF8070001308DF807000098013000903F
:103FD000F2E79DF8070003B0704700000000000002
:103FE00083B00290019102980090009802780199A4
:103FF00008881044088002980099097808440090C5
:10400000009803B07047000080B582B00190009125
:10401000019890F89C02013802281FD8FFE7009809
:10402000C088022805D0FFE701980099FFF748FDF6
:1040300019E001990120C8600198D0F8A40230B1BC
:10404000FFE70199C86840F00200C860FFE70198E7
:1040500000F10C010222FFF777FD04E001980099BE
:10406000FFF72EFDFFE702B080BD0000000000005A
:1040700080B586B005900491039200208DF80B0066
:10408000059808B9FFE74FE0059801900198FFF700
:104090008BFF0146022000EB4100B0F5007F04D900
:1040A000FFE74FF40070009008E00198FFF77CFFF5
:1040B0000146022000EB41000090FFE700980399C1
:1040C00008800398007804999DF80B2088549DF887
:1040D0000B0001308DF80B0004999DF80B20032094
:1040E00088549DF80B0001308DF80B00FFE7019814
:1040F0000078C8B1FFE70198007804999DF80B207B
:1041000088540198013001909DF80B0001308DF822
:104110000B0004999DF80B20002088549DF80B009B
:1041200001308DF80B00E2E706B080BD0000000012
:1041300082B08DF8070000208DF806009DF807007A
:1041400001460091032814D80099DFE801F0020627
:104150000A0E00208DF806000FE003208DF80600FF
:104160000BE001208DF8060007E003208DF8060023
:1041700003E003208DF80600FFE79DF8060002B07B
:10418000704700000000000080B582B08DF8070085
:1041900000919DF8070060B9FFE7009A47F6CE202E
:1041A000C0F6020041F24031C2F20041FFF760FF69
:1041B0000BE0009A47F6CE20C0F6020041F24031F3
:1041C000C2F20041FFF754FFFFE741F24030C2F274
:1041D000004002B080BD000082B08DF80700009161
:1041E00000991220088040F25010C2F2004002B044
:1041F000704700000000000080B582B08DF8070015
:1042000000919DF8070060B9FFE7009A47F6C020CB
:10421000C0F6020041F24031C2F20041FFF728FF30
:104220000BE0009A47F6C020C0F6020041F2403190
:10423000C2F20041FFF71CFFFFE741F24030C2F23B
:10424000004002B080BD000082B08DF807000091F0
:1042500000990420088040F27810C2F2004002B0B9
:10426000704700000000000080B584B08DF80F009A
:104270000291029A47F6D920C0F6020041F240317D
:10428000C2F200410191FFF7F3FE019804B080BD36
:1042900080B582B08DF8070000919DF8070060B9E5
:1042A000FFE7009A47F6EC20C0F6020041F24031E9
:1042B000C2F20041FFF7DCFE0BE0009A47F6EC206B
:1042C000C0F6020041F24031C2F20041FFF7D0FED9
:1042D000FFE741F24030C2F2004002B080BD000072
:1042E00080B582B08DF80700009100991A200880EF
:1042F000EDF7AEFE40F27C10C2F2004002B080BD8D
:1043000080B584B0029001918DF80320029820B905
:10431000FFE703208DF80F0023E002990020C1F889
:10432000B8020299C1F8C4020299C1F8D0020198FA
:1043300028B1FFE701980299C1F8B402FFE702999A
:10434000012081F89C029DF80300029908700298F0
:1043500000F036FA8DF802009DF802008DF80F008B
:10436000FFE79DF80F0004B080BD000000000000D2
:1043700080B582B001908DF8031000208DF8020006
:104380008DF801000198D0F8C8029DF80310F2F7EB
:104390000BFF8DF802009DF80200FFF7C9FE8DF8B3
:1043A00001009DF8010002B080BD00000000000087
:1043B00080B582B001908DF8031000208DF80200C6
:1043C0008DF801000198D0F8C8029DF80310F2F7AB
:1043D00097FE8DF802009DF80200FFF7A9FE8DF808
:1043E00001009DF8010002B080BD00000000000047
:1043F00080B588B006908DF8171004929DF81700CC
:10440000002879D1FFE70698143003900698D0F879
:104410009402022862D1FFE703994868898988429B
:1044200017D9FFE703998A894868801A4860039979
:104430008A89086910440861069803994A680969DD
:10444000FFF72EFB0698002319461A4600F0C4FA1F
:1044500043E003998889496888421ED1FFE70399A0
:1044600008688989884218D3FFE70398006806998D
:10447000D1F89812884210D2FFE7069800220192E4
:104480001146FFF70DFB019B0698C0F8983206987D
:1044900019461A4600F0A0FA1EE0069890F89C0211
:1044A000032811D1FFE70698D0F8B802C06850B1D0
:1044B000FFE706990020C1F8D4020698D0F8B81298
:1044C000C9688847FFE7FFE70698802100F0A4FB52
:1044D0000698FFF725FBFFE7FFE7FFE7069890F850
:1044E000A00240B1FFE7069800F07EFC069900208C
:1044F00081F8A002FFE740E006989DF8171041F010
:104500008001FFF7ADFA8DF80A009DF80A00FF2838
:1045100032D0FFE79DF80A0070BBFFE7069890F8DD
:104520009C02032827D1FFE706989DF80A1000EBAC
:104530008100D0F8B8024069E0B1FFE79DF80A00B9
:104540000699C1F8D40206989DF80A1000EB810183
:10455000D1F8B8124A699DF8171090478DF80B00F2
:104560009DF80B0028B1FFE79DF80B008DF81F00A8
:1045700007E0FFE7FFE7FFE7FFE700208DF81F00F8
:10458000FFE79DF81F0008B080BD0000000000009C
:1045900080B58AB008908DF81F10069200208DF823
:1045A00013009DF81F00002840F08780FFE708985F
:1045B00000F5AA7005900898D0F8940203287BD1E2
:1045C000FFE7059948688989884222D9FFE705995C
:1045D0008A894868801A486005998A890869104460
:1045E000086108980290059948680A6903928989C8
:1045F000884204D9FFE705984068019003E00598D8
:1046000080890190FFE703990298019AFFF738FA31
:1046100051E0089890F8AA0200F01F0001460091AE
:1046200040B1FFE70098012808D0FFE70098022872
:104630000CD013E000208DF8120013E0089890F8D9
:10464000AE12FFF715FA8DF812000BE0089890F8FB
:10465000AE12FFF705FA8DF8120003E000208DF886
:104660001200FFE79DF8120008BBFFE7089890F8DA
:104670009C0203281AD1FFE708989DF8121000EB5E
:104680008100D0F8B802006978B1FFE79DF8120008
:104690000899C1F8D40208989DF8121000EB810126
:1046A000D1F8B81209698847FFE7FFE7FFE70898E4
:1046B000FFF766FAFFE7FFE740E008989DF81F1054
:1046C00001F07F01FFF7CCF98DF812009DF8120080
:1046D000FF2832D0FFE79DF8120070BBFFE7089873
:1046E00090F89C0203281ED1FFE708989DF812104D
:1046F00000EB8100D0F8B802806998B1FFE79DF81F
:1047000012000899C1F8D40208989DF8121000EB25
:104710008101D1F8B8128A699DF81F1090478DF871
:104720001300FFE7FFE79DF8130028B1FFE79DF8AE
:1047300013008DF8270005E0FFE7FFE700208DF864
:104740002700FFE79DF827000AB080BD00000000A9
:1047500081B00090002001B0704700000000000010
:1047600080B582B0019000208DF8030001990120EE
:1047700081F89C020198D0F8B80268B1FFE701986F
:10478000D0F8B8124A680179904720B1FFE70320BA
:104790008DF80300FFE7FFE79DF8030002B080BD3E
:1047A00080B582B001908DF803100198D0F8C8024E
:1047B0009DF80310F2F75CFD02B080BD0000000020
:1047C00080B584B0039003980078012838D1FFE7C2
:1047D000039946F28830C2F200400290C0F8E0141B
:1047E0000399C1F8C8020021C4F204010160092143
:1047F00001710222C2710021817142728172C17203
:1048000001738173C1730174F3F712FB18B1FFE7F1
:10481000EDF742FAFFE746F28830C2F2004001901D
:1048200080210091F2F7A0FB009A01980021F2F795
:10483000A7FB019801214FF4BA72F2F7A1FBFFE741
:10484000002004B080BD000084B002908DF80710F5
:104850000298D0F8C80200909DF8070000060028D2
:104860000DD5FFE700989DF8071001F07F0101EBDF
:10487000C10100EB8100807D8DF80F000DE00098F4
:104880009DF8071001F07F0101EBC10100EB8100F1
:1048900090F856028DF80F00FFE79DF80F0004B066
:1048A000704700000000000080B584B002908DF8D1
:1048B00007100298D0F8D41200EB8100D0F8B802AB
:1048C00020B9FFE703208DF80F0020E0029890F850
:1048D0009C02032817D1FFE70298D0F8D41200EB0E
:1048E0008100D0F8B802006A60B1FFE70298D0F802
:1048F000D41200EB8101D1F8B8120A6A9DF80710B2
:104900009047FFE7FFE700208DF80F00FFE79DF8D5
:104910000F0004B080BD000080B584B002908DF817
:1049200007100298D0F8D41200EB8100D0F8B8023A
:1049300020B9FFE703208DF80F0020E0029890F8DF
:104940009C02032817D1FFE70298D0F8D41200EB9D
:104950008100D0F8B802406A60B1FFE70298D0F851
:10496000D41200EB8101D1F8B8124A6A9DF8071001
:104970009047FFE7FFE700208DF80F00FFE79DF865
:104980000F0004B080BD000080B584B003908DF8A6
:104990000B108DF80A20ADF8083000208DF80700C4
:1049A0008DF806000398D0F8C8029DF80B10BDF8EA
:1049B00008209DF80A30F2F76FFC8DF807009DF88B
:1049C0000700FFF7B5FB8DF806009DF8060004B060
:1049D00080BD00000000000080B586B005908DF815
:1049E00013100392029300208DF807008DF8060043
:1049F0000598D0F8C8029DF81310039A029BF2F7AD
:104A0000C3FC8DF807009DF80700FFF791FB8DF8B8
:104A100006009DF8060006B080BD00000000000002
:104A200080B586B0059000208DF81300059A01210D
:104A300082F89C120599C1F894020599486005997D
:104A4000C1F8A402059981F8A0020598D0F8B8022F
:104A5000A0B1FFE70598D0F8B802406868B1FFE759
:104A60000598D0F8B8124A680179904720B1FFE75D
:104A700003208DF81300FFE7FFE7FFE7059800220A
:104A80000192402303931146FFF77EFF019A039B97
:104A900005990120029081F863010598A0F8603122
:104AA00005988021FFF770FF02990398059A82F814
:104AB0002310059908849DF8130006B080BD0000FE
:104AC00081B00090009890F89C02042807D1FFE77D
:104AD000009890F89D02009981F89C02FFE7002061
:104AE00001B070470000000080B582B001900198CD
:104AF00090F89C02032813D1FFE70198D0F8B80280
:104B000068B1FFE70198D0F8B802C06930B1FFE79B
:104B10000198D0F8B812C9698847FFE7FFE7FFE7B7
:104B2000002002B080BD000082B001908DF803101B
:104B30009DF8030001990874002002B0704700003E
:104B400080B582B001908DF8031000208DF802002E
:104B50008DF801000198D0F8C8029DF80310F3F712
:104B600007FB8DF802009DF80200FFF7E1FA8DF8CF
:104B700001009DF8010002B080BD000000000000AF
:104B800080B584B003900291039800F2AA200299A4
:104B900000F0BAF803990120C1F894020399B1F822
:104BA000B002C1F89802039890F8AA0200F01F0022
:104BB0000146009140B1FFE7009801280CD0FFE7C3
:104BC0000098022810D017E0039800F2AA2100F004
:104BD00067FA8DF8070019E0039800F2AA2100F0A7
:104BE000A3FC8DF8070011E0039800F2AA2100F061
:104BF000BFFA8DF8070009E0039890F8AA1201F0B7
:104C0000800100F009F88DF80700FFE79DF8070024
:104C100004B080BD0000000080B582B001908DF826
:104C2000031000208DF802008DF801000198D0F8E3
:104C3000C8029DF80310F2F7DFFB8DF802009DF823
:104C40000200FFF775FA8DF801009DF8010002B02F
:104C500080BD00000000000080B582B001900020FF
:104C60008DF803008DF802000198D0F8C802F3F720
:104C7000BBFA8DF803009DF80300FFF759FA8DF891
:104C800002009DF8020002B080BD0000000000009C
:104C900081B00090009890F89C02042807D0FFE7AC
:104CA000009890F89C02009981F89D02FFE7009916
:104CB000042081F89C02002001B070470000000031
:104CC00080B586B005908DF81310039202930020F2
:104CD0008DF807008DF806000598D0F8C8029DF8F9
:104CE0001310039A029BF2F7F7FB8DF807009DF86B
:104CF0000700FFF71DFA8DF806009DF8060006B0C4
:104D000080BD00000000000080B584B003900291D7
:104D10000298019001980078039908700198013079
:104D20000190019800780399487001980130019032
:104D30000198FBF739FA03994880019801300190F6
:104D40000198013001900198FBF72EFA03998880B1
:104D50000198013001900198013001900198FBF712
:104D600023FA0399C88004B080BD00000000000051
:104D700080B584B0029001910020ADF80200019846
:104D800020B9FFE703208DF80F0026E00198029973
:104D9000C1F8B8020298D0F8D41200EB8100D0F824
:104DA000B802C06A78B1FFE70298D0F8D41200EBDD
:104DB0008100D0F8B802C16A0DF10200884702995B
:104DC000C1F8D002FFE70299D1F8D8020130C1F84A
:104DD000D80200208DF80F00FFE79DF80F0004B007
:104DE00080BD00000000000081B00090002001B0F4
:104DF000704700000000000080B584B0039002916D
:104E000002988088B8BBFFE70298C08898BBFFE78C
:104E1000029840887F282ED8FFE70298807800F01B
:104E20007F008DF80700039890F89C02032805D1B5
:104E3000FFE703980299FEF743FE1BE09DF8070089
:104E4000039981F89E0203989DF80710FFF778FEFA
:104E50000398FEF795FE9DF8070028B1FFE7039938
:104E6000022081F89C0204E00399012081F89C0251
:104E7000FFE7FFE704E003980299FEF721FEFFE752
:104E800004B080BD0000000080B582B001908DF8B4
:104E9000031000208DF802000198D0F8B80250B13C
:104EA000FFE70198D0F8B8120A689DF80310904700
:104EB0008DF80200FFE79DF8020002B080BD0000FF
:104EC00080B586B00490039100208DF80B00039804
:104ED000817841F23C30C2F2004001700078022833
:104EE00008D3FFE704980399FEF7EAFD03208DF845
:104EF0001700A0E0049890F89C0201460191022856
:104F000004D0FFE7019803282FD07FE041F23C3026
:104F1000C2F20040007818B3FFE741F23C31C2F220
:104F200000410878049A506004980978FFF7ACFFB4
:104F30008DF80B009DF80B0048B1FFE7049803992A
:104F4000FEF7BEFD0499022081F89C0207E0049858
:104F5000FEF716FE0499032081F89C02FFE703E0A8
:104F60000498FEF70DFEFFE760E041F23C30C2F22C
:104F70000040007898B9FFE70499022081F89C026C
:104F800041F23C31C2F200410878049A5060049822
:104F90000978FEF729FD0498FEF7F2FD35E041F2AD
:104FA0003C30C2F20040007804994968884227D01A
:104FB000FFE704980179FEF717FD41F23C31C2F298
:104FC00000410878049A506004980978FFF75CFF64
:104FD0008DF80B009DF80B0068B1FFE7049803996A
:104FE000FEF76EFD04980179FEF7FEFC049902209D
:104FF00081F89C0203E00498FEF7C2FDFFE703E09E
:105000000498FEF7BDFDFFE7FFE70FE00498039962
:10501000FEF756FD049841F23C31C2F20041097896
:10502000FEF7E2FC03208DF80B00FFE79DF80B0074
:105030008DF81700FFE79DF8170006B080BD00004F
:1050400080B582B00190009100984088012808D175
:10505000FFE701990120C1F8A4020198FEF790FD35
:1050600013E000984088022809D1FFE700984079B2
:10507000019981F8A0020198FEF782FD04E00198F1
:105080000099FEF71DFDFFE7FFE702B080BD0000BD
:1050900080B582B001900198FFF7DEFD02B080BDBF
:1050A00080B586B00590049100208DF80F0004981B
:1050B000007800F0600001460291A8B1FFE7029875
:1050C000202804D0FFE70298402846D1FFE7059842
:1050D000D0F8D41200EB8101D1F8B8128A68049993
:1050E00090478DF80F003DE004984078014601910B
:1050F00009282CD80199DFE801F01B252A202A0A6B
:10510000052A160F05980499FEF782FD24E00598FC
:105110000499FFF771FE1FE005980499FFF7D0FE90
:105120008DF80F0018E005980499FEF73DFD13E097
:1051300005980499FEF768FF0EE005980499FFF7BB
:105140007FFF09E005980499FEF76AFC04E00598E2
:105150000499FEF7B5FCFFE704E005980499FEF713
:10516000AFFCFFE79DF80F0006B080BD0000000017
:1051700080B58CB00B900A9100208DF821000A9820
:1051800080888DF823000A98007800F060000146BE
:105190000791B8B3FFE70798202805D0FFE70798E5
:1051A000402840F0B581FFE70B989DF82310FEF7EB
:1051B00057FC8DF822009DF82200FF2821D0FFE740
:1051C0009DF82200E8B9FFE79DF822000B99C1F88D
:1051D000D4020B989DF8221000EB8100D0F8B802A1
:1051E000806868B1FFE70B989DF8221000EB810101
:1051F000D1F8B8128A680A9990478DF82100FFE724
:10520000FFE78AE10A98407801460691002800F0FD
:10521000BD80FFE7069801284CD0FFE706980328D9
:1052200040F07081FFE70B9890F89C0201460591D1
:10523000022804D0FFE70598032819D034E09DF830
:10524000230078B1FFE79DF8230080280AD0FFE70C
:105250000B989DF82310FFF7DFFC0B988021FFF7D8
:10526000DBFC04E00B980A99FEF72AFCFFE720E03C
:105270000A984088A0B9FFE79DF8230078B1FFE7BE
:105280009DF8230080280AD0FFE70A98C08830B92B
:10529000FFE70B989DF82310FFF7BEFCFFE7FFE741
:1052A0000B98FEF76DFC04E00B980A99FEF708FCDA
:1052B000FFE72CE10B9890F89C020146049102282C
:1052C00004D0FFE70498032819D059E09DF8230083
:1052D00078B1FFE79DF8230080280AD0FFE70B98FC
:1052E0009DF82310FFF798FC0B988021FFF794FCA2
:1052F00004E00B980A99FEF7E3FBFFE745E00A9804
:105300004088E0BBFFE79DF82300400630B1FFE78F
:105310000B989DF82310FFF72BF8FFE70B98FEF78B
:105320002FFC0B989DF82310FEF79AFB8DF82200B6
:105330009DF82200FF2821D0FFE79DF82200E8B960
:10534000FFE79DF822000B99C1F8D4020B989DF855
:10535000221000EB8100D0F8B802806868B1FFE746
:105360000B989DF8221000EB8101D1F8B8128A68E1
:105370000A9990478DF82100FFE7FFE7FFE704E077
:105380000B980A99FEF79CFBFFE7C0E00B9890F89A
:105390009C0201460391022804D0FFE703980328EA
:1053A00039D0A9E09DF8230050B1FFE79DF8230014
:1053B000802805D0FFE70B980A99FEF781FBA0E053
:1053C0009DF82300000600280CD5FFE70B989DF8F8
:1053D000231001F07F0101EB810100EB810014300B
:1053E00002900CE00B989DF8231001F07F0101EB77
:1053F000810100EB810000F5AA700290FFE702989E
:1054000009900999002088730B9809990E3102229E
:10541000FEF79AFB75E09DF823000006002813D5DF
:10542000FFE70B989DF8231001F00F0101EB8101BC
:1054300000EB810090F8230028B9FFE70B980A9948
:10544000FEF73EFB5DE012E00B989DF8231001F0A3
:105450000F0101EB810100EB810090F8630128B995
:10546000FFE70B980A99FEF72BFB4AE0FFE79DF850
:105470002300000600280CD5FFE70B989DF82310A9
:1054800001F07F0101EB810100EB810014300190FC
:105490000CE00B989DF8231001F07F0101EB8101D6
:1054A00000EB810000F5AA700190FFE701980990D8
:1054B0009DF8230028B1FFE79DF82300802804D140
:1054C000FFE70999002088730FE00B989DF82310DF
:1054D000FFF7BAF920B1FFE709990120887303E0CB
:1054E000099900208873FFE7FFE70B9809990E31AF
:1054F0000222FEF729FB04E00B980A99FEF7E0FA76
:10550000FFE704E00B980A99FEF7DAFAFFE704E0F8
:105510000B980A99FEF7D4FAFFE79DF821000CB02A
:1055200080BD00000000000080B584B003900291AF
:1055300000208DF807000298007800F06000014616
:10554000009140B1FFE70098202804D0FFE70098C1
:1055500040285AD1FFE7039890F89C0201380228AE
:105560004DD8FFE702980079012842D8FFE7039859
:1055700002990979FEF77CFA8DF806009DF806007D
:10558000FF2825D0FFE79DF8060008BBFFE703983A
:105590009DF8061000EB8100D0F8B802806890B149
:1055A000FFE79DF806000399C1F8D40203989DF81F
:1055B000061000EB8101D1F8B8128A680299904771
:1055C0008DF8070003E003208DF80700FFE703E0F4
:1055D00003208DF80700FFE70298C08840B9FFE775
:1055E0009DF8070020B9FFE70398FEF7C9FAFFE727
:1055F00004E003980299FEF763FAFFE704E00398DA
:105600000299FEF75DFAFFE704E003980299FEF7BE
:1056100057FAFFE79DF8070004B080BD00000000C6
:1056200081B0009001B0704781B0009041F24050CD
:10563000C2F2004001B0704784B003900291039819
:10564000019002980078009002984078012830D1AB
:10565000FFE70298007800F00F01012000FA01F244
:105660000199D1F81C081043C1F81C080198009951
:1056700000EB4110D0F800090004002818D4FFE71F
:10568000029988686FF3DF20097940EA8140009A27
:1056900040EA8250019901EB4211D1F800291043F0
:1056A00048F20002C1F200021043C1F80009FFE70E
:1056B0002EE00298007800F00F01012000FA01F2BC
:1056C0000199D1F81C0840EA0240C1F81C08019871
:1056D000009900EB4110D0F8000B0004002816D40C
:1056E000FFE7029988686FF3DF20097940EA81407B
:1056F0000199009A01EB4211D1F8002B104348F2B6
:105700000002C1F200021043C1F8000BFFE7FFE7FF
:10571000002004B07047000082B001900198009012
:105720000099D1F8000940F2FF729043C1F80009D6
:105730000099D1F8040840F48070C1F804080020F2
:1057400002B070470000000080B58AB0DDF830C0BC
:10575000CDF814C00493039202919DF814108DF8B3
:1057600024100299039A049B0893079206910190D2
:105770009DF81D00012823D1FFE70199886B20F4D3
:10578000803088630199C8684FF6BF72CFF6BD724A
:105790001040C8600199C86820F44010C8609DF8A6
:1057A0002400012806D1FFE70199C86840F4801061
:1057B000C860FFE7019800F043F88DF803001AE095
:1057C0000199C86840F04000C860019800F038F8BE
:1057D0008DF803009DF8210030B9FFE70199886B2F
:1057E00040F48030886305E00199886B20F48030B4
:1057F0008863FFE7FFE79DF81A0001281BD1FFE748
:105800000199C86D80B2C8650199C86D0022C0F2C7
:10581000EE321043C8650199886820F01E00886048
:105820000199886840F0060088600199886840F016
:1058300020008860FFE79DF803000AB080BD0000EB
:1058400083B0019000200090FFE7009801300090A5
:105850000098B0F1706F04D9FFE703208DF80B00BA
:105860002EE0FFE701980069C00F0028EDD0FFE7A8
:105870000A200090FFE7009820B1FFE70098013868
:105880000090F8E70199086940F001000861FFE71E
:105890000098013000900098B0F1706F04D9FFE7D4
:1058A00003208DF80B000BE0FFE70198006900F082
:1058B00001000128ECD0FFE700208DF80B00FFE786
:1058C0009DF80B0003B0704784B0039002910398D9
:1058D000019002980078009002984078012845D104
:1058E000FFE70198009900EB4110D0F80009C00FC4
:1058F000A8B1FFE70198009900EB4111D1F8000928
:1059000040F00060C1F800090198009900EB4111D6
:10591000D1F8000940F08040C1F80009FFE7029883
:10592000007800F00F01012000FA01F3019AD2F88B
:105930003C189943C2F83C180299097801F00F010C
:1059400000FA01F20199D1F81C089043C1F81C0833
:105950000198009900EB4111D1F8000947F60002C7
:10596000CEF633421040C1F8000946E00198009994
:1059700000EB4110D0F8000BC00FA8B1FFE7019871
:10598000009900EB4111D1F8000B40F00060C1F824
:10599000000B0198009900EB4111D1F8000B40F089
:1059A0008040C1F8000BFFE70298007800F00F017B
:1059B000012000FA01F3019AD2F83C1821EA0341D0
:1059C000C2F83C180299097801F00F0100FA01F2BF
:1059D0000199D1F81C0820EA0240C1F81C0801987E
:1059E000009900EB4111D1F8000B47F60002CEF60A
:1059F000F3721040C1F8000BFFE7002004B07047BD
:105A000082B00190019800900099D1F8000E20F02A
:105A10000300C1F8000E0099D1F8040820F002003C
:105A2000C1F80408002002B0704700000000000028
:105A300082B00190019800900099D1F8000E20F0FA
:105A40000300C1F8000E0099D1F8040840F00200EC
:105A5000C1F80408002002B07047000000000000F8
:105A600080B58CB0DDF838C0CDF81CC00693059227
:105A700004919DF81C108DF82C100499059A069B32
:105A80000A9309920891039000208DF80B00039966
:105A900001910090FFE700980E280CD8FFE70398CB
:105AA000009900EB81010020C1F80401FFE7009894
:105AB00001300090EFE79DF82A00B8B9FFE701999F
:105AC000D1F8040840F00200C1F804080399886B7B
:105AD00020F4001088630399086840F040000860D3
:105AE0000399086840F08000086005E00399886B1E
:105AF00040F400108863FFE701990020C1F8000E10
:105B00009DF8250001280FD1FFE79DF8230028B953
:105B1000FFE70398002100F0E7FE04E0039801216D
:105B200000F0E2FEFFE704E00398032100F0DCFE52
:105B3000FFE70398102100F0FFFC20B1FFE70120F0
:105B40008DF80B00FFE7039800F0BAFC20B1FFE7E7
:105B500001208DF80B00FFE701990020C1F8100823
:105B60000199C1F814080199C1F81C080090FFE7D9
:105B700000989DF8201088423BD2FFE701980099D9
:105B800000EB4110D0F80009C00FB0B1FFE700985A
:105B900048B9FFE70198009900EB41114FF0006010
:105BA000C1F8000908E00198009900EB41114FF09D
:105BB0009040C1F80009FFE707E00198009900EB69
:105BC00041110020C1F80009FFE70198009900EB9E
:105BD00041110020C1F810090198009900EB411112
:105BE0004FF67F30C1F80809FFE7009801300090B8
:105BF000BEE700200090FFE700989DF82010884243
:105C00003BD2FFE70198009900EB4110D0F8000B60
:105C1000C00FB0B1FFE7009848B9FFE701980099BD
:105C200000EB41114FF00060C1F8000B08E0019853
:105C3000009900EB41114FF09040C1F8000BFFE7D5
:105C400007E00198009900EB41110020C1F8000B1A
:105C5000FFE70198009900EB41110020C1F8100BFB
:105C60000198009900EB41114FF67F30C1F8080B05
:105C7000FFE7009801300090BEE70199D1F81008C5
:105C800020F48070C1F810080399002088610399FE
:105C90006FF0804048619DF8220030B9FFE703991A
:105CA000886940F010008861FFE70399886943F62E
:105CB0000002C8F23C02104388619DF8260030B112
:105CC000FFE70399886940F008008861FFE79DF8C5
:105CD0002A00012808D1FFE7039988690422C4F249
:105CE000000210438861FFE79DF80B000CB080BDF7
:105CF00081B000900099886820F001008860002041
:105D000001B070470000000086B004908DF80F10BD
:105D10000292049801900498006C0090009843F25D
:105D20000B01C4F6547188420BD3FFE70198D0F8F9
:105D3000000BC00F20B1FFE700208DF817002EE008
:105D4000FFE701990020C1F8100B0199D1F8100B61
:105D500040F40020C1F8100B0199D1F8100B40F06D
:105D60001800C1F8100B0199D1F8100B40F0C04099
:105D7000C1F8100B9DF80F0001280CD1FFE7029825
:105D80000199C1F8140B0199D1F8000B40F0802063
:105D9000C1F8000BFFE700208DF81700FFE79DF822
:105DA000170006B07047000084B00390029103987A
:105DB000019002980078009002984078012820D144
:105DC000FFE70198009900EB4111D1F8000920F498
:105DD0000010C1F8000902980079032805D0FFE7F8
:105DE0000298007902280BD1FFE70198009900EB97
:105DF0004111D1F8000940F08050C1F80009FFE7D7
:105E00001FE00198009900EB4111D1F8000B20F43C
:105E10000010C1F8000B02980079032805D0FFE7B5
:105E20000298007902280BD1FFE70198009900EB56
:105E30004111D1F8000B40F08050C1F8000BFFE792
:105E4000FFE7002004B0704784B0039002910398EC
:105E5000019002980078009002984078012822D1A1
:105E6000FFE70198009900EB4110D0F80009C00F3E
:105E700070B9FFE7009858B1FFE70198009900EB6F
:105E80004111D1F8000920F08040C1F80009FFE776
:105E90000198009900EB4111D1F8000940F400107D
:105EA000C1F8000921E00198009900EB4110D0F8F9
:105EB000000BC00F70B9FFE7009858B1FFE70198D9
:105EC000009900EB4111D1F8000B20F08040C1F89F
:105ED000000BFFE70198009900EB4111D1F8000B8E
:105EE00040F40010C1F8000BFFE7002004B0704739
:105EF00080B588B0079006918DF817200798049018
:105F000006980078039006984078012840F0248194
:105F1000FFE706980069F8B9FFE70498039900EBDA
:105F20004111D1F810096FF3DC40C1F81009049851
:105F3000039900EB4111D1F8100940F40020C1F899
:105F400010090498039900EB4111D1F810096FF37F
:105F50001200C1F8100971E00498039900EB411197
:105F6000D1F810096FF31200C1F8100904980399D1
:105F700000EB4111D1F810096FF3DC40C1F81009B2
:105F80000398A8B9FFE7069881680069884204D998
:105F9000FFE7069988680861FFE70498039900EB1A
:105FA0004111D1F8100940F40020C1F8100937E080
:105FB00006988168006908440138B0FBF1F0ADF83B
:105FC0000A00BDF80A100020C1F6F87000EAC142CC
:105FD0000498039900EB4111D1F810091043C1F85E
:105FE000100906980079012819D1FFE70498039950
:105FF00000EB4111D1F8100920F0C040C1F81009A0
:10600000BDF80A0000F003020498039900EB411167
:10601000D1F8100940EA4270C1F81009FFE7FFE724
:10602000069802696FF3DF420498039900EB41116F
:10603000D1F810091043C1F81009FFE79DF81700C7
:1060400001283BD1FFE70698C06948B1FFE70698F1
:10605000C0690499039A01EB4211C1F81409FFE7E2
:106060000698007901281ED1FFE70498D0F80808A7
:10607000C00500280BD4FFE70498039900EB4111F9
:10608000D1F8000940F00050C1F800090AE0049876
:10609000039900EB4111D1F8000940F08050C1F89C
:1060A0000009FFE7FFE70498039900EB4111D1F8DD
:1060B000000940F00440C1F800094CE0049803993D
:1060C00000EB4111D1F8000940F00440C1F800098B
:1060D00006980079012813D0FFE70698006970B18F
:1060E000FFE70698007800F00F01012000FA01F2A6
:1060F0000499D1F834081043C1F83408FFE729E0C7
:106100000498D0F80808C00500280BD4FFE70498CD
:10611000039900EB4111D1F8000940F00050C1F89B
:1061200000090AE00498039900EB4111D1F8000935
:1061300040F08050C1F80009FFE70798069BD96836
:106140001A781B8A9DF817C0EE46CEF800C000F002
:10615000BFFCFFE7FFE7C4E00498039900EB41119F
:10616000D1F8100B6FF31200C1F8100B04980399CB
:1061700000EB4111D1F8100B6FF3DC40C1F8100BAC
:10618000039818BBFFE70698006920B1FFE706995E
:1061900088680861FFE70699886808620698026ABD
:1061A0006FF3DF420498039900EB4111D1F8100B13
:1061B0001043C1F8100B0498039900EB4111D1F87A
:1061C000100B40F40020C1F8100B49E0069800695C
:1061D000C0B9FFE7069882686FF3DF42049803991D
:1061E00000EB4111D1F8100B1043C1F8100B0498CB
:1061F000039900EB4111D1F8100B40F40020C1F8D5
:10620000100B2CE006988168006908440138B0FB47
:10621000F1F0ADF80A0006998868BDF80A205043ED
:106220000862BDF80A100020C1F6F87000EAC14209
:106230000498039900EB4111D1F8100B1043C1F8F9
:10624000100B0698026A6FF3DF420498039900EB83
:106250004111D1F8100B1043C1F8100BFFE7FFE715
:106260009DF8170001280ED1FFE70698C06848B1D5
:10627000FFE70698C0680499039A01EB4211C1F840
:10628000140BFFE7FFE70698007901281ED1FFE70E
:106290000498D0F80808C00500280BD4FFE704983C
:1062A000039900EB4111D1F8000B40F00050C1F808
:1062B000000B0AE00498039900EB4111D1F8000BA0
:1062C00040F08050C1F8000BFFE7FFE70498039906
:1062D00000EB4111D1F8000B40F00440C1F8000B75
:1062E000FFE7002008B080BD87B006900591002030
:1062F00004908DF80B000698019006988068C0F312
:10630000401000900598407801283DD1FFE70198A2
:106310000599097800EB4110D0F80009C00F90B33F
:10632000FFE701980599097800EB4111D1F80009C0
:1063300040F00060C1F8000901980599097800EB68
:106340004111D1F8000940F08040C1F80009FFE791
:106350000498013004900498B0F5702F04D9FFE739
:1063600001208DF80B000DE0FFE7019805990978F1
:1063700000EB4110D0F8000900F00040B0F1004FF0
:10638000E6D0FFE7FFE788E00699886920F0800003
:106390008861069840690006002808D4FFE7019943
:1063A000D1F8040840F40070C1F80408FFE7009831
:1063B000C8B9FFE7FFE70498013004900498B0F5EE
:1063C000702F04D9FFE701208DF80B0006E0FFE7EE
:1063D00006984069C0060028EDD5FFE70698006AD8
:1063E00003900398FFE700200490FFE70498013032
:1063F00004900498B0F5702F04D9FFE701208DF8C0
:106400000B0006E0FFE70698406900060028EDD57E
:10641000FFE701980599097800EB4111D1F8000BCD
:1064200040F00060C1F8000B01980599097800EB75
:106430004111D1F8000B40F08040C1F8000B002062
:106440000490FFE70498013004900498B0F5702F91
:1064500004D9FFE701208DF80B000BE0FFE701985E
:106460000599097800EB4110D0F8080B8007002847
:10647000E8D5FFE701980599097800EB4111D1F8BB
:10648000080B40F00200C1F8080B0199D1F804088C
:1064900040F48060C1F80408FFE79DF80B0007B0E6
:1064A000704700000000000081B0009000998868EB
:1064B00040F001008860002001B07047000000003B
:1064C00083B0019000200090FFE700980130009019
:1064D0000098B0F1706F04D9FFE703208DF80B002E
:1064E00024E0FFE701980069C00F0028EDD0FFE726
:1064F00000200090019910200861FFE7009801300A
:1065000000900098B0F1706F04D9FFE703208DF878
:106510000B000BE0FFE70198006900F01000102865
:10652000ECD0FFE700208DF80B00FFE79DF80B0093
:1065300003B070470000000084B002900191002079
:106540000090FFE70098013000900098B0F1706F64
:1065500004D9FFE703208DF80F0026E0FFE702983B
:106560000069C00F0028EDD0FFE7002000900198DF
:106570008001203002990861FFE700980130009007
:106580000098B0F1706F04D9FFE703208DF80F0079
:106590000BE0FFE70298006900F020002028ECD013
:1065A000FFE700208DF80F00FFE79DF80F0004B013
:1065B000704700000000000084B003900398029030
:1065C0000298D0F8080800F006000090009820B962
:1065D000FFE700208DF8070010E00098022804D0A3
:1065E000FFE70098062804D1FFE702208DF8070096
:1065F00003E00F208DF80700FFE7FFE79DF8070095
:1066000004B070470000000081B00090009840691D
:1066100000F0010001B0704782B001900091009835
:106620000199486602B0704783B0029002980190C9
:106630000198D0F8180800900198D0F81C1800981C
:1066400008400090BDF8000003B070470000000053
:1066500083B00290029801900198D0F81808009039
:106660000198D0F81C18009808400090BDF802006E
:1066700003B070470000000086B005908DF813103D
:10668000059803900398D0F8100801900398D0F86B
:106690003408009000989DF8131001F00F01C840D5
:1066A00000F00101019840EAC110019003989DF8A3
:1066B000131000EB4110D0F808090199084002902E
:1066C000029806B07047000084B003908DF80B105C
:1066D0000398019001989DF80B1000EB4110D0F841
:1066E000080B00900198D0F814180098084000900A
:1066F000009804B07047000082B001900198406992
:10670000009001988169009808400090009802B0BC
:10671000704700000000000089B008900791ADF8B4
:106720001A200898059007980490BDF81A00800870
:106730000190BDF81A0000F00300ADF8020000203F
:106740000290FFE702980199884217D2FFE7059867
:106750004FF4805140580499086004980130049027
:10676000049801300490049801300490049801309A
:106770000490FFE7029801300290E3E7BDF80200C1
:1067800008B3FFE70020029005984FF4805140586D
:106790000390FFE703989DF80810C900C8400499CA
:1067A0000870029801300290049801300490BDF8FE
:1067B00002000138ADF80200FFE7BDF80200002832
:1067C000E8D1FFE7FFE7049809B070470000000038
:1067D00080B586B004908DF80F10002002900499C7
:1067E000C86820F0C040C8609DF80F00012823D180
:1067F000FFE70499C86840F00050C860FFE70A202E
:10680000EEF786FD02980A300290FFE70498FFF742
:10681000FBFE014600200129019007D0FFE7029905
:106820000020C82938BF01200190FFE70198C00768
:106830000028E4D1FFE72AE09DF80F0010BBFFE736
:106840000499C86840F08040C860FFE70A20EEF76E
:106850005FFD02980A300290FFE70498FFF7D4FE2C
:1068600001460020009039B1FFE702990020C829B5
:1068700038BF01200090FFE70098C0070028E5D14D
:10688000FFE703E001208DF817000CE0FFE7029816
:10689000C82804D1FFE701208DF8170003E000208D
:1068A0008DF81700FFE79DF8170006B080BD0000C7
:1068B00083B002908DF80710029800900099D1F8EB
:1068C000000820F4FE60C1F800089DF8070000F001
:1068D0007F020099D1F8000840EA0210C1F80008D0
:1068E000002003B07047000083B002908DF80710BD
:1068F000029800909DF807200099D1F800081043F5
:10690000C1F80008002003B070470000000000003C
:1069100084B0039002918DF807209DF807000228AB
:1069200040F0B880FFE702984AF6C041C0F2D801B3
:1069300088420BD3FFE702984EF2BF11C0F2E40188
:10694000884203D8FFE70F200090A2E002984EF2A1
:10695000C011C0F2E40188420BD3FFE7029842F273
:10696000FF31C0F2F401884203D8FFE70E20009007
:106970008EE0029842F20041C0F2F40188420BD34B
:10698000FFE7029847F27F31C0F20611884203D830
:10699000FFE70D2000907AE0029847F28031C0F2C4
:1069A000061188420BD3FFE7029844F69F11C0F20C
:1069B0001A11884203D8FFE70C20009066E0029885
:1069C00044F6A011C0F21A1188420BD3FFE70298D7
:1069D00042F6FF41C0F23111884203D8FFE70B2095
:1069E000009052E0029842F60051C0F23111884204
:1069F0000BD3FFE702984AF23F41C0F24C118842A4
:106A000003D8FFE70A2000903EE002984AF2404196
:106A1000C0F24C1188420BD3FFE7029843F2FF51BA
:106A2000C0F26E11884203D8FFE7092000902AE0E7
:106A3000029843F20061C0F26E1188420BD3FFE767
:106A400002984AF61F31C0F2A611884203D8FFE728
:106A50000820009016E002984AF62031C0F2A611F4
:106A600088420BD3FFE7029844F2FF71C0F2E811AD
:106A7000884203D8FFE70720009002E0062000903C
:106A8000FFE7FFE7FFE7FFE7FFE7FFE7FFE7FFE7D6
:106A9000FFE70AE09DF8070018B9FFE7092000901A
:106AA00002E009200090FFE7FFE70399C86820F49F
:106AB0007050C860009800F00F020399C86840EA5F
:106AC0008220C860002004B0704700000000000071
:106AD00080B588B084460A98CDF81CC006918DF820
:106AE0001720ADF814308DF813000798039006981E
:106AF00002909DF8130048BBFFE7BDF81400033077
:106B00008008019000200090FFE7009801998842DA
:106B10001BD2FFE70298006803999DF8172001EB4C
:106B200002314FF48052885002980130029002984E
:106B300001300290029801300290029801300290D8
:106B4000FFE7009801300090DFE7FFE7002008B082
:106B500080BD000000000000FFE7FEE7000000002D
:106B600080B50EF01DF80EF0E3F880BD00000000C7
:106B700080B50EF065F80EF003F90EF03DF980BD1A
:106B800080B50EF035F80EF0E7F880BD000000008B
:106B900080B50EF07DF80EF007F980BD0000000012
:106BA00080B50EF09DF80EF013F90EF031F980BDAE
:106BB0007047826812B10146012010477047F0B556
:106BC000ADF5397D64AF0646384614460D46E9F703
:106BD0003DFE02A9384632462B46F56074610094AA
:106BE00002F062FB02200DF5397DF0BD80B58AB060
:106BF00069460EF018FA0299002818BF00210846CD
:106C00000AB080BD80B58AB069460EF00CFA0099D2
:106C1000002818BF002108460AB080BD70B5ADF548
:106C2000407D62AD04462846E9F710FE00206E461E
:106C3000E060304629460EF01AFAB6A930460EF04A
:106C4000F2F918B103200DF5407D70BD6D46B6AE6A
:106C5000B99B5BB1B698BB99BE9A2165C4E9120293
:106C6000002021462A469847082806D12846314662
:106C70000EF0D9F90028EBD0E4E7062802D0092865
:106C8000E1D0DFE762A869462246002302F0D0F98E
:106C90000220D8E710B5ADF5387D044664A8E9F7C1
:106CA000D5FDE3683BB964A802A92246012302F09E
:106CB000BFF9E9F7BFFDD4F814C064A802A92246C1
:106CC000CDF800C002F0F0FAE9F7B4FD70B5049C0D
:106CD00016460529054616D0012908D059BB0F2EA6
:106CE0004FF0020013D893B92846314612E003F062
:106CF000FB0001280AD1012B14D10F2E06D82846FB
:106D00000EF0E2F910E056EA030001D0022070BD57
:106D100028468F2122460EF094F9002818BF012042
:106D2000400070BD1F2EF1D806F58071284622461E
:106D30000EF062F9F1E7E9F77DFD00002DE9F04F73
:106D400081B09A42044680F0E88098468A46002541
:106D5000EB46202682F003001AF90000571C002899
:106D60005FFA80F90ED420460D215A460EF069F9DB
:106D70000098B9F1400F4FEA890125D20844021D5D
:106D800026E000BFA9F180000009052800F2D380A9
:106D9000DFE800F00362404D246E474580F0CB8071
:106DA00087F003014FEA09301AF8011080B250EA67
:106DB000011300F0C08009F00800971C45EAD005D7
:106DC000204600211A4630E001F0FC01401A021F63
:106DD000009220460D210EF095F957E009F0FE00D3
:106DE000C82840F0A88087F003001AF80010A9F125
:106DF000C800B0FA80F040090B0943EA001001F026
:106E00000F0143181F2B00F2968041EA0040971CA7
:106E1000421C36E009F0070006FA00F0103809F0CD
:106E2000080140EAC1222046002100232CE0A9F1FC
:106E3000B001072958D80920DFE801F06D04315D61
:106E40002D7A7A7A474573D287F003001AF800301A
:106E50000F2B70D8971CB3E709F00D000D286AD0EE
:106E600009F00F0120465A460EF0EBF8009AB0E701
:106E70005FEA09705FD4012109F00700C0F2080140
:106E8000421820460121052300F058F847453A46AC
:106E9000FFF460AF3FE0204605210022C5E7A94688
:106EA00000260020474546D287F003011AF9011059
:106EB0007D1C01F07F0282401643073000292F46D7
:106EC000F0D420460D215A460EF0BBF800980D2153
:106ED00000EB860000F50172204600920EF012F9D8
:106EE0002F464D462026D1E7012109F00700C0F2C8
:106EF000080142180BE087F003001AF80000971C05
:106F000000F00F0100F0F00041EA0030421C204682
:106F100001210123B8E7E80709D16A4620460E217E
:106F20000EF08FF8009A20460F210EF0EBF80820A3
:106F300001B0BDE8F08F0920FAE700002DE9F0412B
:106F400086B01E461546052904465CD001292FD07F
:106F500000297DD1002E5FD102AA20460D210EF01E
:106F600070F8002858D100270DF11408002600BF42
:106F700025FA06F0C00714D00298324650F8041BD8
:106F800000230290059120460021CDF8008000F0FA
:106F900061F8002840D1A6F10D00B0FA80F0400958
:106FA00007430136102EE3D1F80747D0002034E024
:106FB00006F0FB0001282FD105AA20460D210EF076
:106FC00040F848BBA8B2C0B12F0C00EB15450DF13D
:106FD000080800BF05983A4600F10801059103C86A
:106FE0003346CDE9020120460121CDF8008000F0B2
:106FF00031F888B90137AF42ECD3012E1CD1059886
:10700000021D05921BE055EA060005D102AA2046A2
:107010000D210EF016F818B1022006B0BDE8F0817F
:10702000029A204652F8045B0D2102920EF06AF893
:1070300020468F212A4604E0059A00E0029A204665
:107040000D210EF05FF8002818BF01204000E4E792
:10705000E9F7F0FB70B5049E15460529044617D0E4
:10706000012909D069BB0F2D4FF0020014D89BB93C
:1070700032682046294613E003F0FB0001280AD1BC
:10708000012B14D10F2D06D820460EF01DF810E06C
:1070900055EA030001D0022070BD326820468F21DE
:1070A0000EF030F8002818BF0120400070BD1F2DE1
:1070B000F1D8D6E9002305F5807120460EF007F8D7
:1070C000F0E7E9F7B7FB000083B002908DED010A0D
:1070D000CDED000A029890ED000A9DED011AB4EE84
:1070E000410AF1EE10FA04DAFFE70198029908600C
:1070F0000FE0029890ED000A9DED001AB4EE410AEF
:10710000F1EE10FA04DDFFE7009802990860FFE74E
:10711000FFE703B07047000086B005908DF81310AC
:10712000059846F2A811C2F2004188423FD1FFE71C
:107130009DF81300013801460291072836D80299BC
:10714000DFE801F0040A10161C22282E40F230203D
:10715000C2F20040039029E040F23820C2F2004021
:10716000039023E040F24020C2F2004003901DE073
:1071700040F24820C2F20040039017E040F2502055
:10718000C2F20040039011E040F25820C2F20040E9
:1071900003900BE040F26020C2F20040039005E053
:1071A00040F26820C2F200400390FFE775E00598C6
:1071B00046F24821C2F2004188423FD1FFE79DF8E4
:1071C0001300013801460191072836D80199DFE8FC
:1071D00001F0040A10161C22282E40F2C820C2F228
:1071E0000040039029E040F2D020C2F2004003901A
:1071F00023E040F2D820C2F2004003901DE040F2AC
:10720000E020C2F20040039017E040F2E820C2F212
:107210000040039011E040F2F020C2F200400390E1
:107220000BE040F2F820C2F20040039005E040F28B
:107230000030C2F200400390FFE72DE0059846F2CF
:10724000E821C2F20041884225D1FFE79DF81300F2
:1072500001380146009103281CD80099DFE801F0AD
:1072600002080E1440F25830C2F20040039011E0C0
:1072700040F26030C2F2004003900BE040F2683010
:10728000C2F20040039005E040F27030C2F20040CC
:107290000390FFE7FFE7FFE7FFE7039806B07047BB
:1072A00086B005908DF81310059846F2A811C2F229
:1072B000004188425BD1FFE79DF813000138014689
:1072C00002910A2852D80299DFE801F0060C131A3D
:1072D00021272E353C42490040F28020C2F2004076
:1072E000039043E040F28020C2F20040023003905D
:1072F0003CE040F28020C2F200400430039035E0D0
:1073000040F28020C2F20040063003902EE040F2AE
:107310007020C2F20040039028E040F27020C2F2D8
:1073200000400230039021E040F27820C2F2004099
:10733000043003901AE040F27820C2F20040063098
:10734000039013E040F28820C2F2004003900DE069
:1073500040F28820C2F200400230039006E040F282
:107360008820C2F2004004300390FFE7C7E0059890
:1073700046F24821C2F2004188425BD1FFE79DF806
:1073800013000138014601910A2852D80199DFE81B
:1073900001F0060C131A21272E353C42490040F219
:1073A0001030C2F20040039043E040F21030C2F2CD
:1073B0000040023003903CE040F21030C2F2004046
:1073C0000430039035E040F21030C2F20040063045
:1073D00003902EE040F20830C2F20040039028E013
:1073E00040F20830C2F200400230039021E040F247
:1073F0000830C2F20040043003901AE040F2083036
:10740000C2F200400630039013E040F21830C2F29E
:10741000004003900DE040F21830C2F2004002300C
:10742000039006E040F21830C2F2004004300390AE
:10743000FFE763E0059846F2E821C2F20041884286
:107440005BD1FFE79DF813000138014600910A283F
:1074500052D80099DFE801F0060C131A21272E35C7
:107460003C42490040F28030C2F20040039043E0C9
:1074700040F28030C2F20040023003903CE040F223
:107480008030C2F200400430039035E040F280309A
:10749000C2F20040063003902EE040F27830C2F293
:1074A0000040039028E040F27830C2F20040023001
:1074B000039021E040F27830C2F2004004300390A3
:1074C0001AE040F27830C2F200400630039013E038
:1074D00040F28830C2F2004003900DE040F2883064
:1074E000C2F200400230039006E040F28830C2F25F
:1074F000004004300390FFE7FFE7FFE7FFE7039852
:1075000006B070470000000087B08DED060ACDED93
:10751000050A8DED041A039002919DED060A9DED7A
:10752000052A30EE420A9DED041A31EE421A80EE31
:10753000010A8DED010A9DED011A02990398091ABD
:1075400000EE101AB8EEC02A00EE100AB8EEC00A1B
:10755000A1EE020ABDEEC00A8DED000A009807B048
:10756000704700000000000083B0029001918DF888
:107570000320FFE70198411E019198B1FFE79DF8B4
:10758000030002994A1C0292097848408DF80200D3
:107590009DF8021047F21000C0F60200405C8DF822
:1075A0000300E7E79DF8030003B070470000000008
:1075B00080B58AB009908DF823108DF822208DF8BF
:1075C000213046F67651C2F200410691042008802F
:1075D00046F67451C2F20041082008809DF823004D
:1075E000099908739DF82200099948739DF82100B4
:1075F000099988730999002008749DF82100E8F71B
:1076000011FF09994861099840699DF82110E9F72F
:1076100053F8069800889DF821104843E8F702FFC8
:107620000699099A90610998806909889DF8212036
:107630005143E9F763F8069800889DF82110484304
:10764000E8F7F0FE0699099AD0610998C06909889F
:107650009DF821205143E9F751F8069800889DF8DC
:1076600023104843E8F7DEFE0699099A106209984C
:10767000006A09889DF823205143E9F73FF89DF8F7
:107680002100E8F7CFFE099948620998406A9DF801
:107690002110E9F711F8069800889DF82310484357
:1076A000E8F7C0FE0699099A1060099800680988F1
:1076B0009DF823205143E9F721F8069800889DF8AA
:1076C00021104843E8F7AEFE0699099A50600998E0
:1076D000406809889DF821205143E9F70FF8069882
:1076E00000889DF822104843E8F79CFE0699099A05
:1076F00090600998806809889DF822205143E8F736
:10770000FDFF069800889DF823104843E8F78AFE9D
:107710000699099AC2F8E8000998D0F8E8000988A3
:107720009DF823205143E8F7E9FF099A02F1300060
:10773000117BD2F8E830012207920DF0C9FD0698BE
:1077400000889DF823104843E8F76CFE0699099AD3
:10775000C2F8EC000998D0F8EC0009889DF82320C5
:107760005143E8F7CBFF079A099B03F13800197BD7
:10777000D3F8EC300DF0ACFD9DF8220010B3FFE71C
:1077800046F67650C2F20040059000889DF822101F
:107790004843E8F747FE0599099AC2F8F0000998AE
:1077A000D0F8F00009889DF822205143E8F7A6FFA1
:1077B000099A02F14000517BD2F8F03001220DF01D
:1077C00087FDFFE746F67650C2F20040049000883D
:1077D0009DF821104843E8F725FE0499099AC2F85C
:1077E000F4000998D0F8F40009889DF8212051434D
:1077F000E8F784FF099A02F14800917BD2F8F4304F
:1078000001220DF065FD049800889DF8231048437F
:107810004843E8F707FE0499099AC2F8F800099866
:10782000D0F8F80009889DF8232051435143E8F728
:1078300065FF099901F150000A7BD1F8F830114633
:107840000DF046FD049800889DF8231048434843F6
:10785000E8F7E8FD0499099AC2F8FC000998D0F805
:10786000FC0009889DF8232051435143E8F746FF67
:10787000099901F158000A7BD1F8FC3011460DF04E
:1078800027FD049800889DF8231048434843E8F7F3
:10789000C9FD01460498099AC2F8001100889DF8B4
:1078A000231048434843E8F7BDFD0499099AC2F8FC
:1078B00004010998D0F8000109889DF8232051435C
:1078C0005143E8F71BFF04990998D0F8040109888F
:1078D0009DF8232051435143E8F710FF099901F126
:1078E00060000A7BD1F8003111460DF0F1FC0999D6
:1078F00001F168000A7BD1F8043111460DF0E8FC73
:107900009DF8220040B3FFE746F67650C2F20040F1
:10791000039000889DF8231048439DF822104843A7
:10792000E8F780FD0399099AC2F808010998D0F890
:10793000080109889DF8232051439DF822205143D6
:10794000E8F7DCFE099B03F17000197B5A7BD3F842
:1079500008310DF0BDFCFFE746F67650C2F200405C
:10796000019000889DF8211048439DF8231048435A
:10797000E8F758FD01460198099AC2F80C110088F1
:107980009DF8231048439DF821104843E8F74AFD2D
:107990000199099AC2F810010998D0F80C010988D8
:1079A0009DF8212051439DF823205143E8F7A6FE7E
:1079B00001990998D0F8100109889DF823205143B6
:1079C0009DF821205143E8F799FE099B03F17800C7
:1079D0001A7B997BD3F80C310DF07AFC099B03F1EB
:1079E0008000197B9A7BD3F810310DF071FC01985F
:1079F00000889DF8231048434843E8F713FD019998
:107A0000099AC2F814010998D0F8140109889DF860
:107A1000232051435143E8F771FE099901F1880091
:107A20000A7BD1F8143111460DF052FC0198008800
:107A30009DF8211048434843E8F7F4FC0199099A5E
:107A4000C2F818010998D0F8180109889DF821207A
:107A500051435143E8F752FE099901F190008A7BA6
:107A6000D1F8183111460DF033FC019800889DF8CB
:107A7000231048439DF821104843E8F7D3FC0199AF
:107A8000099AC2F81C010998D0F81C0109889DF8D0
:107A9000232051439DF821205143E8F72FFE099BF5
:107AA00003F19800197B9A7BD3F81C310DF010FC80
:107AB000019800880999097B48434843E8F7B2FCDC
:107AC00001460198099AC2F8201100880999097B9A
:107AD00048434843E8F7A6FC01460198099AC2F8D2
:107AE000241100880999097B48434843E8F79AFC28
:107AF00001460198099AC2F8281100880999097B62
:107B00004843E8F78FFC01460198099AC2F82C1106
:107B100000880999097B4843E8F784FC0999C1F872
:107B20003001099901F1A0000A7BD1F820311146FA
:107B30000DF0CEFB099901F1A8000A7BD1F82431A0
:107B400011460DF0C5FB099901F1B0000A7BD1F88F
:107B5000283111460DF0BCFB099A02F1B800117BE7
:107B6000D2F82C31012202920DF0B2FB029A099B4D
:107B700003F1C000197BD3F830310DF0A9FB09994E
:107B8000002081F82800099981F82900099981F8D5
:107B90002A00099981F82B00099981F82C000AB074
:107BA00080BD00000000000080B582B00190019807
:107BB00090F82A00002872D1FFE7019901F17800BE
:107BC00080310DF053FE019981F8C8000199B1F898
:107BD0007800A1F8A8000199B1F85A00A1F8AA000C
:107BE000019A02F1780002F15801A8320DF0DEFC92
:107BF000019981F8C8000199B1F8A800A1F8B00076
:107C00000199B1F88200A1F8B200019A02F1A8002E
:107C100002F18001B0320DF0C9FC019981F8C80071
:107C20000199B1F89000A1F8A0000199B1F8920073
:107C3000A1F8A200019A02F1B00002F19001A03275
:107C40000DF0F0FA019981F8C800019901F1A00046
:107C5000B0310DF041FB019981F8C8000199B1F8EC
:107C60005800A1F8A8000199B1F88200A1F8AA0073
:107C7000019A02F1580002F18001A8320DF096FC41
:107C8000019981F8C800019A02F1A80002F1B0013F
:107C900098320DF08BFC019981F8C800FFE702B023
:107CA00080BD00000000000084B002900191ADF89A
:107CB0000220029828B9FFE74FF6FF70ADF80E00DA
:107CC00021E0FFE70198411E0191B8B1FFE702985A
:107CD000411C029100788DF80100BDF802109DF85A
:107CE00001004840C2B246F68030C0F6020030F8CB
:107CF000120080EA1120ADF80200E3E7BDF80200AF
:107D0000ADF80E00FFE7BDF80E0004B070470000AC
:107D100080B582B001900091019942F69020C2F2A4
:107D2000004041F65812104404F0A2F802B080BDA1
:107D300083B002900191ADF8022003B070470000BB
:107D400080B582B00190ADF80210019942F6902002
:107D5000C2F2004041F64862104408F019FC02B03B
:107D600080BD00000000000080B584B00390029147
:107D7000039800F025F90398D0F8CC0030B1FFE764
:107D80000398D0F8CC2002999047FFE7039801F0C0
:107D90009BF80398D0F8D00030B1FFE70398D0F8F3
:107DA000D02002999047FFE7039800F075FF0398F1
:107DB000D0F8D40030B1FFE70398D0F8D42002996E
:107DC0009047FFE70398007C20B9FFE70398C07B4A
:107DD00000BBFFE70398FFF7E7FE0398D0F8D80051
:107DE00030B1FFE70398D0F8D82002999047FFE719
:107DF000039800F0F9FE0398D0F8DC0030B1FFE7FB
:107E00000398D0F8DC2002999047FFE7039800F030
:107E100077FA1BE0039BD3F8E800D3F8EC1046F6A2
:107E20007652C2F20042009212881B7B5A43E8F756
:107E300011FC009A039BD3F8F800D3F8FC101288C9
:107E40001B7B5A435A43E8F705FCFFE70398D0F839
:107E5000E00030B1FFE70398D0F8E02002999047A6
:107E6000FFE700208DF80700FFE79DF80700039962
:107E7000097B88422CDAFFE70398D0F8F8209DF8B8
:107E80000710037B11FB031302EB830292ED000A40
:107E9000006A00EB810090ED001AB4EE410AF1EEA9
:107EA00010FA0EDAFFE7039B186A9DF8072050F8D6
:107EB0002200D3F8F8101B7B12FB032241F82200AA
:107EC000FFE7FFE79DF8070001308DF80700CCE7DA
:107ED000039B1868D3F8E81046F67652C2F20042C7
:107EE00012881B7B5A43E8F7B5FB0398D0F8E400EF
:107EF00030B1FFE70398D0F8E42002999047FFE7FC
:107F00000398006804B080BD80B582B00190ADF8E0
:107F10000210019942F69020C2F2004041F6581238
:107F2000104403F0E9FF02B080BD00000000000033
:107F300080B584B00390029100208DF8070003986B
:107F400020B1FFE70298022801D8FFE70FE003986D
:107F500002990139FF22FFF707FB8DF807009DF812
:107F60000700039A0299114401F8010CFFE704B0DD
:107F700080BD00000000000080B582B00190ADF827
:107F80000210BDF80200192816D1FFE742F684203E
:107F9000C2F20040E9F750FD40F20840C2F2004052
:107FA00080ED000A019942F69020C2F2004000F5EF
:107FB000C85002F041FEFFE702B080BD00000000A3
:107FC00080B582B001900198C07B20B1FFE7019895
:107FD00001F0A2F816E0019BD3F8F400596846F6C8
:107FE0007652C2F20042009212889B7B5A43E8F715
:107FF00031FB0099019A50680988927B5143E8F758
:108000007DFBFFE7019BD3F8F000996846F67652B6
:10801000C2F2004212885B7B5A43E8F71BFB02B0B6
:1080200080BD00000000000080B546F65850C2F246
:1080300000400168013101600068B0F5FA6F07D9AE
:10804000FFE746F67851C2F2004101200870FFE7D1
:1080500042F69020C2F2004005F0BEFD46F6785090
:10806000C2F200400078C00700286DD0FFE742F65A
:108070000020C2F20040017801310170007802282E
:108080000DD1FFE742F69020C2F2004005F084FDDA
:1080900042F60021C2F2004100200870FFE7F8F725
:1080A000CBFA42F60420C2F20040016801310160BF
:1080B00042F60C22C2F2004211680131116042F610
:1080C0000822C2F2004211680131116000680528DF
:1080D0000FD1FFE740F2A840C2F20040F9F748F89C
:1080E000F9F742F842F60421C2F20041002008608C
:1080F000FFE742F60C20C2F20040006864280DD170
:10810000FFE742F69020C2F2004006F039FB42F64B
:108110000C21C2F2004100200860FFE742F608206F
:10812000C2F20040006844280DD1FFE742F69020DB
:10813000C2F2004006F0C8FA42F60821C2F200413D
:1081400000200860FFE7FFE780BD0000000000009E
:1081500080B584B0039002910020ADF8060003982A
:1081600020B1FFE70298022801D8FFE717E0039843
:10817000029902394FF6FF72FFF796FDADF806003F
:10818000BDF80600039A0299114401F8020C9DF80B
:108190000700039A0299114401F8010CFFE704B0AB
:1081A00080BD00000000000080B58AB08DED090A96
:1081B000CDED080A8DED071ACDED061A8DED052AD5
:1081C000CDED042A039003990120087009980399C2
:1081D000C1F8B40108980399C1F8B8010798039948
:1081E000C1F8BC0103994CF67740C3F22B20C1F8CB
:1081F000D0010399002081F838010399C1F84401A6
:10820000C1F840010399C1F84C01C1F84801049834
:108210000399C1F8AC019DED060AB7EE001AB4EE61
:10822000410AF1EE10FA04DDFFE74FF07E500690B0
:10823000FFE706980399C1F8D40105980399C1F89E
:108240009001039804300621002200920323FFF7D7
:10825000AFF9039901F5E27001F5E673012201928D
:1082600011460DF035F800990198039AD2F8EC30D8
:108270004FF07E521A60039AD2F8EC205160039AB4
:10828000D2F8EC209160039AD2F8EC20D160039AE6
:1082900049F29941C0F60101C2F8D010039A49F69B
:1082A000C921C0F60101C2F8D410039A49F2313154
:1082B000C0F60101C2F8D810039A49F2E941C0F6AC
:1082C0000101C2F8DC10039981F82E00039981F8AE
:1082D0002F000398D0F8040146F68071C0F6020121
:1082E00090220292E8F7B6F9029A0398D0F8FC00BF
:1082F00040F22C01C2F20041E8F7ACF90AB080BDAF
:1083000080B582B00190019890F82C00B0BBFFE7D7
:108310000199B1F89800A1F8A8000199B1F87A0084
:10832000A1F8AA000199B1F8A800A1F8B00001993C
:10833000B1F85A00A1F8B200019A02F1980002F1D6
:108340007801A8320DF032F9019981F8C800019A3C
:1083500002F1A80002F15801B0320DF027F901999D
:1083600081F8C800019A02F1580002F1B0015032C0
:108370000DF026FA019981F8C800FFE702B080BD30
:1083800084B00390029103980190029800900198A4
:10839000407800990870019800780099487004B0FE
:1083A000704700000000000080B582B00190ADF879
:1083B00002100199BDF8022042F69020C2F200405E
:1083C00006F0A2F802B080BD80B588B042F69020D9
:1083D000C2F20040079041F6482108440AF060FDCF
:1083E000079806F039F8042827D1FFE742F69020D5
:1083F000C2F2004000F5C85002F07AFAE8B9FFE78F
:1084000042F69020C2F2004006F056F8012814D13E
:10841000FFE742F69020C2F20040069000F5C850F7
:1084200004900621059102F04BFA0498059902F098
:1084300053FA069805F0E4FA25E042F69020C2F2DD
:108440000040039042F69C61084409F095FF0398B0
:1084500000F5C85002F04CFA012813D1FFE742F6AC
:108460009020C2F2004041F6486108440AF000FC46
:10847000012807D1FFE742F69020C2F2004005F044
:10848000BFFAFFE7FFE742F69020C2F2004041F654
:10849000486108440AF0ECFBD0B9FFE742F69020AF
:1084A000C2F20040019042F65011084400210291AE
:1084B00004F06EFA0198029941F64822104402F045
:1084C000EBFC0198029900F5247009F061FD09E0C8
:1084D00042F69020C2F2004041F64861084408F09C
:1084E000D7F8FFE740F65000C2F2004001680131C2
:1084F000016090ED000AB8EE400A9FED0B1A20EEE5
:10850000010A9FED0A1A80EE010A0DF0E3FDB2EEBA
:108510000E1A20EE010A40F64C00C2F2004080ED37
:10852000000A08B080BD00BFD353FB4100007A446D
:1085300083B002908DED010A029890ED000A9DED46
:10854000011A30EE410A8DED000AFFE79DED000AA9
:108550009FED1D1AB4EE410AF1EE10FA13DDFFE7AC
:10856000029890ED000A9FED1B1A30EE010A80ED93
:10857000000A029890ED000A9DED011A30EE410AC2
:108580008DED000AE2E7FFE79DED000A9FED0F1A6F
:10859000B4EE410AF1EE10FA13DAFFE7029890ED1B
:1085A000000A9FED0B1A30EE010A80ED000A0298D6
:1085B00090ED000A9DED011A30EE410A8DED000AA2
:1085C000E2E703B0704700BF00003443000034C34B
:1085D0000000B4430000B4C380B590B009A906916F
:1085E00081ED060AC1ED050A81ED041AC1ED031AF9
:1085F00081ED022AC1ED012A81ED003A0890089828
:10860000007880B9FFE70898B2EE040ADFEDD20ADD
:108610009FEDD21AF7EE001ADFEDD12AB0EE622AF2
:10862000FFF7C2FDFFE706980999089AC2F8C01142
:1086300090ED060A089991ED581A30EE410A81ED45
:108640005B0A90ED050A089991ED591A30EE410A3E
:1086500081ED5C0A90ED040A089991ED5A1A30EE0A
:10866000410A81ED5D0A089991ED5B0AB6EE001AA8
:1086700020EE010A90ED002A20EE020A42F61421B3
:10868000C2F20041059181ED000A089991ED5C0A62
:1086900020EE010A90ED002A20EE020A42F618218F
:1086A000C2F20041049181ED000A089991ED5D0A42
:1086B00020EE010A90ED001A20EE010A42F61C207D
:1086C000C2F20040039080ED000A0898D0F804013F
:1086D00046F68071C0F602019022E7F7BBFF039ACD
:1086E0000499059890ED000AB1EE400A089BD3F872
:1086F000043183ED010A91ED000AB1EE400A089BB6
:10870000D3F8043183ED020A92ED000AB1EE400A7B
:10871000089BD3F8043183ED030A0368DDF820C019
:10872000DCF804C1CCF818301368DDF820C0DCF8A0
:1087300004C1CCF8203091ED000AB1EE400A089B4C
:10874000D3F8043183ED090A0B68DDF820C0DCF8AA
:1087500004C1CCF8303092ED000AB1EE400A089B1B
:10876000D3F8043183ED0D0A0368DDF820C0DCF88E
:1087700004C1CCF83C301268089BD3F804319A64E9
:108780000968089AD2F80421D16490ED000AB1EE8C
:10879000400A0898D0F8040180ED140A0899D1F82D
:1087A0004801D1F84C11084368B9FFE70C980899C3
:1087B000C1F878010B980899C1F87C010A980899CA
:1087C000C1F88001FFE70699089890ED5E0A90EDE8
:1087D000641A90ED703A20EE010A33EE012A80EE21
:1087E000020A91ED031A21EE031A81EE021A30EE0D
:1087F000010A80ED5E0A089890ED5F0A90ED641A18
:1088000090ED703A20EE010A33EE012A80EE020A62
:1088100091ED021A21EE031A81EE021A30EE010ADE
:1088200080ED5F0A089890ED600A90ED641A90ED73
:10883000703A20EE010A33EE012A80EE020A91ED31
:10884000011A21EE031A81EE021A30EE010A80EDC0
:10885000600A089890ED5E2A90ED5F0A90ED601A2C
:1088600020EE000AA2EE020AA1EE010A01F064FA6B
:1088700042F61020C2F2004080ED000A00208DF880
:108880001F00FFE79DF81F0002281BDCFFE7089888
:108890009DF81F1000EB810292ED5E0A42F6102255
:1088A000C2F2004292ED001A20EE010A806800EB4D
:1088B000810080ED000AFFE79DF81F0001308DF870
:1088C0001F00DFE7089890ED5B2A90ED5C0A90EDC1
:1088D0005D1A20EE000AA2EE020AA1EE010A01F0E2
:1088E0002BFAB0EE401AB7EE000A80EE011A089893
:1088F00080ED651A42F61020C2F2004090ED001A99
:1089000080EE010A089880ED660A089890ED650AE5
:108910009FEDAE1AB4EE410AF1EE10FA22DAFFE74B
:10892000089890ED660A9FEDAA1AB4EE410AF1EE9E
:1089300010FA17DDFFE7089890ED660A9FEDA51A7B
:10894000B4EE410AF1EE10FA0CDAFFE708990120C3
:1089500081F839010BE000BF6F12833A8096184B03
:10896000000000000899002081F83901FFE708980D
:1089700090ED6D0A90ED701A20EE010AD0F8180102
:1089800080ED000A089890ED6D0A90ED701A20EEC7
:10899000010AD0F8180180ED070A089890ED6D0AD9
:1089A00090ED701A20EE010AD0F8180180ED0E0A41
:1089B000089890ED6D0A90ED701A20EE010AD0F83B
:1089C000180180ED150A089890ED6E0A90ED701A66
:1089D00020EE010AD0F8180180ED1C0A089890EDED
:1089E0006E0A90ED701A20EE010AD0F8180180EDA1
:1089F000230A0898D0F81C11D0F8BC010860089828
:108A0000D0F81C11D0F8BC0108610898D0F81C11EE
:108A1000D0F8BC0108620899081DFFF7A5F908996C
:108A200048680068C1F85001089948684068C1F872
:108A30005401089948688068C1F858010899486845
:108A4000C068C1F85C01089948680069C1F8600114
:108A5000089948684069C1F864010899D1F8AC01E7
:108A6000C1F86801089890ED542A90ED551A90EDE0
:108A7000560A90ED573A21EE000AA2EE030A30EEB4
:108A8000000A21EE011AA2EE021AB0EE002A8DEDC4
:108A9000012AFFEE000ACDED000AE1EE020A0DF018
:108AA0001BF9DDED000A9DED012A9FED4B1A8DEDBE
:108AB000021A20EE010A089880ED6A0A089890EDE3
:108AC000543A90ED554A90ED560A90ED571A20EE23
:108AD000010AA3EE040A30EE000A21EE011AA3EE09
:108AE000031AE1EE020A0DF0F7F89DED021A20EEEE
:108AF000010A089880ED690A089890ED540A90EDF3
:108B0000551A90ED563A90ED572A20EE030A91EE51
:108B1000020AB8EE001A20EE010A0DF047F89DEDAA
:108B2000021A20EE010A089880ED680A089890ED74
:108B30006A0A90ED771A30EE410A9FED281AB4EEDA
:108B4000410AF1EE10FA07DDFFE70899B1F8D80104
:108B50000138A1F8D80116E0089890ED6A0A90ED66
:108B6000771A30EE410A9FED1E1AB4EE410AF1EE7B
:108B700010FA07DAFFE70899B1F8D8010130A1F837
:108B8000D801FFE7FFE70898B0F9D81100EE101AF6
:108B9000B8EEC01A90ED6A0A9FED122AA1EE020A01
:108BA00080ED6C0A0899D1F8A801C1F8DC01089998
:108BB000D1F84821D1F84C01013240F10000C1F850
:108BC0004821C1F84C0110B080BD00BF9A99993E70
:108BD000CDCC1441CDCC2441E12E6542000034437C
:108BE000000034C30000B44380B582B00190019806
:108BF00090F82B0000284BD1FFE70199B1F87800DD
:108C0000A1F8B800019901200090A1F8BA00019ADA
:108C100002F1780002F13801B8320CF0C7FC0146CD
:108C20000098019A82F8C810019AB2F84810A2F888
:108C3000C0100199A1F8C200019A02F1480002F1A6
:108C4000B801C0320CF0BCFD01460098019A82F8D0
:108C5000C810019AB2F89810A2F8B8100199A1F8BA
:108C6000BA00019A02F1980002F1C001B8320CF08A
:108C70009DFC019981F8C800019A02F1380002F1C7
:108C8000B80130320CF0CEFA019981F8C800FFE744
:108C900002B080BD0000000080B582B00190019854
:108CA00090F82900A8BBFFE7019901F16000683145
:108CB0000CF0DCFD019981F8C800019A02F1600016
:108CC00002F1500158320CF071FC019981F8C80092
:108CD0000199B1F85800A1F8A8000199B1F86A000B
:108CE000A1F8AA00019A02F1580002F16801A83225
:108CF0000CF05CFC019981F8C800019A02F1A8000F
:108D000002F1880158320CF08DFA019981F8C800FF
:108D1000FFE702B080BD000080B582B001900198ED
:108D200000680090A12858D0FFE7009840F2012188
:108D3000884212D0FFE7009840F20221884219D001
:108D4000FFE7009840F20521884220D0FFE7009815
:108D500040F20621884227D058E0019800F128010E
:108D600042F69020C2F2004042F63C32104408F035
:108D70008BF94BE0019800F1280142F69020C2F2F5
:108D8000004042F67842104408F07EF93EE0019837
:108D900000F1280142F69020C2F2004042F2104257
:108DA000104408F015FE31E042F26070C2F200405B
:108DB000E8F742FE42F26470C2F2004080ED000A21
:108DC000019800F1280142F69020C2F2004042F2E0
:108DD0002862104408F0FCFD18E040F2D030C2F2E6
:108DE0000040E8F729FE40F2F030C2F2004080ED8A
:108DF000000A019800F1280142F69020C2F20040DA
:108E000042F22862104408F0E3FDFFE702B080BDA3
:108E100080B582B00190019800680090782843D016
:108E2000FFE7009840F2411188421CD0FFE700980C
:108E3000B0F5BC7F31D0FFE70098B0F5C47F2CD0EF
:108E4000FFE7009840F29111884226D0FFE7009892
:108E5000A0F5CB70042820D3FFE7009840F2022150
:108E600088420DD027E0019800F1280142F69020B9
:108E7000C2F2004042F25422104405F0E1FE1AE032
:108E8000019800F1280142F69020C2F2004042F61B
:108E90000C22104407F084FE0DE042F69020C2F24E
:108EA000004004F0E5FD06E042F69020C2F20040EA
:108EB00004F0DEFDFFE702B080BD0000000000000E
:108EC00081B0009001B0704780B582B001900198E8
:108ED00090F82800002846D1FFE70198407B012840
:108EE00034DBFFE70199087BA1F8B8000199012064
:108EF0000090A1F8BA00019A02F1600002F130017D
:108F0000B8320CF053FB01460098019A82F8C81061
:108F1000019A117BA2F8C0100199A1F8C200019A30
:108F200002F1700002F14001C0320CF03FFB0199E8
:108F300081F8C800019A02F1B80002F1C00138328C
:108F40000CF070F9019981F8C8000BE0019A02F168
:108F5000600002F1300138320CF028FB019981F8F1
:108F6000C800FFE7FFE702B080BD0000000000007E
:108F700081B08DED000AFFE79DED000A9FED141A08
:108F8000B4EE410AF1EE10FA09DDFFE79DED000AAB
:108F90009FED121A30EE010A8DED000AECE7FFE7B3
:108FA0009DED000A9FED0B1AB4EE410AF1EE10FAA6
:108FB00009DAFFE79DED000A9FED071A30EE010A7E
:108FC0008DED000AECE79DED000A01B0704700BF8F
:108FD000DB0F4940DB0F49C0DB0FC940DB0FC9C0C5
:108FE00081B08DED000A9DED000AB0EEC00A01B01F
:108FF000704700000000000082B08DED010A9DED79
:10900000010AB5EE400AF1EE10FA05DDFFE79DED2D
:10901000010A8DED000A06E09DED010AB1EE400A5D
:109020008DED000AFFE79DED000A02B070470000D9
:109030002DE9F0478CB00C46014620469A4615466D
:109040000CF015F801260DF12C080DF1040900BFF4
:109050001AF001004FF0010718BF022708D03EB9EF
:109060002A6920464FF0FF310CF04CF84FF0000A0F
:1090700020466FF0010142460BF0E3FF20464946CF
:109080000BF0D1FF20BB049B7BB101980699099A94
:109090002965C5E91202384629462246984708281C
:1090A00005D10B98296A884205D0013ED0E70728F0
:1090B00003D009280CD1E7F7BDFB6A4620464FF0E4
:1090C000FF310BF0BEFF0098286120460BF0F3FF44
:1090D0000CB0BDE8F087000081B041F20400CEF290
:1090E000000000680090009840F2E831C2F20041B0
:1090F0000968884208D2FFE740F2EC31C2F2004131
:10910000086801300860FFE7009840F2E831C2F2D9
:109110000041086001B0704780B584B003900399A6
:10912000002001900874039BD3F8F400596846F6B8
:109130007652C2F20042009212889B7B5A43E7F7B4
:1091400089FA0099039A50680988927B5143E7F79E
:10915000D5FA0099039AD2F818010988927B5143F5
:109160005143E7F7CBFA0099039AD2F80C0109882A
:10917000137B927B59435143E7F7C0FA01988DF86E
:109180000B00FFE79DF80B000399897B884243DAC7
:10919000FFE70398D0F8F4009DF80B1000EB810076
:1091A00090ED000AB5EE400AF1EE10FA2DD0FFE77F
:1091B000039AD2F8F4109DF80B0051F82000127CAD
:1091C00041F822009DF80B00039A516A127C8854E2
:1091D000DDF80CC0DCF818009DF80BE050F82E000C
:1091E000DCF80C119CF80C209CF81030DCF814C052
:1091F0001CF80EC012FB03C201EB820141F8040C03
:109200000399087C01300874FFE7FFE79DF80B0025
:1092100001308DF80B00B5E700208DF80A00FFE75C
:109220009DF80A000399097C884216DAFFE7039B40
:10923000D869596A9DF80A20895C50F82100D3F852
:1092400018111B7C12FB032241F82200FFE79DF856
:109250000A0001308DF80A00E2E70399087CA1F8C2
:1092600078000399087BA1F87A000399087BA1F89C
:1092700080000399087CA1F882000399087CA1F87A
:1092800090000399087CA1F892000399087BA1F84B
:1092900098000399087CA1F89A000399087CA1F82A
:1092A000480004B080BD00002DE9F0418CB00D46AF
:1092B000014628461C4616460BF0D9FE02A9284650
:1092C0000BF0B1FE10B10CB0BDE8F081DDF84880C4
:1092D00002AF00BF01200A2132463346CDE90058D3
:1092E000A0470028EFD1059B8BB1029807990A9AF5
:1092F0003165C6E91202092031462A4698470728F7
:1093000002D0082803D009E028460BF0D4FE2846F6
:1093100039460BF088FE0028DCD0D4E70528D2D1EE
:1093200001201A2132463346CDE90058A047CAE74A
:1093300080B588B007900691069805900798D0F8F8
:10934000EC0090ED000A30EE000A42F62420C2F252
:109350000040019080ED000A0798D0F8EC0090EDF5
:10936000010A30EE000A42F62820C2F200400290C4
:1093700080ED000A0798D0F8EC0090ED020A30EE7C
:10938000000A42F62C20C2F20040039080ED000A51
:109390000798D0F8EC0090ED030A30EE000A42F690
:1093A0003020C2F20040049080ED000A079BD3F801
:1093B0000C0146F67651C2F2004109881A7B9B7B6C
:1093C00059435143E7F79AF9019B029A039904988C
:1093D00091ED000AB1EE400ADDF81CC0DCF80CC1CA
:1093E0008CED000AD0F800C0DDF81CE0DEF80CE1DE
:1093F000CEF804C093ED000AB1EE400ADDF81CC0BF
:10940000DCF80CC18CED020AD2F800C0DDF81CE0DB
:10941000DEF80CE1CEF80CC0D2F800C0DDF81CE09C
:10942000DEF80CE1CEF818C0D3F800C0DDF81CE07F
:10943000DEF80CE1CEF81CC0D0F800C0DDF81CE06E
:10944000DEF80CE1CEF820C0D1F800C0DDF81CE059
:10945000DEF80CE1CEF824C01B68DDF81CC0DCF897
:109460000CC1CCF8303092ED000AB1EE400A079AF8
:10947000D2F80C2182ED0D0A91ED000AB1EE400AFE
:109480000799D1F80C1181ED0E0A00680799D1F8FF
:109490000C11C86308B080BD80B584B00390029100
:1094A000029801900398D0F8F81040F22C00C2F214
:1094B00000409022E7F7CEF80398D0F81C1140F254
:1094C0006040C2F2004048220092E7F7C3F8009AD9
:1094D0000398D0F80C1140F21840C2F20040E7F7B0
:1094E000B9F804B080BD000080B588B0079006913F
:1094F00006980590079901F1780080310CF0B6F9D3
:10950000079981F8C8000799B1F87800A1F8A80078
:109510000799B1F85A00A1F8AA00079A02F1780059
:1095200002F15801A8320CF041F8079981F8C800FF
:109530000799B1F8A800A1F8B0000799B1F8820026
:10954000A1F8B200079A02F1A80002F18001B0323E
:109550000CF02CF8079981F8C8000799B1F8900031
:10956000A1F8A0000799B1F89200A1F8A200079A0B
:1095700002F1B00002F19001A0320BF053FE079906
:1095800081F8C800079901F1A000B0310BF0A4FEEA
:10959000079981F8C8000798D0F8EC00006842F6F7
:1095A0003423C2F2004318600798D0F8EC004068FA
:1095B00042F63822C2F2004210600798D0F8EC0060
:1095C000806842F63C21C2F2004108600798D0F85A
:1095D000EC00D0F80CC042F64020C2F20040C0F8C7
:1095E00000C0DDF81CE0BEF878C0AEF8B8C0DDF809
:1095F0001CE04FF0010CAEF8BAC092ED001A90EDED
:10960000002A93ED000A91ED003A20EE030A91EE54
:10961000020A30EE000ADDF81CC0DCF82CC18CED2B
:10962000000A93ED001A92ED002A91ED000A90EDE8
:10963000003A20EE030AA1EE020A30EE000ADDF83D
:109640001CC0DCF82CC18CED010A93ED001A92EDE0
:10965000000A20EE000A91EE010A91ED001AA1EE37
:10966000410A90ED001AA1EE010A0798D0F82C01EA
:1096700080ED020A00208DF81300FFE79DF813002B
:1096800002281BDCFFE70798D0F82C019DF8131087
:1096900000EB810090ED000AB0EEC00A0CF0FAF980
:1096A00005989DF8131000EB810080ED610AFFE73B
:1096B0009DF8130001308DF81300DFE70799B1F82A
:1096C0004800A1F8C000079901200290A1F8C2004B
:1096D000079A02F1480002F1B801C0320CF070F8AC
:1096E00001460298079A82F8C810079AB2F8C0108B
:1096F000A2F8A8100799A1F8AA00079A02F1B000F1
:1097000002F1C001A8320BF051FF01460298079AFE
:1097100082F8C8100799A1F8B8000799B1F8C000FD
:10972000A1F8BA00079901F1C000B8310CF09EF819
:10973000079981F8C800079901F1B800A831059A86
:1097400002F5E2720BF032FF079981F8C800059824
:1097500090ED730A90ED741AB6EE002A21EE021A0B
:10976000B4EE410AF1EE10FA05DAFFE7059901209F
:1097700081F83801FFE7059890ED730A90ED741AAF
:10978000B4EE410AF1EE10FA52DDFFE7059890F8C9
:10979000380100284CD0FFE7059890F8390168B1EE
:1097A000FFE70599D1F84021D1F84401013240F199
:1097B0000000C1F84021C1F8440106E005990020ED
:1097C000C1F84401C1F84001FFE70598D0F8401105
:1097D000D0F84401333970F1000008D3FFE7059950
:1097E000002081F83801079981F82C001FE0079BC1
:1097F000D3F8E800D3F8EC1046F67652C2F20042F5
:10980000019212881B7B5A43E6F724FF019A079BBB
:10981000D3F8F800D3F8FC1012881B7B5A435A4344
:10982000E6F718FF0799012081F82C003FE133E0AB
:10983000059890ED730A90ED741A9FED9E2A21EE23
:10984000021AB4EE410AF1EE10FA15DDFFE70598B1
:1098500090F8380180B1FFE7059890ED730A90ED1C
:10986000741A31EE400A9FED942A21EE021A80EE1E
:10987000010A80ED670A05E005994FF07E50C1F8B6
:109880009C01FFE705990020C1F84401C1F840019F
:10989000079981F82C00FFE70799B1F85800A1F863
:1098A000A8000799B1F88200A1F8AA00079A02F16E
:1098B000580002F18001A8320BF078FE079981F878
:1098C000C800079A02F1A80002F1B00198320BF02B
:1098D0006DFE079981F8C80000208DF81200FFE79F
:1098E0009DF81200079AB2F89810B2F89A205143E6
:1098F000884217DAFFE7059890ED671A0798D0F8C5
:109900001C019DF8121000EB810090ED000A20EE82
:10991000010A80ED000AFFE79DF8120001308DF882
:109920001200DDE704208DF81100FFE79DF811001B
:10993000052832DCFFE700208DF81000FFE79DF8D6
:109940001000022822DCFFE705989DF8111000EBBB
:10995000810090ED5D0A9FED5B1A80EE011A079879
:10996000D0F81C0101EB41019DF81020114400EBDF
:10997000810090ED000A20EE010A80ED000AFFE769
:109980009DF8100001308DF81000D8E7FFE79DF832
:10999000110001308DF81100C8E70799B1F898005F
:1099A000A1F8B80007990120A1F8BA00079A02F1BE
:1099B000980002F1C001B8320BF0F8FD079981F868
:1099C000C800059890F8380100285FD0FFE7042010
:1099D0008DF80F00FFE79DF80F00052855DCFFE725
:1099E0000798D0F8BC009DF80F1000EB810090EDB7
:1099F000000A059890ED701A9FED302A21EE021AA8
:109A0000B4EE410AF1EE10FA11DDFFE7059890ED92
:109A1000700A9FED2A1A20EE010A0798D0F8BC00C0
:109A20009DF80F1000EB810080ED000AFFE707981A
:109A3000D0F8BC009DF80F1000EB810090ED000AFB
:109A4000059890ED701A9FED1E2A21EE021AB4EED1
:109A5000410AF1EE10FA11DAFFE7059890ED700A6D
:109A60009FED171A20EE010A0798D0F8BC009DF868
:109A70000F1000EB810080ED000AFFE7FFE79DF883
:109A80000F0001308DF80F00A5E7FFE70798D0F829
:109A9000BC100020C860079A02F1380002F1B8013A
:109AA00030320BF0BFFB079981F8C800FFE708B020
:109AB00080BD00BFCDCCCC3D6666663F0AD7233C57
:109AC0000AD723BCDA0FC93F80B586B00590049150
:109AD000049803900598D0F8EC00006842F64423FF
:109AE000C2F2004318600598D0F8EC00406842F6D6
:109AF0004822C2F2004210600598D0F8EC0080685D
:109B000042F64C21C2F2004108600598D0F8EC0002
:109B1000D0F80CC042F65020C2F20040C0F800C09D
:109B200093ED001A92ED000A20EE000AA1EE010A60
:109B300091ED001AA1EE010A90ED001AA1EE010AC2
:109B400000F0FAF842F65420C2F2004080ED000A1C
:109B500000208DF80B00FFE79DF80B0003281ADCAE
:109B6000FFE742F65420C2F2004090ED001A05983B
:109B7000D0F8EC009DF80B1000EB810090ED000A8E
:109B800020EE010A80ED000AFFE79DF80B0001308E
:109B90008DF80B00E0E742F64820C2F2004090ED5D
:109BA000000A039991ED701A20EE010AB0EE001A36
:109BB0008DED011A80EE010A0599D1F8001181EDB1
:109BC000040A42F64C21C2F2004191ED000A039AC8
:109BD00092ED702A20EE020A80EE010A059AD2F870
:109BE000002182ED050A42F64422C2F2004292EDC3
:109BF000000A039B93ED702A20EE420A80EE010AD0
:109C0000059BD3F8003183ED0A0A42F65023C2F2D5
:109C1000004393ED000ADDF80CC09CED702A20EEA5
:109C2000020A80EE010ADDF814C0DCF800C18CEDF8
:109C30000B0A93ED000A039B93ED702A20EE420A73
:109C400080EE010A059BD3F8003183ED100A92EDF6
:109C5000000A039A92ED702A20EE420A80EE010A71
:109C6000059AD2F8002182ED110A91ED000A0399BC
:109C700091ED702A20EE020A80EE010A0599D1F8D2
:109C8000001181ED160A90ED000A039890ED702AFC
:109C900020EE420A80EE010A0598D0F8000180ED1E
:109CA000170A039890ED751A0598D0F8F80090ED12
:109CB0001C0A80EE010A80ED1C0A039890ED751ACB
:109CC0000598D0F8F80090ED230A80EE010A80EDA7
:109CD000230A0598D0F8F80090ED1C0A9FED141A9D
:109CE000B4EE410AF1EE10FA09DDFFE70598D0F86D
:109CF000F81044F20000C4F21C600867FFE7059802
:109D0000D0F8F80090ED230A9FED091AB4EE410A4D
:109D1000F1EE10FA0ADDFFE70598D0F8F81044F2EA
:109D20000000C4F21C60C1F88C00FFE706B080BDE3
:109D300000401C460000000084B08DED030A9DED3C
:109D4000030AB6EE001A20EE010A8DED020A03980E
:109D5000019001980090009945F68620C5F637706D
:109D6000A0EB61000090009801909DED011A9DED1F
:109D7000020A20EE012ABFEE080AA2EE010A20EE36
:109D8000410A8DED010A9DED010A04B0704762B1F0
:109D9000884204BF0120704780B540684968E6F7F3
:109DA00083FEB0FA80F0400980BD40684968401ADF
:109DB000B0FA80F04009704781B0009000984FF0F1
:109DC000894181600021C4F22541C1600021C16444
:109DD000016541658165A0F85C10A0F85E1080F80F
:109DE000601080F8611001B07047000000000000B2
:109DF00087B006908DED050ACDED040A8DED031AAE
:109E00008DF80B108DF80A20CDED011A0698009000
:109E10000599C16004998161039941609DF80B1017
:109E200080F828109DF80A1080F8291001998160A7
:109E300090F8280070B9FFE7009890ED060A30EE20
:109E4000000A80ED070A90ED060A20EE000A80ED78
:109E5000080A20E0009890F8280001281AD1FFE7AE
:109E6000009890ED061AB0EE080A21EE001A80ED77
:109E7000071A90ED061A21EE000A20EE010A80ED85
:109E8000080A90ED061A21EE010A20EE010A80ED83
:109E9000090AFFE7FFE707B0704700000000000075
:109EA00081B0009000980021017001B0704700005F
:109EB00081B0009000984FF4B671018040F2946137
:109EC00041804FF0894141600021C4F22541816009
:109ED0000021818101B070472DE9F04190B00D461D
:109EE000DDE9168101AFCDE90130CDE9032107F1AC
:109EF00010002721E6F702FC01208DF83B0000242A
:109F0000D8F800000F948669404639462A46012356
:109F10000094B0470A98012811D0F8B90B99DDE9EF
:109F20000802069C81F0010180F001000843002135
:109F3000012A18BF0C46002818BF0C460EE00798EF
:109F4000012801D1059C09E00B98002430B908983C
:109F5000012803D10998012808BF059C204610B0AC
:109F6000BDE8F0812DE9F04192B01E46199B0C46E8
:109F7000002B05D41898D84218BF0024254623E0AA
:109F8000991C4FF000051FD00DF10C08CDE90360BE
:109F900008F110002021CDE90523E6F7AFFB4FF0D3
:109FA00080704FF0010C10903068CDF83CC01195D6
:109FB00047693046414622462346CDE900C5B847A9
:109FC0000998012808BF2546284612B0BDE8F0814F
:109FD0002DE9F04192B01D46189B002B27D4C71ADB
:109FE0000E468F424FF0000422DB0DF10C0808F101
:109FF00010002021CDE90357CDE90523E6F77EFBCC
:10A000004FF080704FF0010C10902868CDF83CC0E4
:10A010001194D0F814E02846414632463346CDE943
:10A0200000C4F047099C002C18BF3C4600E0002407
:10A03000204612B0BDE8F0810A6852F8083C194485
:10A04000016052F8041CC0E9011370470AF0B3BA6A
:10A0500080B5AFF300800821BDE880400AF025BB41
:10A0600080B5AFF300800C21BDE880400AF01DBB35
:10A0700003C844F64E42C0F24302000A82EA1122AB
:10A0800040EA016042F62B31C4F24371484010436C
:10A09000B0FA80F04009704742F2E071C2F200412C
:10A0A000884238BFE6F7EDB901F50071884201D268
:10A0B00002F072BBE6F7E5B910B582B0044601289C
:10A0C0004FF0000098BF0124019001A8082122460A
:10A0D000E6F7FCFB019810B9204602F007FC02B03D
:10A0E00010BD00002DE9F04F8DB00F4618219846A5
:10A0F00091468246E6F702FB03205FEAC77B8AF8B7
:10A10000180008D1B80740F18B8107F00C000C282B
:10A1100005D1022026E017F00E0F40F08181169D38
:10A120002846FCF763FDE0B10646CAF80C000020A3
:10A130000C900CAC284600210F2200230094FCF761
:10A14000C5FD0C9C2846FCF75DFD16F8011B054675
:10A15000FF290C9609D00CA800F0B4F90C9E0790CA
:10A1600004E008208AF818005AE1079516F8012B38
:10A1700024F00100E943FF2A4FF000020C960597F6
:10A180000BD0002316F9015B05F07F0494402343B4
:10A19000002D02F10702F5D4F218CDF818A000EB5B
:10A1A000010A711C0C913678CDE90892002000223A
:10A1B000CDE903B811F9013B03F07F0585402A433F
:10A1C000002B00F10700F5D401EB020B0BAD0C9155
:10A1D0000B9100BF594524D22846314600F072F950
:10A1E00081462846314600F06DF9804628463146C2
:10A1F00000F068F90B990023002200BF11F9014B10
:10A2000004F07F079F403A43002C03F10703F5D485
:10A21000D1450B9103D808EB09039A4505D3CA45EC
:10A22000D8D20898049900F03FF9002800F0B580D2
:10A230000799002A08440699086100F0B1800BEBE9
:10A240000200DDF810B0A0F101080BF158004FF04A
:10A25000000A4FF0FF36079000210020C14600BFE2
:10A2600019F9012B02F07F038B401843002A01F1FA
:10A270000701F5D4D2B206FA01F32029064638BF09
:10A280001E433F2A98BF0646012E37DB0998002857
:10A2900000F0C980A0EB86000168002900F08680EC
:10A2A000006800BF002800F081800546089810B3C0
:10A2B000584603C800BF44F64762C4F24C325140CE
:10A2C00042F60132C4F22B3250400843079808BFCF
:10A2D0005BF8240C00280A9000F0A9805BF8201C91
:10A2E000002900F0A48028680AAA03692846984734
:10A2F000002840F08480504630E000BFB6FA86F077
:10A30000400940EA0A004EB3059911F0080125D131
:10A31000089800284AD0584603C800BF44F6476250
:10A32000C4F24C32514042F60132C4F22B3250405A
:10A330000843079C08BF5BF8244C002C77D05BF8DF
:10A34000203C002B73D0F517099A30462946CDE9F9
:10A35000004B00F08FF90028504659D1002200210F
:10A360004B4600BF13F9016B06F07F079740394356
:10A37000002E02F10702F5D4F3B24FF0FF3606FAD1
:10A3800002F7202A0A4638BF3A433F2B98BF0A46B5
:10A390004AB309EB020882465EE7069908203EE0D0
:10A3A000039A0820002A08BF062038E0069CF01710
:10A3B000C4E900605846C4F8088003C800BF44F6EA
:10A3C0004762C4F24C32514042F60132C4F22B32A1
:10A3D0005040084304BF5BF8240C07900798606165
:10A3E000062020761CE00821C00718BF0621059A28
:10A3F0000820920758BF01460698017610E006999A
:10A40000F017C1E900600A98C1F80880486105E0CA
:10A410000699C1E90065C1F808804C6106200876FC
:10A420000DB0BDE8F08F0898594600F03DF8584649
:10A430000AF0C8F95BF8140C0AF0BEF810B504462F
:10A4400028300AF0BFF960690AF0B6F8F0B583B0B9
:10A4500015460C46029002AE084600210022002359
:10A4600000960027FCF7F6FD2868002102902046A0
:10A47000012200230096FCF7EDFD2D692046002106
:10A480000F22002302970096FCF720FC029800217F
:10A4900000F001002843029020460F22002300967E
:10A4A000FCF7D8FD03B0F0BDB0B5054608460C4634
:10A4B0000AF088F91DB154F8140C0AF07DF80AF07E
:10A4C000DDF8000070B5FF291CD001F00F020C2A46
:10A4D00000F29380D0F800C0DFE802F065532F0748
:10A4E000178F8F8F8F38280717009CF800209CF853
:10A4F00002309CF803609CF8015043EA062342EACC
:10A5000005225CE04FF0000E75E09CF800209CF8FE
:10A5100002309CF803609CF8015043EA062342EAAB
:10A52000052242EA034E0CF108064CE09CF901209A
:10A530009CF8003043EA022E05E09CF800209CF8CD
:10A54000013042EA032E0CF102063CE00023002217
:10A55000664600BF16F9014B04F07F059D402A4373
:10A56000002C03F10703F5D44FF0FF359646E4B213
:10A570009D40202B38BF4EEA050E3F2C98BF9646D3
:10A5800021E000224FF0000E664600BF16F9013BA5
:10A5900003F07F0494404EEA040EB3F1FF3F02F152
:10A5A0000702F3DD0FE09CF800209CF802309CF8D5
:10A5B00003509CF8014043EA052342EA042242EAA0
:10A5C000034E0CF10406C1F302123AB1032A05D07E
:10A5D000012A12D1BEF1000F0AD0E644BEF1000FED
:10A5E00006D049B2B1F1FF3FD8BFDEF800E001E08C
:10A5F0004FF0000E0660704670BDE6F71BF910B50F
:10A600000AF056FAD0F808E0BEF1000F25D07146E6
:10A6100051F828CF44F64E424B68C0F2430282EA1A
:10A6200013244FEA1C2242EA036242F62B33C4F29F
:10A6300043735A4022430CD1DEF82420013ACEF86D
:10A64000242008D1DEF8202082600020CEF82000EF
:10A6500001E000228260084610BD0AF00FF80128D0
:10A6600003D101F158000AF0C1B980B551F8140CBA
:10A6700009F0A2FF2DE9F04182B0E2B1DDF82080BF
:10A68000C0431C4602EB800001AD00BF076867B104
:10A69000061D006800BF01682A460B692146CDF8F7
:10A6A0000480984700283046F0D0B7FA87F0400978
:10A6B00002B0BDE8F08109980AF084F809F0DEFFE5
:10A6C00081B000900098002101614161816101B079
:10A6D000704700000000000081B00090009890EDED
:10A6E000110A01B07047000081B00090009890ED11
:10A6F000120A01B07047000081B00090009890ED00
:10A700000F0A01B07047000081B00090009890EDF2
:10A71000100A01B07047000081B00090009890F8D6
:10A720004C0001B07047000081B00090009890F894
:10A730004D0001B07047000081B00090009890F883
:10A740004E0001B07047000081B00090009890F872
:10A750004F0001B07047000086B005900491ADF83D
:10A760000E20ADF80C30BDF80C0001460291F02827
:10A7700006D0FFE7029840F20F71884216D02BE016
:10A78000BDF80E0001460191F02806D0FFE70198C0
:10A7900040F20F71884204D007E00499002008704D
:10A7A00003E0049907200870FFE715E0BDF80E00EC
:10A7B00001460091F02806D0FFE7009840F20F71A3
:10A7C000884204D007E004990820087003E0049947
:10A7D00006200870FFE7FFE706B0704700000000A2
:10A7E00010B59EB007902698059025980190249862
:10A7F00002902398039022980690DDF884C0209858
:10A80000CDF860C017901693159214910DF1670062
:10A8100014A911220492E5F7D8FEDDF804C0029BCA
:10A820000399049ADDF814E00698CDF838E0CDF8E5
:10A8300034C00C930B910A900DF13F000AA9E5F783
:10A84000C4FE07980990099808901A986FF3DF20C2
:10A8500010996FF3DF21884228D1FFE71A98C0F3DF
:10A86000CA201099C1F3CA2188421FD1FFE71A9864
:10A870001B99800D40EA81206FF3DF201099119A17
:10A88000890D41EA82216FF3DF2188420ED1FFE773
:10A890001B98C0F34A001199C1F34A01884205D1BF
:10A8A000FFE70899002081F83B0004E008990120A7
:10A8B00081F83B00FFE71EB010BD00000000000063
:10A8C00082B001908DF8031001999DF8030081F882
:10A8D0004C0002B07047000082B001908DF8031068
:10A8E00001999DF8030081F84E0002B07047000006
:10A8F00081B00090009890F83A0001B070470000D5
:10A9000087B006900591ADF81220ADF81030BDF873
:10A91000100001460391F0280CD0FFE7039840F2A5
:10A92000FF31884246D0FFE7039840F20F7188421A
:10A9300020D05FE0BDF8120001460291F0280CD053
:10A94000FFE7029840F2FF3188420ED0FFE70298FD
:10A9500040F20F71884204D00BE005990020087086
:10A9600007E005990420087003E0059901200870AC
:10A97000FFE73FE0BDF8120001460191F0280CD03E
:10A98000FFE7019840F2FF3188420ED0FFE70198BF
:10A9900040F20F71884204D00BE005990220087044
:10A9A00007E005990620087003E005990520087066
:10A9B000FFE71FE0BDF8120001460091F0280CD01F
:10A9C000FFE7009840F2FF3188420ED0FFE7009881
:10A9D00040F20F71884204D00BE005990220087004
:10A9E00007E005990420087003E00599032008702A
:10A9F000FFE7FFE707B070472DE9F043A7B02690C7
:10AA0000269811900168D1F88430D1F88820D1F8C7
:10AA10008CC0D1F890E0C0F818E0C0F814C0026112
:10AA2000024642F80C3F099291F8941001770168B0
:10AA3000843125912599D1F801106FF3DF2100EEC3
:10AA4000101AB8EEC00A90ED012A90ED021A30EE0D
:10AA5000420A80EE010A80ED0F0A2599D1F8011013
:10AA6000C1F3CA2100EE101AB8EEC00A90ED012A17
:10AA700090ED021A30EE420A80EE010A80ED100AD3
:10AA8000259AD2F80110D2F80520890D41EA8221D9
:10AA90006FF3DF2100EE101AB8EEC00A90ED012A24
:10AAA00090ED021A30EE420A80EE010A80ED110AA2
:10AAB0002599D1F80510C1F34A0100EE101AB8EE3D
:10AAC000C00A90ED012A90ED021A30EE420A80EEA3
:10AAD000010A80ED120A00F14C01259AD2F80920F2
:10AAE00000F11D030893D0F82630C3F38A03C2F3A4
:10AAF0008A02FFF731FE119800F14D01259AD2F834
:10AB00000920D0F82630C3F34A33C2F34A32FFF7A4
:10AB100023FE119800F14E01259AB2F80D30127BF8
:10AB200042EA0322B0F82AC090F8293043EA0C2305
:10AB30006FF3DF236FF3DF22FFF7E2FE119800F1DE
:10AB40004F01259AB2F80D20438DC3F3CA03C2F317
:10AB5000CA02FFF701FE08991198259AD2F805203C
:10AB6000C2F30A3200EE102AB8EEC00A90ED012AB4
:10AB700090ED021A30EE420A80EE010A80ED140ACE
:10AB8000259BD3F80520D3F80930D20D42EA4322A1
:10AB90006FF3DF2200EE102AB8EEC00A90ED012A12
:10ABA00090ED021A30EE420A80EE010A80ED150A9D
:10ABB0000DF183000A9011220C92E5F706FD099928
:10ABC0000C9A0DF172000B90E5F7FFFC0A990C9AB4
:10ABD00017A8E5F7FAFC0B990C9A17980E9018989D
:10ABE0000F90199810901A980D901B9C12A8E5F7D9
:10ABF000ECFCDDF834C00E990F9A109B1198129D51
:10AC0000139E149FDDF85480DDF85890EE46CEF880
:10AC10001890CEF81480CEF81070CEF80C60CEF8F4
:10AC20000850CEF80440CEF800C0FFF7D9FD27B099
:10AC3000BDE8F0830000000080B584B0039002916D
:10AC400003980190016B01310163FFF7D5FE019973
:10AC500001F11D00096884311122E5F7B6FC04B04A
:10AC600080BD00000000000082B0019001990091B9
:10AC7000086B496B884208D1FFE70099002081F8F2
:10AC80003A00088F0130088704E00099012081F81C
:10AC90003A00FFE70099086B486302B07047000074
:10ACA00083B002900191029800900198006841F2EF
:10ACB0000001C4F20101884207D1FFE7009940F684
:10ACC000AC10C2F20040086054E00198006844F201
:10ACD0000041C4F20001884207D1FFE7009940F625
:10ACE000BC20C2F20040086043E00198006844F6CE
:10ACF0000001C4F20001884207D1FFE7009940F645
:10AD0000CC30C2F20040086032E00198006844F69E
:10AD10000041C4F20001884207D1FFE7009940F6E4
:10AD2000DC40C2F20040086021E00198006845F272
:10AD30000001C4F20001884207D1FFE7009940F604
:10AD4000EC50C2F20040086010E00198006841F247
:10AD50000041C4F20101884207D1FFE7009940F6A3
:10AD6000FC60C2F200400860FFE7FFE7FFE7FFE793
:10AD7000FFE7FFE703B0704781B0009000984CF206
:10AD80000001C4F27F4141604CF20001C4F2434132
:10AD90008160002101634163018780F83A1080F8E7
:10ADA0003B1001B07047000080B588B0079007984D
:10ADB000029000F6C81003900021019106F074FE85
:10ADC000029800F60C000590042103F07DFF019924
:10ADD000029800F53E60049006F066FE03989FED31
:10ADE000220A8DED060A08F03FFB02989DED060A47
:10ADF00000F6282008F038FB02989DED060A00F6C0
:10AE0000882008F031FB04989DED060A08F02CFB21
:10AE100002989DED060A00F5446008F025FB0598B0
:10AE20009DED060A08F020FB02989DED060A00F64B
:10AE30006C0008F019FB02989DED060A00F6CC00A4
:10AE400008F012FB03989DED060A06F0B5FD049884
:10AE50009DED060A06F0B0FD05989DED060A03F08B
:10AE6000E3FE08B080BD00BF00000000000000004D
:10AE700082B001908DED000A01990098C1F8000F91
:10AE800002B070470000000081B00090009890F878
:10AE9000F40E01B07047000082B001908DF80310ED
:10AEA00001999DF8030081F8F40E02B0704700008C
:10AEB00081B00090009800F6F86090ED000A01B0B3
:10AEC000704700000000000082B001908DED000A84
:10AED00001990098C1F8F80E02B070470000000018
:10AEE00080B58AB009900998089000F564610291D4
:10AEF00000F58060049007F09BFE029805F024FDA9
:10AF0000029805F0CDFC0498089901F66C61039154
:10AF100007F0A6FE039805F017FD039805F0C0FCA6
:10AF20000298089901F6C811059105F005FD0598EC
:10AF300006F072FD059806F097FD059806F060FD95
:10AF4000089800F60C01079107F072FE079803F0CD
:10AF5000A3FE089807F074FE079803F091FE03988B
:10AF6000089901F53E61069105F0E6FC069806F0A9
:10AF700053FD049807F084FE069806F041FD0898FA
:10AF800000F032FA059806F09BFD069806F098FD51
:10AF9000079803F0C1FE0898FFF776FF28B3FFE794
:10AFA000089846F67C51C2F2004191ED000A8DED01
:10AFB000010A00F53E60009006F01AFD9FED121A9E
:10AFC00080EE010A0AF0DEFF08990098B0EE401A00
:10AFD0009DED010A20EE010A01F56F6181ED000A85
:10AFE00091ED000A06F0A0FC0CE0089800F56F61F6
:10AFF0000022C0F8F02E00F53E6091ED000A06F048
:10B0000093FCFFE70AB080BD3333654200000000C7
:10B0100080B596B015901598129008F0C5F8129862
:10B0200000F580609FEDD80A05F00EFC129800F63E
:10B030000C0003909FEDD50A9FEDD51AB0EE082ABB
:10B04000F2EE0E2ADFEDD34ACDED084A9FEDD25A3B
:10B050008DED135A00210C91F0EE450AF0EE451AE1
:10B06000B0EE453AF0EE453AB0EE454A08F094FBB2
:10B07000DDED084A0C9912989DED135A00F66C000C
:10B080009FEDC60A9FEDC62ADFEDC62AF0EE450AFF
:10B09000B0EE451AF0EE451AB0EE453AF0EE453AFC
:10B0A000B0EE454A08F078FB0398129901F6CC01FE
:10B0B000019103F0A1FD03988DED020A03F09CFDC0
:10B0C00001989DED022ADDED084A0C999DED135A79
:10B0D000F0EE402AB0EE450AF0EE450AB0EE451A11
:10B0E000F0EE451AB0EE453AF0EE453AB0EE454A7C
:10B0F00008F052FB03980C996A46116046F2482109
:10B10000C2F200410122B0EE000A4FF40063DFED0D
:10B11000A60A03F07DFEDDED084A0C9912989DED1C
:10B12000135A00F6C8100E909FEDA00ADFEDA01A8A
:10B13000CDED0F1AF2EE042AF0EE450AB0EE451AF4
:10B14000B0EE622AB0EE453AF0EE453AB0EE454A2E
:10B1500008F022FB0E98129901F62821059106F0BD
:10B16000C7FB01460E9800EE101AB8EE400A8DEDAE
:10B17000040A06F0BDFB9DED042ADDED084A0C999A
:10B180009DED135A0246059800EE102AF8EE402A6B
:10B190009FED880ADFED880AB0EE451AF0EE451AF9
:10B1A000B0EE453AF0EE453AB0EE454A08F0F4FA12
:10B1B0000E98129901F68821079106F099FB014635
:10B1C0000E9800EE101AB8EE400A8DED060A06F051
:10B1D0008FFB9DED062ADDED084A0C999DED135A73
:10B1E0000246079800EE102AF8EE402AB0EE450A13
:10B1F000F0EE450AB0EE451AF0EE451AB0EE453ACB
:10B20000F0EE453AB0EE454A08F0C6FADDED082A00
:10B2100012989DED132A00F6E8209FED680A9FED35
:10B22000681AF1EE041AF0EE410A08F021FB0E98BC
:10B230006A4640F64851116046F2A811C2F2004138
:10B240000991052203230A939FED5E0A8DED0B0AF7
:10B2500006F052FDDDED084A0C9912989DED135A47
:10B2600000F53E600D909FED580AF1EE0C2AF0EECD
:10B27000450AB0EE451AF0EE451AB0EE622AB0EE7D
:10B28000453AF0EE453AB0EE454A08F085FADDED74
:10B29000084A0C9912989DED135A00F544609FEDF1
:10B2A0004B0ADFED4B2AF0EE450AB0EE451AF0EE00
:10B2B000451AB0EE622AB0EE453AF0EE453AB0EEED
:10B2C000454A08F069FA09990A9B9DED0B0A0C9A08
:10B2D0000D98EC46CCF80020062206F00DFD0C9AE5
:10B2E000129800F6F8509FED3B0AF3EE040AB7EE11
:10B2F000001A8DED141ADFED381A1146FEF778FDAD
:10B300000D98DDED131AB0EE610AF0EE610AB0EEB1
:10B31000611A06F08DFB0E989DED0F0ADDED131AF4
:10B32000F0EE610AB0EE611A06F082FB12989DED14
:10B33000131ADDED141A00F564609FED280A8DEDF7
:10B34000100ADFED270ACDED110A05F0DDFA9DEDBB
:10B35000100ADDED110A12989DED131ADDED141A95
:10B3600000F66C6005F0D0FA12989DED131ADDED31
:10B37000141A00F69860DFED1B0AB0EE600A05F0C3
:10B38000C3FA16B080BD00BFACC5A738295C8F3E9C
:10B3900017B7D1396F12833A0000000000800945C9
:10B3A0000000C84300000045000004426666263FD6
:10B3B000A69B443C0080BB4500C0DA450AD7A33BAE
:10B3C0000000AA42920A06429A99993E00409C4582
:10B3D000000080460AD7A33D6F12033BA4707D3F57
:10B3E000295C8F3D7B14AE3E80B5AEB02D902D987C
:10B3F000299090F8F40E78B9FFE72998FFF7D4FC6C
:10B4000042F66821C2F200410020087042F6602135
:10B41000C2F200410860BBE3299890F8F40E0128BD
:10B4200040F08B80FFE7299800F6C8102590032193
:10B43000209106F039FB299800F60C002490022197
:10B4400003F042FC2099299800F53E60279006F011
:10B450002BFB299846F68051C2F20041096800F69C
:10B46000FC622192C0F8FC1E00F6F861239107F0FF
:10B47000E7FB2398FDF75CF8259806F0F5FA21988C
:10B48000FDF756F8299901F57060229001F56E627A
:10B4900092ED000A01F6E461D1ED000AFBF714FE1B
:10B4A0002199259891ED000A06F032FA2299279801
:10B4B00091ED000A06F02CFA2399249891ED000AE8
:10B4C00003F0A6FB25989FEDE00A8DED260A06F015
:10B4D000DFFA25989DED260A06F0CEFA9DED260AA4
:10B4E000279806F0D5FA9DED260A279806F0C4FAAB
:10B4F000279842F65822C2F200420021289111609A
:10B5000006F076FA299842F65C21C2F2004181EDFC
:10B51000000A07F095FB289842F66421C2F2004128
:10B5200081ED000A42F66821C2F20041087042F63D
:10B530006021C2F20041086029E32998FFF7A4FCCA
:10B54000022840F08B82FFE72998D0F8080800F025
:10B5500077FC002800F08282FFE72998D0F80808DD
:10B5600000F016FC002856D0FFE72998D0F808080C
:10B5700000F00EFC04284ED0FFE742F66820C2F22D
:10B5800000400078002846D1FFE742F66020C2F272
:10B5900000400068B0F5FA7F3DD9FFE7299842F6F0
:10B5A0006022C2F200420021116042F66823C2F21A
:10B5B000004301221A70C0F8FC1EC0F8001F07F0FB
:10B5C0003FFB29988DED1E0AD0F8080800F0E0FB3B
:10B5D0009DED1E0A0146299801EE101AB8EEC11A17
:10B5E0009FED9A2AA1EE020A00F6F86181ED000AA9
:10B5F00000F6C81003211F9106F056FA299800F6AC
:10B600000C00022103F060FB29981F9900F53E60B1
:10B6100006F04AFAFFE742F66820C2F200400078DE
:10B62000012868D1FFE7299800F6FC611A9100F61D
:10B63000C8101B9006F018FA1A98FCF779FF2998A1
:10B6400000F6F8611D9107F0FBFA1D98FCF770FFFA
:10B650001A991B9891ED000A06F05AF9299901F5FB
:10B660003E6001F5706191ED000A06F051F92998EC
:10B670001D9900F60C001C9091ED000A03F0C8FA29
:10B680001C9803F0F5FA1D9890ED001A30EE410A6F
:10B6900008F042FFB7EE001AB4EE410AF1EE10FADC
:10B6A0000DDAFFE742F66821C2F20041022008707D
:10B6B00042F66021C2F2004100200860FFE72998AD
:10B6C00042F66022C2F2004211680131116042F676
:10B6D0005822C2F200420021116042F65C22C2F2FE
:10B6E0000042116007F0ACFA42F66420C2F200405A
:10B6F00080ED000A4CE242F66820C2F20040007879
:10B70000022836D1FFE7299800F60C001990022193
:10B7100003F0DAFA299842F66421C2F2004109687E
:10B7200000F6F8621892C0F8F81E07F089FA189827
:10B73000FCF7FEFE1899199891ED000A03F068FADB
:10B7400042F66020C2F200400168013101600068E9
:10B75000B0F5FA6F0CD9FFE742F66821C2F200415A
:10B760000020087042F66021C2F200410860FFE745
:10B7700058E042F66820C2F200400078002850D11C
:10B78000FFE7299842F66022C2F2004211680131B7
:10B790001160D0F8080800F05FFC9FED2D1AB4EEA0
:10B7A000410AF1EE10FA1EDAFFE7299800F60C00C4
:10B7B0001790022103F088FA299842F66421C2F218
:10B7C0000041096800F6F8621692C0F8F81E07F00A
:10B7D00037FA1698FCF7ACFE1699179891ED000A07
:10B7E00003F016FA1CE0299800F60C0015900321CE
:10B7F00003F06AFA2998D0F8080800F02DFC159893
:10B800008DED2C0A9DED2C0A03F052FA299807F0D1
:10B8100017FA42F66420C2F2004080ED000AFFE70A
:10B82000FFE7FFE7FFE72998D0F8080800F06CFF72
:10B8300001280FD0FFE72998D0F8080800F064FF2E
:10B84000022840F0A88005E0000000000000B4429B
:10B850000AD7233C299800F6C810139003210E91B3
:10B8600006F022F90E99299800F53E60149006F032
:10B870001BF92998D0F8080800F0DAFA29988DED1C
:10B880002B0AD0F8080800F0EBFA29988DED2A0A67
:10B890009DED2B0A8DED0F0A00F60C0003F0E8F980
:10B8A000299AB0EE401A9DED0F0A30EE410A02F6D9
:10B8B000FC60109080ED000A2A9902F570631193E4
:10B8C000C2F8001F9FEDB30ADFEDB30AFBF7FCFBE4
:10B8D0001198299901F56E6292ED000A01F6E46172
:10B8E000D1ED000AFBF7F0FB139806F0BDF81098B5
:10B8F000FCF71EFE1099139891ED000A06F008F867
:10B900001199149891ED000A06F002F82998D0F8E0
:10B91000080800F0B9F913989FEDA11A8DED121ADD
:10B9200080EE010A06F0B4F82998D0F8080800F073
:10B930009FF99DED121A139880EE010A06F09CF80B
:10B940002998D0F8080800F037FA9DED121A1498DB
:10B9500080EE010A06F09CF82998D0F8080800F05B
:10B960001FFA9DED121A149880EE010A06F084F871
:10B97000139806F079F8149842F65821C2F2004163
:10B9800081ED000A06F034F842F65C20C2F2004075
:10B9900080ED000A61E0299800F6C8100C900321A0
:10B9A000089106F081F80899299800F53E600D90FD
:10B9B00006F07AF8299A0C9802F6FC6109910021A8
:10B9C000C2F8FC1E02F570630A93C2F8001F06F06D
:10B9D0004BF80998FCF7ACFD29990A9801F56E62BD
:10B9E00092ED000A01F6E461D1ED000AFBF76CFB71
:10B9F00009990C9891ED000A05F08AFF0A990D98B3
:10BA000091ED000A05F084FF0C989FED640A8DED1E
:10BA10000B0A06F03DF89DED0B0A0C9806F02CF889
:10BA20009DED0B0A0D9806F033F89DED0B0A0D986D
:10BA300006F022F80C9806F017F80D9842F65821F7
:10BA4000C2F2004181ED000A05F0D2FF42F65C200F
:10BA5000C2F2004080ED000AFFE797E02998FFF767
:10BA600013FA022840F09180FFE72998D0F80808DF
:10BA700000F0E6F9002840F08880FFE7299800F6FA
:10BA8000C81005900321009106F00EF8009929983E
:10BA900000F53E60069006F007F8299800F60C00C5
:10BAA0000490022103F010F9299842F65821C2F2BD
:10BAB0000041096800F6FC620192C0F8FC1E42F6E3
:10BAC0005C21C2F20041096800F570620292C0F880
:10BAD000001F42F66421C2F20041096800F6F862D4
:10BAE0000392C0F8F81E07F0ABF80398FCF720FDAE
:10BAF000059805F0B9FF0198FCF71AFD01989FED34
:10BB0000250ADFED250AFBF7DFFA2999029801F5EE
:10BB10006E6292ED000A01F6E461D1ED000AFBF7D6
:10BB2000D3FA0199059891ED000A05F0F1FE02990A
:10BB3000069891ED000A05F0EBFE0399049891ED4B
:10BB4000000A03F065F805989FED140A8DED070AC9
:10BB500005F09EFF05989DED070A05F08DFF0698FC
:10BB60009DED070A05F094FF06989DED070A05F084
:10BB700083FF42F66821C2F200410020087042F6BD
:10BB80006021C2F200410860FFE7FFE7FFE7FFE73F
:10BB90002EB080BD000070C20000704200000000A6
:10BBA000333365420000000080B582B001900198F7
:10BBB000009007F0F9FB009800F5806004F064FE47
:10BBC000009800F60C0003F00BFA009800F6C8107D
:10BBD00006F006F9009800F53E6006F001F90098BD
:10BBE00000F6F850FEF75CF9009800F5646004F088
:10BBF000B7FE009800F66C6004F0B2FE009800F604
:10BC0000986004F0ADFE00980021C4F2C821C0F88D
:10BC1000C81E0021C4F28C21C0F8CC1E0021CCF239
:10BC20003431C0F8D01E0021C4F23431C0F8D41E23
:10BC30000021CCF2C811C0F8E01E0021C4F2B011FE
:10BC4000C0F8E41E0021C4F21631C0F8E81E00213D
:10BC5000C0F8EC1EC0F8F01E80F8F41EC0F8F81E04
:10BC6000C0F8FC1EC0F8001F02B080BD000000003C
:10BC700081B000900098D0F8410000EE100A01B0A9
:10BC8000704700000000000081B000900098D0F8DC
:10BC90003D0000EE100A01B07047000000000000F7
:10BCA00080B584B003908DF80B10039801909DF837
:10BCB0000B00002865D1FFE70198426902F13001CD
:10BCC000B2F8602000F058F908B9FFE759E001998F
:10BCD00001F12D004969303140F2BC02C2F200424C
:10BCE0001268E4F772FC0198B0F92F1000EE101AF8
:10BCF000B8EEC00A9FED241A80EE010A80ED170A03
:10BD0000B0F9311000EE101AB8EEC00A80EE010A48
:10BD100080ED180AB0F9331000EE101AB8EEC00A20
:10BD200080EE010A80ED190AB0F9351000EE101A04
:10BD3000B8EEC00A80EE010A80ED1A0A90F83710BA
:10BD400080F88C10D0F83910C0F88810D0F8451061
:10BD500040F8841FBBEE090AF3EE060AFBF7B4F9BC
:10BD6000019890F88C00022804D1FFE70199012086
:10BD70000874FFE701998868D1F8511002F074FB4C
:10BD8000FFE704B080BD00BF0000C8420000000013
:10BD900081B00090009890F8380001B07047000022
:10BDA00081B000900098D0F84D0000EE100A01B06C
:10BDB000704700000000000081B000900098D0F8AB
:10BDC000490000EE100A01B07047000000000000BA
:10BDD00080B584B002900298806802F0A5FD8DF8CD
:10BDE00007009DF80700012809DBFFE79DF8070021
:10BDF0000B2804DCFFE700208DF80F0011E09DF810
:10BE00000700652809DBFFE79DF807006F2804DCC1
:10BE1000FFE701208DF80F0003E002208DF80F00EE
:10BE2000FFE79DF80F0004B080BD00000000000097
:10BE300081B00090009890ED220A01B07047000098
:10BE400081B00090009890F82C0001B0704700007D
:10BE500081B00090009890F8570001B07047000042
:10BE600081B00090009890ED210A01B07047000069
:10BE700080B582B0019000910198416A0131416220
:10BE80000021FFF70DFF02B080BD000000000000A0
:10BE900085B0039002910192ADF80230029828B962
:10BEA000FFE74FF6FF70ADF8120021E0FFE70198C1
:10BEB000411E0191B8B1FFE70298411C0291007840
:10BEC0008DF80100BDF802109DF801004840C2B293
:10BED00046F68050C0F6020030F8120080EA1120C9
:10BEE000ADF80200E3E7BDF80200ADF81200FFE78D
:10BEF000BDF8120005B0704780B582B00190009186
:10BF00000198416A013141620121FFF7C9FE02B087
:10BF100080BD00000000000080B586B0059004914F
:10BF20000392059801900020ADF80A00049820B112
:10BF3000FFE70398022801D8FFE718E00198049969
:10BF4000039A023A4FF6FF73FFF7A2FFADF80A001B
:10BF5000BDF80A00049A0399114401F8020C9DF8F7
:10BF60000B00049A0399114401F8010CFFE706B095
:10BF700080BD00000000000080B588B006900591EB
:10BF80000492069802900020ADF80E00059820B1AA
:10BF9000FFE70498022804D8FFE700208DF81F006F
:10BFA00028E002980599049A023A4FF6FF73FFF7CA
:10BFB0006FFFADF80E009DF80E10059A049810441E
:10BFC00010F8022C0020914201900DD1FFE79DF85E
:10BFD0000F00059A0499114411F8011C401AB0FA97
:10BFE00080F040090190FFE7019800F001008DF812
:10BFF0001F00FFE79DF81F0008B080BD0000000093
:10C0000081B00090009890F82E0001B070470000B9
:10C0100082B001908DED000A01990098486702B046
:10C02000704700000000000082B001908DED000A12
:10C0300001990098C86602B0704700000000000037
:10C0400082B001908DED000A01990098086702B056
:10C05000704700000000000081B00090009890ED53
:10C060001A0A01B07047000081B00090009890ED6E
:10C07000180A01B07047000081B00090009890ED60
:10C08000190A01B07047000082B001908DED000ADE
:10C0900001990098886702B0704700000000000016
:10C0A00082B001908DED000A01990098C86702B036
:10C0B000704700000000000080B582B00190019838
:10C0C00000F046F802B080BD81B00090009890ED7D
:10C0D000170A01B07047000082B0019001990091E9
:10C0E000486A896A884205D1FFE70099002081F8F3
:10C0F0002C0004E00099012081F82C00FFE7009952
:10C10000486A886202B0704780B585B08C46864622
:10C1100008980799CDF810E0CDF80CC00292019371
:10C120008DF803108DF80200049903984861029875
:10C1300088610198C8619DF8030081F820009DF88E
:10C14000020081F8210005B080BD00000000000061
:10C1500080B5A2B0219021981A900021ADF88210EC
:10C16000ADF88010ADF87E10806802F095F90146B8
:10C170001A98ADF87E10806802F0BEF901461A9850
:10C18000ADF8821090F8201080F8A410012180F8FA
:10C19000A510FFF71DFE01461A9880F8A61090ED35
:10C1A0001D0A9FEDFC2A20EE020A9FEDFB1A80EE8D
:10C1B000010A8DED1E0A90ED1C0A20EE020A80EEA7
:10C1C000010A8DED1D0A90ED1B0A20EE020A80EE99
:10C1D000010A8DED1C0A9DED1C0AB0EE001A8DEDD2
:10C1E000121A80EE010A08F0C8FF9DED121A8DEDBB
:10C1F000020A9DED1D0A80EE010A08F0BEFF9DEDCA
:10C20000121AB0EE402A9DED020A20EE020A8DEDD0
:10C21000050A9DED1E0A80EE010A08F0AEFF9DEDB5
:10C22000121A8DED040A9DED1C0A80EE010A09F038
:10C2300077FB9DED121A8DED030A9DED1D0A80EE30
:10C24000010A09F06DFB9DED121AB0EE402A9DED3A
:10C25000030A20EE020A8DED060A9DED1E0A80EE0D
:10C26000010A09F05DFB9DED043A9DED052A9DED67
:10C27000121A1A98B0EE404A9DED060A20EE040A02
:10C28000A2EE030A10EE101A40F8A71F16909DEDBB
:10C290001C0A80EE010A09F043FB9DED121A8DED98
:10C2A000070A9DED1D0A80EE010A08F066FF9DED6C
:10C2B000121AB0EE402A9DED070A20EE020A8DED1B
:10C2C0000A0A9DED1E0A80EE010A08F056FF9DED58
:10C2D000121A8DED090A9DED1C0A80EE010A08F084
:10C2E0004CFF9DED121A8DED080A9DED1D0A80EEA2
:10C2F000010A09F015FB9DED121AB0EE402A9DEDE2
:10C30000080A20EE020A8DED0B0A9DED1E0A80EE52
:10C31000010A09F005FB9DED093A9DED0A2A9DED04
:10C32000121A1699B0EE404A9DED0B0A20EE040A4F
:10C3300092EE030A10EE100A48609DED1C0A80EE92
:10C34000010A08F01AFF9DED121A8DED0C0A9DED01
:10C350001D0A80EE010A09F0E3FA9DED121AB0EE13
:10C36000402A9DED0C0A20EE020A8DED0F0A9DED8C
:10C370001E0A80EE010A08F000FF9DED121A8DEDF5
:10C380000E0A9DED1C0A80EE010A09F0C9FA9DED26
:10C39000121A8DED0D0A9DED1D0A80EE010A08F0BE
:10C3A000ECFE9DED121AB0EE402A9DED0D0A20EE36
:10C3B000020A8DED100A9DED1E0A80EE010A09F0B9
:10C3C000AFFA9DED0E3A9DED0F2A9DED121A1699CA
:10C3D000B0EE404A9DED100A20EE040AA2EE030AD8
:10C3E00010EE100A88609DED1C0A80EE010A08F02C
:10C3F000C4FE9DED121A8DED110A9DED1D0A80EE11
:10C40000010A08F0BAFE9DED121AB0EE402A9DED29
:10C41000110A20EE020A8DED150A9DED1E0A80EE2E
:10C42000010A09F07DFA9DED121A8DED140A9DEDB9
:10C430001C0A80EE010A09F073FA9DED121A8DEDC7
:10C44000130A9DED1D0A80EE010A09F069FA9DEDBF
:10C45000121AB0EE402A9DED130A20EE020A8DED6D
:10C46000170A9DED1E0A80EE010A08F086FE9DED7A
:10C47000142A9DED151A169A1A98B0EE403A9DEDC1
:10C48000170A20EE030A91EE020A10EE101AD1608C
:10C49000416FC0F8B710406806F0CAFB1A989FEDCC
:10C4A000981A8DED181A20EE010A10EE101AC0F835
:10C4B000BB10016FC0F8BF10406806F0D1FB9DEDC6
:10C4C000181A1A9820EE010A10EE101AC0F8C310BC
:10C4D000806801F0D5FF1A9810EE101AC0F8C71046
:10C4E0000A21A0F8CB1090ED1E0A9FED861A8DED63
:10C4F000191A20EE010ABDEEC00A10EE101AA0F8BB
:10C50000CD10006806F09CFB9DED191A1A9890ED6D
:10C510001F2A30EE420A20EE010ABDEEC00A10EEDC
:10C52000101AA0F8CF10806801F096FF01461A9803
:10C5300080F8D110806802F0EFF901461A98A0F84F
:10C54000D210BDF88210A0F8D410BDF88010A0F869
:10C55000D610BDF87E10A0F8D810806801F0A4FFB6
:10C5600001461A98A0F8DA10806801F0ADFF014684
:10C570001A98A0F8DC1042F66F21C2F20041097847
:10C58000C90142F6692EC2F2004E9EF8052000F065
:10C5900005B800BFDB0F49400000344341EA4211B7
:10C5A0009EF8042041EA02119EF800209EF8013016
:10C5B0009EF802C09EF803E041EACE0141EA8C01F8
:10C5C00041EA4301114380F8DE10806802F0C8F8A8
:10C5D0009DED191A1A9820EE010ABDEEC00A10EE60
:10C5E000101AA0F8E310806802F0C2F89DED191A45
:10C5F0001A9820EE010ABDEEC00A10EE101AA0F83B
:10C60000E510806802F058F81A9981F8E70046F6BC
:10C610005450C2F2004000681B9003284CD81B996C
:10C62000DFE801F0021124371A98806801F054FF06
:10C6300001461A98A0F8DF10806801F055FF1A999A
:10C64000A1F8E10038E01A98806802F059F8014634
:10C650001A9841F48041A0F8DF10806802F058F881
:10C660001A9940F48040A1F8E10025E01A9880680A
:10C6700002F056F801461A9841F40041A0F8DF1084
:10C68000806802F055F81A9940F40040A1F8E100E2
:10C6900012E01A98806801F047FF01461A9841F4A9
:10C6A0004041A0F8DF10806801F046FF1A9940F47D
:10C6B0004040A1F8E100FFE71A994869A4314622F9
:10C6C0000192E3F7C7FF1A98019A4169A1F8622025
:10C6D0004169FFF721FC46F65450C2F20040016860
:10C6E000013101600068042807D1FFE746F6545184
:10C6F000C2F2004100200860FFE722B080BD00BF09
:10C70000333365420000C84281B00090009890F831
:10C710008C0001B07047000080B584B0039003988E
:10C7200002900021019101744162816280F82C1015
:10C730002D3004F0BDFF0298019980F8571080F861
:10C74000581080F85910C165016641668166C1665E
:10C75000016741678167C167C0F88010C0F8841025
:10C76000C0F8881080F88C104CF6CD41C4F21C1132
:10C77000C0F890100021C4F2C011C0F894104BF220
:10C780004661C3F67351C0F89810A43004F098FFC6
:10C79000029804B080BD0000F0B542F6E01CC2F281
:10C7A000004CDCF8003042F2E07E011FC2F2004E85
:10C7B000BBB10EF50072934213D000241A4600BF9D
:10C7C000558802EB85068E4212D030F8026C01EBE0
:10C7D0008607974211D0158814460EEB8502802DEE
:10C7E000EED1A3EB0E0080080880CCF80010F0BD5D
:10C7F00030F8020C28445080F0BD731920F8023C38
:10C8000024B1A1EB0E0080082080F0BD1088CCF888
:10C8100000100880F0BD00002DE9F04F8BB00446F9
:10C82000C06C8B46C57801A9584608F0FCFB00286F
:10C8300094F85000039918BF0021C00743D10E6837
:10C84000002E40D005F00F0A4AF00200032838D12C
:10C85000BAF1030F02D14F68082002E04F88B6B248
:10C8600004200D18002006F00109D4F8488001903A
:10C8700058460F2101AA67F3410908F0E2FBB9F11C
:10C88000020F05D229460E68002EE1D11BE000BF41
:10C8900029D1019827F0010120F0010008EB0102E5
:10C8A000824205F10401EED826F001031A449042B9
:10C8B000E9D22968480061F31E00411C11D0023002
:10C8C00011D109200AE0584608F050FC0146092021
:10C8D000002908BF0520012908BF08200BB0BDE8CA
:10C8E000F08F0620FAE7E3F7A5FF0000F0B581B06E
:10C8F00042F6E01CC2F2004CDCF8002042F2E07E7E
:10C90000C2F2004E22B10EF500718A4208D122E037
:10C910008021C0F27F01724642F8041FCCF800204B
:10C9200003300123810803EB90050024101D1346FA
:10C9300042071ED15E88721B02F001072A4688BF9B
:10C940003A44B24209D3B14215D318881C460EEBC3
:10C9500080028028EAD1002017E0B01A588080B207
:10C9600003EB8001002723F82070081D43074A804D
:10C970000BD0E3F75FFF1988002C12BF21800EEB6C
:10C980008101CCF800100021198001B0F0BD000039
:10C9900082B001908DF8031001999DF8030081F891
:10C9A0008C0402B07047000082B001908DF8031033
:10C9B00001999DF8030081F88D0402B070470000D2
:10C9C00080B582B0019001980090D0F8B40001F0D9
:10C9D00073FD58B9FFE700984FF48271A0F8641412
:10C9E0001E21A0F8661404F097FD18E00098D0F816
:10C9F000B40001F059FE01460098A0F87414D0F874
:10CA0000B40001F0A5FE01460098A0F86414D0F827
:10CA1000B40001F095FE0099A1F86604FFE70098C4
:10CA20005C3004F0C9FC0098BC3004F0E9F80098D0
:10CA300000F5F67004F058FB009800F54A7004F019
:10CA400053FB02B080BD000080B592B011901198E8
:10CA5000069040650322114606F066F8069901F13A
:10CA60005C00C1F8B010042100220B9206F05CF8C3
:10CA700006980B99BC300390B3EE0C0ADFED5E2AEA
:10CA8000DFED5E4ACDED094A9FED5D5A8DED0A5A04
:10CA9000F0EE450AB0EE451AF0EE451AB0EE622A05
:10CAA000B0EE453AF0EE453AB0EE454A06F074FE77
:10CAB0000398069901F58E71029104F051F8014630
:10CAC000039800EE101AB8EE400A8DED010A04F04A
:10CAD00047F89DED012ADDED094A9DED0A5A0B99B3
:10CAE0000246029800EE102AF8EE402A9FED450A11
:10CAF000F0EE450AB0EE451AF0EE451AB0EE453AB2
:10CB0000F0EE453AB0EE454A06F046FE039846F28E
:10CB10004821C2F2004102230F939FED3B0ADFED53
:10CB20003B0A1A4604F018F9069901F5F6700590CB
:10CB300001F51471049104F093FADDED094A9DEDBD
:10CB40000A5A0B990246049800EE102AF8EE402A81
:10CB50009FED2F0A8DED070A9FED2E2A8DED082AF5
:10CB6000F0EE450AB0EE451AF0EE451AB0EE453A41
:10CB7000F0EE453AB0EE454A06F00EFE05980F9BE2
:10CB800046F2A811C2F200410E910122B7EE000A4E
:10CB90008DED100A04F068FB069901F54A700D90BE
:10CBA00001F563710C9104F05BFA9DED070A9DEDB0
:10CBB000082ADDED094A9DED0A5A0B9902460C98A8
:10CBC00001EE102AF8EE412AF0EE450AB0EE451AC1
:10CBD000F0EE451AB0EE453AF0EE453AB0EE454A71
:10CBE00006F0DAFD0D980E990F9B9DED100A1A467E
:10CBF00004F03AFB12B080BDD2537B416F12833AEE
:10CC0000000000000080BB440000104200401C46B1
:10CC10000000A0420000FA4480B596B01590159827
:10CC20001390BC3003F08CFF139800F2844181ED27
:10CC3000000A90F88C0401461491042800F26682E0
:10CC40001499DFE811F005004F006F000001D100DA
:10CC50001398BC300E900021129103F0C5FF139879
:10CC600000F5F6700F9002210D9104F031FA0D9944
:10CC7000139800F54A70109004F02AFA139812994C
:10CC8000FFF792FE0E989FEDE40A8DED110A06F073
:10CC9000EBFB9DED110A139800F58E7006F0E4FB96
:10CCA0009DED110A139800F5F87006F0DDFB9DED7F
:10CCB000110A139800F54B7006F0D6FB0E989DED07
:10CCC000110A03F061FF0F989DED110A04F0D0F9ED
:10CCD00010989DED110A04F0CBF913991298C1F840
:10CCE000780413E213980121FFF75EFE1398BC301D
:10CCF00003F066FF032801D1FFE70EE01398BC3074
:10CD000003F05EFF022807D1FFE71398BC309FEDC8
:10CD1000C20A03F05DFFFFE7FFE713990020C1F8A7
:10CD20007804F3E11398BC30032103F05DFF1398FE
:10CD300000F5F67002210C9104F0CAF90C991398D1
:10CD400000F54A7004F0C4F91398D0F8B40001F06B
:10CD5000B3FB012827D1FFE71398D0F8B40001F006
:10CD6000F7FC014613980B91D0F8B40001F09CFC3D
:10CD700001460B98401A1D2806DCFFE71399D1F8ED
:10CD80008404C1F898040DE0139800F2844191EDF9
:10CD9000000A9FEDA21A30EE010A00F5936080EDC3
:10CDA000000AFFE70DE0139800F2844191ED000ABC
:10CDB0009FED9A1A30EE010A00F5936080ED000AAB
:10CDC000FFE7139901F1BC0001F5936191ED000AB1
:10CDD00003F0CEFE139801210A91FFF7E5FD1399A8
:10CDE0000A9881F88C0491E11398BC3008900321D3
:10CDF00003F0FAFE139800F5F6700221079104F093
:10CE000067F90799139800F54A7004F061F90898DA
:10CE1000139901F2844292ED000A9FEDD81A30EE88
:10CE2000010A01F5936181ED000A91ED000A03F01A
:10CE30009FFE139801210991FFF7B6FD13990998F8
:10CE400081F88C0462E11398BC30069002210591B0
:10CE500003F0CAFE0599139800F5F67004F038F94E
:10CE60000599139800F54A7004F032F90698139B5F
:10CE700003F5916140F69222C4F20602C3F88824B9
:10CE800091ED000A03F0A4FE139800F58F6090ED79
:10CE9000000AB5EE400AF1EE10FA40F08180FFE79B
:10CEA0001399B1F86404B1F87424801AB1F86624B7
:10CEB00000EB420000EB8000400000EE100AB8EEEC
:10CEC000C00A01F27C4080ED000AB1F86404B1F8B8
:10CED0007414401A632831DCFFE71398B0F8641427
:10CEE000B0F87424891A01EB8102B0F86614C1EB22
:10CEF000420200EE102AB8EEC00A00F58D6292EDF3
:10CF0000002AB8EE081AA2EE010A00F27C4292ED65
:10CF1000001A9FED973A81EE031A22EE011A80EE75
:10CF2000010A01EE101AB8EEC11A81EE021A30EEB3
:10CF3000010A00F5906080ED000A30E01398B0F827
:10CF40006414B0F87424891A01EB8102B0F86614F5
:10CF5000C1EB420200EE102AB8EEC00A00F58D6265
:10CF600092ED002AB9EE041AA2EE010A00F27C4208
:10CF700092ED001A9FED7E3A81EE031A22EE011A1D
:10CF800080EE010A01EE101AB8EEC11A81EE021A03
:10CF900030EE010A00F5906080ED000AFFE770E0D6
:10CFA000139800F58F6090ED000AB5EE400AF1EE9F
:10CFB00010FA35DDFFE7139800F58F6191ED000A57
:10CFC00000F27C4090ED001AB4EE410AF1EE10FA46
:10CFD00026DAFFE7139800F5906191ED000A30EE34
:10CFE000000A9FED611A20EE010AB2EE021A80EEED
:10CFF000010A00F29440049080ED000A9FED5B0A64
:10D00000F3EE020AFAF760F813980499BC3091ED38
:10D01000000A03F0DDFD33E000000000C3B8323F3A
:10D020001398B0F8661400EE101AB8EEC00A00F5B6
:10D030008D6191ED001A80EE010A00F5906181ED9D
:10D04000000A91ED000A30EE000A9FED471A20EE2B
:10D05000010AB2EE021A80EE010A00F29440039037
:10D0600080ED000A9FED410AF3EE020AFAF72CF870
:10D0700013980399BC3091ED000A03F0A9FDFFE776
:10D08000FFE7139800F58F6191ED000A00F27C40F4
:10D0900090ED001AB4EE410AF1EE10FA0CDAFFE757
:10D0A000139800F58F6090ED000AB0EE001A30EE94
:10D0B000010A80ED000AFFE71398B0F8741400EE3F
:10D0C000101AB8EEC00AB0F8640401EE100AB8EE07
:10D0D000C11A9FED282A21EE021AB4EE410AF1EEA0
:10D0E00010FA0EDDFFE7139901F1BC0001F5916123
:10D0F00091ED000A9FED201A20EE010A03F068FD71
:10D10000FFE713980121FFF74FFCFFE7139890F812
:10D110008D04A8B1FFE7139901F5F67001F592614E
:10D12000029191ED000A03F0C7FF1398029900F5F0
:10D130004A7091ED000AB1EE400A03F0BDFF10E025
:10D14000139800F5F6709FED090A8DED010A03F0C2
:10D15000B3FF13989DED010A00F54A7003F0ACFF90
:10D16000FFE716B080BD00BFDB0F494000000000A4
:10D170000000C8423333733FCDCCCC3EF4665F40F1
:10D1800080B582B001900198009004F055FA0098A3
:10D190005C3004F0B5F90098BC3003F051FE009803
:10D1A00000F5F67004F0D0F8009800F54A7004F02D
:10D1B000CBF800984FF48271A0F864141E21A0F8F7
:10D1C00066140021C4F22011C0F868144FF47A618B
:10D1D000A0F86C144FF4FA61A0F86E140021C4F2A8
:10D1E0001641C0F870140021C0F87814C0F87C14FF
:10D1F000C0F88014C0F8841440F6DB72CCF2C90287
:10D20000C0F88824012280F88C2480F88D14002234
:10D21000C4F23442C0F8902440F6DB72CCF24912DA
:10D22000C0F89424C0F8981402B080BD000000003B
:10D2300080B58AB009900998049000F5C850FDF7B0
:10D240005BFAFBF7D9FE049842F63871084490ED7A
:10D25000001AB4EE410AF1EE10FA08DDFFE7049877
:10D2600000F5C850FDF748FA8DED030A04E09FED84
:10D27000600A8DED030AFFE704989DED030A8DED2A
:10D28000060A00F5C850FDF73FFAFBF7B5FE049813
:10D2900042F63871084490ED001AB4EE410AF1EEFE
:10D2A00010FA08DDFFE7049800F5C850FDF72CFAE6
:10D2B0008DED020A04E09FED4E0A8DED020AFFE7B4
:10D2C00004989DED020A8DED050A41F648210844B7
:10D2D000FDF7EEFD04988DED080A42F2286108443E
:10D2E00004F00EFB04988DED070A9DED061A42F638
:10D2F0003C71014491ED002A9DED080AA1EE420A1D
:10D300008DED080A9DED051A00F53D5090ED002ABF
:10D310009DED070AA1EE420A8DED070A9DED070A71
:10D32000B3EE061AB4EE410AF1EE10FA05DDFFE79E
:10D330000020C4F2B0100790FFE79DED070ABBEE96
:10D34000091AB4EE410AF1EE10FA05DAFFE70020FF
:10D35000CCF2C8100790FFE79DED080A9FED251A53
:10D36000B4EE410AF1EE10FA09DDFFE79DED080A7F
:10D370009FED231A30EE010A8DED080A13E09DEDB2
:10D38000080A9FED1D1AB4EE410AF1EE10FA09DA0F
:10D39000FFE79DED080A9FED191A30EE010A8DEDA9
:10D3A000080AFFE7FFE7049800F5C850FDF7B4F955
:10D3B000062808D1FFE7049841F6482108440221D5
:10D3C000FDF76AFD12E0049841F6482108440190F7
:10D3D0000121FDF761FD01989DED080AFDF774FD3F
:10D3E00001989DED070AFDF743FDFFE70AB080BDF8
:10D3F0000000000000003443000034C30000B443C8
:10D400000000B4C30000000080B58CB00B900B98F6
:10D41000089000F5C850FDF77FF90A900A98062891
:10D4200040F09680FFE7089800F5C850FDF784F9B2
:10D430000146079140B1FFE7079803284DD0FFE769
:10D44000079806280ED082E0089842F6501108444A
:10D45000059000210691FFF79BFA05980699FFF7C2
:10D46000A3FA74E0089841F658110844FEF7E8FC66
:10D4700070B9FFE7089842F6501108440390002164
:10D480000491FFF785FA03980499FFF78DFA5EE09F
:10D49000089841F658110844FFF736F9022813D1CD
:10D4A000FFE7089841F66811405C01280CD1FFE7BE
:10D4B000089841F668120021815442F65011084440
:10D4C0000221FFF765FA07E0089842F65011084478
:10D4D0000121FFF75DFAFFE739E0089800F5C85031
:10D4E000FDF732F98DF827009DF8270068B9FFE7AE
:10D4F000089842F6501108440121FFF749FA0899AB
:10D5000042F668720020885420E09DF82700062823
:10D5100013D1FFE7089842F66871405C68B9FFE7ED
:10D52000089842F6501108440221FFF731FA089991
:10D5300042F668720120885407E0089842F65011BC
:10D5400008440121FFF724FAFFE7FFE7FFE748E07F
:10D55000089800F5C850FDF7EFF803280ED0FFE754
:10D56000089842F650110844019000210291FFF7FB
:10D570000FFA01980299FFF717FA32E0089800F5C0
:10D58000C850FDF7E1F88DF826009DF8260068B92F
:10D59000FFE7089842F6501108440121FFF7F8F917
:10D5A000089942F668720020885418E09DF8260019
:10D5B000062813D1FFE7089842F66871405C68B905
:10D5C000FFE7089842F6501108440221FFF7E0F9FE
:10D5D000089942F6687201208854FFE7FFE7FFE7E9
:10D5E000FFE70CB080BD000080B59EB01D901D9877
:10D5F0001190002110911A9119911891179116917B
:10D6000015911491139100F5C850FDF765F8FBF7DB
:10D61000F3FC119842F63871084490ED001AB4EE0C
:10D62000410AF1EE10FA08DDFFE7119800F5C85045
:10D63000FDF752F88DED0F0A04E09FEDC60A8DED5F
:10D640000F0AFFE711989DED0F0A8DED1C0A00F5FA
:10D65000C850FDF749F8FBF7CFFC119842F6387136
:10D66000084490ED001AB4EE410AF1EE10FA08DD1C
:10D67000FFE7119800F5C850FDF736F88DED0E0A5A
:10D6800004E09FEDB40A8DED0E0AFFE79DED0E0A52
:10D690008DED1B0A9DED1C0A06F03EFFB7EE001A49
:10D6A000B4EE410AF1EE10FA04DDFFE74FF07E50D0
:10D6B0001C90FFE79DED1B0A06F02EFFB7EE001A47
:10D6C000B4EE410AF1EE10FA04DDFFE74FF07E50B0
:10D6D0001B90FFE79DED1C0A8DED060A9DED1B0AD0
:10D6E00020EE000AB0EE001A8DED081A80EE011A45
:10D6F000B7EE000A8DED090A30EE410A06F050FF40
:10D700001198B0EE401A9DED060A20EE010A8DED4B
:10D71000070A00F524700A9004F0D2FB9DED071A69
:10D720009DED082AB0EE403A9DED090A21EE031A5C
:10D730008DED181A9DED1B1A8DED0B1A9DED1C1A1F
:10D7400021EE011A81EE021A30EE410A06F028FF9E
:10D750000A98B0EE401A9DED0B0A20EE010A8DEDFD
:10D760000C0A04F0B9FB1198B0EE401A9DED0C0ABA
:10D7700020EE010A8DED170A9DED170AB1EE400A61
:10D780008DED190A18991A9100F5C850FCF7C4FFDD
:10D79000129012980D9020B1FFE70D9806281BD02B
:10D7A00094E0119800F5C850FCF7BEFF06280BD195
:10D7B000FFE7119800F52470022104F0E9FB002036
:10D7C000C4F2E000169006E0119800F524700121E3
:10D7D00004F0DEFBFFE779E0119841F658110844A8
:10D7E000FEF72EFB58B9FFE7119800F524700221CF
:10D7F00004F0CEFB00201A901990169066E0119864
:10D8000041F658110844FEF72FFC06F085FE9FED07
:10D81000521AB4EE410AF1EE10FA14DAFFE7119849
:10D8200041F658110844FEF727FC06F075FE9FEDFF
:10D830004A1AB4EE410AF1EE10FA04DAFFE70020CA
:10D840001A9019900EE0119841F65811084405906D
:10D85000FEF70AFC05988DED1A0AFEF70DFC8DED1A
:10D86000190AFFE7119841F658110844FEF7C8FB62
:10D870000146049140B1FFE7049801280DD0FFE76D
:10D880000498022810D020E011980021169100F58C
:10D890002470022104F07CFB17E0119800F524703D
:10D8A000012104F075FB10E0119841F6581108446D
:10D8B000FEF70AFC1198B1EE400A8DED160A00F54C
:10D8C0002470022104F064FBFFE7FFE79DED160AD8
:10D8D000B1EE001AB4EE410AF1EE10FA04DDFFE7F2
:10D8E0004FF081401690FFE79DED160AB9EE001A41
:10D8F000B4EE410AF1EE10FA05DAFFE70020CCF2AF
:10D9000080001690FFE71AA8B9EE000A8DED010A13
:10D91000F1EE000ACDED020AF9F7D6FB9DED010A02
:10D92000DDED020A19A8F9F7CFFB119800F5247074
:10D9300003909DED160A04F0B7FA03989DED1A0ABC
:10D9400004F006FB03989DED190A04F00DFB1EB0D0
:10D9500080BD00BF000000000AD7233C000000008B
:10D9600080B586B005900598029041F658110144A3
:10D97000049141F648210844039005F061F90298AA
:10D980008DED000A42F21041084404F06DF804984D
:10D99000B0EE401A9DED000A30EE010AFEF738FBAA
:10D9A000029841F648610844019005F051F9049845
:10D9B000FEF73AFB019805F063F90498FEF740FB87
:10D9C000029842F25421084401F00EF90299049899
:10D9D00042F60872114491ED001A9FED072AA1EE5C
:10D9E000020AFEF75DFB039805F02AF90498FEF79A
:10D9F0004BFB06B080BD00BF333365C200000000A2
:10DA000080B582B0019001980090FFF7EDFD00987D
:10DA1000FFF70EFC0098FFF7F7FC02B080BD000096
:10DA200081B00090009842F66671405C01B070478A
:10DA300082B001908DF8031001999DF8030042F621
:10DA40006672885402B0704781B00090009842F628
:10DA50006571405C01B0704782B001908DF8031091
:10DA600001999DF8030042F66572885402B0704730
:10DA700081B00090009942F65C728858013088505D
:10DA800042F60470085890F82C0081F8440301B065
:10DA9000704700000000000080B58EB00D900D981A
:10DAA000029000210C910B910A91ADF82610ADF86F
:10DAB0002410ADF8221000F52470019004F030FA23
:10DAC00001988DED0C0A04F037FA01988DED0B0AE0
:10DAD00004F0DEF901988DED0A0A04F051FA0146CE
:10DAE00002988DF8211041F658110844FEF7B0F95C
:10DAF0008DF820009DED0C0AF9EE000ACDED050A27
:10DB0000B1EE001A8DED061A4FF63E60CFF6FF70AB
:10DB100004904FF4E1710391F9F7F6FC0399DDED00
:10DB2000050A9DED061A02460498ADF8262040F23B
:10DB30009033C2F200430793BDF826201A809DED72
:10DB40000B0AF9F7E1FCDDED050A9DED061A0799D0
:10DB5000ADF82400BDF8240048809DED0A0A6FF05E
:10DB6000C700C821F9F7D0FC07994042ADF8220060
:10DB7000BDF8220088809DF8200088719DF8212042
:10DB800045F60820C2F2004002700078C8710EB05D
:10DB900080BD00000000000080B582B001900198B7
:10DBA000009041F648210844FDF79AF9009842F6A2
:10DBB00050110844FEF704FF0098FFF7D1FE0098CB
:10DBC00041F658110844FEF777FA0098FFF764FF12
:10DBD00002B080BD0000000080B584B003900398BF
:10DBE000029042F67120C2F20040017801310170CA
:10DBF0000078322868D1FFE7029842F67022C2F21C
:10DC00000042019211780131117000F5C850FDF702
:10DC10002BF8019800784AF6AA22C2F6AA224AF600
:10DC2000AB21CAF6AA2100FB0120B0F1553F19D261
:10DC3000FFE7029800F0BCF8029841F648610844FA
:10DC400002F0E6FD029841F658110844FEF744FA46
:10DC5000029800F0C5FD42F67021C2F2004100209A
:10DC60000870FFE7029841F648210144009142F212
:10DC70002861084404F00CF8029842F2104108446C
:10DC800004F006F8009805F01FFA029842F25421B9
:10DC9000084401F025F8029842F60C21084403F0EC
:10DCA0002FF8029842F63C31084403F0B1FA02988A
:10DCB00042F67841084403F0ABFA42F67121C2F211
:10DCC000004100200870FFE704B080BD00000000A4
:10DCD00080B58CB00B908DED0A0A0B98089046F633
:10DCE0006C21C2F20041A52200F092FD089800F5D7
:10DCF00024700390B1EE000A8DED040A04F0F8F8E8
:10DD000003989DED040A04F0FFF8089800F5C85048
:10DD100046F60031C2F20041FCF7C2FF089942F614
:10DD20009C60084441650521002204F0FDFE08982E
:10DD300041F6482108440790FDF76AF9079A0898C8
:10DD400041F65811069101440991C2F8081842F6AB
:10DD5000501108440590FEF777FE059A0899099836
:10DD6000C2F8B800C2F8B4106A46012151605A21C5
:10DD7000116040F2A841C2F2004141F21C12C2F20D
:10DD8000004240F29833C2F20043FEF7BDF9069B11
:10DD9000079A08980999C25002F580624A60886023
:10DDA00000F53A70C8600CB080BD000000000000B3
:10DDB00082B001900199009142F65C70085842F6D9
:10DDC00060728958884206D1FFE7009942F6647272
:10DDD0000020885405E0009942F6647201208854BE
:10DDE000FFE7009942F65C70085842F6607288506E
:10DDF00002B070470000000080B582B00190019829
:10DE0000009000F099FD009800F5247004F0CCF823
:10DE1000009841F2E4710844FBF7CEFF009800F54A
:10DE2000C450FCF745F8009800F5C850FCF7A4FF73
:10DE3000009841F658110844FEF76EFC009841F630
:10DE400048210844FDF7B0FE009842F650110844FE
:10DE5000FFF796F9009842F6EC51084404F07CF97B
:10DE6000009842F64461084404F076FA009842F6BD
:10DE70009C61084404F060FC009842F6F4620021C2
:10DE8000815442F6F562815442F6F662815442F6BC
:10DE9000F762815442F6F862815442F6F962815485
:10DEA00042F6FC6281504FF43C52815440F22032E1
:10DEB000C2F2004242F60473C25042F6087346F6BC
:10DEC0002E42CCF20B02C25042F610734FF0804249
:10DED000C25042F614734FF4C872C25242F618731D
:10DEE00041F26F22C3F68322C25042F61C734DF2F8
:10DEF0000A72C3F62342C25042F620734EF25532E4
:10DF0000C3F6A562C25042F6247345F2EE12C3F680
:10DF10003872C25042F6287346F66322C3F61A429C
:10DF2000C25042F62C73C25042F6307343F2333281
:10DF3000C4F26732C25042F6347343F23332C4F251
:10DF40006722C25042F63872815042F63C7343F663
:10DF50007152C3F60A72C2504FF43D534CF29022F4
:10DF6000C4F21502C25042F6447349F6A632C3F613
:10DF70004432C25042F64873C25042F64C7281524B
:10DF800042F64E72815242F65C72815042F66072E5
:10DF9000815042F66472815442F66572815442F6B1
:10DFA00066730122C25442F66773C25442F6687225
:10DFB000815442F66972815442F66A720221815498
:10DFC00002B080BD0000000080B582B001900198D1
:10DFD000009000F5247004F0B3F8009802B080BD02
:10DFE00080B586B00590ADF812100598019000201C
:10DFF0000290FFE70298BDF81210884280F2BD81BE
:10E00000FFE701994868029A10448430039003980E
:10E010000078097A884204D0FFE702980130029024
:10E02000E8E701980399042200F0AAF90399097915
:10E03000884204D0FFE7029801300290DAE70198A5
:10E040000399B1F80120073200F0CEF90399B1F835
:10E0500001201144B1F80710884208D0FFE7039867
:10E06000B0F801000299084409300290C2E7029812
:10E070000399B1F8011008440930BDF81210884224
:10E0800001DDFFE779E10398B0F805000146009152
:10E09000012866D0FFE7009802287ED0FFE70098AD
:10E0A000032800F08480FFE7009840F201118842C5
:10E0B00000F08580FFE70098B0F5817F00F089804F
:10E0C000FFE70098B0F5827F00F08D80FFE70098B1
:10E0D00040F20121884200F09080FFE7009840F272
:10E0E0000221884200F0A780FFE7009840F2032158
:10E0F000884200F0C080FFE70098B0F5017F00F093
:10E10000CD80FFE7009840F20621884200F0D580DC
:10E11000FFE7009840F20721884200F0D880FFE72F
:10E120000098B0F5027F00F0E080FFE7009840F231
:10E130000921884200F0E880FFE7009840F20A21B8
:10E14000884200F0EC80FFE70098B0F5047F00F013
:10E150000381FFE7009840F20331884200F0EA8033
:10E1600003E10199039BD87C81F82400D3F80700D0
:10E17000D3F80B20D3F80F300B62CA61886146F6E2
:10E180005C50C2F200400430E3F756FC40F2F43039
:10E19000C2F2004080ED010AE7E001990398427A5B
:10E1A00081F82720B0F80700A1F82500DDE00198EC
:10E1B0002830039907311222E2F707FAD5E00199D6
:10E1C0000398B0F80B20CA87D0F80700C1F83A00CE
:10E1D000CBE001990398B0F80B20A1F84420D0F8C7
:10E1E00007000864C1E001990398C27A81F84A20C7
:10E1F000D0F80700C1F84600B7E00199DDF80CC07F
:10E20000DCF80700DCF80B20DCF80F30DCF812C07B
:10E21000C1F85BC08B654A65086546F65C50C2F282
:10E2200000400830E3F708FC40F2F430C2F200404E
:10E2300080ED020A99E00199DDF80CC0DCF80700D6
:10E24000DCF80B20DCF80F30DCF813C0C1F86BC031
:10E25000C1F86730C1F86320C1F85F0046F65C5032
:10E26000C2F20040E3F7E8FB40F2F430C2F20040B3
:10E2700080ED000A79E00199039BB3F81300A1F83F
:10E280007B00D3F80700D3F80B20D3F80F30C1F888
:10E290007730C1F87320C1F86F0066E00199039AE6
:10E2A000B2F80F00A1F88500D2F80700D2F80B20D1
:10E2B000C1F88120C1F87D0057E001990398427AA6
:10E2C00081F88D20B0F80700A1F88B004DE001998E
:10E2D000039AD07B81F89600D2F80700D2F80B2081
:10E2E000C1F89220C1F88E003FE00199039AB2F87C
:10E2F0000F00A1F89F00D2F80700D2F80B20C1F858
:10E300009B20C1F8970030E00199039AD2F80700EA
:10E31000D2F80A20C1F8A420C1F8A10025E0019993
:10E32000039AD2F80700D2F80B20C1F8AC20C1F84C
:10E33000A8001AE00199039BD87C81F8BC00D3F8AF
:10E340000700D3F80B20D3F80F30C1F8B830C1F86C
:10E35000B420C1F8B00008E0019800F25B200399F6
:10E3600007312022E2F731F9FFE70398B0F8010006
:10E3700002990844093002903CE606B080BD0000D6
:10E3800085B0039002910192FF208DF8020002985F
:10E3900028B9FFE79DF802008DF813001EE0FFE7A3
:10E3A0000198411E0191A0B1FFE7029800788DF815
:10E3B00003000298013002909DF802009DF80310BE
:10E3C000414047F21000C0F60200405C8DF80200A8
:10E3D000E6E79DF802008DF81300FFE79DF81300B3
:10E3E00005B070470000000085B0039002910192D3
:10E3F0004FF6FF70ADF80000029828B9FFE7BDF8AE
:10E400000000ADF8120022E0FFE70198411E0191E3
:10E41000C0B1FFE7029800788DF803000298013040
:10E420000290BDF800109DF803004840C2B246F6C5
:10E430008030C0F6020030F8120080EA1120ADF8FA
:10E440000000E2E7BDF80000ADF81200FFE7BDF8FC
:10E45000120005B07047000081B000900098007E67
:10E46000000901B07047000082B00190009101994D
:10E470000098C1F8810202B070470000000000005F
:10E4800081B000900098D0F8910000EE100A01B021
:10E49000704700000000000081B000900098C08E1E
:10E4A00001B070470000000081B000900098B0F803
:10E4B000970001B07047000081B00090009800788C
:10E4C00001B070470000000081B000900098B0F8E3
:10E4D000190001B07047000081B000900098B0F8BA
:10E4E000610201B07047000081B000900098B0F860
:10E4F000630201B07047000081B000900098808EE8
:10E5000001B070470000000080B584B00390029114
:10E51000ADF806200398016901310161BDF80610CC
:10E52000FFF75EFD04B080BD81B000900098B0F8A8
:10E53000750201B07047000081B000900098B0F8FB
:10E54000770201B07047000080B586B00590049155
:10E550000598019040F20131ADF80A100A21ADF89A
:10E560000C10817AC37A027B1944BDF80C3019442F
:10E570001144ADF80E1040680430BDF80E10E2F7FB
:10E58000BDF80199087A4A6810714A68BDF80C0014
:10E59000A2F80500487A4A68D07148680430897A40
:10E5A000F9F7C6FC019948688A7A10440430CA7A9F
:10E5B0000DF10A01E2F709F801984168827AC37AFD
:10E5C0001A440A44049B1989918119685B68936015
:10E5D000516040680430BDF80E10F9F7B9FD01999B
:10E5E000BDF80E004A68A2F80A01487A0130487264
:10E5F00006B080BD0000000080B586B00590049193
:10E600000598019040F20131ADF80A100A21ADF8E9
:10E610000C10817AC37A027B1944BDF80C3019447E
:10E620001144ADF80E1040680430BDF80E10E2F74A
:10E6300065F80199087A4A6810714A68BDF80C00BB
:10E64000A2F80500487A4A68D07148680430897A8F
:10E65000F9F76EFC019948688A7A10440430CA7A46
:10E660000DF10A01E1F7B1FF01984168827AC37A9E
:10E670001A440A44049B1989918119685B68936064
:10E68000516040680430BDF80E10F9F761FD019942
:10E69000BDF80E004A68A2F80A01487A01304872B3
:10E6A00006B080BD0000000081B000900098B0F876
:10E6B000690001B07047000081B00090009890F8A8
:10E6C0004C00800901B0704780B582B0019001987C
:10E6D000009000F029F90246009800F27B2180F8B2
:10E6E0007D22FFF731FF009842681068111DB2F8D3
:10E6F0000A21F0F761F902B080BD000000000000BF
:10E7000081B000900098B0F8690201B07047000035
:10E7100081B000900098B0F86B0201B07047000023
:10E7200081B000900098B0F86D0201B07047000011
:10E7300081B000900098B0F86F0201B070470000FF
:10E7400081B000900098B0F8560001B0704700000A
:10E7500081B000900098B0F8580001B070470000F8
:10E7600081B00090009890ED2C0A01B07047000035
:10E7700081B00090009890ED2D0A01B07047000024
:10E7800080B582B001900198009000F0CDF801466C
:10E79000009880F8871200F0C7F8072805D1FFE736
:10E7A0000099092081F889020BE0009800F0BCF87C
:10E7B0006B2805D1FFE700996D2081F88902FFE7FA
:10E7C000FFE7009800F28521FFF716FF00984268E6
:10E7D0001068111DB2F80A21F0F7EEF802B080BD02
:10E7E00082B001900199009108694969884204D179
:10E7F000FFE700990020087003E0009901200870ED
:10E80000FFE700990869486102B070470000000006
:10E8100084B0039002918DF807200398009002982D
:10E82000006841F20001C4F20101884207D1FFE70C
:10E83000009940F6AC10C2F20040486065E00298D2
:10E84000006844F20041C4F20001884207D1FFE7AA
:10E85000009940F6BC20C2F20040486054E00298A3
:10E86000006844F60001C4F20001884207D1FFE7C6
:10E87000009940F6CC30C2F20040486043E0029874
:10E88000006844F60041C4F20001884207D1FFE766
:10E89000009940F6DC40C2F20040486032E0029845
:10E8A000006845F20001C4F20001884207D1FFE789
:10E8B000009940F6EC50C2F20040486021E0029816
:10E8C000006841F20041C4F20101884207D1FFE72C
:10E8D000009940F6FC60C2F20040486010E00298E7
:10E8E000006841F60041C4F20101884207D1FFE708
:10E8F000009940F69C00C2F200404860FFE7FFE745
:10E90000FFE7FFE7FFE7FFE7FFE700999DF8070054
:10E91000087204B07047000081B000900098B0F811
:10E92000520001B07047000081B00090009890F84C
:10E93000500001B07047000080B582B0019001988E
:10E940000090002101704172052282720222C2727F
:10E9500002730161416100F2351003F0D5FF0098A8
:10E9600000F23D1003F0B0FF009800F5A97003F02D
:10E97000B3FF009800F5BB7003F0B6FF009800F2FB
:10E98000C71003F0B9FF009800F2272003F0C4FF7E
:10E99000009800F27B2001F0F3FF009800F2852040
:10E9A00003F0FAFB009802B080BD000000000000F8
:10E9B00084B0039003980090D0F820112C3101917D
:10E9C000D0F8200190F82C00A12804D1FFE701998C
:10E9D000A1200870FFE70098D0F8200190F82C00E3
:10E9E000A62804D1FFE70199A6200870FFE7009848
:10E9F000D0F8202192F8321092F8332041EA022117
:10EA000046F68652C2F200421180D0F8203193F8C7
:10EA1000301093F8313041EA032146F68853C2F2B0
:10EA200000431980D0F8203193F82E1093F82F303E
:10EA300041EA032146F68453C2F20043198011884B
:10EA4000D0F82C311944118090F8600158BBFFE7D1
:10EA5000009946F68650C2F200400088B1F88C2139
:10EA6000801A02900298D1F844210021A1EB5201B2
:10EA7000884207D2FFE70099D1F894010130C1F82C
:10EA800094010FE000990298D1F84411B0EB510FB6
:10EA900007D9FFE70099D1F894010138C1F8940132
:10EAA000FFE7FFE7FFE70098D0F84431D0F8942162
:10EAB00046F68651C2F20041B1F800C002FB03C223
:10EAC000C0F89021019A127880F87021098800EE30
:10EAD000101AB8EE400A90ED511AB8EE411A80EEC5
:10EAE000010A9FED3B1A20EE010A80ED5D0A90EDD0
:10EAF0005D0A9FED381AB4EE410AF1EE10FA0ADD14
:10EB0000FFE7009890ED5D0A9FED341A30EE010AA0
:10EB100080ED5D0A15E0009890ED5D0A9FED2E1ADC
:10EB2000B4EE410AF1EE10FA0ADAFFE7009890ED30
:10EB30005D0A9FED271A30EE010A80ED5D0AFFE7BE
:10EB4000FFE7009890ED5D0A9FED251A20EE010A7F
:10EB500080ED5E0A46F68851C2F20041B1F900200C
:10EB600000EE102AB8EEC00A80ED5F0AB1F900107D
:10EB700000EE101AB8EEC00A20EE010A80ED600A1D
:10EB800046F68451C2F20041B1F9001000EE101AAD
:10EB9000B8EEC00A80ED610AD0F8201191F82D106E
:10EBA00000EE101AB8EE400A80ED620A46F6865171
:10EBB000C2F200410988A0F88C1190F8600128B9D0
:10EBC000FFE70099012081F86001FFE704B070477A
:10EBD0000000B44300003443000034C30000B4C359
:10EBE00035FA8E3C0000000081B00090009890ED56
:10EBF0005D0A01B07047000081B000900098B0F944
:10EC0000380100EE100AB8EEC00A01B070470000EB
:10EC100082B001908DED000A01990098C1F8A80119
:10EC200002B070470000000082B001908DED000A34
:10EC300001990098C1F8B80102B0704700000000C7
:10EC400080B584B0039002910398019002984078B7
:10EC500008B9FFE708E00198D0F864110131C0F865
:10EC60006411FFF7A5FEFFE704B080BD00000000BF
:10EC700081B00090009890ED530A01B070470000F9
:10EC800082B001908DED000A01990098C1F84C0105
:10EC900002B070470000000082B001908DED000AC4
:10ECA00001990098C1F8500102B0704700000000BF
:10ECB00082B001908DED000A01990098C1F8B00171
:10ECC00002B070470000000082B001908DF8031080
:10ECD00001999DF8030081F89A0102B07047000085
:10ECE00082B0019001990091D1F86401D1F86811C6
:10ECF000884205D1FFE70099002081F86C0104E00B
:10ED00000099012081F86C01FFE70099D1F86401B6
:10ED1000C1F8680102B0704780B586B005900598CB
:10ED2000039090F89A010146049102283CD0FFE735
:10ED3000049803281CD0FFE7049804285ED1FFE75D
:10ED4000039901F1C000029091ED6E0A04F080FB7E
:10ED50000298039991ED610A04F062FD029804F0B3
:10ED60008FFB029804F054FD039880ED4F0A4AE0AF
:10ED7000039901F16000019091ED6C0A04F068FBC9
:10ED80000198039991ED540A04F04AFD019804F0AA
:10ED900077FB019804F03CFD039981ED6D0AD1F8F1
:10EDA000B401C1F83C012EE0039890ED6A0A04F02A
:10EDB0004FFB039890ED530A04F032FD039804F0E2
:10EDC0005FFB039804F024FD039981ED6C0A01F1C7
:10EDD0006000009091ED6C0A04F03AFB00980399F2
:10EDE00091ED540A04F01CFD009804F049FB0098D2
:10EDF00004F00EFD039880ED4F0A04E00399002013
:10EE0000C1F83C01FFE7039800F06EF806B080BD42
:10EE100010B58AB00DF1100CCDF804C08C460199E4
:10EE200086460C98CDF824E0CDF820C08DF81F2040
:10EE300081ED020A0593C1ED000A8DF80F000998D3
:10EE40000290089800684AF20001C4F2000188426A
:10EE500008D1FFE7029940F29020C2F20040C1F8C9
:10EE6000200123E0089800684AF20041C4F2000142
:10EE7000884208D1FFE7029940F22030C2F20040F8
:10EE8000C1F8200111E0089800684DF20041C4F279
:10EE90000001884208D1FFE7029940F29830C2F29F
:10EEA0000040C1F82001FFE7FFE7FFE702999DF866
:10EEB0001F0081F824019DF80F0081F89A01059840
:10EEC000C1F82C010698C1F830010498C1F834014A
:10EED00008989DF81F10F8F71FF90299C1F828014A
:10EEE0000AB010BD0000000083B0029002980090AC
:10EEF00090F89801803801460191262800F26C8034
:10EF00000199DFE801F039336969696969692D6937
:10EF10006969696969696969696969696969696961
:10EF20006969696969696914696969693F00009972
:10EF3000D1F82821A120107091ED4F0ABDEEC00A32
:10EF400010EE100AD1F82821107191ED4F0ABDEE94
:10EF5000C00A10EE100A000AD1F8281148713CE0EE
:10EF60000098D0F828118820087036E00098D0F872
:10EF700028118120087030E00098D0F828118020F6
:10EF800008702AE00099D1F82821A620107091F885
:10EF90005801D1F82821507091F85A01D1F8282150
:10EFA000907091F85B01D1F82821D070D1F8282118
:10EFB000D1F85C011071D1F82821D1F85C01000A68
:10EFC0005071B1F85E01D1F82821907191F85F017C
:10EFD000D1F82811C871FFE7FFE703B070470000C0
:10EFE00080B584B003900398019004F025FC01984B
:10EFF000603004F021FC0198C03004F01DFC019841
:10F000004FF40061A0F8381100210291C0F83C11C2
:10F0100049F69A12C3F69962C0F840214FF6FF7282
:10F02000C0F84421C0F84811C0F84C11C0F8501184
:10F03000C0F854112D22A0F85A2180F86011C0F8B0
:10F040006411C0F8681180F86C1100F5B87003F015
:10F050008FF801980299A12280F8982180F89911DF
:10F06000022280F89A21C0F89C11C0F8A011C0F8C3
:10F07000A411C0F8A811C0F8AC11C0F8B011C0F8C4
:10F08000B411C0F8B81104B080BD00000000000049
:10F0900080B582B0019001980090183001F060FCBA
:10F0A000009844F20001C4F29C61416400210165B2
:10F0B000416580F8651080F86610816702B080BDF8
:10F0C00081B00090009940F2C000C2F20040026896
:10F0D0004DF68363C4F21B33A2FB0332920C8A60A9
:10F0E000006844F6D352C1F26202A0FB02208009FC
:10F0F000C86001B07047000080B584B003900291F1
:10F100000398019000F09CFE30B1FFE70199087967
:10F1100040F08000087108E0019800F019FA0199A8
:10F120000246087910430871FFE7019800F0E4FDFA
:10F1300030B1FFE70199087940F04000087108E01C
:10F14000019800F06DF901990246087910430871A1
:10F15000FFE70198407928B1FFE70198029900F094
:10F160008FFA26E002994BF21F30C3F67B0048620B
:10F1700002994DF2C970C3F66B308862029944F669
:10F180002F70CBF6E220C86202994CF65830C4F2D8
:10F190001B100863029890ED0C1A9FED080A80EE90
:10F1A000010A80ED080A02990020C4F2202088613B
:10F1B000FFE70198007904B080BD00BFC3F51C4192
:10F1C00080B586B0059004910598029042F67422AD
:10F1D000C2F2004203921221062300F0E1FF0298DE
:10F1E000039A1178537841EA032142F67223C2F25E
:10F1F00000431980B3F9001000EE101AB8EEC00AEF
:10F2000040F20001C2F2004191ED001A20EE010A25
:10F21000DDF810C08CED000A92F802C092F803E00D
:10F220004CEA0E2CA3F800C0B3F900C000EE10CADF
:10F23000B8EEC00A91ED001A20EE010ADDF810C008
:10F240008CED010A92F804C092F805E04CEA0E2C0D
:10F25000A3F800C0B3F9003000EE103AB8EEC00ACF
:10F2600091ED001A20EE010A049981ED020A0021B5
:10F27000082300F05DFF039800780F2840F0958088
:10F28000FFE70298407900284AD0FFE742F674234E
:10F29000C2F200439878D97840EA012042F6722100
:10F2A000C2F200410880B1F9000000EE100AB8EE89
:10F2B000C01A40F20400C2F2004090ED002A049A05
:10F2C00092ED090A91EE020A82ED030A1A7993F887
:10F2D00005C042EA0C220A80B1F9002000EE102A93
:10F2E000B8EEC01A90ED002A049A92ED0A0A91EE47
:10F2F000020A82ED040A9A79DB7942EA03220A8043
:10F30000B1F9001000EE101AB8EEC01A90ED002A04
:10F31000049890ED0B0A91EE020A80ED050A43E095
:10F3200042F67423C2F200439878D97840EA01206B
:10F3300042F67221C2F200410880B1F9000000EEED
:10F34000100AB8EEC00A40F20400C2F2004090ED8C
:10F35000001A20EE010A049A82ED030A1A7993F842
:10F3600005C042EA0C220A80B1F9002000EE102A02
:10F37000B8EEC00A90ED001A20EE010A049A82ED60
:10F38000040A9A79DB7942EA03220A80B1F9001073
:10F3900000EE101AB8EEC00A90ED001A20EE010A35
:10F3A000049880ED050AFFE7FFE7029842F6742211
:10F3B000C2F2004201922221022300F0F1FE0199E3
:10F3C00008784978C00040EA511142F67220C2F232
:10F3D00000400180B0F90000B0F5806F09DBFFE765
:10F3E00042F67221C2F200410888A0F50060088050
:10F3F000FFE742F67220C2F20040B0F9000000EED2
:10F40000100AB8EEC01AB4EE002AB3EE070AA1EE55
:10F41000020A049880ED070A06B080BD00000000D3
:10F4200080B58AB0089008980590002103918DF866
:10F430001F108DF81E100DF11E02049200F0ECFE5C
:10F4400005989621069101F027F80399049A0598EA
:10F4500000F0E2FE0598069901F01EF805981421C7
:10F46000B62200F02DFF0598502100F0C9FF039946
:10F47000049A059800F0D0FE0598069901F00CF862
:10F480000399049A059800F0C7FE0598069901F0C3
:10F4900003F89DF81E000F2804D0FFE7FF208DF829
:10F4A00027004FE000208DF81F00FFE79DF81F00A8
:10F4B000052843DCFFE705989DF81F1001EB410389
:10F4C00040F29611C2F200410291CA18C95C52780A
:10F4D00000F0F6FE05989621019100F0DDFF0598F9
:10F4E00002999DF81F2002EB4202895C0DF11E0279
:10F4F00000F092FE0598019900F0CEFF02999DF868
:10F500001E009DF81F2002EB4202114449788842F8
:10F510000DD0FFE79DF81F0000EB400140F2961070
:10F52000C2F20040084480788DF827000AE0FFE727
:10F530009DF81F0001308DF81F00B7E700208DF8FF
:10F540002700FFE79DF827000AB080BD00000000FB
:10F5500080B58AB0089008980590002103918DF835
:10F560001F108DF81E100DF11F02049200F07CFE9A
:10F5700005989621069100F08FFF0399049A05984B
:10F5800000F072FE0598069900F086FF05987E212E
:10F59000B62200F0B9FE0598502100F031FF039922
:10F5A000049A059800F060FE0598069900F074FF33
:10F5B0000399049A059800F057FE0598069900F003
:10F5C0006BFF9DF81F001E2804D0FFE7FF208DF879
:10F5D00027004FE000208DF81E00FFE79DF81E0079
:10F5E000052843DCFFE705989DF81E1001EB410359
:10F5F00040F2A811C2F200410291CA18C95C5278C7
:10F6000000F082FE05989621019100F045FF0598D3
:10F6100002999DF81E2002EB4202895C0DF11F0247
:10F6200000F022FE0598019900F036FF02999DF83E
:10F630001F009DF81E2002EB4202114449788842C7
:10F640000DD0FFE79DF81E0000EB400140F2A8102E
:10F65000C2F20040084480788DF827000AE0FFE7F6
:10F660009DF81E0001308DF81E00B7E700208DF8D0
:10F670002700FFE79DF827000AB080BD00000000CA
:10F6800080B594B006AA0292139012911398039039
:10F69000002011901090E2F7F7F942F67C20C2F2B8
:10F6A000004080ED000AFFE7E2F7EEF942F67C2029
:10F6B000C2F2004090ED001A30EE410AB2EE041A98
:10F6C000B4EE410AF1EE10FA1EDDFFE712994BF29B
:10F6D0001F30C3F67B00486212994DF2C970C3F621
:10F6E0006B308862129944F62F70CBF6E220C86224
:10F6F00012994CF65830C4F21B100863129900207E
:10F70000C4F220208861E1E29FEDE40AE2F768F9A3
:10F71000129900200863129948621299886212991E
:10F72000C862ADF81600FFE7BDF8160040F2BA1146
:10F73000C2F200410988884280F2DA81FFE703982B
:10F74000122110AA0192062300F02AFD9DF8400024
:10F750009DF8411040EA0120ADF83E00BDF93E00A1
:10F7600000EE100AB8EEC00A40F20000C2F20040FB
:10F7700090ED001A20EE010A129981ED000A9DF821
:10F7800042109DF8432041EA0221ADF83E10BDF938
:10F790003E1000EE101AB8EEC00A90ED001A20EEEE
:10F7A000010A129981ED010A9DF844109DF8452047
:10F7B00041EA0221ADF83E10BDF93E1000EE101AEC
:10F7C000B8EEC00A90ED001A20EE010A129880ED02
:10F7D000020A129890ED002A90ED010A90ED021AAB
:10F7E00020EE000AA2EE020AA1EE010A06F03AFD9E
:10F7F00002990398019A81ED020A91ED021A129979
:10F8000091ED0C0A30EE010A81ED0C0A002108236B
:10F8100000F08EFC9DF840000F285FD1FFE79DF8B7
:10F8200042009DF8431040EA0120ADF83E00BDF9CA
:10F830003E0000EE100AB8EEC00A40F20400C2F228
:10F84000004090ED001A20EE010A129981ED030AA2
:10F85000129991ED031A91ED090A30EE010A81ED3A
:10F86000090A9DF844109DF8452041EA0221ADF8AF
:10F870003E10BDF93E1000EE101AB8EEC00A90ED31
:10F88000001A20EE010A129981ED040A129991EDF5
:10F89000041A91ED0A0A30EE010A81ED0A0A9DF878
:10F8A00046109DF8472041EA0221ADF83E10BDF90F
:10F8B0003E1000EE101AB8EEC00A90ED001A20EECD
:10F8C000010A129880ED050A129890ED051A90ED44
:10F8D0000B0A30EE010A80ED0B0AFFE7BDF81600B7
:10F8E00038BBFFE7089807900898069000208DF82D
:10F8F0001500FFE79DF81500022819DCFFE71298B4
:10F900009DF8152000EB8200C0680CA941F8220088
:10F9100012989DF8152000EB8200C06809A941F8F3
:10F920002200FFE79DF8150001308DF81500E1E792
:10F9300064E0029890ED020A90ED011AB4EE410ADB
:10F94000F1EE10FA03DDFFE708980790FFE7029851
:10F9500090ED020A90ED001AB4EE410AF1EE10FAB1
:10F9600003DAFFE708980690FFE700208DF81400FF
:10F97000FFE79DF8140002283FDCFFE712989DF88E
:10F98000141000EB810090ED030A0CA800EB81003D
:10F9900090ED001AB4EE410AF1EE10FA0ADDFFE72D
:10F9A00012989DF8142000EB8200C0680CA941F861
:10F9B0002200FFE712989DF8141000EB810090EDF3
:10F9C000030A09A800EB810090ED001AB4EE410A89
:10F9D000F1EE10FA0ADAFFE712989DF8142000EB16
:10F9E0008200C06809A941F82200FFE7FFE79DF8FF
:10F9F000140001308DF81400BBE7FFE7029890ED8A
:10FA0000010A90ED001A30EE410A45F60C20C2F2D0
:10FA1000004080ED000A00208DF81300FFE79DF8FC
:10FA2000130002281DDCFFE79DF813100CA800EB63
:10FA3000810090ED000A09A800EB810090ED001A0A
:10FA400030EE410A45F61020C2F2004000EB810082
:10FA500080ED000AFFE79DF8130001308DF81300D8
:10FA6000DDE745F60C20C2F2004090ED000AB6EE4C
:10FA7000001AB4EE410AF1EE10FA2DDCFFE745F66C
:10FA80001020C2F2004090ED000A9FED961AB4EEED
:10FA9000410AF1EE10FA1FDC02E000BF0AD7A33BD7
:10FAA00045F61020C2F2004090ED010A9FED8D1A3C
:10FAB000B4EE410AF1EE10FA0EDCFFE745F6102035
:10FAC000C2F2004090ED020A9FED861AB4EE410AA0
:10FAD000F1EE10FA01DDFFE70AE09FED830AE1F79E
:10FAE0007FFFFFE7BDF816000130ADF816001BE6FA
:10FAF00040F2BA10C2F20040008800EE100AB8EEE0
:10FB0000401A129890ED0C0A80EE010A80ED0C0A62
:10FB100000208DF81200FFE79DF8120002281BDC80
:10FB2000FFE740F2BA10C2F20040008800EE100A6F
:10FB3000B8EE401A12989DF8121000EB810090ED7B
:10FB4000090A80EE010A80ED090AFFE79DF812001C
:10FB500001308DF81200DFE70398222110AA02235A
:10FB600000F01EFB9DF840009DF84110C00040EAE7
:10FB70005110ADF83E00BDF93E00B0F5806F07DBD7
:10FB8000FFE7BDF83E00A0F50060ADF83E00FFE7DE
:10FB9000BDF93E0000EE100AB8EEC01AB4EE002A1D
:10FBA000B3EE070AA1EE020A129880ED060A42F6A9
:10FBB0008821C2F20041088801300880FFE745F63D
:10FBC0000C20C2F2004090ED000A0120B6EE001AAF
:10FBD000B4EE410AF1EE10FA009071DCFFE71298E2
:10FBE00090ED0C0A9FED411A30EE010AB0EEC00A0A
:10FBF0000120B6EE001AB4EE410AF1EE10FA0090C0
:10FC00005EDCFFE745F61020C2F2004090ED000AEE
:10FC100001209FED341AB4EE410AF1EE10FA009083
:10FC20004EDCFFE745F61020C2F2004090ED010ADD
:10FC300001209FED2C1AB4EE410AF1EE10FA00906B
:10FC40003EDCFFE745F61020C2F2004090ED020ACC
:10FC500001209FED241AB4EE410AF1EE10FA009053
:10FC60002EDCFFE7129890ED090AB0EEC00A0120E1
:10FC70009FED1F1AB4EE410AF1EE10FA00901FDC5E
:10FC8000FFE7129890ED0A0AB0EEC00A01209FED3E
:10FC9000181AB4EE410AF1EE10FA009010DCFFE7FA
:10FCA000129890ED0B0AB0EEC00A9FED111A0020D9
:10FCB000B4EE410AF1EE10FAC8BF01200090FFE750
:10FCC0000098C00700287FF4EFACFFE7129890ED92
:10FCD0000C1A9FED080A80EE010A80ED080A14B0A4
:10FCE00080BD00BF9A99193E6F12033ACDCC1CC15A
:10FCF0000AD7233CC3F51C4180B58AB00890089808
:10FD00000590002102918DF81F108DF81E100DF145
:10FD10001F02039200F080FA05989621049100F0EA
:10FD2000BBFB0299039A059800F076FA04990598AE
:10FD300000F0B2FB05981421B62200F0C1FA059834
:10FD40005021069100F05CFB0299039A059800F09F
:10FD500063FA0499059800F09FFB0299039A0598AD
:10FD600000F05AFA0499059800F096FB05983C219A
:10FD7000012200F0A5FA0598069900F041FBFFE783
:10FD800005983C210DF11F0200F046FA05989621D6
:10FD900000F082FB9DF81E0001308DF81E00FFE789
:10FDA0009DF81F10002089070029019008D4FFE763
:10FDB0009DF81E1000200A29B8BF01200190FFE71E
:10FDC0000198C0070028DBD1FFE79DF81E000A2834
:10FDD00004D1FFE740208DF827000DE09DF81F00BB
:10FDE0004007002804D5FFE740208DF8270003E0F6
:10FDF00000208DF82700FFE79DF827000AB080BD9E
:10FE000080B584B003908DF80B10039801909DF895
:10FE10000B100268917200680068694601230B604C
:10FE200040F60001C5F602010822F0F7F5F8019846
:10FE3000006890F88A0004B080BD00000000000057
:10FE400080B596B0149014980C9000210A91ADF8EA
:10FE500040100F918DF83B108DF83A100DF13B02D8
:10FE60000B9200F001FA0C9896210D9100F014FB12
:10FE70000A990B9A0C9800F0F7F90C980D9900F07C
:10FE80000BFB0C987E21B62200F03EFA0C98502114
:10FE900000F0B6FA0A990B9A0C9800F0E5F90C9864
:10FEA0000D9900F0F9FA0A990B9A0C9800F0DCF918
:10FEB0000C980D9900F0F0FA9DF83B001E2804D034
:10FEC000FFE7FF208DF857002EE100208DF83A0063
:10FED000FFE79DF83A00032847DCFFE70C989DF800
:10FEE0003A1001EB410347F2A821C0F60201099143
:10FEF000CA18C95C527800F007FA0C98962108914C
:10FF000000F0CAFA0C9809999DF83A2002EB4202D7
:10FF1000895C0DF13B0200F0A7F90C98089900F0FC
:10FF2000BBFA09999DF83B009DF83A2002EB42028A
:10FF30001144497888420DD0FFE79DF83A0000EB64
:10FF4000400147F2A820C0F60200084480788DF8EE
:10FF50005700E9E00C98502100F052FAFFE79DF8B5
:10FF60003A0001308DF83A00B3E700208DF83A00EE
:10FF7000FFE79DF83A00012875DCFFE70C989DF833
:10FF80003A1001EB410147F2A822C0F602020792A3
:10FF90000A44117B527B00F0B7F90C989621069128
:10FFA00000F07AFA0C98079A9DF83A1001EB41019B
:10FFB0001144097B0DF13B0200F056F90C980699AB
:10FFC00000F06AFA079A9DF83B009DF83A1001EBA1
:10FFD00041011144497B88420DD0FFE79DF83A006A
:10FFE00000EB400047F2A821C0F602010844807BE4
:10FFF0008DF8570098E00C98502100F001FA0C9809
:020000040802F0
:1000000012210FAA062300F0CBF89DF83C009DF8C2
:100010003D1040EA01209DF83A1001EB410211A980
:1000200021F812009DF83E009DF83F2040EA022092
:100030009DF83A2002EB420201EB420250809DF80B
:1000400040009DF8412040EA02209DF83A2002EB52
:10005000420201EB42018880FFE79DF83A0001303F
:100060008DF83A0085E70C986D210491002200F08C
:100070004BF90C989621059100F00EFA04990C9812
:100080000DF13B0200F0F0F80C98059900F004FA2D
:100090009DF83B0020B1FFE704208DF8570043E0B6
:1000A0000C987E21B62200F02FF90C98502100F018
:1000B000A7F9BDF94400BDF94A10401A40F2555164
:1000C000884213DBFFE7BDF94600BDF94C10401A2A
:1000D00040F25551884209DBFFE7BDF94800BDF900
:1000E0004E10401AB0F52A7F04DAFFE780208DF821
:1000F000570019E00C98002103910DF13B02019289
:1001000000F0B2F80C989621029100F0C5F9019A1E
:100110000C98039900F0A8F80C98029900F0BCF92B
:1001200003988DF85700FFE79DF8570016B080BD83
:1001300080B586B005908DF8131003928DF80B30C2
:100140000598019040F60000C5F602000821E6F788
:10015000DBFD01989DF8131041F08001FFF750FE80
:10016000FFE79DF80B0078B1FFE701985521FFF7F5
:1001700047FE039908700398013003909DF80B0027
:1001800001388DF80B00ECE740F60000C5F60200E0
:100190000821E6F7B9FD06B080BD000000000000B0
:1001A00080B586B005908DF8131003928DF80B3052
:1001B0000598019040F60000C5F602000121E6F71F
:1001C000A3FD01989DF8131041F08001FFF718FE80
:1001D00001989DF8131041F08001FFF711FEFFE731
:1001E0009DF80B0078B1FFE701985521FFF708FE55
:1001F000039908700398013003909DF80B000138B3
:100200008DF80B00ECE740F60000C5F60200012176
:10021000E6F77AFD06B080BD80B586B005908DF812
:10022000131003920598009040F60000C5F60200F6
:10023000029008210191E6F767FD00989DF81310E0
:1002400041F08001FFF7DCFD00985521FFF7D8FD54
:10025000019902460298039B1A70E6F755FD06B015
:1002600080BD00000000000080B588B007908DF8C8
:100270001B1005920798029040F60000C5F6020098
:10028000049001210391E6F73FFD02989DF81B10B1
:1002900041F08001FFF7B4FD029855210191FFF76D
:1002A000AFFD01990298FFF7ABFD03990246049850
:1002B000059B1A70E6F728FD08B080BD000000001D
:1002C00080B586B005908DF813108DF81220059832
:1002D000019040F60000C5F602000390082102914B
:1002E000E6F712FD01989DF81310FFF789FD0198BC
:1002F0009DF81210FFF784FD02990398E6F704FDBC
:1003000006B080BD0000000080B586B005908DF875
:1003100013108DF812200598019040F60000C5F6E4
:100320000200039001210291E6F7EEFC01989DF88E
:100330001310FFF765FD01989DF81210FFF760FD9F
:1003400002990398E6F7E0FC06B080BD00000000CB
:1003500080B586B0049003910292049801900398AE
:1003600020B9FFE700208DF8170045E003980068EA
:1003700043F20001C4F20101884207D1FFE701996D
:1003800040F21050C2F20040086025E00398006877
:1003900043F60001C4F20001884207D1FFE701994A
:1003A00040F22460C2F20040086014E00398006844
:1003B00043F60041C4F20001884207D1FFE70199EA
:1003C00040F23870C2F20040086003E000208DF86F
:1003D000170011E0FFE7FFE7FFE70198FEF770FE67
:1003E000FFE701980299FEF787FE08B1FFE7F8E7FB
:1003F00001208DF81700FFE79DF8170006B080BDBB
:1004000087B00690ADF8161006990020049003906E
:100410000290019000904EF21400CEF200000068AD
:100420000090BDF81600C968484304904EF21800C9
:10043000CEF2000000680390FFE74EF21800CEF203
:100440000000006802900298039988421ED0FFE7DE
:1004500002980399884207D2FFE703980299411A4C
:1004600001980844019008E000980299401A039905
:100470000144019808440190FFE702980390019815
:100480000499884201D3FFE701E0FFE7D5E707B011
:10049000704700000000000087B00690ADF816100D
:1004A00006990020049003900290019000904EF273
:1004B0001400CEF2000000680090BDF816008968B4
:1004C000484304904EF21800CEF2000000680390FA
:1004D000FFE74EF21800CEF200000068029002988A
:1004E000039988421ED0FFE702980399884207D2F9
:1004F000FFE703980299411A01980844019008E027
:1005000000980299401A0399014401980844019007
:10051000FFE70298039001980499884201D3FFE70E
:1005200001E0FFE7D5E707B07047000000000000DA
:1005300081B0009000980021017141718160C1601B
:1005400001B070470000000082B001900091009956
:100550004FF07E5008600099002048600099886044
:100560000099C86002B0704781B0009000984FF0C9
:100570007E510160002141600022C4F27A42826013
:10058000C1600161416101B07047000000000000DE
:1005900080B584B00390029103980190029800788E
:1005A000A5286FD1FFE70298407BB5286AD1FFE705
:1005B0000199D1F800040130C1F8000446F650500A
:1005C000C2F20040E1F738FA019840F21441C2F259
:1005D000004181ED000A029A51789278090209B22D
:1005E000114400EE101AB8EEC00A9FED271A80EEF3
:1005F000010A80EDC00A029AD1781279090209B283
:10060000114400EE101AB8EEC00A80EE010A80ED27
:10061000C10A029A51799279090209B2114400EE95
:10062000101AB8EEC00A80EE010A80EDC20A029AE2
:10063000D179127A090209B2114400EE101AB8EE0B
:10064000C00A80EE010A80EDC30A029A517A927ABA
:10065000090209B2114400EE101AB8EEC00A80EE89
:10066000010A80EDC40A029AD17A127B090209B20A
:10067000114400EE101AB8EEC00A80EE010A80EDB7
:10068000C50AFFE704B080BD0000C84200000000BA
:1006900080B584B003900398009042F68022C2F2A5
:1006A000004211780131117000F57D70E1F7C4F955
:1006B000009880EDFB0A90EDFB1A90EDFC0A30EEFD
:1006C000010A80EDFC0AD0F80013C0F8B810D0F889
:1006D0000413C0F8BC10D0F80813C0F8C010D0F84C
:1006E0000C13C0F8AC10D0F81013C0F8B010D0F84C
:1006F0001413C0F8B41090ED2B0AD0ED2C0A90ED35
:100700002D1AD0ED2E1A90ED2F2AD0ED302A90ED33
:10071000FB3A00F59070F7F75FFF0098D0F8701281
:10072000D0F87422D0F87832D0F87CC2C0F8A8C0D3
:10073000C0F8A430C0F8A020034643F89C1F0193E2
:1007400000F55A7100F1E00202F0A2FA0098019B54
:1007500000F55D7100F1EC0202F09AFA0098019B3D
:1007600000F5607100F1F80202F092FA0098019B26
:1007700000F5777142F2A472C2F2004202F00CFB63
:1007800000208DF80B00FFE79DF80B0002282CDC01
:10079000FFE700999DF80B3001EB830042F2A47251
:1007A000C2F2004202EB830292ED002A90ED2E0A83
:1007B00090ED311A30EE420A91ED373A91EDFB2A75
:1007C00020EE020A33EE022A80EE020A21EE031A1C
:1007D00081EE021A30EE010A80ED310AFFE79DF842
:1007E0000B0001308DF80B00CEE7009800F19C0360
:1007F00000F1C40100F1D00202F04AFA009802F0C0
:100800003BFD0099012081F8FC0304B080BD00008D
:1008100082B0019001990091D1F80004D1F804143C
:10082000884205D1FFE70099002081F8980004E094
:100830000099012081F89800FFE70099D1F80004A1
:10084000C1F8040402B0704780B582B001908DED0C
:10085000000A0198DDED002A00F59070B2EE040A5E
:10086000DFED050A9FED051AF7EE001A9FED042A49
:10087000F7F79AFC02B080BD6F12833A8096184B4E
:10088000000000000000000080B582B001900198D7
:10089000009002F089FD009802B080BD00000000C9
:1008A00081B000900099486A086291ED000A91EDCC
:1008B000051A30EE010A81ED010A91ED010A91ED70
:1008C000041A30EE011A80EE010A81ED060A91ED5C
:1008D000061A91ED090A91ED0A2A32EE402AA1EE9C
:1008E000020A81ED090A91ED011A91ED062AB7EE8F
:1008F000000A30EE420A20EE010A81ED000A486A41
:10090000C86101B07047000085B004908DED030A06
:10091000CDED020A8DED011ACDED001A0499039870
:10092000086102984861019848620098086005B023
:10093000704700000000000081B00090009890ED2A
:10094000070A01B07047000082B001908DED000AE7
:1009500001990098886202B0704700000000000012
:1009600081B0009000984FF07E518160C1600161BC
:10097000416100218161C161816201B07047000065
:1009800081B0009000984FF49071018048F280018E
:10099000818001B07047000080B586B00590059851
:1009A0000090D0F8C0002C300190019804A9F7F70E
:1009B000E7FC019802300DF10E01F7F7E1FC019818
:1009C000043003A9F7F7DCFC019806300DF10A01A9
:1009D000F7F7D6FC009890F8D40001282CD1FFE757
:1009E0000099BDF81000D1F80021801AADF812006E
:1009F000BDF91200B1F8D6104A42C1EBD271B0EB8A
:100A0000610F07DAFFE70099D1F808010130C1F85A
:100A1000080110E00099BDF91200B1F8D610B0EB52
:100A2000510F07DDFFE70099D1F808010138C1F83F
:100A30000801FFE7FFE7FFE70098D0F80811B0F8DA
:100A4000D620BDF8103001FB0231C0F8041190ED42
:100A5000331A90ED410AB8EEC00AB0F8D61002EE93
:100A6000101AB8EE422A80EE020A9FED312A20EEDB
:100A7000020A80EE010A80ED3A0A90ED331A90EDF9
:100A8000410AB8EEC00AB0F8D61002EE101AB8EE5D
:100A9000422A80EE020A30EE000A9FED262A20EE5E
:100AA000020A80EE010A80ED3B0ABDF90E1000EE4D
:100AB000101AB8EEC00A9FED201A20EE010A90ED40
:100AC000331A80EE010A80ED3C0ABDF90E1000EEEB
:100AD000101AB8EEC00AB1EE081A20EE010A90ED25
:100AE000331A80EE010A80ED3D0ABDF90C1000EECC
:100AF000101AB8EEC00A80ED3E0ABDF90A1000EEE9
:100B0000101AB8EEC00A9FED0D1A30EE010A80ED02
:100B10003F0ABDF81010C0F8001190F8D40028B9B1
:100B2000FFE70099012081F8D400FFE706B080BDFF
:100B30000000B443DB0F49405077D63D33938843E0
:100B400081B00090009890ED3B0A01B07047000022
:100B500081B00090009890ED3E0A01B0704700000F
:100B600081B000900098B0F8D80001B07047000044
:100B700082B001908DED000A01990098C1F8200122
:100B800002B070470000000082B001908DED000AB5
:100B900001990098C1F8280102B0704700000000D8
:100BA00080B582B0019000910198D0F8DC1001313D
:100BB000C0F8DC10FFF7F0FE02B080BD00000000BE
:100BC00081B00090009890F8140101B070470000C7
:100BD00082B001908DED000A01990098C1F82401BE
:100BE00002B070470000000082B001908DF8031041
:100BF00001999DF8030081F8140102B070470000CC
:100C000080B586B005900598039090F814010146D0
:100C1000049103286AD80499DFE801F00214263E03
:100C2000039890ED341A90ED4A0A80EE010AB0F86C
:100C3000D81001EE101AB8EEC11A20EE010A80EDAC
:100C40004B0A58E0039890ED341A90ED4A0A80EE72
:100C5000010AB0F8D81001EE101AB8EEC11A20EE51
:100C6000010A80ED4B0A46E0039901F16000029011
:100C700091ED490A02F0ECFB0298039991ED3C0AD0
:100C800002F0CEFD029802F0FBFB029802F0C0FDDC
:100C9000039880ED4B0A2EE0039890ED480A02F08D
:100CA000D7FB039890ED3B0A02F0BAFD039802F0DF
:100CB000E7FB039802F0ACFD039981ED490A01F1CD
:100CC0006000019091ED490A02F0C2FB019803997E
:100CD00091ED3C0A02F0A4FD019802F0D1FB0198CD
:100CE00002F096FD039880ED4B0A04E00399002082
:100CF000C1F82C01FFE7039800F08AF806B080BD28
:100D000080B584B0039003990291D1F8DC00D1F84A
:100D1000E010884211D1FFE70298002180F8E4102A
:100D20009FED0C0A8DED010A02F09EFB02989DEDED
:100D3000010A603002F098FB04E00299012081F87A
:100D4000E400FFE70299D1F8DC00C1F8E00004B04C
:100D500080BD00BF0000000080B586B00590049102
:100D60008DF80F208DF80E308DED020ACDED010AC1
:100D700005980090049800684AF20001C4F200014E
:100D8000884208D1FFE7009940F29020C2F200406B
:100D9000C1F8C00023E0049800684AF20041C4F2A0
:100DA0000001884208D1FFE7009940F22030C2F2EA
:100DB0000040C1F8C00011E0049800684DF2004105
:100DC000C4F20001884208D1FFE7009940F2983050
:100DD000C2F20040C1F8C000FFE7FFE7FFE700995B
:100DE0009DF80F0081F8C4009DF80E0081F81401F1
:100DF0000298C1F8CC000198C1F8D00004989DF881
:100E00000F10F6F74DFA0099C1F8C80006B080BD82
:100E100081B00090009991ED4B0ABDEEC00A10EE32
:100E2000100A000AD1F8C820107091ED4B0ABDEEEF
:100E3000C00A10EE100AD1F8C810487001B070470F
:100E400080B582B001900198009002F0F5FC009806
:100E5000603002F0F1FC00980021C4F21021C0F8CB
:100E6000CC10002180F8D4104FF40052A0F8D62006
:100E700042F21072A0F8D820C0F8DC10C0F8E010E0
:100E800080F8E410032280F81421C0F81811C0F88B
:100E90001C11C0F82011C0F82411C0F82811C0F8A6
:100EA0002C1102B080BD000080B586B00590059879
:100EB0000090D0F8D0002C300190019804A9F7F7E9
:100EC0005FFA019802300DF10E01F7F759FA019817
:100ED000043003A9F7F754FA019806300DF10A011E
:100EE000F7F74EFA009890F8E00001282CD1FFE7C0
:100EF0000099BDF81000D1F80C21801AADF812004D
:100F0000BDF91200B1F8E2104A42C1EBD271B0EB68
:100F1000610F07DAFFE70099D1F814010130C1F839
:100F2000140110E00099BDF91200B1F8E210B0EB25
:100F3000510F07DDFFE70099D1F814010138C1F81E
:100F40001401FFE7FFE7FFE70098D0F81411B0F8AD
:100F5000E220BDF8103001FB0231C0F8101190ED15
:100F6000361A90ED440AB8EEC00AB0F8E21002EE6C
:100F7000101AB8EE422A80EE020A30EE000A9FED07
:100F8000302A20EE020A80EE010A80ED3E0A90ED42
:100F9000361A90ED440AB8EEC00AB0F8E21002EE3C
:100FA000101AB8EE422A80EE020A9FED262A20EEA1
:100FB000020A80EE010A80ED3D0ABDF90E1000EE36
:100FC000101AB8EEC00A9FED201A20EE010A90ED2B
:100FD000361A80EE010A80ED3F0ABDF90E1000EED0
:100FE000101AB8EEC00AB1EE081A20EE010A90ED10
:100FF000361A80EE010A80ED400ABDF90C1000EEB1
:10100000101AB8EEC00A80ED410ABDF90A1000EED0
:10101000101AB8EEC00A9FED0D1A30EE010A80EDED
:10102000420ABDF81010C0F80C1190F8E00028B981
:10103000FFE70099012081F8E000FFE706B080BDDE
:10104000DB0F49400000B4435077D63D33938843CB
:1010500081B00090009890ED410A01B07047000007
:1010600081B000900098B0F8E40001B07047000033
:1010700082B001908DED000A01990098C1F8340109
:1010800002B070470000000080B582B0019000916E
:101090000198D0F8E8100131C0F8E810FFF704FF1C
:1010A00002B080BD0000000081B00090009890ED7B
:1010B0003F0A01B07047000082B001908DED000A38
:1010C00001990098C1F8300102B07047000000009B
:1010D00082B001908DF8031001999DF8030081F80A
:1010E000200102B07047000080B586B005900598D9
:1010F000039090F8200101460491032874D80499C4
:10110000DFE801F002072D4503990020C1F83801FE
:101110006FE0039991ED361A91ED4D0AB1F8E400B4
:1011200002EE100AB8EEC22A20EE020A9FED332A20
:1011300021EE021AB3EE042A21EE021A9FED302AA4
:1011400081EE021A80EE010A01F59C7081ED4E0AD3
:101150009FED2C0ADFED2C0AF5F7B6FF49E0039965
:1011600001F16400029091ED4C0A02F071F90298CD
:10117000039991ED3F0A02F053FB029802F080F9C7
:10118000029802F045FB039880ED4E0A31E0039986
:10119000081D009091ED4B0A02F05AF9009803994E
:1011A00091ED3E0A02F03CFB009802F069F90098CC
:1011B00002F02EFB039981ED4C0A01F164000190CD
:1011C00091ED4C0A02F044F90198039991ED3F0A20
:1011D00002F026FB019802F053F9019802F018FB87
:1011E000039880ED4E0A04E003990020C1F838010D
:1011F000FFE7039800F090F806B080BD9A99993EF9
:1012000027A09941000080C6000080460000000031
:1012100080B584B0039003990291D1F8E800D1F829
:10122000EC10884212D1FFE70298002180F8F010FC
:1012300004309FED0C0A8DED010A02F015F90298B9
:101240009DED010A643002F00FF904E002990120DB
:1012500081F8F000FFE70299D1F8E800C1F8EC004E
:1012600004B080BD0000000080B586B005900491F8
:101270008DF80F208DF80E308DED020A0598019043
:10128000049800684AF20001C4F20001884208D1C3
:10129000FFE7019940F29020C2F20040C1F8D0006F
:1012A00023E0049800684AF20041C4F20001884239
:1012B00008D1FFE7019940F22030C2F20040C1F8A6
:1012C000D00011E0049800684DF20041C4F2000122
:1012D000884208D1FFE7019940F29830C2F20040FD
:1012E000C1F8D000FFE7FFE7FFE701999DF80F0085
:1012F00081F8D4009DF80E0081F820010298C1F811
:10130000D80004989DF80F10F5F7CAFF0199C1F8AD
:10131000CC0006B080BD000081B00090009991ED36
:101320004E0ABDEEC00A10EE100A000AD1F8CC2019
:10133000107091ED4E0ABDEEC00A10EE100AD1F801
:10134000CC10487001B0704780B582B00190019810
:10135000009047F2E411C0F6020108310160043048
:1013600002F06AFA0098643002F066FA00980021F0
:10137000C0F8C81080F8E0104FF40052A0F8E22046
:101380004FF48042A0F8E420C0F8E810C0F8EC1058
:1013900080F8F010032280F82021C0F82411C0F852
:1013A0002811C0F82C11C0F83011C0F83411C0F861
:1013B000381102B080BD000080B584B0039003985E
:1013C000019090F8511000EBC10251680131516059
:1013D00090F8510001460291032800F28A80029998
:1013E000DFE801F002214F770198406DFBF714FC14
:1013F0000198406DBC30FFF7ABFBF7F7F1FD0198AA
:10140000406DB0F86C0401EE100AB8EEC11AB4EEEB
:10141000410AF1EE10FA05DBFFE70198012101F026
:1014200067FBFFE765E00198406DFBF7F5FB01986E
:1014300090F8511000EBC1004068642805D3FFE725
:101440000198022101F054FB1AE00198406DBC3074
:10145000FFF77EFBF7F7C4FD0198406DB0F86C0410
:1014600001EE100AB8EEC11AB4EE410AF1EE10FA1C
:1014700005DAFFE70198002101F03AFBFFE7FFE7FB
:1014800037E00198426D0021C2F87814406DBC30FD
:1014900003210091FFF7A8FB0198406DBC30FFF7D6
:1014A0004FFB01989FED141A30EE010A416D01F5D2
:1014B000936181ED000A416D01F1BC0001F593617A
:1014C00091ED000AFFF754FB0198009901F010FB21
:1014D0000FE0019890F8511000EBC1004068B0F5A2
:1014E000967F05D3FFE70198002101F001FBFFE79C
:1014F000FFE704B080BD00BFAE4B6EBE0000000031
:1015000080B582B001900198009001F03DFB0098F9
:1015100002B080BD0000000080B584B00390039845
:10152000019090F8511000EBC102516801315160F7
:1015300090F8510001460291032862D80299DFE831
:1015400001F0022A39460198406D00F54A70FFF714
:101550007FFDF7F745FD0198406DB0F86E0401EE90
:10156000100AB8EEC11AB4EE410AF1EE10FA05DB2A
:10157000FFE70198012101F0BBFA0BE00198406DF3
:1015800090F88C0428B9FFE70198032101F0B0FA24
:10159000FFE7FFE735E0019890F8511000EBC1003C
:1015A00040680F2805D3FFE70198022101F0A0FA57
:1015B000FFE726E0019890ED160AB2EE041A30EE2D
:1015C000010A80ED160A002101F092FA19E0019853
:1015D000406D00F54A70FFF767FDF7F701FD0198D0
:1015E000406D00F58E6090ED001AB4EE410AF1EE08
:1015F00010FA05DBFFE70198002101F079FAFFE717
:10160000FFE7019890ED160AB5EE400AF1EE10FAE8
:101610000ADDFFE7019890ED160A9FED061A30EEFD
:10162000010A80ED160A03E0019900208865FFE7B2
:1016300004B080BD8FC2F5BC80B582B00190019826
:10164000009001F0A1FA009802B080BD00000000F7
:1016500080B582B0019001980090002101704DF298
:101660000A71C3F6A341C16048F20001C4F204410B
:10167000016146F26661C3F66671416118309FED03
:10168000040ADFED040A01F0B7F8009802B080BD4B
:10169000ACC5273772F97F3F80B582B001900198C1
:1016A0000090183001F0F8F8009802B080BD0000FA
:1016B00081B000900098A521017001B07047000032
:1016C00081B0009000985A21017001B0704700006D
:1016D00080B586B0059005980090D0F874012C3044
:1016E0000190019804A9F6F74BFE019802300DF124
:1016F0000E01F6F745FE0198043003A9F6F740FE07
:10170000019806300DF10A01F6F73AFE0098D0F87C
:101710008021BDF810101144ADF8101090F894011C
:1017200001282CD1FFE70099BDF81000D1F8E8217D
:10173000801AADF81200BDF91200B1F896114A42B4
:10174000C1EBD271B0EB610F07DAFFE70099D1F876
:10175000F0010130C1F8F00110E00099BDF912006C
:10176000B1F89611B0EB510F07DDFFE70099D1F802
:10177000F0010138C1F8F001FFE7FFE7FFE700984B
:10178000D0F8F011B0F89621BDF8103001FB02310D
:10179000C0F8EC11BDF8101000EE101AB8EE400AB7
:1017A000B0F8961101EE101AB8EE411A80EE010A57
:1017B0009FED471A20EE010A80ED740A90ED740A3D
:1017C000B4EE410AF1EE10FA0ADDFFE7009890ED61
:1017D000740A9FED401A30EE010A80ED740A13E09E
:1017E000009890ED740AB5EE400AF1EE10FA0ADAAC
:1017F000FFE7009890ED740A9FED351A30EE010A6C
:1018000080ED740AFFE7FFE7009890ED740A9FED02
:10181000321A20EE010A80ED750ABDF90E1000EEB5
:10182000101AB8EEC00A9FED2D1A20EE010A80EDC5
:10183000760ABDF90E1000EE101AB8EEC00AB1EE2D
:10184000081A20EE010A80ED770ABDF90C1000EEAF
:10185000101AB8EEC00A80ED780ABDF90A1000EE41
:10186000101AB8EEC00A9FED1E1A30EE010A80ED84
:10187000790A90ED621A90ED750A30EE410AF7F799
:1018800077FB009880ED630A90ED630A9FED151ACF
:1018900020EE010A9FED141A80EE010A80ED640A21
:1018A000BDF81010C0F8E811D0F8EC11C0F8F41130
:1018B000D0F8D011C0F8F81190F8940128B9FFE7DA
:1018C0000099012081F89401FFE706B080BD00BFB8
:1018D0000000B4430000B4C335FA8E3C5077D63DC7
:1018E0003393884300003443D00F49400000000088
:1018F00081B000900098B0F8980101B070470000E6
:1019000081B00090009890ED800A01B0704700000F
:1019100082B001908DED000A01990098C1F8000293
:1019200002B070470000000080B584B003908DEDD8
:10193000020A039801909DED021A90ED850A30EE9F
:10194000010A80ED850A90ED850AB0F8980101EE54
:10195000100AB8EEC11AB4EE410AF1EE10FA0ADD2F
:10196000FFE70198B0F8981100EE101AB8EE400A9F
:1019700080ED850A1BE0019890ED850AB0F898018A
:10198000404201EE100AB8EEC11AB4EE410AF1EE7F
:1019900010FA0BDAFFE70198B0F89811494200EE0F
:1019A000101AB8EEC00A80ED850AFFE7FFE701983C
:1019B00000F0FEF904B080BD82B001908DED000A08
:1019C00001990098C1F8100202B0704700000000B1
:1019D00080B582B0019000910198D0F8C411013116
:1019E000C0F8C411FFF774FE02B080BD0000000013
:1019F00081B00090009890ED670A01B07047000038
:101A000082B001908DED000A01990098C1F89C0107
:101A100002B070470000000082B001908DED000A16
:101A200001990098C1F8A00102B0704700000000C1
:101A300085B004908DED030ACDED020A8DED011AFB
:101A4000CDED001A04990398C1F8AC010298C1F8D1
:101A5000B0010198C1F8B4010098C1F8B80105B00F
:101A6000704700000000000081B00090009890EDE9
:101A7000640A01B07047000082B001908DED000A49
:101A800001990098C1F8C00102B070470000000041
:101A900082B001908DED000A01990098C1F8BC0157
:101AA00002B070470000000082B001908DF8031072
:101AB00001999DF8030081F8FC0102B07047000015
:101AC00080B58AB009900998069090F8FC0101460B
:101AD0000791062800F2C9800799DFE801F0041693
:101AE0002E46C6C6C500069890ED611A90ED840A90
:101AF00080EE010AB0F8981101EE101AB8EEC11A82
:101B000020EE010A80ED850AB4E0069901F1C000DB
:101B1000059091ED840A01F09BFC0598069991EDE2
:101B2000780A01F07DFE059801F0AAFC059801F005
:101B30006FFE069880ED850A9CE0069901F1600031
:101B4000049091ED810A01F083FC0498069991EDCF
:101B5000680A01F065FE049801F092FC049801F017
:101B600057FE069880ED850A84E0069890ED800A7D
:101B700001F06EFC069890ED670A01F051FE0698A0
:101B800001F07EFC069801F043FE069981ED810A82
:101B900001F16000039091ED810A01F059FC039876
:101BA000069991ED680A01F03BFE039801F068FC8C
:101BB000069890ED670AB5EE400AF1EE10FA0ADADF
:101BC000FFE7069890ED670A9FED2D1A30EE010AA7
:101BD00080ED670AFFE7069890ED703A90ED6F4A46
:101BE00090ED670A90ED6B2A90ED6C1A90ED6D5AAE
:101BF0008DED015A21EE041AA2EE031A8DED021AA0
:101C00009FED201A80EE010A03F0B7FA9DED011A4C
:101C10000698B0EE402A9DED020AA1EE020A90ED70
:101C20006E1A30EE010A8DED080A603001F0F0FD09
:101C300006999DED081A9FED142A21EE021A9FEDD8
:101C4000132A81EE021A30EE010A01F5057081EDCA
:101C5000850AB1F8981100EE101AF8EE400AB1EEBC
:101C6000600AF5F731FA05E004E006990020C1F8B2
:101C70001402FFE7069800F09BF80AB080BD00BF91
:101C80000000B4433333654200008046A2450E4055
:101C900080B584B0039003990291D1F8C401D1F8C2
:101CA000C811884217D1FFE70298002180F8CC11B3
:101CB0009FED0F0A8DED010A01F0D6FB02989DED14
:101CC000010A603001F0D0FB02989DED010AC0309E
:101CD00001F0CAFB04E00299012081F8CC01FFE782
:101CE0000299D1F8C401C1F8C80104B080BD00BF99
:101CF000000000000000000080B586B0DDF820C0C4
:101D0000059004918DF80F208DF80E308DED020AAC
:101D100005980190049800684AF20001C4F200019D
:101D2000884208D1FFE7019940F29020C2F20040BA
:101D3000C1F8740123E0049800684AF20041C4F23B
:101D40000001884208D1FFE7019940F22030C2F239
:101D50000040C1F8740111E0049800684DF20041A0
:101D6000C4F20001884208D1FFE7019940F298309F
:101D7000C2F20040C1F87401FFE7FFE7FFE70199F5
:101D80009DF80F0081F878019DF80E0081F8FC01A4
:101D90000898C1F880010298C1F8840104989DF860
:101DA0000F10F5F77DFA0199C1F87C0106B080BDEE
:101DB00081B00090009991ED850ABDEEC00A10EE49
:101DC000100A000AD1F87C21107091ED850ABDEE51
:101DD000C00A10EE100AD1F87C11487001B07047AB
:101DE00080B582B001900198009001F025FD009827
:101DF000603001F021FD0098C03001F01DFD009819
:101E000000F5907001F054FD009842F6FD01C3F614
:101E1000C971C0F888110021C0F88C11C0F8901168
:101E200080F894114FF40052A0F896214FF48042AC
:101E3000A0F89821C0F89C11C0F8A011C0F8A41116
:101E4000C0F8A811C0F8AC11C0F8B011C0F8B411B6
:101E5000C0F8B811C0F8BC11C0F8C011C0F8C41166
:101E6000C0F8C81180F8CC11052280F8FC21C0F818
:101E70000012C0F80412C0F80812C0F80C12C0F822
:101E80001012C0F8141202B080BD00000000000063
:101E900081B00090009841F29821084490ED000A2A
:101EA00001B070470000000082B001908DED000A83
:101EB0000199009841F29822885002B070470000C2
:101EC00081B00090009841F25421084490ED000A3E
:101ED00001B070470000000081B00090009841F20E
:101EE0005821084490ED000A01B07047000000003E
:101EF00082B001908DED000A0199009841F25422C0
:101F0000885002B07047000082B001908DED000A49
:101F10000199009841F25822885002B070470000A1
:101F200081B00090009841F28821084490ED000AA9
:101F300001B070470000000081B00090009841F2AD
:101F40008C21084490ED000A01B0704700000000A9
:101F500082B001908DED000A0199009841F288222B
:101F6000885002B07047000082B001908DED000AE9
:101F70000199009841F28C22885002B0704700000D
:101F800081B00090009841F28421405C01B070471C
:101F900082B001908DF8031001999DF8030041F281
:101FA0008422885402B0704780B58AB0089008989F
:101FB000059009900430F8F783FB05982030F8F776
:101FC0007FFB05983C30F8F77BFB05985830FDF710
:101FD0005FF80598D430FFF73BFB059800F5B47027
:101FE00000F0CEF8059901F51D7001F264710691BB
:101FF0000790FFE707980490FFF7A6F90498069A60
:1020000000F59E71084691420790F3D1FFE70599CC
:1020100001F2647041F2F412114402910390FFE75F
:102020000398019000F074F90198029A00F5297163
:10203000084691420390F3D1FFE7059841F2F4116D
:10204000084401F0F9FB05984FF493524FF07C518E
:10205000815041F2642246F20001C4F2EA618150EB
:1020600041F268224FF08D41815041F26C220021F3
:102070000091815041F27022815041F274228150CE
:1020800041F27822815041F27C2281504FF49452E7
:10209000815041F28422815441F28522815441F2DF
:1020A0008622815441F28822815041F28C22815053
:1020B00041F29022815041F29422815041F29822C3
:1020C000815041F29C21084401F0B6FB059841F291
:1020D000FC21084401F0B0FB059841F25C31084452
:1020E00001F0AAFB0098059A41F2C831505041F224
:1020F000CC33D118D05048608860C86041F2DC33DE
:102100004FF07E51D1504FF49F51505041F2044353
:10211000D11840F6DC70C3F64970D0504CF6E5306B
:10212000C4F21600486045F2D330C4F27B008860E8
:102130004EF6E050C4F2AF00C86009980AB080BD06
:1021400080B582B0019001980090D430FFF7A4FAD6
:10215000009802B080BD000080B582B00190019867
:10216000009000F011FD009802B080BD000000005A
:1021700081B0009000980021416201B070470000DA
:1021800081B0009000980021C4F2702141604FF0AE
:102190008241816001B0704781B0009000984FF497
:1021A0000071018001B0704780B588B00790079832
:1021B000059090F8200101460691062800F29D80C6
:1021C0000699DFE801F0041628409A9A6D000598F8
:1021D00090ED371A90ED4D0A80EE010AB0F8E41048
:1021E00001EE101AB8EEC11A20EE010A80ED4E0A77
:1021F00088E0059890ED371A90ED4D0A80EE010ABF
:10220000B0F8E41001EE101AB8EEC11A20EE010A7F
:1022100080ED4E0A76E0059901F16400049091ED9D
:102220004C0A01F015F90498059991ED3F0A01F067
:10223000F7FA049801F024F9049801F0E9FA0598F6
:1022400080ED4E0A5EE00599081D029091ED4B0A63
:1022500001F0FEF80298059991ED3E0A01F0E0FACE
:10226000029801F00DF9029801F0D2FA059981ED7A
:102270004C0A01F16400039091ED4C0A01F0E8F87A
:102280000398059991ED3F0A01F0CAFA039801F00D
:10229000F7F8039801F0BCFA059880ED4E0A31E09A
:1022A0000599081D009091ED4B0A01F0D1F80098B6
:1022B000059991ED550A01F0B3FA009801F0E0F8A4
:1022C000009801F0A5FA059981ED4C0A01F164002E
:1022D000019091ED4C0A01F0BBF80198059991ED40
:1022E0003F0A01F09DFA019801F0CAF8019801F047
:1022F0008FFA059880ED4E0A04E005990020C1F898
:102300003801FFE70598FFF707F808B080BD000027
:1023100080B582B0019001980090FFF715F8009801
:1023200047F2F011C0F6020108310160002180F887
:102330004811C0F84C11C0F85011C0F85411C0F841
:102340005811C0F85C11C0F86011C0F8641102B0F7
:1023500080BD00000000000080B582B001900198AF
:10236000009000F011FC0098002180F8521002B09B
:1023700080BD00000000000080B58CB00B900B9871
:10238000099090F8511000EBC10251680131516081
:1023900090F8510001460A91042800F2CA810A9976
:1023A000DFE801F0034097ABCC0046F60030C2F204
:1023B0000040D0F8900058B1FFE7099890F851100C
:1023C00000EBC10200215160042100F091FBFFE706
:1023D0000998406D00F5C850F8F78AFA01280BD12A
:1023E000FFE7099890F8511000EBC10200215160FD
:1023F000022100F07DFBFFE7099890F8511000EBF7
:10240000C1004068B0F57A7F0BD9FFE7099890F8D2
:10241000511000EBC10200215160012100F068FB66
:10242000FFE786E10998406D42F65011084400210B
:102430000891FAF7ADFA08990998406D41F64822DB
:102440001044F8F729FD08990998406D00F52470AB
:10245000FFF79EFD0998406D00F5C850F8F748FA5F
:10246000012822D1FFE70998406D00F524710691FB
:10247000FBF7EAFA01460698FFF78AFD0998406DD6
:1024800041F6482101440791FBF7CAFA0146079833
:10249000F8F702FD099890F8511000EBC1020021F5
:1024A0005160022100F024FBFFE746F60030C2F243
:1024B0000040D0F8900058B1FFE7099890F851100B
:1024C00000EBC10200215160042100F011FBFFE785
:1024D0002FE10998406D00F5C850F8F709FA58B98E
:1024E000FFE7099890F8511000EBC10200215160FC
:1024F000032100F0FDFAFFE71BE10998406D04900D
:1025000000F52470FFF73CFD01460498FBF7A4FAA0
:102510000998406D059041F648210844F8F7B4FC4D
:1025200001460598FBF784FA099890F8511000EBE2
:10253000C1020021516000F0DBFAFAE046F60030FB
:10254000C2F2004003900021C0F8901040F6EC5019
:10255000C2F200400190A0F808118430029080215E
:10256000DEF7CCF80398EBF70FF8019A029903987D
:10257000B2F80421520092B2EAF772FC45F6E85034
:10258000C2F2004000681021C4F20201884200F04B
:10259000B280FFE745F6E850C2F20040006828210B
:1025A000C4F20201884200F0A680FFE745F6E85039
:1025B000C2F2004000684021C4F20201884200F0EB
:1025C0009A80FFE745F6E850C2F2004000685821C3
:1025D000C4F20201884200F08E80FFE745F6E85021
:1025E000C2F2004000687021C4F20201884200F08B
:1025F0008280FFE745F6E850C2F20040006888217B
:10260000C4F20201884276D0FFE745F6E850C2F2F4
:1026100000400068A021C4F2020188426BD0FFE7AD
:1026200045F6E850C2F200400068B821C4F2020149
:10263000884260D0FFE745F6E850C2F200400068EB
:1026400040F21041C4F20201884254D0FFE745F63F
:10265000E850C2F20040006840F22841C4F2020192
:10266000884248D0FFE745F6E850C2F200400068D3
:1026700040F24041C4F2020188423CD0FFE745F6F7
:10268000E850C2F20040006840F25841C4F2020132
:10269000884230D0FFE745F6E850C2F200400068BB
:1026A00040F27041C4F20201884224D0FFE745F6AF
:1026B000E850C2F20040006840F28841C4F20201D2
:1026C000884218D0FFE745F6E850C2F200400068A3
:1026D00040F2A041C4F2020188420CD0FFE745F667
:1026E000E850C2F20040006840F2B841C4F2020172
:1026F00088420AD1FFE745F6E850C2F2004001687F
:10270000086820F00800086009E045F6E850C2F2C9
:1027100000400168086820F004000860FFE709989D
:1027200090F8511000EBC1020021516000F0E0F977
:10273000FFE70CB080BD000080B582B00190019829
:10274000009000F021FA009802B080BD0000000067
:1027500080B5A4B023902398039013A8049000F0B0
:1027600037F90398049900F108021BA801F098FEBC
:10277000FFE7039810301BA900F0A2F9FFE71BA8A0
:1027800000F096F913A800F093F90BA8029000F05E
:10279000CBF803980299303000F00EF9FFE70BA850
:1027A00000F002F905A8019000F0BEF80398019925
:1027B000483000F001F9FFE705A800F0F5F824B073
:1027C00080BD1290119105E0129011911BA800F0AC
:1027D0006FF9FFE713A800F06BF90BE0129011916D
:1027E0000BA800F0E1F805E01290119105A800F0A7
:1027F000DBF8FFE702F050F980B58AB009908DED63
:10280000080ACDED070A0998039002210160079993
:102810004160089981600021C16010300146029139
:1028200000F036F9039830300146049100F0ACF81E
:10283000FFE7039848300146019100F0A5F8FFE753
:10284000039860300146009100F06EF8FFE70398AE
:10285000FFF77EFFFFE703980AB080BD0690059161
:1028600014E0069005910DE00690059106E0024601
:1028700000980692059100F097F8FFE7019800F0A4
:1028800093F8FFE7049800F08FF8FFE7029800F054
:102890000FF9FFE702F000F980B582B001900198CE
:1028A0000090603000F080F80098483000F07CF82C
:1028B0000098303000F078F80098103000F0F8F808
:1028C000009802B080BD000081B00090009840F2F6
:1028D0000111018001B0704781B0009000984FF461
:1028E0008171018001B0704781B00090009840F282
:1028F0000311018001B0704781B0009000984FF43F
:102900008271018001B0704781B0009000984FF44F
:102910008071018001B0704781B0009000984FF441
:102920008871018001B0704780B584B003900021A8
:102930000291019101A900F003F804B080BD0000EC
:1029400080B586B0059004910598019000F01CF8C0
:102950000198049A116852684261034643F8101FB7
:102960000221012202F0B4FCFFE7019806B080BD0D
:10297000024601980392029100F016F8FFE702F078
:102980008BF800000000000080B582B00190019833
:102990000090022181600122C26000F1100302F068
:1029A00097FC009802B080BD81B00090009801B003
:1029B000704700000000000082B00A4601900092BB
:1029C0000198116952694261016102B070470000CB
:1029D00080B58AB003900990002008900790069077
:1029E00005900490FFE7049803F082FD41EC100B82
:1029F0008DED000B0221084601F0BAFD9DED001B94
:102A000051EC110B53EC102B03F06EFE68B9FFE78D
:102A1000049800EB400205A94FF07E5041F82200D7
:102A2000FFE7049801300490DDE7039805A900F062
:102A300003F80AB080BD000080B586B0059004910F
:102A40000598019000F024F80198DDF810C0DCF83A
:102A50000010DCF80420DCF80830DCF80CC0C0F80A
:102A60001CC083614261034643F8101F02221146D5
:102A700002F02EFCFFE7019806B080BD02460198E7
:102A80000392029100F014F8FFE702F005F800004D
:102A900080B582B001900198009002228260C260ED
:102AA00000F11003114602F013FC009802B080BD43
:102AB00081B00090009801B0704700000000000055
:102AC00082B08C460190CDF800C00198DCF810105F
:102AD000DCF81420DCF81830DCF81CC0C0F81CC08E
:102AE00083614261016102B0704700000000000094
:102AF00082B001908DF80310019991F851200020C7
:102B000001F8320091F8512001EBC20250609DF8AB
:102B10000320012001F832009DF8030081F85100E4
:102B200002B070470000000084B003908DF80B10D5
:102B30008DF80A20039900919DF80B0081F8500050
:102B40009DF80A0081F8510000200190FFE70099EC
:102B5000019891F8501088420EDAFFE70099019A27
:102B6000002001F83200019A01EBC2014860FFE742
:102B7000019801300190EAE700999DF80A200120B0
:102B800001F8320004B0704781B000900098002135
:102B900080F8511001B0704784B0039002918DF815
:102BA0000720ADF80430BDF8040002990968C96A2D
:102BB000884206D9FFE702980068C06AADF80400B1
:102BC000FFE7BDF80400B0F1FF3F04DCFFE70020A1
:102BD000ADF80400FFE79DF80700014600910C28BE
:102BE00021D80099DFE801F0071F1F1F0D1F1F1FCD
:102BF000131F1F1F1900BDF80400029909684863DC
:102C000011E0BDF804000299096888630BE0BDF883
:102C1000040002990968C86305E0BDF80400029940
:102C200009680864FFE704B0704700000000000076
:102C300081B00090009890ED2D0A01B0704700001F
:102C400081B00090009890ED450A01B070470000F7
:102C500081B00090009890ED430A01B070470000E9
:102C600081B00090009890ED2B0A01B070470000F1
:102C700081B00090009890F8980001B07047000073
:102C800081B00090009890ED440A01B070470000B8
:102C900084B00390029101920093009890ED002A75
:102CA00090ED014A90ED026A90ED035AB6EE001ADB
:102CB000B0EE417AA6EE467AA5EE457A029822EE6B
:102CC000050A94EE060AD0ED000AD0ED011A90ED47
:102CD000023A20EE210AA7EE200A22EE062AA4EEEE
:102CE000052AA2EE030A30EE000A019880ED000AE0
:102CF000009890ED002A90ED016A90ED024A90ED67
:102D0000035A22EE057AA6EE047A0298B0EE410A42
:102D1000A6EE460AA5EE450AD0ED000AD0ED011A4E
:102D200090ED023A20EE210AA7EE200A22EE062AB2
:102D300094EE052AA2EE030A30EE000A019880ED17
:102D4000010A009890ED000A90ED014A90ED023AD8
:102D500090ED032A20EE035A94EE025A029820EED8
:102D6000040AA3EE020A90ED006A90ED017A90ED5C
:102D7000022A20EE070AA5EE060AA4EE441AA3EEE4
:102D8000431AA1EE020A30EE000A019880ED020A11
:102D900004B070470000000084B0039002910192DB
:102DA0000093009890ED002A90ED014A90ED026AA0
:102DB00090ED035AB6EE001AB0EE417AA6EE467ACE
:102DC000A5EE457A029822EE050AA4EE060AD0ED99
:102DD000000AD0ED011A90ED023A20EE210AA7EE8A
:102DE000200A22EE062A94EE052AA2EE030A30EE0D
:102DF000000A019880ED000A009890ED002A90EDFD
:102E0000016A90ED024A90ED035A22EE057A96EEA1
:102E1000047A0298B0EE410AA6EE460AA5EE450AEB
:102E2000D0ED000AD0ED011A90ED023A20EE210A11
:102E3000A7EE200A22EE062AA4EE052AA2EE030A35
:102E400030EE000A019880ED010A009890ED000A2A
:102E500090ED014A90ED023A90ED032A20EE035ADC
:102E6000A4EE025A029820EE040A93EE020A90EDB4
:102E7000006A90ED017A90ED022A20EE070AA5EE95
:102E8000060AA4EE441AA3EE431AA1EE020A30EE9B
:102E9000000A019880ED020A04B0704700000000AB
:102EA00080B586B005900598029042F68122C2F264
:102EB000004211780131117000F57D70DEF7BCFD24
:102EC000029981EDFB0A91EDFB1A91EDFC0A30EEBF
:102ED000010A81EDFC0A01F1280001F54071FCF7BF
:102EE0006FF90298D0F80013C0F8B810D0F80413A6
:102EF000C0F8BC10D0F80813C0F8C010D0F80C13FC
:102F0000C0F8AC10D0F81013C0F8B010D0F81413FB
:102F1000C0F8B41090ED2B0AD0ED2C0A90ED2D1ACC
:102F2000D0ED2E1A90ED2F2AD0ED302A90EDFB3AFD
:102F300000F59070F5F750FB0298D0F87012D0F8B9
:102F40007422D0F87832D0F87CC2C0F8A8C0C0F89B
:102F5000A430C0F8A020034643F89C1F039300F55B
:102F60005A7100F1E002FFF793FE0298039B00F50F
:102F70005D7100F1EC02FFF78BFE0298039B00F5F8
:102F8000607100F1F802FFF783FE0298039B00F5E1
:102F9000777142F2B072C2F20042FFF7FDFE0020EC
:102FA0008DF81300FFE79DF8130002282CDCFFE7E3
:102FB00002999DF8133001EB830042F2B072C2F225
:102FC000004202EB830292ED002A90ED2E0A90ED72
:102FD000311A30EE420A91ED373A91EDFB2A20EE9C
:102FE000020A33EE022A80EE020A21EE031A81EE73
:102FF000021A30EE010A80ED310AFFE79DF8130056
:1030000001308DF81300CEE7029800F19C0300F127
:10301000C40100F1D002FFF73BFE029800F02CF94A
:1030200042F68120C2F2004000784BF65001C0F217
:103030001E5145F62942CCF28F2200FB02104FEAC6
:103040007000884235D8FFE7029901F138000190FD
:1030500091EDC70A00F0E4FB01989FED190A00F01A
:10306000F7F9019800F00CFA019800F0D1FBB5EEE9
:10307000400AF1EE10FA0ADCFFE7029846F6F40186
:10308000C2F200410C220023FFF786FD10E00298F7
:10309000383000F0BDFB0298BDEEC00A10EE103AC9
:1030A00046F6F401C2F200410C22FFF775FDFFE77E
:1030B000FFE70299012081F8FC0306B080BD00BF44
:1030C000000020420000000010B582B0019001987D
:1030D000009090F8FC03002861D0FFE7009890ED85
:1030E000C01A90EDCD0AB4EE410AF1EE10FA1BD1F0
:1030F000FFE7009890EDC11A90EDCE0AB4EE410AB8
:10310000F1EE10FA10D1FFE7009890EDC21A90EDA1
:10311000CF0AB4EE410AF1EE10FA05D1FFE70099AB
:10312000002081F8980004E00099012081F89800BF
:10313000FFE70099D1F80003D1F80423D1F8083350
:10314000D1F80CC3D1F810E3D1F81443C1F84843C7
:10315000C1F844E3C1F840C3C1F83C33C1F8382397
:10316000C1F83403D1F81803D1F81C23D1F8203367
:10317000D1F824C3D1F828E3D1F82C43C1F8604337
:10318000C1F85CE3C1F858C3C1F85433C1F8502307
:10319000C1F84C03D1F83003C1F86403FFE702B073
:1031A00010BD00000000000080B584B003900399BA
:1031B000019101F1280001F5407246F66C01C2F25E
:1031C0000041FDF7C5F86420E2F7A2F8019800F588
:1031D0006371FDF7B9F9019800F59070B2EE040A39
:1031E000DFED1B0ACDED020A9FED1A1ADFED1A1A68
:1031F0009FED1A2ADFED1A2AF4F7D6FF0198DDEDCC
:10320000024A4CF6CD41C3F64C51C0F8DC103830C0
:103210009FED140ADFED140A9FED142ADFED142A46
:103220009FED145A0021B0EE451AF0EE451AB0EEAB
:10323000453AF0EE453AB0EE454A00F0ADFA46F6B2
:10324000F400C2F200400C21E9F7EAFB04B080BDB3
:103250006F12833A8096184BC9E57F3FCDCC4C3D29
:10326000A69BC4BA000048430000964300007A437E
:103270000000FA430000000080B586B00590059874
:10328000039045F60022C2F20042136851680133F0
:1032900041F1000113605160D0F8C812C0F8141158
:1032A000D0F8C412C0F81011D0F8C012C0F80C1138
:1032B000D0F8D012C0F8181190EDE32A90EDE41A7E
:1032C00090EDE50A90EDE63A21EE000AA2EE030A3F
:1032D00030EE000A21EE011AA2EE021AB0EE002A28
:1032E0008DED022AFFEE000ACDED010AE1EE020AA1
:1032F00002F0F2FC039880EDE70A90EDE30A90ED0E
:10330000E41A90EDE53A90EDE62A20EE030A91EEFC
:10331000020AB8EE001A20EE010A02F047FCDDEDC9
:10332000010A9DED022A039880EDE80A90EDE33A48
:1033300090EDE44A90EDE50A90EDE61A20EE010AE0
:10334000A3EE040A30EE000A21EE011AA3EE031ADE
:10335000E1EE020A02F0C0FC039880EDE90A0020C9
:103360000490FFE70498022815DCFFE7039804990E
:1033700000EB810090EDE70A9FED081A20EE010AAC
:103380009FED071A80EE010A80EDEA0AFFE7049834
:1033900001300490E6E706B080BD00BF0000344372
:1033A000DA0F49400000000080B582B0019001981A
:1033B0000090FDF7D9F800982830FDF7B9F800988B
:1033C000383000F039FA00984FF07E52C0F8682388
:1033D0000021C0F86C13C0F87013C0F87413C0F863
:1033E0007823C0F87C13C0F88013C0F88413C0F8A9
:1033F0008823C0F88C13C0F89013C0F89413C0F859
:103400009813C0F89C13C0F8A013C0F8A413C0F818
:10341000A813C0F8AC13C0F8B013C0F8DC13C0F8A0
:10342000E0134FF2C352C4F21C12C0F8E42300228E
:10343000C4F22022C0F8E82380F8F81380F8F913CA
:1034400080F8FA1380F8FB1380F8FC1302B080BDFB
:1034500082B001908DED000A01990098886402B055
:10346000704700000000000082B001908DED000A5E
:1034700001990098486502B0704700000000000004
:1034800080B58AB0099009980190002108910791B0
:103490000691059190ED120A90ED131A30EE410A53
:1034A0008DED040A9DED040AF5F7A6FD01988DED5A
:1034B000030A9DED030A90ED011AB4EE410AF1EE04
:1034C00010FA07DAFFE70199C86C886400200490BD
:1034D0000390FFE7019890ED090A9DED041A20EE94
:1034E000010A8DED080A90ED0F0AB5EE400AF1EEE3
:1034F00010FA0DD1FFE7019890ED100AB5EE400AE1
:10350000F1EE10FA04D1FFE74FF07E50029044E054
:1035100001989DED030A90ED0F1AB4EE410AF1EE09
:1035200010FA04DCFFE74FF07E50029026E001988D
:1035300090ED0F0A9DED031AB4EE410AF1EE10FA78
:103540001BDAFFE701989DED030A90ED101AB4EE27
:10355000410AF1EE10FA10DAFFE7019890ED0F2A18
:1035600090ED101A9DED030A31EE400A31EE421A39
:1035700080EE010A8DED020AFFE7FFE701989DED5D
:10358000030A90ED101AB4EE410AF1EE10FA03DBD3
:10359000FFE700200290FFE7FFE7019890ED0D0A9A
:1035A000B5EE400AF1EE10FA2AD0FFE7019890ED4F
:1035B0000A0AB5EE400AF1EE10FA10DBFFE70199B6
:1035C00001F1540091ED0A2A91ED0D1AB1EE410A74
:1035D00080EE020AC1EE020AF3F776FD0FE00199D0
:1035E00001F1540091ED0A2A91ED0D1A81EE020AC3
:1035F000B1EE411AC1EE020AF3F766FDFFE7FFE7FD
:10360000019890ED110AB5EE400AF1EE10FA18D1CA
:10361000FFE701989DED021A90ED002A90ED150A42
:1036200021EE021A9DED042AA1EE020A80ED150A90
:1036300090ED0A0A90ED151A20EE010A8DED070AA9
:1036400028E001989DED030A90ED111AB4EE410AAD
:10365000F1EE10FA18DAFFE701989DED021A90EDED
:10366000002A90ED150A21EE021A9DED042AA1EE22
:10367000020A80ED150A90ED0A0A90ED151A20EE67
:10368000010A8DED070A04E00199002048650790C2
:10369000FFE7FFE70198007A012812D1FFE70198C0
:1036A00090ED001A90ED063A90ED082A90ED0B0A85
:1036B00032EE432A20EE020A80EE010A8DED060A60
:1036C00021E00198407A01280AD1FFE7019890EDA6
:1036D0000B0A90ED171A20EE010A8DED060A11E093
:1036E000019890ED001A90ED073A90ED0B0A9DEDD0
:1036F000042A32EE432A20EE020A80EE010A8DED02
:10370000060AFFE7FFE7019890ED030A90ED163AED
:10371000B7EE001A31EE401A9DED062A20EE030A9C
:10372000A1EE020A8DED060A0699816590ED0C1A4C
:1037300090ED140A20EE010A8DED050A9DED080AB0
:103740009DED071A30EE010A9DED061A30EE010AD2
:103750009DED051A30EE010A80ED080A90ED0E0A83
:10376000B5EE400AF1EE10FA0AD0FFE7019901F137
:103770002000D1ED0E0AB1EE600AF3F7A5FCFFE7D9
:103780000199C86C0861886C4861086A886104986E
:10379000C8610AB080BD00008EB002AA0092024645
:1037A00000980D9280ED0A0AC0ED090A80ED081A12
:1037B000C0ED071A80ED062AC0ED052A80ED043A17
:1037C000C0ED033A80ED024AC0ED014A80ED005A97
:1037D0008DF807100D990C9848620B9888620A982A
:1037E000C862099808630898486307988863039833
:1037F0000860029848600698C863059808640498B1
:1038000048649DF8070008720EB070470000000081
:1038100081B00090009890ED080A01B07047000058
:1038200082B001908DED000A01990098C86402B041
:10383000704700000000000081B000900098002157
:103840004172C160016141618161C1610162416296
:103850008162C162016341638163C1630164416448
:103860008164C164016541658165C16501B07047CE
:1038700087B006908DED050ACDED040A8DED031A93
:10388000CDED021A8DED012ACDED002A069905989D
:10389000086004984860039888600298C86001989E
:1038A00008610098886407B07047000000000000BD
:1038B00081B000900098002141618161C161016285
:1038C00041628162C1620163416341F26F22C3F6CA
:1038D00083228264C1640021C4F2A001016501B0A9
:1038E0007047012180F84C107047B0B50C4621F0AC
:1038F0000F01B1F5887F054610D0B1F5807F24D146
:1039000095F84D00D8B995F84C10012085F84D0078
:1039100005F1500089B1DCF7A9FF10E095F84E00E1
:1039200030B9012085F84E0005F1D800DCF7A2FF80
:1039300005EBC400A0F5F56005E0DCF793FF05EBAF
:10394000C400A0F5F66003C8B0BDDCF773FFF0B5A6
:1039500081B00E4621F00F011C461546B1F5887F57
:10396000074610D0B1F5807F26D197F84D00D8B921
:1039700097F84C10012087F84D0007F1500089B1ED
:10398000DCF774FF10E097F84E0030B9012087F89B
:103990004E0007F1D800DCF76DFF07EBC600A0F57D
:1039A000F56005E0DCF75EFF07EBC600A0F5F6600A
:1039B000C0E9005401B0F0BDDCF73CFF90F8810194
:1039C000704710B582B004460021D0F8780101910B
:1039D0000091694601AA01F0F3FFDDE900230146E9
:1039E0002046F3F7ABF90838B0FA80F0400902B08E
:1039F00010BD21F01F00A0F58070B0FA80F04009E2
:103A0000704780B50168CA684FF0FF3190470020C9
:103A100080BD084600F096B92DE9F04F81B053689B
:103A20005FEAD30C50D0D2F800E00027634600BF15
:103A300007EB53050EEBC5041EF8358094F8019092
:103A400094F802A0E27848EA09284AEA022648EAFD
:103A5000064602F0400246EA426222446FEA5304FC
:103A60001C448A4294BF6F1C5C08002C2346DFD1A3
:103A700057B367450EEBC70102D14FF0FF3C13E08F
:103A8000FA000EEB02031EF802205F789E78DD78C4
:103A900042EA072246EA052742EA074205F04007C4
:103AA00042EA476202EB030C11F808BD0E1D0BD071
:103AB0003278B778F578747847EA052742EA042225
:103AC00042EA0742012A03D1002001B0BDE8F08F8D
:103AD00091F8018091F8029091F803E0002A1ED439
:103AE00002F0804442EA4404A719A45D7D78BE78C0
:103AF000FB7844EA052446EA032344EA0345B5F18A
:103B0000FF3F0EDD05F08043EC19FD7904EB430A1D
:103B100007EB850303F1080500243E4628E015461F
:103B200000E03E46C5F30364022C12D0012C0AD0FB
:103B3000ACBB351D44F27B7A002A48BF0025C0F695
:103B4000020A002414E044F2837AC0F6020A002438
:103B500004E044F28B7AC0F6020A0224C5F3074758
:103B600006EB8703B2F1FF3F03F1040500DCB7B9B0
:103B70004BEA082349EA0E2743EA07430EF04007C1
:103B800043EA47631944C0E9561C44EAD271C0F8BD
:103B90007861C0E9585AC0F86C11012095E7DCF74C
:103BA00049FEB0B584B0044600680D46C2682046A0
:103BB0004FF0FF31904730F001002DD040F200016E
:103BC000C0F20001A0EB050591B103A902AA2846A5
:103BD000AFF30080B0FA80F100284FEA511016D1FF
:103BE000DDE90221CDE90012002918BF01210EE014
:103BF00047F63C3048F28C31C0F60200C0F60201B4
:103C00000090081A4FF00101019018BF0120C00771
:103C100018BF5FEAC17004D1012084F8800104B0AC
:103C2000B0BD6A4620462946FFF7F6FE0028F3D0CD
:103C3000F5E7B0B5054690F8800108B100240EE024
:103C40002846FFF7BEFE0446012808D12868012156
:103C5000426B2846904795F880010028EED1204617
:103C6000B0BD0C2906DD0F2908D00E290AD00D2978
:103C700006D009E08A1C03D04A1C05D1443008E074
:103C80003C3006E0403004E00C2904D8083000EB5A
:103C900081000068704780B5DCF7CCFD10B500F1FD
:103CA0000804204600F018FA2046BDE81040DCF772
:103CB00073BE0C2908DD0F290AD00E2904BF026447
:103CC00070470D2906D007E08B1C03D04B1C03D195
:103CD00042647047C26370470C299EBF083040F8A9
:103CE000212070478F2904BF8264704780B5DCF7BC
:103CF000A1FDB0B590F8802122B108462821DCF75B
:103D0000FDFCB0BDD0F86C4100F5B075D0E956CEE1
:103D10002CCD4C6101F108042CC4C1E900CED0F8CF
:103D20007021D0E95E35D0F87401C1E90835C1E9E8
:103D30000620B0BD02310020122938BF0120704793
:103D400070470000811C612900F26A8047F602304A
:103D5000C0F60200DFE811F062007D00A800AC00B0
:103D60009800B000B8009200A4009E009600AA003F
:103D7000A200880086006200C2007D007C007C00FA
:103D80007C007C007C007C007C007C007C007C0053
:103D90007C007C007C007C007C007C007C007C0043
:103DA0007C007C007C007C007C007C007C007C0033
:103DB0007C007C007C007C007C007C007C007C0023
:103DC0007C007C007C007C007C007C007C007C0013
:103DD0007C007C007C007C007C007C008400B400C3
:103DE000BC00C600BA008A009A00C8009C00B60059
:103DF000A600A000C000D200AE00D000CA00CE00D5
:103E0000D400CC007E008000C400D8008E00940056
:103E1000D6008200B2008C009000BE00A7A07047C0
:103E2000A0F580701F2813D8DFE800F0108A828682
:103E3000789298889E7C9C767A967484728E9AA4E6
:103E40009094A2A6807EAC70A8AAA08C6DA07047AA
:103E50009CA0704777A0704775A070476EA0704710
:103E600088A0704788A0704788A0704780A07047DE
:103E700067A070476BA0704764A0704789A0704727
:103E800067A0704784A0704789A0704777A07047EB
:103E900074A0704781A070476FA070477CA07047E6
:103EA0007FA070476DA0704783A0704779A07047CE
:103EB00080A0704765A070477CA0704755A07047F0
:103EC0006FA0704766A0704777A0704769A07047E1
:103ED0006AA070474CA070475EA0704778A07047FA
:103EE00052A0704764A070475FA0704755A070470C
:103EF00051A0704752A0704753A0704754A070471C
:103F00004EA0704745A0704747A0704722A0704759
:103F10002CA070472DA070472FA0704735A0704788
:103F20002CA070472EA070471DA070471DA07047A1
:103F300032A0704724A070472FA070472AA0704776
:103F40002FA0704710A070471DA0704719A07047A0
:103F500027A0704716A070471DA0704723A0704788
:103F600016A070471DA070471EA0704707A070479D
:103F70000EA0704710A070470BA0704705A07047B7
:103F800003A0704705A070476433310064333000EC
:103F900064323900643238006432370064323600EB
:103FA00064323500643234006432330064323200EB
:103FB00064323100643230006431390064313800D9
:103FC00064313700643136006431350064313400C7
:103FD00064313300643132006431310064313000C7
:103FE0006439000064380000643700006436000063
:103FF0006435000064340000643300006432000063
:1040000064310000643000007333310073333000DA
:10401000733239007332380073323700733236002E
:10402000733235007332340073323300733232002E
:10403000733231007332300073313900733138001C
:10404000733137007331360073313500733134000A
:10405000733133007331320073313100733130000A
:1040600073390000733800007337000073360000A6
:1040700073350000733400007333000073320000A6
:104080007331000073300000723132007231310040
:10409000723130007239000072380000723700004F
:1040A0007236000072350000723400007233000076
:1040B0007232000072310000723000007370000034
:1040C0006C720000756E6B6E6F776E20726567693B
:1040D000737465720000000010B5044690F8450046
:1040E00050B194F84400002804F1480002D0DCF7F5
:1040F0005FFC01E0DCF758FC94F8460028B104F1BD
:10410000D000BDE81040DCF757BC10BD70477047C9
:104110007047F0B581B01546DDE906720E46896834
:104120001C467AB1814204D040684968DCF7BCFC87
:1041300060B931462A462346069701B0BDE8F040F3
:1041400000F088B8406849688842F2D001B0F0BDFC
:104150002DE9F0411646069A0C46896898460746AE
:104160008AB1B94230D07D6849682846DCF79CFCAA
:1041700050B32068B8420ED041682846DCF794FC62
:1041800048B1BDE8F0817868496888421CD0216850
:1041900049688842F5D12069B04220D06069B042B8
:1041A0001DD0D4E90901C4F82080013101286661DD
:1041B000A16205D1A069022804BF012084F836005D
:1041C0000420E062BDE8F0816068B042D9D1E069C6
:1041D00001281CBFC4F81C80BDE8F081D1E7B8F10C
:1041E000010F18BFBDE8F08101202062BDE8F08119
:1041F00080B5D1F824E0BEF1000F10D0D1F814C082
:10420000886B844502D1086990420FD00EF10100FD
:10421000486202208861012081F8360080BD886BE9
:104220008B61C1E904200120486280BD88690228B1
:1042300004BF8B6180BDF1E780B5D1F808C0D0F82C
:1042400004E0DCF80400864518BF80BDBDE880406E
:10425000FFF7CEBF80B548684FF0010E984281F855
:1042600035E000D080BD0B69DDF808C081F834E08E
:104270002BB193420FD0486A0130486217E0012009
:10428000BCF1010F0A61C1F818C04862EAD1086B9D
:1042900001280CD0E6E78A69022A04BFC1F818C0D9
:1042A0006246086B012818BF80BD012ADAD10120BF
:1042B00081F8360080BD2DE9F04190B00546406898
:1042C0004B68984233D047F210131446C0F60203ED
:1042D00047F21C12C0F602020846194600230027C6
:1042E00000F0ACFD20B3276837B30DF10408064693
:1042F00008F104003821DCF701FA4FF0FF30049098
:10430000012031688DF83B000D900395CD69304652
:1043100041463A4601230196A84707980138B0FA6A
:1043200080F04FEA501704BF0598206000E0012795
:10433000384610B0BDE8F081DCF77CFA2DE9F04397
:1043400083B0DDE90A940E4689689846154607460B
:1043500084B1B94204D078684968DCF7A5FB68B934
:1043600031462A464346CDF8289003B0BDE8F043D5
:10437000FFF770BF786849688842F1D0B8682A466C
:10438000016843464F693146CDE90094B84703B010
:10439000BDE8F0832DE9F04383B0DDF828900C46AA
:1043A000896898461546B9F1000F07462FD0B942E3
:1043B0003FD07E6849683046DCF776FBC8B320689A
:1043C000B84204D041683046DCF76EFB38BB206948
:1043D000A84237D06069A84234D0E06AC4F820808F
:1043E000042837D00020A086B868012601682A4634
:1043F0004F6921462B46CDE90069B84794F835004E
:1044000030B394F834000321E16280BB22E0786885
:10441000496888420DD0216849688842D7D0B86879
:104420002A46016843468F692146CDF80090B84777
:104430001DE06068A8421AD1E069012818BFC4F8DD
:104440001C8014E0B8F1010F04BF012020620EE0CF
:104450000420E062D4E90901656101310128A1620B
:1044600005D1A069022804BF012084F8360003B0FA
:10447000BDE8F08380B5D1F808C0D0F804E0DCF8DE
:1044800004C0E64507D08068D0F800C0DCF81CC046
:10449000BDE880406047BDE88040FFF7A9BE00004E
:1044A00080B588B001900790069105920699009119
:1044B00000218DF81310FEF7EBFA00980199059A88
:1044C00092ED000A01F032F9FFE701208DF81300A8
:1044D0009DF8130058B906E0024601980392029134
:1044E000FEF7E6FA05E00198FEF7E2FAFFE708B00A
:1044F00080BD00F0D1FA000000A070477374643AE8
:104500003A6261645F657863657074696F6E00001C
:10451000042100F0CAB8000081B08DED000A9DEDC5
:10452000000AB0EEC00A01B07047000000000000B1
:1045300080B588B08DED060B8DED041B06980390B9
:1045400007990091049A0292059B019302F0DAF810
:104550000099DDF804C0029A03460398002B08BFB7
:104560006146002B08BF104641EC100B08B080BD1F
:1045700080B584B003900291039801F0B9FF41EC3B
:10458000100B8DED000B029801F0B2FF9DED000BBA
:1045900041EC110BFFF7CCFF04B080BD0000000020
:1045A00080B582B08DED010A9DED010A01F05AFE41
:1045B00002B080BD7047704780B5804704A000F00E
:1045C000D9FD00F0FFF80CA000F0D4FD00F0E1F8F8
:1045D0007465726D696E6174655F68616E646C6547
:1045E0007220756E65787065637465646C7920728D
:1045F000657475726E6564007465726D696E617460
:10460000655F68616E646C657220756E6578706553
:10461000637465646C7920746872657720616E20BC
:10462000657863657074696F6E00000080B58047BF
:1046300001A000F09FFD00BF756E65787065637422
:1046400065645F68616E646C657220756E65787014
:1046500065637465646C792072657475726E6564E7
:104660000000000040F2BC10C2F200400068704739
:1046700040F2C010C2F200400068704710B500F070
:104680001CFA08B104681CB9FFF7ECFFFFF794FFB0
:1046900004F12800F5F7ECFC0028F5D06069FFF77D
:1046A0008BFF00F076F8DBF7ECBEFFF7FCBF0000F5
:1046B00081B0ADF80200BDF9020000280ED4FFE77A
:1046C000BDF9021001F01F02012090404A094EF28C
:1046D0000011CEF2000141F82200FFE701B070475F
:1046E0004EF60C50CEF200000068C0F30220704776
:1046F00082B0ADF806000091BDF9060000280AD48A
:10470000FFE700980001BDF906104EF20042CEF21C
:10471000000288540BE000980001BDF8061001F07B
:104720000F014EF61452CEF200028854FFE702B099
:10473000704700000000000083B00290029800F073
:10474000070000904EF60C51CEF20001086801906F
:1047500001984FF6FF02104001900198009A40EA3C
:1047600002200022C0F2FA52104301900198086022
:1047700003B0704700000000704708461146F8F784
:104780004BB808461146F8F747B808461146F8F7FF
:1047900043B880B500F016F8FFF770FFB0B587306A
:1047A00020F007042046F5F787FC054630B128467F
:1047B0002146DBF7A3FF05F18000B0BDFFF75EFFE8
:1047C000FFF7E7FF70B50546F5F752FC064600F027
:1047D0006FF904462846283800BF7EB1C169002918
:1047E00048BF4942226801319042C1611CBF8261C9
:1047F0002060616801396160C06C70BD216800296A
:1048000002BF206005F1580070BDFFF737FFFFF7CA
:10481000C0FF10B5044600F04BF9D4E9001244F68D
:104820004E43C0F24303090A83EA122341EA0261BC
:1048300042F62B32C4F2437251401943A4F12801CD
:104840000AD154F8042C1AB98368816044F8083CF2
:10485000501C44F8040C02E0826812B98160012007
:1048600010BDFFF70BFFFFF794FF00002DE9F04F9D
:1048700087B020B90020FFF7A5FFFFF7FFFE054630
:10488000FFF7A0FF2846F5F7F3FB074640B16C6B36
:1048900055E9060BEE6AA5F1280A4FEAE47806E02E
:1048A000FFF7E0FE83464FF0000AFFF7E1FEFFF757
:1048B000BDFEFFF787FF002F67D016F8011B06A883
:1048C0000696F5F7FFFD06980178FF295FD0CDE940
:1048D000034800F1010800204FF0000918F9011BFE
:1048E00001F07F02824049EA0209002900F1070035
:1048F000F4D4CDF8188000F0E0F806680746002EE2
:1049000045D006F128042046F5F7B2FBB6EB0A01C4
:1049100018BF01210840C844DDF8109001281DD1BE
:10492000D6F808A0204603C800BF42F60132C4F200
:104930002B32504044F64762C4F24C325140084397
:1049400014BF06F1800CD6F804C0039849464246CD
:104950005346CDE900C5F5F78DFE60B347F29420CC
:10496000C0F6020000F10806059647F234130398DA
:1049700005AFC0F6020349464246CDE90075F5F79A
:1049800079FE38B105A8AFF3008000F046F858462C
:10499000FFF712FE00F041F80420FFF7FFFE06606B
:1049A00047F2341144F2B552C0F60201C0F60202D9
:1049B00000F0DCF80EE0F06979684042F061481CD4
:1049C000786000F02AF800F028F82046FFF7FAFE99
:1049D00000F09FF805A8AFF3008001E000E0FFE7DA
:1049E00000F01BF800F058F8FFF7D3FE10B578B1CF
:1049F000044650F87C0C013844F87C0C08D154F87B
:104A0000741C09B120468847A4F18000F5F744FBE7
:104A100010BDFFF7BEFEFFF7BCFEB0B500F04DF8CD
:104A200005460068D0B1014651F8282F44F64E449F
:104A30004B68C0F24304120A84EA132442EA036278
:104A400042F62B33C4F243735A40224307D1C16963
:104A5000B1F1FF3F09DD0139C1610BD0B0BD08469E
:104A6000F2F7A7F800202860B0BD0131C161F5D38D
:104A70008069F8E78169296090F82810012905D13B
:104A80004168A1F18004F5F707FB20468030BDE8BE
:104A9000B040FFF7ABBF00001EB47446F5F7AFFDA2
:104AA000A646024CA4461EBC60470000956C010857
:104AB00042F2D070C2F20040704742F2D070C2F2AF
:104AC00000407047F0B581B00646A0F18007002095
:104AD00014460D4646F87C0CFFF7CAFD46F8700CEC
:104AE000FFF7C0FD46F86C0C44F6476042F6003113
:104AF0004AF25F62C4F24C30C4F22B31C0F60102BC
:104B000046E91E5446E91610384646F8502C01B0C6
:104B1000F0BD70B5FFF7CCFF05682DB32C4654F8F7
:104B2000281F44F647636268C4F24C335A4042F689
:104B3000003321F0FF01C4F22B33594051EA020641
:104B400006D1E96942684942E961511C416001E0CE
:104B5000002101602046F2F761F82046FFF732FE9F
:104B600016B96869FFF728FDFFF788FD70B5144690
:104B70000D460646FFF79CFF416822460131416021
:104B800030462946FFF79EFF04460120606004F18D
:104B90002800F2F743F82046F5F750FC000000002B
:104BA00080B582B042F26871C2F2004101910020EA
:104BB00008609FED0B0ADFED0B0ACDED000A01F056
:104BC0008BF8DDED000A019880ED010A9FED060AE1
:104BD00001F082F8019880ED020A02B080BD00BFAA
:104BE000583934BE0BEFF2BD5839343E0000000096
:104BF00080B582B042F27471C2F20041019100208E
:104C000008609FED0B0ADFED0B0ACDED000A01F005
:104C100063F8DDED000A019880ED010A9FED060AB8
:104C200001F05AF8019880ED020A02B080BD00BF81
:104C3000583934BE0BEFF2BD5839343E0000000045
:104C400080B582B042F28071C2F200410191002031
:104C500008609FED0B0ADFED0B0ACDED000A01F0B5
:104C60003BF8DDED000A019880ED010A9FED060A90
:104C700001F032F8019880ED020A02B080BD00BF59
:104C8000583934BE0BEFF2BD5839343E00000000F5
:104C900080B582B042F28C71C2F2004101910020D5
:104CA00008609FED0B0ADFED0B0ACDED000A01F065
:104CB00013F8DDED000A019880ED010A9FED060A68
:104CC00001F00AF8019880ED020A02B080BD00BF31
:104CD000583934BE0BEFF2BD5839343E00000000A5
:104CE00080B582B042F29871C2F200410191002079
:104CF00008609FED0B0ADFED0B0ACDED000A00F016
:104D0000EBFFDDED000A019880ED010A9FED060A38
:104D100000F0E2FF019880ED020A02B080BD00BF02
:104D2000583934BE0BEFF2BD5839343E0000000054
:104D300080B59FED070AFFF733FCB0EE001A80EE56
:104D4000010A42F2BC70C2F2004080ED000A80BD50
:104D500015C7813E0000000080B59FED070AFFF7F0
:104D60001FFCB0EE001A80EE010A42F2C070C2F2DF
:104D7000004080ED000A80BD15C7813E00000000A4
:104D800080B59FED070AFFF70BFCB0EE001A80EE2E
:104D9000010A42F2C470C2F2004080ED000A80BDF8
:104DA00015C7813E0000000080B59FED070AFFF7A0
:104DB000F7FBB0EE001A80EE010A42F2C870C2F2B0
:104DC000004080ED000A80BD15C7813E0000000054
:104DD00080B59FED070AFFF7E3FBB0EE001A80EE07
:104DE000010A42F2CC70C2F2004080ED000A80BDA0
:104DF00015C7813E000000004AF24000C4F20000E6
:104E0000006840F20C41C2F20041086070470000A7
:104E100080B582B042F69020C2F200400190F8F7CF
:104E2000EBFF01994DF6C970C0F6010040F2000297
:104E3000C0F60002DBF7C4FB02B080BD2DE9F043F1
:104E400085B00746884602A8394699461546F5F7C3
:104E5000F3F8039E294630460022F4F798FF029C9F
:104E600058B1049E3846214642462B46CDE900699A
:104E7000F5F778F805B0BDE8F083384621462A46B4
:104E80003346CDF80090F5F7A3F810B105B0BDE8B2
:104E9000F0833846214642462B46CDE90069F5F7B6
:104EA0001BF805B0BDE8F08380B5084600F05EF958
:104EB0000921002808BF0521013818BF084680BD18
:104EC0002DE9F0418CB0074600294FF0030000F0B7
:104ED0008B801546002A00F0878008460C46F5F7BF
:104EE000C7F827F00801022961D00646012928D019
:104EF000002945D138075AD402A801213246234659
:104F00000095F5F7EFF89DF8200008284FD0062807
:104F10006AD100200B900BAF284600210D22002300
:104F20000097F1F7D3FE0B98206246B107980299DB
:104F300004AF04F1240C8CCF8CE88D006163062053
:104F400052E00020D4F8208002900DF1080C284691
:104F500000210D220023CDF800C0F1F7B7FE029822
:104F600080450FD17EB304F124078FCF079004A8AA
:104F70000EC0F817CDE9027006208DF820002DE054
:104F8000032031E038074FF00A0102A832462346D9
:104F900058BF02210095F5F7A5F89DF820000828D4
:104FA00005D0062820D12046FFF733FC16E0204626
:104FB0002946FFF779FF0146052818BF0920002977
:104FC00008BF082010E002A8062100222346009511
:104FD000F5F788F89DF82000062808D102AA204697
:104FE0002946F5F733FA07200CB0BDE8F0812046DA
:104FF000FFF7E8FBFFF742FB70B505460068144673
:10500000426928460E46904740B128683146826979
:1050100028469047C4E90001002070BD4EF272603E
:10502000CFF6FF7070BD10B502680C46526A90470B
:1050300061680020002904BF4EF26B60CFF6FF705C
:1050400010BD70B5054600681446826828460E46B5
:10505000904738B128683146C2682846904720609A
:10506000002070BD4EF27260CFF6FF7070BDB0B51B
:10507000044647F24C20C0F6020042F6E412083023
:10508000C2F20042C4E9000204F1080000254022F7
:10509000A4F84C5084F84E50DBF797FA04F1500016
:1050A0004FF49971A564DBF729FB20460021FEF738
:1050B00078FD0020B0BD80B50168896A88474EF24E
:1050C0007460CFF6FF7080BD0168C96B08472DE999
:1050D000F0410546006816464269284698460F4644
:1050E000904748B128683946C46928463246434645
:1050F000A0470020BDE8F0814EF27260CFF6FF704D
:10510000BDE8F08170B58AB0044600681646826832
:1051100020460D46904718B320682946036920466B
:1051200032469847681C19D120686946426A204671
:10513000904720680021426B20469047049868B150
:1051400020686FF00101C268204690472168049AE8
:105150000B69024420466FF001019847002003E0EC
:105160004EF27260CFF6FF700AB070BD01680A6A35
:105170000021104780B5DBF75DFB70B54FF683115A
:10518000C3F6226101F068FB4FF07A5101F08EFA0C
:10519000044601F015FB054600212046002601F0DB
:1051A000DBFA002818BF013D284601F017FB014635
:1051B000204601F0ADFB4FF0884101F04DFB044665
:1051C00001F005FB05464FF04441204601F06EFA20
:1051D000B6EB552F064614BF00252646284601F09B
:1051E00004FB0146304601F093FB47F2BC21C0F6B8
:1051F000020101EB850251F82540054656684FF043
:105200007E50294601F084FB214601F025FB04462F
:105210002846314601F020FB0146204601F046FABF
:1052200070BD00002DE9F04703880F88BB424BD1C9
:1052300047884E88B74247D11688B34244D1568832
:10524000B74241D107FB03F8466800234D68B3EB32
:10525000980F546827D04FEA9800C0F1000900BFAA
:105260003068296801F022FA20607068696801F0EE
:105270001DFA6060B068A96801F018FAA06006F134
:10528000100AF06805F11007E96801F00FFA04F15F
:105290001001E06019F1010956460C463D46DFD188
:1052A0003D460C46564618F003000BD0474200BF5F
:1052B00056F8040B55F8041B01F0F8F944F8040BF8
:1052C0000137F5D1002000E0FD2040B2BDE8F087B5
:1052D00001804280436070472DE9F04F93B006880B
:1052E000B0F802B05E4540F059810A88FD2596422B
:1052F00040F055814B889A4240F05181002E47681A
:1053000000F032816FF00300009700EB86094C68D3
:10531000002706964FF07E58039420460698801B7F
:1053200009D0B9002046DBF7E9F9002001308742B7
:1053300004F10404FAD104F1040AC4F80080751ED3
:1053400010D0A9EB87015046DBF7D8F9012054466D
:105350000130864204F10404FAD1002D07F101075F
:105360002E46DBD1069E002E009F00F0FD8004201B
:10537000CDF828B000EB8B00A6F1010A019007EBF5
:105380008B044FEA8B08381DCBF1000100220C91F1
:10539000CDE907B8B24280F00681099002FB0BF01C
:1053A0000497002507EB800157F820900F914F4696
:1053B000039901EB800110920E910294CDF814A094
:1053C00005E000BFAAF1010A2768444435460021E0
:1053D000384601F0BAF938B93846294601F0A7F93C
:1053E00000283E4607D007E087F0004628463146B1
:1053F00001F0B2F900B92E46BAF1000FE2D1002156
:10540000304601F086F9002840F0CD8029F00040B8
:10541000314601F07EF90028DDE90516109C06D121
:10542000E043801903D0002001308142FCD10021EB
:10543000484601F06EF900280A9F40F0B480ABEBBB
:10544000040108460D9101290F994FF07E50086024
:105450000BD00124099D00BF2868494601F08FF94F
:1054600045F8040B0134A742F6D10C9C0E9D00BFF9
:105470002868494601F083F945F8040B0134F7D157
:105480000D98002401380B90DDE903A7109A00BFA6
:10549000944205D10D980AEB8B0A07EB800741E097
:1054A000D7F800900F980168484601F0D5F90146F9
:1054B000484601F02DFA47F8040B0B980028CDE977
:1054C00011641BD04FF001084FF0000BDDE90964B7
:1054D00056F80B10484657F80B5001F0BDF901463D
:1054E000284601F015FA08F1010847F80B00444579
:1054F0000BF1040BECD15F44DDE907B80C9E0E9C68
:1055000054F8041B4846DAF8005001F0A5F90146AA
:10551000284601F0FDF94AF8040B0136F0D1129C3F
:10552000DDE9102607EB8207013E04F10104AFD14B
:105530000A9801320138049F0A9007F10407DDF848
:1055400014A0DDE901040999AAF1010A0144069EAB
:10555000044408467FF41EAF00214846002501F0B0
:10556000D8F80028009F1AD00BFB06F50024002D68
:105570004FF000060AD000BF3868002101F0C9F8DA
:1055800020B10136AE4207F10407F5D3AE4208BFA1
:105590006FF00404204613B0BDE8F08FFD2568B21B
:1055A00013B0BDE8F08FFB25F9E700002DE9F04FBF
:1055B00093B047880B889F4240F0B28006881388DA
:1055C0009E4240F0AD804D8853889D4240F0A880B7
:1055D0000796BE08436806FB05F0496827F0030CF0
:1055E00001EB0010039102900020A0EB97010D93B6
:1055F00007F00304099103EB8C0351680A932B46CF
:105600004FEA8509019161420C9605970B94089128
:10561000049500BF0690019901EB8008DDE902BA0C
:105620000C98002811934BD0CDF838B00024CDF859
:105630004080DDF824B0DDF83480CDF83CA000BF18
:10564000DAF8001098E8C100D8F80C20129201F0A6
:1056500003F90146204601F029F804465AF80910DA
:1056600030460AEB090501F0F7F80146204601F043
:105670001DF8044655F80910384605EB090601F0F7
:10568000EBF80146204601F011F8044656F80910DF
:10569000129806EB090501F0DFF80146204601F0FB
:1056A00005F81BF1010B08F11008044605EB090A87
:1056B000C6D1DDF838B05D460A9EDDE90FA802E0EC
:1056C00000240D9E55460B9868B1089F56F8040BB0
:1056D000296801F0C1F80146204600F0E7FF0137D4
:1056E00004464D44F2D148F8044B0AF1040A119BD8
:1056F0000BF1040B013B93D105980D9901EB80014F
:10570000049B0D910799069A01391A4407910A9949
:1057100001EB800110460A917FF47CAF002000E08D
:10572000FD2040B213B0BDE8F08F00002DE9F0433A
:1057300081B003881788BB423DD18946418857888C
:10574000B94238D101FB03F8466800215568B1EB36
:10575000980F21D04FEA9800474200BF3068494671
:1057600001F07AF828604946706801F075F86860C1
:105770004946B06801F070F8A8604946F06806F143
:10578000100401F069F805F11001E86001372646C0
:105790000D46E3D10D46264618F0030009D04742D6
:1057A00056F8040B494601F057F845F8040B013749
:1057B000F6D1002000E0FD2040B201B0BDE8F0834A
:1057C0002DE9F04703880F88BB424BD147884E88AC
:1057D000B74247D11688B34244D15688B74241D127
:1057E00007FB03F8466800234D68B3EB980F546835
:1057F00027D04FEA9800C0F1000900BF306829683F
:1058000001F086F820607068696801F081F86060D6
:10581000B068A96801F07CF8A06006F1100AF06891
:1058200005F11007E96801F073F804F11001E06078
:1058300019F1010956460C463D46DFD13D460C465E
:10584000564618F003000BD0474200BF56F8040B31
:1058500055F8041B01F05CF844F8040B0137F5D14E
:10586000002000E0FD2040B2BDE8F0872DE9F04FB8
:1058700083B002884B889A424DD144880B889C4261
:1058800049D10023D1F804804FEA940C416804F018
:10589000030ECDF80080A3EB94040294140196004B
:1058A0000194CEF1000B4046BCF1000F1ED04746DC
:1058B000029C00BF08683D4638603744486807EBE3
:1058C0000609A85101F11000D1F808A0013447F8E9
:1058D00006A009EB0607C968374449F806100146D7
:1058E000E8D101996C18014603E000BF009800EB75
:1058F0008304BEF1000F07D05D4600BF51F8040BD2
:10590000013520603444F9D10133013A08F104082B
:10591000CAD1002000E0FD2040B203B0BDE8F08F06
:1059200070B54FF68311C3F6226100F095FF04466F
:1059300000F046FF054600212046002600F00CFF3F
:10594000002818BF013D284600F048FF01462046C8
:1059500000F0DEFF4FF0884100F07EFF044600F0CB
:1059600036FF05464FF04441204600F09FFEB6EB5F
:10597000552F064614BF00252646284600F035FF61
:105980000146304600F0C4FF47F2BC21C0F60201D8
:1059900001EB850251F82540054656684FF07E50D0
:1059A000294600F0B5FF214600F056FF0446284680
:1059B000314600F051FF0146204600F077FE70BDF1
:1059C0000368002B08D401230B60C1790423043041
:1059D00003EB810111607047C3F3036CBCF1000F4E
:1059E0000FD0BCF1030F04D0BCF1010F1CBF00208D
:1059F0007047C3F3074C042303EB8C034FF0020CF6
:105A000002E04FF0010C04231360C1F800C070479E
:105A100080B582B000200190E1F7BAF9EAF710FCF6
:105A2000E9F7EAF9E9F7A8F8E9F726F9E9F764F9F7
:105A3000E9F7A2F9E9F788FAE9F7C2FAE9F708FC09
:105A4000E9F72AFDE9F7DCFCE9F76EFDE9F7B0FBC1
:105A5000E9F76AFBE9F724FBE9F742FCE9F788FC80
:105A6000EBF792FBFFE7EBF71BFCFCE741000802BA
:105A700018BF04200A0E18BF40F001004FF07F420B
:105A800032EA010108BF40F00200012808BF0520EA
:105A90007047000010B510EE104A4FF01A402DED7F
:105AA000028B00EB4400B0F1C85F4AD84FF0FC40D5
:105AB000B0EB440F22D2B0EEC00AF7EE000A30EE8F
:105AC000C00AF6EE000A20EE208A18EE100A00F056
:105AD000A7FC00EE100A14F0004F1DBF9FED281A1E
:105AE000DFED280AB1EE400A9FED271A08BFF0EE5D
:105AF000410AF8EE001A20EE210A05E020EE008AA5
:105B00009FED221ADFED220ADFED221A9FED222AF5
:105B100070EEC00A20EE080A08EE212ADFED1F1AF7
:105B200048EE021A9FED1E2A08EE212ADFED1D1A0B
:105B300048EE021ABDEC028B40EE610A30EE810A9B
:105B400010BD4FF0CC40B0EB440F82BF9FED160A62
:105B5000BDEC028B10BD4FF07F40B0EB440F05D27F
:105B6000BDEC028BBDE8104000F099BB0120DAF7D4
:105B70005BFEBDEC028BBDE8104000F097BB00005F
:105B80000000494022AA7D3A000000000000C93F01
:105B900022AAFD3924FE1C3DC78AD83C1E67383D29
:105BA0001B93993DAFAA2A3EDB0FC93F10B54FF0BA
:105BB0000E402DED028BB0EE408A18EE104A00EB3D
:105BC0004400B0F1506F4AD84FF0FC40B0EB440FA6
:105BD00022D2B0EEC80AF7EE000A30EEC00AF6EEA6
:105BE000000A60EE208A18EE900A00F019FC01EE1F
:105BF000100A14F0004F1DBFDFED2D0A9FED2D0A96
:105C0000B1EE411ADFED2C0A08BF9FED2C0AF8EE29
:105C1000001A21EE218A05E0DFED290A68EE088AE4
:105C2000B0EE600A9FED271ADFED271A30EE080A62
:105C300048EE811A9FED251A08EEA11ADFED241A0D
:105C400048EE811A9FED231A08EEA11A68EE281A71
:105C5000BDEC028B01EE810A30EE200A10BD4FF040
:105C6000E440B0EB440F0CD918EE100AFFF7FEFE2B
:105C7000042808BF00F022FBB0EE480ABDEC028BFE
:105C800010BD4FF07F40B0EB440F07D2B0EE480A92
:105C9000BDEC028BBDE8104000F001BB0120DAF73B
:105CA000C3FDBDEC028BBDE8104000F0FFBA000060
:105CB0000000C9BF22AAFDB90000C93F22AAFD39D0
:105CC0000000000024FE1C3DC78AD83C1E67383DFA
:105CD0001B93993DAFAA2A3E70B54FF068422DED57
:105CE000048BF0EE408A18EE900AB0EE608A18EE4F
:105CF000101A02EB4003B3F1654F3CBF02EB4102C7
:105D0000B2F1654F7DD200BFC0F3C753C1F3C75294
:105D10009A1A1B2A09DD10F0004F14BF9FED830A69
:105D20009FED830ABDEC048B70BD12F11A0F36DAB9
:105D300011F0004F09D010F0004F0CBF9FED7D0A0D
:105D40009FED7D0ABDEC048B70BD88EE889A19EE3C
:105D5000100AFFF78BFE042808BF00F0AFFA18EE18
:105D6000900AFFF783FE054618EE100AFFF77EFE45
:105D7000044619EE100AFFF779FE042D18BF052D11
:105D800008D1042C18BF052C04D1002804BF022020
:105D9000DAF74AFDB0EE490ABDEC048B70BD420053
:105DA000B2EB410F3AD910F0004F19BFDFED630A93
:105DB0009FED630ADFED630A9FED630AB0EE481AB8
:105DC0000A46B1EE688A80F00041F0EE418A104642
:105DD0000A1A5200B2F1807F34D2484010F0004FCE
:105DE000DFED5A1A9FED5A2A1DBFBEEE001A70EE63
:105DF000E10A30EE420AB6EE001A08BF70EEA10AC0
:105E000000E040E008BF30EE020AB0EE682A01EE82
:105E1000482A08EE818AC2EE081A15E011F0004FF8
:105E200004BF9FED4C0AF0EE400AD1D010F0004FB5
:105E300019BFDFED490A9FED490ADFED490A9FEDE1
:105E4000490AC5E7C8EE881A21EEA11A9FED462A35
:105E5000DFED462A41EE022A9FED452A01EE222A75
:105E6000DFED442A41EE022A9FED432ABDEC048B6C
:105E700001EE222A21EE811A01EE020A30EE210AF9
:105E800030EE200A70BD4FF07F42B2EB400F28BFCA
:105E9000B2EB410F09D2F0EE480AB0EE680ABDEC51
:105EA000048BBDE8704000F0FDB940EA01035B00DF
:105EB00008BF41F0FF410BD0B2EB400F08BFB2EB7F
:105EC000410F08D120F0804008EE900A21F0804177
:105ED00008EE101A18E7B2EB400F12BF5FEA410359
:105EE00040F0FF4001F000413FF40EAFB2EB410F34
:105EF00012BF5FEA400200F0004041F0FF413FF472
:105F000003AF4A0092EA40033FF5FEAE002AACBF61
:105F10009FED1A0A9FED1A0A68EE808A28EE008A21
:105F200018EE900A18EE101AEEE60000DB0FC9BF5B
:105F3000DB0FC93FDB0F4940DB0F49C00000C9BF81
:105F400022AAFDB90000C93F22AAFD390060ED3E3A
:105F5000C30ACE3700000000000049C022AA7DBA63
:105F60000000494022AA7D3A2DAD65BD8FB8D53DD0
:105F70000FB511BE61C84C3EA8AAAABE0000804F52
:105F80000000802F10EE101A08B5444A6846B2EBA4
:105F9000410F28D94FF0E640B0EB410F94BF0020ED
:105FA0004FF0FF3000900098002861DB60EE000A9F
:105FB00010F0010F45D010F0020FDFED391A9FED00
:105FC000391A00EEA11ADFED381A40EE811A21EEDF
:105FD000A01AF0EE400A40EE010A08BFF1EE600A96
:105FE000B0EE600A08BD314B21F0004293423CD92B
:105FF00011F0004FDFED2E0A20EE201ADFED2D0A02
:1060000019BF31EE601A71EE200A31EE201A71EEDE
:10601000600ABDEEE01A11EE100A9FED271A00F09B
:10602000030000EEC10A9FED251A009000EEC10AA0
:106030009FED231A00EEC10A9FED221A00EEC10A5D
:10604000B1E79FED211A9FED210A10F0020F00EE3B
:10605000810A9FED1F1A00EE801AB7EE000A00EECB
:10606000810A18BFB1EE400A08BD00F02FF99AE787
:1060700010EE100A4000B0F17F4F3CBFB7EE000AAF
:1060800008BD07D14FF00100DAF7CEFBBDE80840AC
:1060900000F00CB9BDE8084000F001B9B61F927ECF
:1060A000336D4CB9DA82083CA0AA2ABE490E494693
:1060B00083F9223F0000004B0000C93F00A0FD39DA
:1060C0000020A2331A61342CB93AB2BACA9F2A3DD1
:1060D000DDFFFFBE00B510EE101A2DED028B81B072
:1060E000524A6846B2EB410F2ED94FF0E640B0EB72
:1060F000410F94BF00204FF0FF3000900098B0EEA9
:10610000408A00286ADB10F0010F4BD068EE080AC5
:106110009FED471A9FED470A00EE810A9FED461A50
:1061200010F0020F00EE801AB7EE000A00EE810AAE
:1061300002BF01B0BDEC028B00BD00BF01B0B1EEEB
:10614000400ABDEC028B00BD3C4B21F00042934263
:1061500041D911F0004FDFED3A0A20EE201ADFEDB1
:10616000390A19BF31EE601A71EE200A31EE201A99
:1061700071EE600ABDEEE01A11EE100A9FED321AC0
:1061800000F0030000EEC10A9FED301A009000EE0F
:10619000C10A9FED2F1A00EEC10A9FED2E1A00EEE4
:1061A000C10AABE728EE080A9FED2B1ADFED2B0A98
:1061B00010F0020F40EE010A9FED291A00EE201A9E
:1061C00061EE000AB0EE480A08EE200AB6D101B02E
:1061D000BDEC028B00BD00F079F88FE718EE100AD5
:1061E0004000B0F17F4F0DD218EE100AFFF73EFCD1
:1061F000042808BF00F062F8B0EE480A01B0BDEC18
:10620000028B00BD09D10120DAF70EFB01B0BDEC15
:10621000028B5DF804EB00F049B801B0B0EE480A1B
:10622000BDEC028B5DF804EB00F039B8B61F927E2E
:10623000B93AB2BACA9F2A3DDDFFFFBE490E4946B0
:1062400083F9223F0000004B0000C93F00A0FD3948
:106250000020A2331A61342C336D4CB9DA82083C29
:10626000A0AA2ABE10B52DED028BB1EEC08A18EEA1
:10627000100A20F00040C0F1FF40C00F0AD010EE1D
:10628000100A20F00040C0F1FF40C00F04BF012001
:10629000DAF7CAFAB0EE480ABDEC028B10BD30EE58
:1062A000000A704730EE200A70470000DFED020A56
:1062B00080EEA00A70470000000000009FED020A77
:1062C00020EE000A70470000000000102DE9F001E8
:1062D0004FF07F42B2EB410F9FBF4FF0FF310160A3
:1062E000BDE8F00170474FF0004242EA0123C1F3DC
:1062F000C752783A551112F01F0C434CCCF12006CE
:106300007C44C1F3C752A2F178024FEA621204EB57
:10631000820254F8254008BFD2E9015612D05568D0
:1063200004FA0CF425FA06F73C43976805FA0CF5D5
:1063300027FA06F8D26807FA0CFCF24045EA08058D
:106340004CEA0206A4FB034CA5FB0352A6FB036325
:106350001D449D4234BF012600261319334416B153
:10636000934202D903E0934201D2012200E00022CD
:10637000624402F1200C9206DC0C42EA443200EE48
:10638000102A5B03DFED210AF8EEC01A00EE103A86
:106390004FEA9C1C11F0004FB8EE400AC0F800C054
:1063A00020EE201A00EE105ADFED190AB8EE400A6E
:1063B00020EE200A71EE810A70EE800A10EE902A1B
:1063C00002F500626FF30B0200EE902A70EEE11A04
:1063D00031EEC11ADFED101A30EE411A9FED0D0AB1
:1063E00020EE800A01EE210A9FED0C1A00EE810AD0
:1063F00004BFBDE8F0017047CCF180510160BDE8F9
:10640000F001B1EE400A7047C007000000000036FE
:106410000000802C22AAFD29DB0FC92F0000C92F04
:1064200010B500EE100A2DED028BB1EEC08A18EE09
:10643000100A20F00040C0F1FF40C00F0AD010EE5B
:10644000100A20F00040C0F1FF40C00F04BF01203F
:10645000DAF7EAF918EE100ABDEC028B10BD49100C
:1064600058BFC1F140415B1058BFC3F140438B425C
:10647000EFF300807047000051EA030C17D41CF5BD
:10648000801F58BFBCF5801F00F10680994218BFDD
:10649000704708BF9042704707D711F5801F58BF5B
:1064A00013F5801F19D499427047894270471CF533
:1064B000801F08D5BCF5801FF7D58B4218BF7047E9
:1064C00008BF824270474FF4001C1CEB410F38BFDD
:1064D0001CEB430F01D28B42704770B500F098F867
:1064E000922449004FF000514FF08053FFF7B7BF9F
:1064F00010F0004248BF4042B0FA80F310FA03F1B6
:106500000AD0C3F11D0303F5806302EB03524FEA87
:10651000415002EBD12170474FF00000704700005E
:1065200051EA030C17D41CF5801F58BFBCF5801F1F
:1065300000F10680994218BF704708BF904270472B
:1065400007D711F5801F58BF13F5801F19D4994242
:106550007047894270471CF5801F08D5BCF5801F25
:10656000F7D58B4218BF704708BF824270474FF47F
:10657000001C1CEB410F38BF1CEB430F01D28B42B8
:10658000704770B500F044F8922449004FF08051F4
:106590004FF00053FFF763BF51EA030C17D41CF50B
:1065A000801F58BFBCF5801F00F10680994218BFBC
:1065B000704708BF9042704707D711F5801F58BF3A
:1065C00013F5801F19D499427047894270471CF512
:1065D000801F08D5BCF5801FF7D58B4218BF7047C8
:1065E00008BF824270474FF4001C1CEB410F38BFBC
:1065F0001CEB430F01D28B42704770B500F008F8D6
:10660000922449004FF000514FF08053FFF727BF0D
:106610000EF1020E2EF0030E5EF8046B364205D426
:10662000012A43EB030515F5001F12D8012841EBA1
:10663000010C1CF5001F0CD80ED14FEAD17C0CEBDD
:106640004C0C0CF1020C15F5001F08BF4CEBD37C71
:1066500004E04FF0080C01E04FEAD37C0CEB4C0552
:1066600026FA05F606F00706B6F1040C06D20EEB84
:10667000860CBDE870404CF0010C6047DFE80CF080
:10668000090B02024FF00041A1F500214FF000007C
:1066900070BD19461046012851EB010418BFD4F50E
:1066A000001484BF002001F0004170BD00EE100A0C
:1066B00000EE901A30EE200A10EE100A704710B566
:1066C000FFF7DAFE0CBF0120002010BD10B5FFF768
:1066D000D3FE14BF0120002010BD10B5FFF720FF2E
:1066E0008CBF0120002010BD10B5FFF719FF2CBF93
:1066F0000120002010BD10B5FFF74EFF94BF012010
:10670000002010BD10B5FFF747FF34BF0120002067
:1067100010BD10B500F03CF80CBF0120002010BDEA
:1067200010B500F035F814BF0120002010BD10B5E1
:1067300000F062F88CBF0120002010BD10B500F001
:106740005BF82CBF0120002010BD10B500F06CF8E4
:1067500094BF0120002010BD10B500F065F834BFD3
:106760000120002010BD401058BFC0F1404049102A
:1067700058BFC1F140418142EFF30080704700EE05
:10678000100A00EE901A80EE201A11EE100A7047DF
:1067900000EE100A00EE901AB4EE600AF1EE10FA64
:1067A00078BF704700F000B810B500F05EF800BF89
:1067B000922449004FF000504FF08051FFF7D3BFB3
:1067C00000EE100ABDEEC01A11EE100A704700EE7E
:1067D000100ABCEEC01A11EE100A704700EE100A43
:1067E000B8EEC00A10EE100A704700EE100AB8EEBC
:1067F000400A10EE100A704700EE100A00EE901AE0
:10680000B4EE600AF1EE10FA78BF704700F000B8FD
:1068100010B500F02AF800BF922449004FF08050D4
:106820004FF00051FFF79FBF00EE100A00EE901AE4
:10683000B4EE600AF1EE10FA78BF7047AFF3008053
:1068400010B500F012F800BF922449004FF000503C
:106850004FF08051FFF787BF00EE100A00EE901A4C
:1068600020EE200A10EE100A70470EF1020E2EF0F4
:10687000030E5EF8044B244204D44FEA4102B2F105
:106880007F4F11D84FEA4003B3F17F4F0CD80ED1A0
:106890004FEAD07C0CEB4C0C0CF1020CB2F17F4FA8
:1068A00008BF4CEBD17C04E04FF0080C01E04FEA4C
:1068B000D17C0CEB4C0324FA03F404F00704B4F18C
:1068C000040C06D20EEB840CBDE810404CF0010C19
:1068D0006047DFE80CF0070802024FF00040A0F527
:1068E000800010BD0846420018BFD2F1807288BFF8
:1068F00000F0004010BDF1EE100A4FF6FF71C0F23B
:10690000C03120EA010040F04070E1EE100A70470B
:1069100000EE100A00EE901A30EE600A10EE100A37
:10692000704700009DE5FF7F08842300FFFF0122E0
:10693000001A00001A067200260678002C1C0000BF
:1069400048048C01004C1600006204980100664265
:10695000000000006DE5FF7F08840900FFFF0118BB
:10696000003400003404640042046A0050047000E3
:10697000560676005C44000049E5FF7F0884050068
:10698000FFFF010C0020000020083000281A000042
:1069900031E5FF7F08840500FFFF010C0034000093
:1069A000340844003C1A000019E5FF7F0884070002
:1069B000FFFF010C0024000024043800282E0000F2
:1069C00001E5FF7FB0088400FF0015010C02080AF2
:1069D000010A0400000E061401010000000000007E
:1069E000E1E4FF7FB0B0A800FF000D0104021A2609
:1069F0000101000000000000C9E4FF7FB00B84002B
:106A0000FF00110108080624010E1A000001000011
:106A100000000000ADE4FF7FB0B0AA00FF0011014C
:106A2000080A044A010E40000001000000000000B6
:106A300091E4FF7FB0B0A800FF00110108040454E6
:106A400001085000000100000000000075E4FF7F15
:106A5000B0AF0600FF00510147004200004204466B
:106A6000018A0104F402009A0106F20200B801361C
:106A7000F00200FE0118E802009602120000A802CF
:106A800004E80200AC02080000B40214E80200D6D8
:106A90000212F00200F40204FC0201F802080000F5
:106AA000010000000000000019E4FF7FB0B0A80062
:106AB000FF00110108180426011C082A010100002A
:106AC00000000000000000006E83F9A22915444E6A
:106AD000D15727FCC0DD34F5999562DB4190433CEA
:106AE000AB6351FE00000000000000000000000049
:106AF0000000000000000000010000000200000093
:106B00000300000004000000000000000500000079
:106B1000000000000000000000000000060000006F
:106B2000000000000000000000000000070000005E
:106B30000000000001020304010203040607080923
:106B40000001020304050607080C10141820304049
:106B500000061016000610160804020408010101C0
:106B6000010101030701000001000200040006000A
:106B700008000A000C001000200040008000000106
:106B80000000891112239B322446AD573665BF742D
:106B9000488CC19D5AAFD3BE6CCAE5DB7EE9F7F8DD
:106BA0008110080193331A22A5562C47B7753E640D
:106BB000C99C408DDBBF52AEEDDA64CBFFF976E8BD
:106BC00002218B30100299132667AF763444BD55ED
:106BD0004AADC3BC588ED19F6EEBE7FA7CC8F5D99D
:106BE00083310A2091121803A7772E66B5543C45CD
:106BF000CBBD42ACD99E508FEFFB66EAFDD874C97D
:106C000004428D5316619F702004A9153227BB36AC
:106C10004CCEC5DF5EEDD7FC6888E1997AABF3BA5C
:106C200085520C4397711E60A1142805B3373A268C
:106C3000CDDE44CFDFFD56ECE9986089FBBB72AA3C
:106C400006638F7214409D512225AB343006B9176C
:106C50004EEFC7FE5CCCD5DD6AA9E3B8788AF19B1C
:106C600087730E6295501C41A3352A24B11638074C
:106C7000CFFF46EEDDDC54CDEBB962A8F99A708BFC
:106C8000088481951AA793B62CC2A5D33EE1B7F02C
:106C90004008C919522BDB3A644EED5F766DFF7CDC
:106CA000899400859BB712A6ADD224C3BFF136E00C
:106CB000C1184809D33B5A2AE55E6C4FF77D7E6CBC
:106CC0000AA583B4188691972EE3A7F23CC0B5D1EC
:106CD0004229CB38500AD91B666FEF7E744CFD5D9C
:106CE0008BB502A499961087AFF326E2BDD034C1CC
:106CF000C3394A28D11A580BE77F6E6EF55C7C4D7C
:106D00000CC685D71EE597F42880A1913AA3B3B2AB
:106D1000444ACD5B5669DF78600CE91D722FFB3E5B
:106D20008DD604C79FF516E4A9902081BBB332A28B
:106D3000C55A4C4BD7795E68E11C680DF33F7A2E3B
:106D40000EE787F61CC495D52AA1A3B03882B1936B
:106D5000466BCF7A5448DD59622DEB3C700EF91F1B
:106D60008FF706E69DD414C5ABB122A0B99230834B
:106D7000C77B4E6AD5585C49E33D6A2CF11E780FFB
:106D80000000891112239B322446AD573665BF742B
:106D9000488CC19D5AAFD3BE6CCAE5DB7EE9F7F8DB
:106DA0008110080193331A22A5562C47B7753E640B
:106DB000C99C408DDBBF52AEEDDA64CBFFF976E8BB
:106DC00002218B30100299132667AF763444BD55EB
:106DD0004AADC3BC588ED19F6EEBE7FA7CC8F5D99B
:106DE00083310A2091121803A7772E66B5543C45CB
:106DF000CBBD42ACD99E508FEFFB66EAFDD874C97B
:106E000004428D5316619F702004A9153227BB36AA
:106E10004CCEC5DF5EEDD7FC6888E1997AABF3BA5A
:106E200085520C4397711E60A1142805B3373A268A
:106E3000CDDE44CFDFFD56ECE9986089FBBB72AA3A
:106E400006638F7214409D512225AB343006B9176A
:106E50004EEFC7FE5CCCD5DD6AA9E3B8788AF19B1A
:106E600087730E6295501C41A3352A24B11638074A
:106E7000CFFF46EEDDDC54CDEBB962A8F99A708BFA
:106E8000088481951AA793B62CC2A5D33EE1B7F02A
:106E90004008C919522BDB3A644EED5F766DFF7CDA
:106EA000899400859BB712A6ADD224C3BFF136E00A
:106EB000C1184809D33B5A2AE55E6C4FF77D7E6CBA
:106EC0000AA583B4188691972EE3A7F23CC0B5D1EA
:106ED0004229CB38500AD91B666FEF7E744CFD5D9A
:106EE0008BB502A499961087AFF326E2BDD034C1CA
:106EF000C3394A28D11A580BE77F6E6EF55C7C4D7A
:106F00000CC685D71EE597F42880A1913AA3B3B2A9
:106F1000444ACD5B5669DF78600CE91D722FFB3E59
:106F20008DD604C79FF516E4A9902081BBB332A289
:106F3000C55A4C4BD7795E68E11C680DF33F7A2E39
:106F40000EE787F61CC495D52AA1A3B03882B19369
:106F5000466BCF7A5448DD59622DEB3C700EF91F19
:106F60008FF706E69DD414C5ABB122A0B992308349
:106F7000C77B4E6AD5585C49E33D6A2CF11E780FF9
:106F80000000803F00000000000000000000000042
:106F90000000000000000000000000000000803F32
:106FA00000000000000000000000000000000000E1
:106FB00000000000000000000000803F0000000012
:106FC00000000000000000000000000000000000C1
:106FD000000000000000803F0000000000000000F2
:106FE00000000000000000000000000000000000A1
:106FF0000000803F000000000000000000000000D2
:107000000000000000000000000000000000803FC1
:10701000005EBCE2613FDD83C29C7E20A3FD1F4178
:107020009DC3217FFCA2401E5F01E3BD3E6082DC68
:10703000237D9FC1421CFEA0E1BF5D0380DE3C6258
:10704000BEE0025CDF81633D7C22C09E1D43A1FF48
:107050004618FAA427799BC584DA3866E5BB590738
:10706000DB856739BAE406581947A5FB7826C49A28
:10707000653BD987045AB8E6A7F91B45C6987A2418
:10708000F8A6441A99C7257B3A6486D85B05E7B908
:107090008CD2306EEDB3510F4E10F2AC2F7193CDF8
:1070A000114FADF3702ECC92D38D6F31B2EC0E50E8
:1070B000AFF1134DCE90722C6D33D18F0C52B0EED8
:1070C000326C8ED0530DEFB1F0AE4C1291CF2D73C8
:1070D000CA947628ABF517490856B4EA6937D58BB8
:1070E0005709EBB536688AD495CB2977F4AA4816A8
:1070F000E9B7550B88D6346A2B7597C94A14F6A898
:10710000742AC896154BA9F7B6E80A54D7896B3587
:107110002C72020850710208487102082C72020891
:1071200071710208107102082C7202089371020832
:107130001C7102082C720208B87102084071020822
:1071400004720208CA71020804720208D7710208A8
:107150004E31305F5F637878616269763131365FD6
:107160005F7368696D5F747970655F696E666F459E
:10717000004E31305F5F6378786162697631313714
:107180005F5F636C6173735F747970655F696E666E
:107190006F45004E31305F5F6378786162697631A8
:1071A00032305F5F73695F636C6173735F747970B2
:1071B000655F696E666F4500537431336261645F69
:1071C000657863657074696F6E00537439657863B0
:1071D000657074696F6E00537439747970655F6996
:1071E0006E666F000000000000000000E910020859
:1071F0000000000000000000A921020800000000BB
:107200001C7102084DA0010851A001080F4102089D
:1072100011410208B7420208134102085141020815
:107220003942020800000000287102084DA0010840
:1072300061A001080F41020811410208B74202088B
:107240003D4302089543020875440208000000000F
:10725000000000000D410208413D0208353D0208D2
:10726000633C0208B33C0208F3390208EB38020819
:107270004F390208333C0208F33C02089D3C0208E7
:10728000BD390208033A0208A33B0208133A020878
:10729000E33802080000000034710208B545020816
:1072A00011450208F944020840AC037D0401410382
:1072B000057C00026D0D026D090200000000000057
:1072C000920E493CB10AC93C2BC3163D2EFB483DEA
:1072D000752B7B3D04A9963D80B6AF3D36BDC83DBC
:1072E0002FBCE13D73B2FA3D87CF093E8340163E85
:1072F000B5AB223EA2102F3ECF6E3B3EC2C5473EED
:107300000115543E135C603E7F9A6C3ECCCF783EB4
:10731000C07D823E938E883E229A8E3E32A0943E5D
:1073200086A09A3EE59AA03E128FA63ED47CAC3E43
:10733000EF63B23E2A44B83E491DBE3E15EFC33E40
:1073400053B9C93ECA7BCF3E4136D53E80E8DA3ECE
:107350004F92E03E7533E63EBBCBEB3EEA5AF13E40
:10736000CBE0F63E275DFC3EE4E7003F3D9C033F5B
:10737000824B063F9BF5083F6B9A0B3FDA390E3F75
:10738000CDD3103F2A68133FD9F6153FC07F183F71
:10739000C6021B3FD17F1D3FCBF61F3F9967223F9F
:1073A00025D2243F5636273F1594293F4AEB2B3FE1
:1073B000DE3B2E3FBB85303FC9C8323FF304353F2B
:1073C000233A373F4268393F3B8F3B3FF9AE3D3F61
:1073D00067C73F3F70D8413F01E2433F03E4453F69
:1073E00065DE473F12D1493FF8BB4B3F029F4D3FFF
:1073F000207A4F3F3D4D513F4918533F31DB543FB9
:10740000E595563F5348583F6AF2593F1A945B3FFF
:10741000532D5D3F05BE5E3F2146603F97C5613FEE
:107420005A3C633F59AA643F880F663FD86B673F59
:107430003CBF683FA7096A3F0C4B6B3F5E836C3FC4
:1074400093B26D3F9ED86E3F73F56F3F0809713F51
:107450005213723F4714733FDD0B743F0BFA743FB6
:10746000C6DE753F07BA763FC58B773FF853783F46
:107470009812793F9DC7793F02737A3FBE147B3FD4
:10748000CDAC7B3F283B7C3FC9BF7C3FAC3A7D3FC6
:10749000CCAB7D3F23137E3FB0707E3F6DC47E3FFB
:1074A000580E7F3F6D4E7F3FAB847F3F0FB17F3FD4
:1074B00097D37F3F43EC7F3F11FB7F3F0000803F2E
:1074C00011FB7F3F43EC7F3F97D37F3F0FB17F3F5F
:1074D000AB847F3F6D4E7F3F580E7F3F6DC47E3F34
:1074E000B0707E3F23137E3FCCAB7D3FAC3A7D3FF7
:1074F000C9BF7C3F283B7C3FCDAC7B3FBE147B3F6C
:1075000002737A3F9DC7793F9812793FF853783FCD
:10751000C58B773F07BA763FC6DE753F0BFA743FDF
:10752000DD0B743F4714733F5213723F0809713FDC
:1075300073F56F3F9ED86E3F93B26D3F5E836C3F95
:107540000C4B6B3FA7096A3F3CBF683FD86B673F56
:10755000880F663F59AA643F5A3C633F97C5613F15
:107560002146603F05BE5E3F532D5D3F1A945B3F51
:107570006AF2593F5348583FE595563F31DB543F37
:107580004918533F3D4D513F207A4F3F029F4D3F99
:10759000F8BB4B3F12D1493F65DE473F03E4453F0F
:1075A00001E2433F70D8413F67C73F3FF9AE3D3FDF
:1075B0003B8F3B3F4268393F233A373FF304353F27
:1075C000C9C8323FBB85303FDE3B2E3F4AEB2B3FE5
:1075D0001594293F5636273F25D2243F9967223FED
:1075E000CBF61F3FD17F1D3FC6021B3FC07F183F18
:1075F000D9F6153F2A68133FCDD3103FDA390E3F35
:107600006B9A0B3F9BF5083F824B063F3D9C033F27
:10761000E4E7003F275DFC3ECBE0F63EEA5AF13E50
:10762000BBCBEB3E7533E63E4F92E03E80E8DA3E60
:107630004136D53ECA7BCF3E53B9C93E15EFC33E56
:10764000491DBE3E2A44B83EEF63B23ED47CAC3EF8
:10765000128FA63EE59AA03E86A09A3E32A0943EA6
:10766000229A8E3E938E883EC07D823ECCCF783E5D
:107670007F9A6C3E135C603E0115543EC2C5473E86
:10768000CF6E3B3EA2102F3EB5AB223E8340163E4E
:1076900087CF093E73B2FA3D2FBCE13D36BDC83DF0
:1076A00080B6AF3D04A9963D752B7B3D2EFB483D32
:1076B0002BC3163DB10AC93C920E493C00000000A4
:1076C000920E49BCB10AC9BC2BC316BD2EFB48BDE6
:1076D000752B7BBD04A996BD80B6AFBD36BDC8BDB8
:1076E0002FBCE1BD73B2FABD87CF09BE834016BE81
:1076F000B5AB22BEA2102FBECF6E3BBEC2C547BEE9
:10770000011554BE135C60BE7F9A6CBECCCF78BEB0
:10771000C07D82BE938E88BE229A8EBE32A094BE59
:1077200086A09ABEE59AA0BE128FA6BED47CACBE3F
:10773000EF63B2BE2A44B8BE491DBEBE15EFC3BE3C
:1077400053B9C9BECA7BCFBE4136D5BE80E8DABECA
:107750004F92E0BE7533E6BEBBCBEBBEEA5AF1BE3C
:10776000CBE0F6BE275DFCBEE4E700BF3D9C03BF57
:10777000824B06BF9BF508BF6B9A0BBFDA390EBF71
:10778000CDD310BF2A6813BFD9F615BFC07F18BF6D
:10779000C6021BBFD17F1DBFCBF61FBF996722BF9B
:1077A00025D224BF563627BF159429BF4AEB2BBFDD
:1077B000DE3B2EBFBB8530BFC9C832BFF30435BF27
:1077C000233A37BF426839BF3B8F3BBFF9AE3DBF5D
:1077D00067C73FBF70D841BF01E243BF03E445BF65
:1077E00065DE47BF12D149BFF8BB4BBF029F4DBFFB
:1077F000207A4FBF3D4D51BF491853BF31DB54BFB5
:10780000E59556BF534858BF6AF259BF1A945BBFFB
:10781000532D5DBF05BE5EBF214660BF97C561BFEA
:107820005A3C63BF59AA64BF880F66BFD86B67BF55
:107830003CBF68BFA7096ABF0C4B6BBF5E836CBFC0
:1078400093B26DBF9ED86EBF73F56FBF080971BF4D
:10785000521372BF471473BFDD0B74BF0BFA74BFB2
:10786000C6DE75BF07BA76BFC58B77BFF85378BF42
:10787000981279BF9DC779BF02737ABFBE147BBFD0
:10788000CDAC7BBF283B7CBFC9BF7CBFAC3A7DBFC2
:10789000CCAB7DBF23137EBFB0707EBF6DC47EBFF7
:1078A000580E7FBF6D4E7FBFAB847FBF0FB17FBFD0
:1078B00097D37FBF43EC7FBF11FB7FBF000080BF2A
:1078C00011FB7FBF43EC7FBF97D37FBF0FB17FBF5B
:1078D000AB847FBF6D4E7FBF580E7FBF6DC47EBF30
:1078E000B0707EBF23137EBFCCAB7DBFAC3A7DBFF3
:1078F000C9BF7CBF283B7CBFCDAC7BBFBE147BBF68
:1079000002737ABF9DC779BF981279BFF85378BFC9
:10791000C58B77BF07BA76BFC6DE75BF0BFA74BFDB
:10792000DD0B74BF471473BF521372BF080971BFD8
:1079300073F56FBF9ED86EBF93B26DBF5E836CBF91
:107940000C4B6BBFA7096ABF3CBF68BFD86B67BF52
:10795000880F66BF59AA64BF5A3C63BF97C561BF11
:10796000214660BF05BE5EBF532D5DBF1A945BBF4D
:107970006AF259BF534858BFE59556BF31DB54BF33
:10798000491853BF3D4D51BF207A4FBF029F4DBF95
:10799000F8BB4BBF12D149BF65DE47BF03E445BF0B
:1079A00001E243BF70D841BF67C73FBFF9AE3DBFDB
:1079B0003B8F3BBF426839BF233A37BFF30435BF23
:1079C000C9C832BFBB8530BFDE3B2EBF4AEB2BBFE1
:1079D000159429BF563627BF25D224BF996722BFE9
:1079E000CBF61FBFD17F1DBFC6021BBFC07F18BF14
:1079F000D9F615BF2A6813BFCDD310BFDA390EBF31
:107A00006B9A0BBF9BF508BF824B06BF3D9C03BF23
:107A1000E4E700BF275DFCBECBE0F6BEEA5AF1BE4C
:107A2000BBCBEBBE7533E6BE4F92E0BE80E8DABE5C
:107A30004136D5BECA7BCFBE53B9C9BE15EFC3BE52
:107A4000491DBEBE2A44B8BEEF63B2BED47CACBEF4
:107A5000128FA6BEE59AA0BE86A09ABE32A094BEA2
:107A6000229A8EBE938E88BEC07D82BECCCF78BE59
:107A70007F9A6CBE135C60BE011554BEC2C547BE82
:107A8000CF6E3BBEA2102FBEB5AB22BE834016BE4A
:107A900087CF09BE73B2FABD2FBCE1BD36BDC8BDEC
:107AA00080B6AFBD04A996BD752B7BBD2EFB48BD2E
:107AB0002BC316BDB10AC9BC920E49BC00000080A0
:107AC00043444320496E74657266616365004344B4
:107AD0004320436F6E6669670053544D6963726F4C
:107AE000656C656374726F6E6963730053544D33D4
:107AF00032205669727475616C20436F6D506F72DD
:107B000074007063000000009083020800000024ED
:107B1000D001000030030008A0840208D001002436
:107B2000C04B01009003000839F0FEFF55F0FEFF46
:107B300041F0FEFF5DF0FEFF69F0FEFF8888FD7FEB
:107B4000010000002C90FD7F088413805491FD7F7C
:107B500008840D800492FD7F01000000DC9EFD7F03
:107B600008840380249FFD7F088401806C9FFD7F33
:107B70000100000004A0FD7F0B840580FCA0FD7FB8
:107B8000010000002CEBFD7F0884078094ECFD7F52
:107B9000010000006C42FE7F088403801C43FE7FCE
:107BA000010000002451FE7F088401802C52FE7FDA
:107BB000010000005C53FE7F088407809458FE7F1C
:107BC00001000000E45AFE7F08840580545DFE7FBA
:107BD00001000000EC6BFE7F08840380D46DFE7F03
:107BE000010000003484FE7F088405804C85FE7F00
:107BF00001000000448AFE7F088401806C8BFE7FB8
:107C0000010000006C95FE7F088401809496FE7F41
:107C100001000000A49FFE7F0884038064A4FE7F0F
:107C2000010000003CEFFE7FB008848084EFFE7FFF
:107C3000B0B0B0808AEFFE7FAB38B280B0EFFE7F8D
:107C400008840980D8EFFE7FAA3FB28048F0FE7F0B
:107C5000A837B28078F0FE7FB0B0AA80E0F0FE7F57
:107C6000B0AF0080D8F2FE7FB0AC0580E8F3FE7FB5
:107C7000B0B0AA8054F4FE7F0100000034F9FE7F0A
:107C80000884098024FFFE7F088401801C00FF7F98
:107C9000010000007C00FF7F088401809400FF7FCA
:107CA000010000009C00FF7F08840180BC00FF7F72
:107CB000088403805402FF7F088401807402FF7FE0
:107CC00001000000B402FF7F088401805C03FF7F95
:107CD000B00884807C04FF7F01000000CC04FF7F9B
:107CE000088409801C06FF7F088401809406FF7FBA
:107CF00001000000B406FF7F08840180CC06FF7FEE
:107D0000088407802C08FF7F01000000CC08FF7F5B
:107D100008840F80D40EFF7F08840180A411FF7FA8
:107D200001000000A411FF7F088401804412FF7F3E
:107D300001000000FC12FF7FB0AE0B809C13FF7FA0
:107D4000010000006415FF7FB0AC0B80E415FF7FDD
:107D5000010000009417FF7F088407806C1DFF7FDF
:107D600008840580D41FFF7F010000002220FF7FD0
:107D7000B00884804420FF7F010000005C21FF7F69
:107D8000B0AC0F80E021FF7FB0AC1180AC22FF7F50
:107D9000B0B0B080BC22FF7FB0088480D422FF7FC7
:107DA000B0B0B0801423FF7FB0A801803823FF7FDC
:107DB000B0AF0C808826FF7FB0B0A8809026FF7FF0
:107DC000B0AB0280E426FF7FB00B8480F826FF7FF3
:107DD000B0B0AA802A28FF7FB0B0A8808228FF7F99
:107DE000B00884809028FF7FB0AC0180D428FF7F4A
:107DF00001000000B42FFF7F088407807430FF7FEC
:107E000001000000DC30FF7F088409800432FF7F1E
:107E100008841580D435FF7F08842D808C3DFF7F3A
:107E2000010000007C3EFF7F08840380643FFF7FE9
:107E3000010000009C3FFF7F08840380F43FFF7F28
:107E4000010000002C40FF7F088401804440FF7F38
:107E500001000000A440FF7F08840180BC40FF7F38
:107E6000010000005442FF7F088401805C42FF7FD4
:107E700001000000DC42FF7F088421808C48FF7FE6
:107E8000010000001449FF7FB0B0AB808C49FF7F38
:107E9000B0AF0A80584AFF7FB0AB0080F44AFF7F42
:107EA000010000001C4BFF7F088401809C4BFF7F7A
:107EB00008841180644DFF7F08841580C452FF7FC1
:107EC000010000006C53FF7F088409803C55FF7F50
:107ED00008840B801457FF7F08841D80845AFF7F1D
:107EE000088405801C5BFF7F08840180345BFF7F72
:107EF00001000000A45BFF7F08840D809C5CFF7F75
:107F000008840180D45CFF7F08840380C45DFF7F08
:107F100008840B809C5EFF7F01000000DC5EFF7F19
:107F200008840180A460FF7F01000000B460FF7F2F
:107F3000088405804C64FF7F01000000CC65FF7F52
:107F400008840380E465FF7F010000007C67FF7FF9
:107F500008840180AC67FF7F010000002468FF7F78
:107F6000088401807C68FF7F01000000AC6DFF7F0A
:107F7000088405809C6EFF7F010000007C71FF7FFC
:107F8000088403803C72FF7F088405809474FF7F1F
:107F900008840980EC76FF7F088413805C7DFF7F76
:107FA000088409805C7EFF7F08840380947EFF7FC5
:107FB000088415807C81FF7F08840580AC82FF7F68
:107FC00008840780FC82FF7F088405803484FF7F5B
:107FD00001000000BC85FF7F088403803488FF7F98
:107FE000010000006488FF7F088401809C88FF7F77
:107FF00001000000A489FF7F08840580448BFF7F77
:10800000010000009C8BFF7F08840180B48BFF7F00
:1080100001000000EC8BFF7F08840580E48CFF7F6B
:1080200008840380348DFF7F010000007C8EFF7F79
:10803000088405801C90FF7F010000004C90FF7FAA
:10804000088401806490FF7F010000009C90FF7F06
:1080500008840580BC91FF7F088403800C92FF7F19
:10806000010000005493FF7F088403809494FF7FF5
:1080700001000000A494FF7F08840380BC95FF7F6B
:1080800001000000CC95FF7F088401800C96FF7FE3
:10809000010000003C96FF7F088405805498FF7F14
:1080A000010000002C99FF7F088401804499FF7F24
:1080B000010000000C9AFF7F08840980D49BFF7F99
:1080C00008840380349CFF7F01000000DC9EFF7F5A
:1080D000088409806CA0FF7F01000000CCA0FF7F16
:1080E000088407802CA2FF7F010000008CA2FF7F84
:1080F00008840B8044A6FF7F0100000054A6FF7F88
:1081000024E8FF7FF4A6FF7F4CE8FF7F8CA7FF7F6A
:108110000100000014A8FF7F0884038024A8FF7FCB
:1081200058E8FF7F64A8FF7F088401807CA8FF7F58
:10813000010000009CA8FF7F08840980FCA8FF7F45
:1081400050E8FF7F4CA9FF7F0884018064A9FF7F6E
:10815000010000004CADFF7F088405806CAFFF7FFD
:108160000100000044B0FF7F088403800CB1FF7F52
:10817000010000000CB3FF7F088409801CB6FF7F5C
:10818000010000005EB7FF7FB0B0B0805EB7FF7F38
:10819000B00B8480BAB7FF7FB0AB008020B8FF7F00
:1081A000B0B0B0801EB8FF7FB0A8018046B8FF7F96
:1081B000B0B0B0804EB8FF7FB008848056B8FF7F63
:1081C000B0B0B08054B8FF7FB0AF0080D6B9FF7FA9
:1081D0000B8403805EBAFF7FB00B848086BAFF7F7A
:1081E000B0088480B8BAFF7FB0B0A880C6BAFF7F5D
:1081F000B0088480FEBAFF7FB00B848038BBFF7F5D
:10820000B0B0B080D4BEFF7FB0B0A88000BFFF7F09
:10821000B0B0B080FEBEFF7FB0AB008034BFFF7F48
:10822000B0B0AC80CCBFFF7FB00884808AC0FF7F35
:10823000B0AC0F8008C1FF7FB0AD028038C2FF7FB5
:10824000B00884805CC2FF7F60E7FF7FACC2FF7F25
:10825000B0B0B080C4C2FF7F0100000058C3FF7FF0
:10826000B0B0B08054C3FF7F58E7FF7FC0C3FF7F2B
:10827000B0088480F0C3FF7FB0B0B08000C4FF7F3F
:1082800060E7FF7F22C4FF7FB0B0B08024C4FF7FCF
:1082900001000000E6C4FF7FB0B0B080F6C4FF7FED
:1082A000B0088480F8C4FF7F50E7FF7F18C5FF7FC8
:1082B00064E7FF7F5EC5FF7F78E7FF7FB0C5FF7F84
:1082C0008CE7FF7F28C7FF7FE0E7FF7F4EC7FF7F78
:1082D000B00B8480DCC7FF7FB0B0B080E8C7FF7F01
:1082E000B0AB00802EC8FF7FB0B0AA80B4C8FF7FBB
:1082F000088401803CCAFF7FB0088480FCCAFF7FED
:10830000B0B0B0800CCBFF7F0884018030CBFF7F02
:10831000B0AD048094CBFF7FB0088480A4CBFF7FF6
:10832000B0AC0B80D4CCFF7FB0B0AA80FACCFF7F7A
:10833000B0B0A8800ECDFF7FB0B0AA8032CDFF7F55
:10834000B00B848072CDFF7FB00884807CCDFF7F2E
:10835000B0B0B0807ACDFF7FB0B0AC80A8CDFF7F49
:10836000B0AA098008CEFF7FB0B0B08008CEFF7FF2
:10837000B008848006CEFF7F0100000044D6FF7F56
:10838000B0B0B0808CD6FF7F01000000000000007C
:10839000100CE7416B3A58A08B3A828101180AD938
:1083A0004101084942010869041A91041AE1041ABA
:1083B00089141AF9045108081250C347CDCCCC3D9A
:1083C0000409531C110B1AC8421C422A2C90D003DA
:1083D000041F293401085931B84A37AC580B4932C7
:1083E0000108F12F0108E930BC711E49330108D999
:1083F0001C1AB9081AC1081409024313020125C046
:108400003209041B01020B13052416100105240177
:10841000100901042402020524061701070582033E
:1084200008151009040133020A2E0705010240074E
:108430002A810711130A0632023340011A1223134C
:1084400002021E4083044057591B02031513C10D3D
:108450001B08B9041A59041AF90413490E00081824
:1084600008040309041A03120F16081082091116D2
:108470000A15800B1610090C18010D7D04017C16DD
:108480000240AB0341100C0553080658040770174F
:1084900035082E087D4602087872100000000000A2
:04000005080002CD20
:00000001FF
