S31508000000904D0124E5030008B1F50008F1EA00085F
S31508000010A9F50008690B0008596B010800000000E3
S31508000020000000000000000000000000A101010817
S31508000030791C000800000000C9F900083902010807
S31508000040FF030008FF030008FF030008FF0300087A
S31508000050FF030008FF030008FF030008FF0300086A
S31508000060FF030008FF030008FF030008C10E00088D
S31508000070FF030008D10E0008E10E0008F10E000883
S31508000080010F0008110F0008FF030008A11C000853
S31508000090B11C0008FF030008FF030008FF0300085F
S315080000A0FF030008FF030008FF030008FF0300081A
S315080000B0FF030008FF03000851040108FF030008B6
S315080000C0FF030008FF030008FF030008FF030008FA
S315080000D071FD0008E12F0108FF030008FF0300086F
S315080000E0811C0008FF03000800000000FF03000849
S315080000F0FF030008FF030008FF030008210F00089C
S31508000100FF030008FF03000861040108FF03000855
S31508000110FF030008A9120108FF030008FF030008EF
S31508000120310F0008410F0008FF030008FF0300080D
S31508000130510F0008FF030008FF030008FF0300082B
S3150800014000000000000000000000000000000000A1
S31508000150FF030008FF030008FF030008FF03000869
S31508000160FF030008FF030008FF030008FF03000859
S31508000170FF03000829F60008FF0300080000000036
S31508000180FF030008FF030008B9120108C912010895
S31508000190FF030008FF030008FF030008FF03000829
S315080001A0FF030008FF030008FF0300080000000023
S315080001B0FF030008FF030008FF030008FF03000809
S315080001C0FF030008FF03000800000000000000000D
S315080001D00000000000000000FF0300080000000007
S315080001E00000000000000000000000000000000001
S315080001F00000000000000000FF030008FF030008DD
S31508000200FF030008FF03000800000000FF030008C2
S31508000210FF030008FF030008FF030008FF030008A8
S31508000220FF03000800000000FF03000800000000AC
S31508000230FF030008FF03000800000000FF03000892
S31508000240FF030008FF030008FF030008FF03000878
S31508000250FF030008FF030008FF030008FF03000868
S31508000260FF030008FF030008FF030008FF03000858
S31508000270FF030008FF030008FF0300080000000052
S31508000280FF030008FF030008FF030008FF03000838
S3150800029000000000FF030008FF030008000000003C
S315080002A000000000FF030008FF030008D912010838
S315080002B0D12F0108FF030008FF030008C11C00082E
S315080002C0FF030008FF030008FF03000800F002F818
S315080002D000F078F814A696E8000CB244B344DA4560
S315080002E001D100F06FF8BAE80F000FA696E83000C3
S315080002F0A5EB040504EB0607AAEB0704A7F101071B
S315080003004FEA15154FEA3414A4F10104AC4201D39F
S3150800031000F058F813F0010F18BFFB1A43F0010359
S3150800032000F001F8DBE71847E077020000780200E2
S315080003300A444FF0000C10F8013B13F0070408BFFD
S3150800034010F8014B1D1108BF10F8015B641E05D09B
S3150800035010F8016B641E01F8016BF9D113F0080F50
S315080003601EBF10F8014BAD1C0C1B09D16D1E58BFE2
S3150800037001F801CBFAD505E014F8016B01F8016B19
S315080003806D1EF9D59142D6D370470000704700001C
S315080003900023002400250026103A28BF78C1FBD880
S315080003A0520728BF30C148BF0B6070471FB526F0FB
S315080003B0A2FA9DE8030000F0FDF900F0C9F91FBD97
S315080003C010B510BD00F0FCFA1146FFF7EFFF25F057
S315080003D01FFB00F01AFB03B4FFF7F2FF03BC00F0A3
S315080003E04DFA00000948804709480047FEE7FEE73E
S315080003F0FEE7FEE7FEE7FEE7FEE7FEE7FEE7FEE7C7
S3150800040004480549054A064B7047000011030108D0
S31508000410CD020008906D0024904D012490CD002453
S3150800042090CD002470B5064600F0A8F9056806F1D7
S315080004300B0020F00704B4429CBF002070BD2B4679
S315080004406A68BAB11068A04210D304F1080188425C
S315080004503CBF5068586007D351681019416011684D
S31508000460091B016058601460101D70BD1346526860
S31508000470002AE7D12146284600F088F90028DED16F
S3150800048070BD70B50446051F00F078F90068002CA9
S3150800049014BF446870BD002C18BFAC423CBF204650
S315080004A06468F8D301680A18AA4218BF456003D1E0
S315080004B02A6805461144016028684119A1421CBFF3
S315080004C06C6070BD6168696021680844286070BD09
S315080004D053EA020C00F069802DE9F04B4FF0000654
S315080004E0002B1FBFB3FA83F503FA05F424FA05F6C1
S315080004F05E4012BF1643B2FA82F502FA05F4C5F158
S3150800050020051EBF22FA05FC44EA0C04203556EAEB
S31508000510044C4FEA144418BF641C4FF000084FF00F
S315080005200009904271EB030C39D3002919BFB1FABF
S3150800053081F701FA07F6B0FA80F700FA07F6C7F16D
S3150800054020071EBF20FA07FC46EA0C062037B6FB32
S31508000550F4FCA7EB0507103F07F01F0BCBF12006AD
S315080005602CFA06F60CFA0BFB44BFB3460026202FDE
S31508000570A4BF5E464FF0000B5BEA060C08BF4FF0BF
S31508000580010B19EB0B0948EB0608ABFB027C06FBD3
S3150800059002CC0BFB03CCC01B71EB0C01C1E70B466D
S315080005A0024641464846BDE8F08B13B5084318BFD6
S315080005B04FF0FF300146AFF30080BDE81C4070479E
S315080005C00B460146184624F0D7B8032A40F2308075
S315080005D010F0030C00F0158011F8013BBCF1020F76
S315080005E0624498BF11F801CB00F8013B38BF11F8F7
S315080005F0013BA2F1040298BF00F801CB38BF00F80E
S31508000600013B11F0030300F02580083AC0F008808A
S3150800061051F8043B083A51F804CBA0E80810F5E76E
S31508000620121D5CBF51F8043B40F8043BAFF3008051
S31508000630D20724BF11F8013B11F801CB48BF11F8C6
S31508000640012B24BF00F8013B00F801CB48BF00F896
S31508000650012B704710B5203AC0F00B80B1E818504E
S31508000660A0E81850B1E81850A0E81850203ABFF48E
S31508000670F5AF5FEA027C24BFB1E81850A0E818502D
S3150800068044BF18C918C0BDE810405FEA827C24BF81
S3150800069051F8043B40F8043B08BF7047D20728BF0F
S315080006A031F8023B48BF11F8012B28BF20F8023B5E
S315080006B048BF00F8012B70474FF000020429C0F02C
S315080006C0128010F0030C00F01B80CCF1040CBCF176
S315080006D0020F18BF00F8012BA8BF20F8022BA1EBC8
S315080006E00C0100F00DB85FEAC17C24BF00F8012BAD
S315080006F000F8012B48BF00F8012B70474FF00002A5
S3150800070000B5134694469646203922BFA0E80C50F9
S31508000710A0E80C50B1F12001BFF4F7AF090728BFD4
S31508000720A0E80C5048BF0CC05DF804EB890028BF50
S3150800073040F8042B08BF704748BF20F8022B11F079
S31508000740804F18BF00F8012B7047704770477047F5
S3150800075008487CB57844009007487844009C0546CC
S31508000760019004E02046016808448047241DAC42F5
S31508000770F8D17CBDD0730200DE73020000487047D2
S31508000780D8010024704770477047704738B504464B
S315080007900A4600206946AFF30080002808BF38BD26
S315080007A002460099204600F077F8012038BD01205E
S315080007B000F0EAB8F8B5AFF30080054600200C460D
S315080007C00C2000BF0646A819A0420DD93246694634
S315080007D00020AFF30080070008BF00F0D5F80098A6
S315080007E0A04218BF0546C419FFF7C8FF05600746AB
S315080007F0F01D20F007004619284600F00AF8B44212
S3150800080008BFF8BDA21B31463868BDE8F84000F0BD
S3150800081043B800210160416070470C20704710B54D
S3150800082000F036F8006810BD10B5044600F030F840
S31508000830046010BD10B5002000F09FF8FFF7C0FD5A
S31508000840BDE81040012000F019B8000080E8FF1F3D
S31508000850C0F834D0C0F838E0C0F83CE04FF00000EB
S31508000860704700BF80EC200B704700BF80EC200B60
S31508000870704700BFC0EC200B7047000001491820E4
S31508000880ABBEFEE72600020000487047D0010024F0
S3150800089000487047D0010024034640688C4600286B
S315080008A018BF88423CBF03464068F8D31868184406
S315080008B0884207D00CF1030020F00700001D411AFA
S315080008C0521A0146081D0A60FFF7DBBD2DE9F047FD
S315080008D091460C468046FFF751FF0768604234EAA6
S315080008E0000001D1042C02D20520BDE8F087601E65
S315080008F040F0070609F10B0020F007054D4539D9E8
S315080009003B467A6882B31468101D404206EA000C1A
S31508000910644525D9A4EB0C00854221D8BCF1000F0B
S315080009200BD0104601686244A1EB0C0111604168C6
S315080009305160C0F800C058600346116805F1080008
S31508000940814205D35019491B01601560586003465A
S3150800095052F8040F58600020C8F80020BDE8F08758
S3150800096013465268002ACED129463846FFF70EFFAD
S315080009700028C5D10620BDE8F08710B500F054F868
S31508000980BDE8104000F04AB810B500F065F8BDE8BB
S31508000990104000F043B8000086469EE8FF1FDEF8C8
S315080009A034D0DEF83CE0704790EC200B704700BF6F
S315080009B090EC200B704700BFD0EC200B70477047B7
S315080009C07546FFF761FFAE4605006946534620F0B7
S315080009D00700854618B020B5FFF712FDBDE8204090
S315080009E04FF000064FF000074FF000084FF0000BDD
S315080009F0AC46ACE8C009ACE8C009ACE8C009ACE84C
S31508000A00C00921F007018D46704710B50446AFF3BB
S31508000A1000802046BDE81040FFF7DDBC002801D065
S31508000A20FFF72CBF7047000010B5002102A000F0A8
S31508000A3079F8012010BD0000534947414252543A03
S31508000A402041626E6F726D616C207465726D696E9D
S31508000A506174696F6E00000010B5012805D0002189
S31508000A6003A000F05FF8012010BD09A1F8E7000017
S31508000A7053494752544D454D3A204F7574206F6679
S31508000A802068656170206D656D6F727900000000E1
S31508000A903A2048656170206D656D6F727920636FC5
S31508000AA0727275707465640030B44FF0013C50F88A
S31508000AB0042BCCFA52F451F8043BD51A20D1FCB9D0
S31508000AC050F8042BCCFA52F451F8043BD51A17D136
S31508000AD0B4B950F8042BCCFA52F451F8043BD51AA1
S31508000AE00ED16CB950F8042BCCFA52F451F8043BE9
S31508000AF0D51A05D1002CDAD030BC4FF0000070476B
S31508000B0029BAB1FA81F111F01801D1F12000844017
S31508000B10F2D1CA40CB4012F0FF0213F0FF0330BCFB
S31508000B20D01A704770B505460C460A2000E06D1CC1
S31508000B3000F011F835B128780028F8D102E0641CD5
S31508000B4000F009F814B120780028F8D1BDE8704003
S31508000B500A20AFF3008008B569468DF80000032027
S31508000B60ABBE08BD00000000FFE7FEE7000000007E
S31508000B7080B594B013901291139800684AF2000158
S31508000B80C4F20001884221D1FFE7139840F2902170
S31508000B90C2F20041086012984863002008900A9043
S31508000BA00B9002210C91012107910D910E900F9047
S31508000BB046F2A810C2F2004009900AA904F010FDF6
S31508000BC00799089A099804F0C7FB61E0139800682A
S31508000BD04AF20041C4F2000188421FD1FFE7139888
S31508000BE040F22031C2F200410860129848630020A2
S31508000BF005900A900B9002210C910D910E900F9082
S31508000C0046F24820C2F2004006900AA904F0E8FC21
S31508000C10059A0698102104F09FFB38E0139800689F
S31508000C204DF20041C4F2000188422FD1FFE7139824
S31508000C3040F29831C2F200410860129848630020D9
S31508000C4003900A900B90022101910C9101210291C7
S31508000C500D910E900F9046F2E820C2F200400490E3
S31508000C600AA904F0BDFC019A029B049869460B6028
S31508000C70114604F041FD029A0498114604F05CFC02
S31508000C800299039A049804F067FBFFE7FFE7FFE77A
S31508000C90139805F0C5FD14B080BD000000000000E3
S31508000CA080B58EB00D90ADF832100B92ADF82A30A3
S31508000CB0BDF832000190002002900390BDF82A008A
S31508000CC0082804DCFFE7BDF82A000490FFE7BDF812
S31508000CD02A000C2803D1FFE709200490FFE7BDF896
S31508000CE02A00102803D1FFE70A200490FFE7BDF881
S31508000CF02A00142803D1FFE70B200490FFE7BDF86C
S31508000D002A00182803D1FFE70C200490FFE7BDF856
S31508000D102A00202803D1FFE70D200490FFE7BDF83D
S31508000D202A00302803D1FFE70E200490FFE7BDF81C
S31508000D302A00402803D1FFE70F200490FFE7002090
S31508000D40059006900790089009900D980B9A01A9AE
S31508000D5004F082FB0EB080BD84B08DF80F000291BE
S31508000D60ADF806209DF80F000146009123281DD8EE
S31508000D700099DFE801F012131415161B1B1B1B1B29
S31508000D801B1B1B1B1B1B1B1B1B1B1B1B1B1B1B1BA5
S31508000D901B1B1B1B1B1B1718191A08E007E006E08C
S31508000DA005E004E003E002E001E000E0FFE70020E0
S31508000DB004B07047000000000020704700000000E3
S31508000DC080B582B045F61C20C2F20040009041F67C
S31508000DD06071C2F200410022019212F0B5FC00983F
S31508000DE041F26071C2F2004112F08EFC019802B025
S31508000DF080BD00000000000080B584B00390029119
S31508000E00039945F61C20C2F20040009012F07CFCC3
S31508000E10009812F01DFC03990298026840F2A84057
S31508000E20C2F2004001903030FFF7CFFB01980299DB
S31508000E300968A0F86010426E0398029909689047FD
S31508000E40002004B080BD000083B0029001918DF8A7
S31508000E50032000208DF802009DF9020003B07047B8
S31508000E6080B586B00490ADF80E1000208DF80D0000
S31508000E7045F61C20C2F20040D0F8BC020290029847
S31508000E80D0F8140220B1FFE701208DF8170013E00F
S31508000E900499BDF80E2045F61C20C2F200400190C8
S31508000EA012F052FC019812F05BFD8DF80D009DF8CA
S31508000EB00D008DF81700FFE79DF8170006B080BDF6
S31508000EC080B545F6E850C2F2004002F00DF980BD43
S31508000ED080B546F24000C2F2004002F005F980BD36
S31508000EE080B546F2B800C2F2004002F0FDF880BDB7
S31508000EF080B546F23010C2F2004002F0F5F880BD27
S31508000F0080B545F66060C2F2004002F0EDF880BD9B
S31508000F1080B545F6D860C2F2004002F0E5F880BD1B
S31508000F2080B545F65070C2F2004002F0DDF880BD8B
S31508000F3080B545F6C870C2F2004002F0D5F880BD0B
S31508000F4080B545F6F840C2F2004002F0CDF880BD03
S31508000F5080B545F67050C2F2004002F0C5F880BD73
S31508000F6083B002900298016801201022C4F202029E
S31508000F709142009000F0A380FFE7029801680120E3
S31508000F802822C4F202029142009000F09880FFE7FE
S31508000F900298016801204022C4F2020291420090A0
S31508000FA000F08D80FFE70298016801205822C4F2FC
S31508000FB002029142009000F08280FFE702980168E1
S31508000FC001207022C4F202029142009077D0FFE716
S31508000FD00298016801208822C4F202029142009018
S31508000FE06DD0FFE7029801680120A022C4F2020230
S31508000FF09142009063D0FFE7029801680120B82269
S31508001000C4F202029142009059D0FFE702980168A3
S31508001010012040F21042C4F20202914200904ED0E2
S31508001020FFE702980168012040F22842C4F2020252
S315080010309142009043D0FFE702980168012040F2F0
S315080010404042C4F202029142009038D0FFE702986B
S315080010500168012040F25842C4F20202914200900F
S315080010602DD0FFE702980168012040F27042C4F2D1
S3150800107002029142009022D0FFE7029801680120FF
S3150800108040F28842C4F202029142009017D0FFE76C
S3150800109002980168012040F2A042C4F2020291427D
S315080010A000900CD0FFE7029800684FF64831CBF65F
S315080010B0FD710844B0FA80F040090090FFE70098F7
S315080010C0C00740B3FFE70298007810384AF6AB210C
S315080010D0CAF6AA21A0FB011000090190019800F0A8
S315080010E0070146F65030C0F60200405C0299C86512
S315080010F00198042807D3FFE702990868042262F3D7
S315080011000900886506E00299086840F2FF329043B4
S315080011108865FFE705E00299086820F0FF00886502
S31508001120FFE70298806D03B07047000000000000DA
S3150800113084B0039003980068019003980168012021
S3150800114045F20842C5F60202914200904ED0FFE7EA
S3150800115003980168012045F21C42C5F60202914235
S31508001160009043D0FFE703980168012045F230421A
S31508001170C5F602029142009038D0FFE7039801684D
S31508001180012045F24442C5F60202914200902DD054
S31508001190FFE703980168012045F25842C5F60202A6
S315080011A09142009022D0FFE703980168012045F29A
S315080011B06C42C5F602029142009017D0FFE70398E9
S315080011C00168012045F28042C5F60202914200906C
S315080011D00CD0FFE7039800684AF66C31CAF2FD7135
S315080011E00844B0FA80F040090090FFE70098C0076D
S315080011F010B3FFE70398007808384CF6CD41CCF6D3
S31508001200CC41A0FB011000090290029945F60000A6
S31508001210C5F6020000EB810003990866039945F6B6
S315080012208000C5F602004866029800F01F010120FA
S3150800123088400399886635E00398007810384AF69E
S31508001240AB21CAF6AA21A0FB011000090290019859
S3150800125040F2B841C4F2020188420CD8FFE701986F
S3150800126040F21041C4F20201884204D3FFE7029813
S3150800127008300290FFE7029940F60000C4F2020027
S3150800128000EB810003990866039940F68000C4F2D2
S3150800129002004866029800F01F0101208840039961
S315080012A08866FFE704B0704783B002900298007919
S315080012B001900198002800F08A80FFE70198082825
S315080012C000F28580FFE702980168012045F208428E
S315080012D0C5F60202914200904ED0FFE702980168D7
S315080012E0012045F21C42C5F602029142009043D005
S315080012F0FFE702980168012045F23042C5F602026E
S315080013009142009038D0FFE702980168012045F223
S315080013104442C5F60202914200902DD0FFE702989A
S315080013200168012045F25842C5F602029142009032
S3150800133022D0FFE702980168012045F26C42C5F603
S3150800134002029142009017D0FFE702980168012037
S3150800135045F28042C5F60202914200900CD0FFE7A2
S31508001360029800684AF66C31CAF2FD710844B0FA70
S3150800137080F040090090FFE70098C00780B1FFE7BA
S31508001380019945F6FC00C5F6020000EB81000299BA
S31508001390C866029945F64010C5F6020008670FE0D0
S315080013A0019940F6FC00C4F2020000EB81000299A4
S315080013B0C866029940F64010C4F202000867FFE7C3
S315080013C00198411E0120884002994867FFE703B04B
S315080013D0704700000000000085B0049000208DF8DA
S315080013E00F000498806918BBFFE70498806A02908A
S315080013F003281BD80299DFE801F0020D02180498A9
S3150800140090F82F00C00720B1FFE701208DF80F00E4
S31508001410FFE70CE00498C06AB0F1C07F04D1FFE78B
S3150800142001208DF80F00FFE701E000E0FFE747E045
S3150800143004988069B0F5005F26D1FFE70498806AB2
S31508001440019003281ED80199DFE801F0020602116F
S3150800145001208DF80F0016E0049890F82F00C007B9
S3150800146020B1FFE701208DF80F00FFE70BE0049895
S31508001470C06AB0F1C07F04D1FFE701208DF80F00E4
S31508001480FFE700E0FFE71AE00498806A0090032867
S3150800149004D3FFE70098032804D00EE001208DF856
S315080014A00F000BE0049890F82F00C00720B1FFE763
S315080014B001208DF80F00FFE700E0FFE7FFE7FFE7F1
S315080014C09DF80F0005B0704789B0089007910692FD
S315080014D005930898806D04900898806D0390089885
S315080014E0016801201022C4F202029142029000F023
S315080014F00381FFE70898016801202822C4F2020246
S315080015009142029000F0F880FFE7089801680120F0
S315080015104022C4F202029142029000F0ED80FFE7F9
S315080015200898016801205822C4F2020291420290EA
S3150800153000F0E280FFE70898016801207022C4F2F3
S3150800154002029142029000F0D780FFE708980168EE
S3150800155001208822C4F202029142029000F0CC8057
S31508001560FFE7089801680120A022C4F2020291420E
S31508001570029000F0C180FFE7089801680120B822B0
S31508001580C4F202029142029000F0B680FFE7089882
S315080015900168012040F21042C4F202029142029010
S315080015A000F0AA80FFE708980168012040F2284267
S315080015B0C4F202029142029000F09E80FFE708986A
S315080015C00168012040F24042C4F2020291420290B0
S315080015D000F09280FFE708980168012040F258421F
S315080015E0C4F202029142029000F08680FFE7089852
S315080015F00168012040F27042C4F202029142029050
S315080016007AD0FFE708980168012040F28842C4F2C0
S315080016100202914202906FD0FFE708980168012004
S3150800162040F2A042C4F202029142029064D0FFE75F
S3150800163008980168012040F2B842C4F202029142B9
S31508001640029059D0FFE708980168012045F2084240
S31508001650C5F60202914202904ED0FFE7089801684B
S31508001660012045F21C42C5F602029142029043D07F
S31508001670FFE708980168012045F23042C5F60202E4
S315080016809142029038D0FFE708980168012045F298
S315080016904442C5F60202914202902DD0FFE708980F
S315080016A00168012045F25842C5F6020291420290AD
S315080016B022D0FFE708980168012045F26C42C5F67A
S315080016C002029142029017D0FFE7089801680120AC
S315080016D045F28042C5F60202914202900CD0FFE71D
S315080016E0089800684AF66C31CAF2FD710844B0FAE7
S315080016F080F040090290FFE70298C00770B1FFE743
S315080017000898416E806E48600898C06E28B1FFE759
S315080017100898016F406F4860FFE7FFE7089801687F
S3150800172001201022C4F202029142019000F0A38027
S31508001730FFE70898016801202822C4F202029142B4
S31508001740019000F09880FFE7089801680120402280
S31508001750C4F202029142019000F08D80FFE70898DA
S31508001760016801205822C4F202029142019000F059
S315080017708280FFE70898016801207022C4F20202FD
S315080017809142019077D0FFE70898016801208822E6
S31508001790C4F20202914201906DD0FFE708980168F1
S315080017A00120A022C4F202029142019063D0FFE711
S315080017B0089801680120B822C4F2020291420190F9
S315080017C059D0FFE708980168012040F21042C4F298
S315080017D00202914201904ED0FFE708980168012065
S315080017E040F22842C4F202029142019043D0FFE738
S315080017F008980168012040F24042C4F20202914270
S31508001800019038D0FFE708980168012040F2584255
S31508001810C4F20202914201902DD0FFE708980168B0
S31508001820012040F27042C4F202029142019022D095
S31508001830FFE708980168012040F28842C4F20202D4
S315080018409142019017D0FFE708980168012040F2FD
S31508001850A042C4F20202914201900CD0FFE7089818
S3150800186000684FF64831CBF6FD710844B0FA80F0AF
S3150800187040090190FFE70198C00750B3FFE70898B1
S31508001880C06D00F01F013F208840049988600898C1
S315080018900168086820F48020086005980899096896
S315080018A0486008988068402809D1FFE70698089993
S315080018B009688860079808990968C86008E0079861
S315080018C0089909688860069808990968C860FFE752
S315080018D082E008980168012045F20842C5F602022E
S315080018E0914200904ED0FFE708980168012045F222
S315080018F01C42C5F602029142009043D0FFE70898C1
S315080019000168012045F23042C5F602029142009074
S3150800191038D0FFE708980168012045F24442C5F629
S315080019200202914200902DD0FFE708980168012035
S3150800193045F25842C5F602029142009022D0FFE7CE
S3150800194008980168012045F26C42C5F602029142E8
S31508001950009017D0FFE708980168012045F28042F9
S31508001960C5F60202914200900CD0FFE7089800687D
S315080019704AF66C31CAF2FD710844B0FA80F04009A3
S315080019800090FFE70098C00720B3FFE70898C06DEE
S3150800199000F01F01012088400399486005980899BE
S315080019A00968486008988068402809D1FFE70698C2
S315080019B0089909688860079808990968C86008E05E
S315080019C00798089909688860069808990968C86098
S315080019D0FFE700E0FFE7FFE709B0704700000000F7
S315080019E083B08DED020A41F20400CEF200000068D1
S315080019F0019002980090FFE741F20400CEF2000041
S31508001A0000680199401A00EE100AB8EE400A9DEDEA
S31508001A10001A40F2D430C2F2004090ED002AB8EE27
S31508001A20422A21EE021AB4EE410AF1EE10FA01DA60
S31508001A30FFE7E1E703B0704780B584B0039041F251
S31508001A400400CEF200000068029002980399096823
S31508001A50401A00EE100AB8EE400A40F2D430C2F23C
S31508001A60004090ED001AB8EE411A80EE010A8DED9D
S31508001A70010A02980399086017F02EFB9DED010AEA
S31508001A8004B080BD0000000080B582B000F074F894
S31508001A9040F65400C2F2004090ED000AB8EE400A43
S31508001AA0818801EE101AB8EEC11A9FED092AA1EE37
S31508001AB0020AC08801EE100AB8EEC11A9FED052A7F
S31508001AC0A1EE020A8DED010A9DED010A02B080BD64
S31508001AD06F12833ABD37863581B000904EF6FC51B9
S31508001AE0CEF20001086840F08070086041F6B071D7
S31508001AF0CEF2000108684CF65562CCF2AC5210439F
S31508001B00086041F20401CEF200010020086041F2AB
S31508001B100002CEF20002116841F00101116000993D
S31508001B2044F24022C0F20F024A4340F2D431C2F2D4
S31508001B3000410A600A6844F6D353C1F26203A2FB65
S31508001B400332920940F2D833C2F200431A60096898
S31508001B504DF68362C4F21B32A1FB0221890C40F2C6
S31508001B60DC32C2F20042116040F2EC31C2F20041AE
S31508001B70086001B070470000B0B586B017F0ACFA3F
S31508001B8041F20400CEF200000068059040F2EC3005
S31508001B90C2F2004001680598002302934FF0FF3C0B
S31508001BA01A46E1FB0C0240F2E031C2F20041009114
S31508001BB04A6008600868496840F2D434C2F20044B2
S31508001BC02268FEF785FC029B02468C46009942F67F
S31508001BD0E810C2F20040C0F804C00260D1F800C0A4
S31508001BE04968D0F800E042682468AEFB04E502FBC9
S31508001BF00452BCEB0E0C61EB020242F6F011C2F283
S31508001C0000410391C1F800C04A60006840F65402DA
S31508001C10C2F20042049210600868496840F2D8325D
S31508001C20C2F2004201921268FEF752FCDDF804C0C7
S31508001C30029B049A0146039891800168406892883D
S31508001C40DCF800C002FB0CF28A1A60F1000042F6CA
S31508001C50F811C2F200410A6048600868496840F213
S31508001C60DC32C2F200421268FEF732FC0499C880E0
S31508001C7006B0B0BD0000000070470000000000007C
S31508001C8080B54FF4806004F043FE4FF4805004F0B2
S31508001C903FFE80BD0000000072B6FFE7FEE70000C9
S31508001CA080B546F2A810C2F2004003F0EDFE80BDF2
S31508001CB080B546F24820C2F2004003F0E5FE80BD3A
S31508001CC080B546F2E820C2F2004003F0DDFE80BD92
S31508001CD084B002900298406B009002980068D0F891
S31508001CE084004FF6FC718843009940EA8100029906
S31508001CF00968C1F8840002980068D0F8840020F4C6
S31508001D007F00029A1168926B40EA0240C1F884008B
S31508001D100298816B00980844009002980068D0F8F1
S31508001D2088006FF38F00009940EA810002990968DC
S31508001D30C1F8880002980068D0F8880020F4FE00F0
S31508001D40029A1168D26B40EA0240C1F888000298EC
S31508001D50C16B009800EB4100009002980068D0F82B
S31508001D60A0006FF38F00009940EA81000299096884
S31508001D70C1F8A00002980068D0F8A00020F4FE0080
S31508001D80029A1168126C40EA0240C1F8A000029952
S31508001D90086C496C009A00FB0120009002980068C4
S31508001DA0D0F8B0006FF38F00009940EA81000299DD
S31508001DB00968C1F8B00002980068D0F8B00020F4AD
S31508001DC0FE00029A1168926C40EA0240C1F8B0001F
S31508001DD00299886CC96C009A00FB01200090029851
S31508001DE00068D0F8AC006FF38F00009940EA8100D4
S31508001DF002990968C1F8AC000299086D496D009A04
S31508001E0000FB0120009002980068D0F8F0006FF3FC
S31508001E108F00009940EA810002990968C1F8F0002C
S31508001E2002980068D0F8F00020F47C10029A116835
S31508001E30926D40EA0240C1F8F0000298816D009860
S31508001E4000EB4100009002980068D0F8C0006FF3DC
S31508001E508F00009940EA810002990968C1F8C0001C
S31508001E6002980068D0F8C00020F47C10029A116825
S31508001E70D26D40EA0240C1F8C00002980068D0F866
S31508001E80C00020F07C50029A1168126E40EA026087
S31508001E90C1F8C00002994A6B4AF60040C4F2000035
S31508001EA000EB8200C86602998A6BC86E00EB820056
S31508001EB008670299CA6B086F00EBC2004867029967
S31508001EC00A6C4B6C486F5A4300EB8200886702998C
S31508001ED08A6CCB6C886F5A4300EB8200C8670299FC
S31508001EE00A6D4B6DC86F5A4300EB8200C1F880003B
S31508001EF002998A6DD1F8800000EBC200C1F884000F
S31508001F000299CA6D8B6ED1F884005A4300EB8200A1
S31508001F10C1F8880002990A6E8B6ED1F888005A4378
S31508001F2000EB8200C1F890000298D0F890004DF2BC
S31508001F30FD31C4F2000188420FD3FFE70299D1F8B8
S31508001F409C0040F02000C1F89C000299032081F80B
S31508001F50980001208DF80F0017E00298C06E0190D6
S31508001F60FFE701980299D1F89010884208D2FFE756
S31508001F70019900200860FFE7019804300190F0E716
S31508001F80FFE700208DF80F00FFE79DF80F0004B06B
S31508001F90704700000000000088B00790069105927F
S31508001FA004930698406848B9FFE70698016882686E
S31508001FB00069104340EA8140039009E006980168E9
S31508001FC0826800691043084340F080400390FFE7A9
S31508001FD00698D0F820C0C16842698369C06940EA9A
S31508001FE00C601843104340EA014002900798826E3D
S31508001FF0D0F884000499514300EB810001900398BE
S3150800200001990860019804300190029801990860C6
S3150800201001980430019000200090FFE70098069987
S31508002020CA6846F64031C0F60201895C88420DD27C
S31508002030FFE705980099405801990860019804300F
S315080020400190FFE7009804300090E7E708B0704772
S3150800205080B584B04EF60000C1F6F17000680390B2
S315080020604EF60400C1F6F170006802904EF60800BC
S31508002070C1F6F1700068019001990398084403902D
S31508002080039888B1FFE7039840F27C11C2F2004139
S315080020900091023108220CF02FFD009902981231A6
S315080020A004220CF029FDFFE704B080BD0000000003
S315080020B080B58AB0089004F053FE0490089828B9B1
S315080020C0FFE701208DF8270000F0AABC089890F8D1
S315080020D0350002280ED0FFE7089980204865FFE7FB
S315080020E00899002081F83400FFE701208DF82700C1
S315080020F000F096BC089800681021C4F202018842D4
S3150800210000F08180FFE7089800682821C4F20201E0
S31508002110884278D0FFE7089800684021C4F2020197
S31508002120884270D0FFE7089800685821C4F2020177
S31508002130884268D0FFE7089800687021C4F2020157
S31508002140884260D0FFE7089800688821C4F2020137
S31508002150884258D0FFE708980068A021C4F2020117
S31508002160884250D0FFE708980068B821C4F20201F7
S31508002170884248D0FFE70898006840F21041C4F248
S31508002180020188423FD0FFE70898006840F22841DC
S31508002190C4F20201884236D0FFE70898006840F288
S315080021A04041C4F2020188422DD0FFE70898006832
S315080021B040F25841C4F20201884224D0FFE7089849
S315080021C0006840F27041C4F2020188421BD0FFE762
S315080021D00898006840F28841C4F20201884212D089
S315080021E0FFE70898006840F2A041C4F2020188425D
S315080021F009D0FFE70898006840F2B841C4F2020126
S31508002200884207D1FFE708980168086820F00100AE
S31508002210086006E008980168086820F00100086070
S31508002220FFE70898016801201022C4F202029142D1
S31508002230039000F0A380FFE7089801680120282290
S31508002240C4F202029142039000F09880FFE70898D2
S31508002250016801204022C4F202029142039000F074
S315080022608D80FFE70898016801205822C4F202020F
S315080022709142039000F08280FFE7089801680120E8
S315080022807022C4F202029142039077D0FFE70898C1
S31508002290016801208822C4F20202914203906DD09F
S315080022A0FFE7089801680120A022C4F202029142C1
S315080022B0039063D0FFE7089801680120B822C4F2AA
S315080022C002029142039059D0FFE70898016801205D
S315080022D040F21042C4F20202914203904ED0FFE748
S315080022E008980168012040F22842C4F2020291428D
S315080022F0039043D0FFE708980168012040F2404266
S31508002300C4F202029142039038D0FFE708980168A8
S31508002310012040F25842C4F20202914203902DD0A5
S31508002320FFE708980168012040F27042C4F20202F1
S315080023309142039022D0FFE708980168012040F2F5
S315080023408842C4F202029142039017D0FFE7089828
S315080023500168012040F2A042C4F2020291420390B1
S315080023600CD0FFE7089800684FF64831CBF6FD71A8
S315080023700844B0FA80F040090390FFE70398C007C5
S3150800238080B1FFE708980168086820F01E00086019
S3150800239008980168486920F0800048610898006834
S315080023A0059009E008980168086820F00E000860A2
S315080023B0089800680590FFE7089801680120102230
S315080023C0C4F202029142029000F00381FFE70898E6
S315080023D0016801202822C4F202029142029000F00C
S315080023E0F880FFE70898016801204022C4F202023B
S315080023F09142029000F0ED80FFE7089801680120FD
S315080024005822C4F202029142029000F0E280FFE7ED
S315080024100898016801207022C4F2020291420290D3
S3150800242000F0D780FFE70898016801208822C4F2E7
S3150800243002029142029000F0CC80FFE708980168FA
S315080024400120A022C4F202029142029000F0C1804B
S31508002450FFE7089801680120B822C4F202029142F7
S31508002460029000F0B680FFE708980168012040F264
S315080024701042C4F202029142029000F0AA80FFE7DD
S3150800248008980168012040F22842C4F202029142EB
S31508002490029000F09E80FFE708980168012040F24C
S315080024A04042C4F202029142029000F09280FFE795
S315080024B008980168012040F25842C4F2020291428B
S315080024C0029000F08680FFE708980168012040F234
S315080024D07042C4F20202914202907AD0FFE708984D
S315080024E00168012040F28842C4F202029142029039
S315080024F06FD0FFE708980168012040F2A042C4F2B5
S3150800250002029142029064D0FFE708980168012010
S3150800251040F2B842C4F202029142029059D0FFE753
S3150800252008980168012045F20842C5F60202914260
S3150800253002904ED0FFE708980168012045F21C4238
S31508002540C5F602029142029043D0FFE70898016857
S31508002550012045F23042C5F602029142029038D077
S31508002560FFE708980168012045F24442C5F60202D1
S31508002570914202902DD0FFE708980168012045F2A4
S315080025805842C5F602029142029022D0FFE7089807
S315080025900168012045F26C42C5F60202914202909A
S315080025A017D0FFE708980168012045F28042C5F672
S315080025B00202914202900CD0FFE7089800684AF69A
S315080025C06C31CAF2FD710844B0FA80F040090290F5
S315080025D0FFE70298C00738B1FFE70898016E086858
S315080025E020F480700860FFE7FFE705980068C007D9
S315080025F0C8B1FFE704F0B4FB0499401A062811D3C2
S31508002600FFE70899202048650899032081F83500D6
S31508002610FFE70899002081F83400FFE701208DF8CC
S315080026202700FDE1E1E70898016801201022C4F2BD
S3150800263002029142019000F0A380FFE70898016822
S3150800264001202822C4F202029142019000F09880EB
S31508002650FFE70898016801204022C4F2020291426D
S31508002660019000F08D80FFE7089801680120582244
S31508002670C4F202029142019000F08280FFE70898B6
S31508002680016801207022C4F202029142019077D0BB
S31508002690FFE70898016801208822C4F202029142E5
S315080026A001906DD0FFE7089801680120A022C4F2C6
S315080026B002029142019063D0FFE708980168012061
S315080026C0B822C4F202029142019059D0FFE7089855
S315080026D00168012040F21042C4F2020291420190C0
S315080026E04ED0FFE708980168012040F22842C4F25C
S315080026F002029142019043D0FFE708980168012041
S3150800270040F24042C4F202029142019038D0FFE7FB
S3150800271008980168012040F25842C4F20202914228
S3150800272001902DD0FFE708980168012040F2704219
S31508002730C4F202029142019022D0FFE7089801688C
S31508002740012040F28842C4F202029142019017D059
S31508002750FFE708980168012040F2A042C4F202028D
S31508002760914201900CD0FFE7089800684FF648316F
S31508002770CBF6FD710844B0FA80F040090190FFE7F6
S315080027800198C00760B1FFE70898806D0790089820
S31508002790C06D00F01F013F208840079988600BE054
S315080027A00898806D06900898C06D00F01F010120FA
S315080027B0884006994860FFE70898016801201022BA
S315080027C0C4F202029142009000F00381FFE70898E4
S315080027D0016801202822C4F202029142009000F00A
S315080027E0F880FFE70898016801204022C4F2020237
S315080027F09142009000F0ED80FFE7089801680120FB
S315080028005822C4F202029142009000F0E280FFE7EB
S315080028100898016801207022C4F2020291420090D1
S3150800282000F0D780FFE70898016801208822C4F2E3
S3150800283002029142009000F0CC80FFE708980168F8
S315080028400120A022C4F202029142009000F0C18049
S31508002850FFE7089801680120B822C4F202029142F3
S31508002860009000F0B680FFE708980168012040F262
S315080028701042C4F202029142009000F0AA80FFE7DB
S3150800288008980168012040F22842C4F202029142E7
S31508002890009000F09E80FFE708980168012040F24A
S315080028A04042C4F202029142009000F09280FFE793
S315080028B008980168012040F25842C4F20202914287
S315080028C0009000F08680FFE708980168012040F232
S315080028D07042C4F20202914200907AD0FFE708984B
S315080028E00168012040F28842C4F202029142009037
S315080028F06FD0FFE708980168012040F2A042C4F2B1
S3150800290002029142009064D0FFE70898016801200E
S3150800291040F2B842C4F202029142009059D0FFE751
S3150800292008980168012045F20842C5F6020291425C
S3150800293000904ED0FFE708980168012045F21C4236
S31508002940C5F602029142009043D0FFE70898016855
S31508002950012045F23042C5F602029142009038D075
S31508002960FFE708980168012045F24442C5F60202CD
S31508002970914200902DD0FFE708980168012045F2A2
S315080029805842C5F602029142009022D0FFE7089805
S315080029900168012045F26C42C5F602029142009098
S315080029A017D0FFE708980168012045F28042C5F66E
S315080029B00202914200900CD0FFE7089800684AF698
S315080029C06C31CAF2FD710844B0FA80F040090090F3
S315080029D0FFE70098C007A0B1FFE70898416E806E30
S315080029E048600898C06E58B1FFE70898C16E086835
S315080029F020F4807008600898016F406F4860FFE710
S31508002A00FFE70899012081F83500FFE708990020BB
S31508002A1081F83400FFE7FFE700208DF82700FFE77D
S31508002A209DF827000AB080BD80B586B0049004984A
S31508002A3020B9FFE701208DF8170046E3049890F8BF
S31508002A403500022807D0FFE7049980204865012051
S31508002A508DF8170039E30498016801201022C4F2A2
S31508002A6002029142029000F0A380FFE704980168F1
S31508002A7001202822C4F202029142029000F09880B6
S31508002A80FFE70498016801204022C4F2020291423D
S31508002A90029000F08D80FFE7049801680120582213
S31508002AA0C4F202029142029000F08280FFE7049885
S31508002AB0016801207022C4F202029142029077D086
S31508002AC0FFE70498016801208822C4F202029142B5
S31508002AD002906DD0FFE7049801680120A022C4F295
S31508002AE002029142029063D0FFE704980168012030
S31508002AF0B822C4F202029142029059D0FFE7049824
S31508002B000168012040F21042C4F20202914202908A
S31508002B104ED0FFE704980168012040F22842C4F22B
S31508002B2002029142029043D0FFE70498016801200F
S31508002B3040F24042C4F202029142029038D0FFE7C6
S31508002B4004980168012040F25842C4F202029142F8
S31508002B5002902DD0FFE704980168012040F27042E8
S31508002B60C4F202029142029022D0FFE7049801685B
S31508002B70012040F28842C4F202029142029017D024
S31508002B80FFE704980168012040F2A042C4F202025D
S31508002B90914202900CD0FFE7049800684FF648313E
S31508002BA0CBF6FD710844B0FA80F040090290FFE7C1
S31508002BB00298C007002800F09D80FFE704990420CA
S31508002BC081F83500049800681021C4F20201884291
S31508002BD000F08180FFE7049800682821C4F202010A
S31508002BE0884278D0FFE7049800684021C4F20201C1
S31508002BF0884270D0FFE7049800685821C4F20201A1
S31508002C00884268D0FFE7049800687021C4F2020180
S31508002C10884260D0FFE7049800688821C4F2020160
S31508002C20884258D0FFE704980068A021C4F2020140
S31508002C30884250D0FFE704980068B821C4F2020120
S31508002C40884248D0FFE70498006840F21041C4F271
S31508002C50020188423FD0FFE70498006840F2284105
S31508002C60C4F20201884236D0FFE70498006840F2B1
S31508002C704041C4F2020188422DD0FFE7049800685B
S31508002C8040F25841C4F20201884224D0FFE7049872
S31508002C90006840F27041C4F2020188421BD0FFE787
S31508002CA00498006840F28841C4F20201884212D0B2
S31508002CB0FFE70498006840F2A041C4F20201884286
S31508002CC009D0FFE70498006840F2B841C4F202014F
S31508002CD0884207D1FFE704980168086820F00100D8
S31508002CE0086006E004980168086820F0010008609A
S31508002CF0FFE7E5E1049800681021C4F20201884262
S31508002D0000F08180FFE7049800682821C4F20201D8
S31508002D10884278D0FFE7049800684021C4F202018F
S31508002D20884270D0FFE7049800685821C4F202016F
S31508002D30884268D0FFE7049800687021C4F202014F
S31508002D40884260D0FFE7049800688821C4F202012F
S31508002D50884258D0FFE704980068A021C4F202010F
S31508002D60884250D0FFE704980068B821C4F20201EF
S31508002D70884248D0FFE70498006840F21041C4F240
S31508002D80020188423FD0FFE70498006840F22841D4
S31508002D90C4F20201884236D0FFE70498006840F280
S31508002DA04041C4F2020188422DD0FFE7049800682A
S31508002DB040F25841C4F20201884224D0FFE7049841
S31508002DC0006840F27041C4F2020188421BD0FFE756
S31508002DD00498006840F28841C4F20201884212D081
S31508002DE0FFE70498006840F2A041C4F20201884255
S31508002DF009D0FFE70498006840F2B841C4F202011E
S31508002E00884207D1FFE704980168086820F00100A6
S31508002E10086006E004980168086820F00100086068
S31508002E20FFE704980168086820F00E000860049817
S31508002E30016801201022C4F202029142019000F0BA
S31508002E400381FFE70498016801202822C4F20202E0
S31508002E509142019000F0F880FFE70498016801208C
S31508002E604022C4F202029142019000F0ED80FFE791
S31508002E700498016801205822C4F202029142019086
S31508002E8000F0E280FFE70498016801207022C4F28E
S31508002E9002029142019000F0D780FFE7049801688A
S31508002EA001208822C4F202029142019000F0CC80EF
S31508002EB0FFE7049801680120A022C4F202029142A9
S31508002EC0019000F0C180FFE7049801680120B8224C
S31508002ED0C4F202029142019000F0B680FFE704981E
S31508002EE00168012040F21042C4F2020291420190A8
S31508002EF000F0AA80FFE704980168012040F2284202
S31508002F00C4F202029142019000F09E80FFE7049805
S31508002F100168012040F24042C4F202029142019047
S31508002F2000F09280FFE704980168012040F25842B9
S31508002F30C4F202029142019000F08680FFE70498ED
S31508002F400168012040F27042C4F2020291420190E7
S31508002F507AD0FFE704980168012040F28842C4F25B
S31508002F600202914201906FD0FFE7049801680120A0
S31508002F7040F2A042C4F202029142019064D0FFE7F7
S31508002F8004980168012040F2B842C4F20202914254
S31508002F90019059D0FFE704980168012045F20842DC
S31508002FA0C5F60202914201904ED0FFE704980168E7
S31508002FB0012045F21C42C5F602029142019043D017
S31508002FC0FFE704980168012045F23042C5F602027F
S31508002FD09142019038D0FFE704980168012045F234
S31508002FE04442C5F60202914201902DD0FFE70498AB
S31508002FF00168012045F25842C5F602029142019045
S3150800300022D0FFE704980168012045F26C42C5F614
S3150800301002029142019017D0FFE704980168012047
S3150800302045F28042C5F60202914201900CD0FFE7B4
S31508003030049800684AF66C31CAF2FD710844B0FA81
S3150800304080F040090190FFE70198C00728B3FFE721
S315080030500498016E086820F4807008600498806DF2
S3150800306003900498C06D00F01F0101208840039961
S3150800307048600498416E806E48600498C06E58B1E6
S31508003080FFE70498C16E086820F480700860049809
S31508003090016F406F4860FFE7FFE70499012081F858
S315080030A03500FFE70499002081F83400FFE704980B
S315080030B0006D20B1FFE70498016D8847FFE7FFE739
S315080030C0FFE700208DF81700FFE79DF8170006B008
S315080030D080BD00000000000081B000900098406D9F
S315080030E001B070470000000080B590B00F90002036
S315080030F00B9040F2C000C2F20040006848F2B511D9
S31508003100C1F64E31A0FB0110800A0A900F98806D17
S3150800311009900F98806D0890099800680E90089895
S3150800312000680D900F98016801201022C4F202026F
S315080031309142079000F0A380FFE70F9801680120ED
S315080031402822C4F202029142079000F09880FFE715
S315080031500F98016801204022C4F2020291420790AA
S3150800316000F08D80FFE70F98016801205822C4F20D
S3150800317002029142079000F08280FFE70F980168EB
S3150800318001207022C4F202029142079077D0FFE72D
S315080031900F98016801208822C4F202029142079022
S315080031A06DD0FFE70F9801680120A022C4F2020241
S315080031B09142079063D0FFE70F9801680120B82273
S315080031C0C4F202029142079059D0FFE70F980168AE
S315080031D0012040F21042C4F20202914207904ED0FA
S315080031E0FFE70F980168012040F22842C4F2020264
S315080031F09142079043D0FFE70F980168012040F2FB
S315080032004042C4F202029142079038D0FFE70F9875
S315080032100168012040F25842C4F202029142079026
S315080032202DD0FFE70F980168012040F27042C4F2E2
S3150800323002029142079022D0FFE70F980168012009
S3150800324040F28842C4F202029142079017D0FFE783
S315080032500F980168012040F2A042C4F2020291428E
S3150800326007900CD0FFE70F9800684FF64831CBF669
S31508003270FD710844B0FA80F040090790FFE7079807
S31508003280C007002800F01385FFE70E980F99C96D4F
S3150800329001F01F01C8400007002840F1B080FFE791
S315080032A00F9800681021C4F20201884200F081805C
S315080032B0FFE70F9800682821C4F20201884278D0F7
S315080032C0FFE70F9800684021C4F20201884270D0D7
S315080032D0FFE70F9800685821C4F20201884268D0B7
S315080032E0FFE70F9800687021C4F20201884260D097
S315080032F0FFE70F9800688821C4F20201884258D077
S31508003300FFE70F980068A021C4F20201884250D056
S31508003310FFE70F980068B821C4F20201884248D036
S31508003320FFE70F98006840F21041C4F20201884294
S315080033303FD0FFE70F98006840F22841C4F2020127
S31508003340884236D0FFE70F98006840F24041C4F241
S31508003350020188422DD0FFE70F98006840F25841D5
S31508003360C4F20201884224D0FFE70F98006840F2B1
S315080033707041C4F2020188421BD0FFE70F9800682B
S3150800338040F28841C4F20201884212D0FFE70F9842
S31508003390006840F2A041C4F20201884209D0FFE762
S315080033A00F98006840F2B841C4F20201884207D17A
S315080033B0FFE70F980068006800F00400069006E032
S315080033C00F980068006800F008000690FFE7069866
S315080033D0A0B1FFE70F980168086820F004000860AC
S315080033E00F98C06D00F01F01082088400999886071
S315080033F00F99486D40F001004865FFE7FFE70E9812
S315080034000F99C96D01F01F01C840C007002800F0D8
S31508003410A980FFE70F9800681021C4F202018842CC
S3150800342000F08180FFE70F9800682821C4F20201A6
S31508003430884278D0FFE70F9800684021C4F202015D
S31508003440884270D0FFE70F9800685821C4F202013D
S31508003450884268D0FFE70F9800687021C4F202011D
S31508003460884260D0FFE70F9800688821C4F20201FD
S31508003470884258D0FFE70F980068A021C4F20201DD
S31508003480884250D0FFE70F980068B821C4F20201BD
S31508003490884248D0FFE70F98006840F21041C4F20E
S315080034A0020188423FD0FFE70F98006840F22841A2
S315080034B0C4F20201884236D0FFE70F98006840F24E
S315080034C04041C4F2020188422DD0FFE70F980068F8
S315080034D040F25841C4F20201884224D0FFE70F980F
S315080034E0006840F27041C4F2020188421BD0FFE72F
S315080034F00F98006840F28841C4F20201884212D04F
S31508003500FFE70F98006840F2A041C4F20201884222
S3150800351009D0FFE70F98006840F2B841C4F20201EB
S31508003520884207D1FFE70F980068406900F08000DD
S31508003530059005E00F980068006800200590FFE7F1
S31508003540059870B1FFE70F98C06D00F01F010120C4
S315080035508840099988600F99486D40F002004865CF
S31508003560FFE7FFE70E980F99C96D01F01F01C840E4
S315080035704007002840F1A980FFE70F98006810214E
S31508003580C4F20201884200F08180FFE70F980068C4
S315080035902821C4F20201884278D0FFE70F98006814
S315080035A04021C4F20201884270D0FFE70F980068F4
S315080035B05821C4F20201884268D0FFE70F980068D4
S315080035C07021C4F20201884260D0FFE70F980068B4
S315080035D08821C4F20201884258D0FFE70F98006894
S315080035E0A021C4F20201884250D0FFE70F98006874
S315080035F0B821C4F20201884248D0FFE70F98006854
S3150800360040F21041C4F2020188423FD0FFE70F980A
S31508003610006840F22841C4F20201884236D0FFE72A
S315080036200F98006840F24041C4F2020188422DD04A
S31508003630FFE70F98006840F25841C4F20201884239
S3150800364024D0FFE70F98006840F27041C4F20201E7
S3150800365088421BD0FFE70F98006840F28841C4F201
S315080036600201884212D0FFE70F98006840F2A04195
S31508003670C4F20201884209D0FFE70F98006840F2B9
S31508003680B841C4F20201884207D1FFE70F980068E3
S31508003690006800F00200049005E00F9800680068D2
S315080036A000200490FFE7049870B1FFE70F98C06DFB
S315080036B000F01F0104208840099988600F99486D19
S315080036C040F004004865FFE7FFE70E980F99C96DBB
S315080036D001F01F01C840C006002840F1DE80FFE760
S315080036E00F9800681021C4F20201884200F0818018
S315080036F0FFE70F9800682821C4F20201884278D0B3
S31508003700FFE70F9800684021C4F20201884270D092
S31508003710FFE70F9800685821C4F20201884268D072
S31508003720FFE70F9800687021C4F20201884260D052
S31508003730FFE70F9800688821C4F20201884258D032
S31508003740FFE70F980068A021C4F20201884250D012
S31508003750FFE70F980068B821C4F20201884248D0F2
S31508003760FFE70F98006840F21041C4F20201884250
S315080037703FD0FFE70F98006840F22841C4F20201E3
S31508003780884236D0FFE70F98006840F24041C4F2FD
S31508003790020188422DD0FFE70F98006840F2584191
S315080037A0C4F20201884224D0FFE70F98006840F26D
S315080037B07041C4F2020188421BD0FFE70F980068E7
S315080037C040F28841C4F20201884212D0FFE70F98FE
S315080037D0006840F2A041C4F20201884209D0FFE71E
S315080037E00F98006840F2B841C4F20201884207D136
S315080037F0FFE70F980068006800F00800039006E0ED
S315080038000F980068006800F004000390FFE703982B
S31508003810002841D0FFE70F98C06D00F01F01102067
S315080038208840099988600F98006800684003002856
S315080038301AD5FFE70F98006800680003002809D426
S31508003840FFE70F98006C20B1FFE70F98016C8847D7
S31508003850FFE708E00F98806C20B1FFE70F98816CAE
S315080038608847FFE7FFE716E00F9800680068C0057D
S31508003870002807D4FFE70F980168086820F00800B9
S315080038800860FFE70F98006C20B1FFE70F98016CFE
S315080038908847FFE7FFE7FFE7FFE70E980F99C96D2F
S315080038A001F01F01C8408006002840F12681FFE785
S315080038B00F9800681021C4F20201884200F0818046
S315080038C0FFE70F9800682821C4F20201884278D0E1
S315080038D0FFE70F9800684021C4F20201884270D0C1
S315080038E0FFE70F9800685821C4F20201884268D0A1
S315080038F0FFE70F9800687021C4F20201884260D081
S31508003900FFE70F9800688821C4F20201884258D060
S31508003910FFE70F980068A021C4F20201884250D040
S31508003920FFE70F980068B821C4F20201884248D020
S31508003930FFE70F98006840F21041C4F2020188427E
S315080039403FD0FFE70F98006840F22841C4F2020111
S31508003950884236D0FFE70F98006840F24041C4F22B
S31508003960020188422DD0FFE70F98006840F25841BF
S31508003970C4F20201884224D0FFE70F98006840F29B
S315080039807041C4F2020188421BD0FFE70F98006815
S3150800399040F28841C4F20201884212D0FFE70F982C
S315080039A0006840F2A041C4F20201884209D0FFE74C
S315080039B00F98006840F2B841C4F20201884207D164
S315080039C0FFE70F980068006800F01000029006E014
S315080039D00F980068006800F002000290FFE702985E
S315080039E0002800F08980FFE70F98C06D00F01F01DE
S315080039F020208840099988600F9890F83500042897
S31508003A0037D1FFE70F980168086820F016000860AC
S31508003A100F980168486920F0800048610F98006C8B
S31508003A2020B9FFE70F98806C38B1FFE70F98016857
S31508003A30086820F008000860FFE70F98C06D00F0DE
S31508003A401F013F208840099988600F99012081F855
S31508003A503500FFE70F99002081F83400FFE70F983B
S31508003A60006D20B1FFE70F98016D8847FFE700F06A
S31508003A7019BC0F9800680068400300281AD5FFE7AC
S31508003A800F98006800680003002809D5FFE70F981B
S31508003A90406C20B1FFE70F98416C8847FFE708E0C4
S31508003AA00F98C06B20B1FFE70F98C16B8847FFE7F7
S31508003AB0FFE720E00F9800680068C005002811D4C9
S31508003AC0FFE70F980168086820F0100008600F9952
S31508003AD0012081F83500FFE70F99002081F83400AE
S31508003AE0FFE7FFE70F98C06B20B1FFE70F98C16BA0
S31508003AF08847FFE7FFE7FFE7FFE70F98406D0028D5
S31508003B0000F0D480FFE70F98406DC007002800F04A
S31508003B10C480FFE70F99042081F835000F980068E4
S31508003B201021C4F20201884200F08180FFE70F9855
S31508003B3000682821C4F20201884278D0FFE70F986E
S31508003B4000684021C4F20201884270D0FFE70F984E
S31508003B5000685821C4F20201884268D0FFE70F982E
S31508003B6000687021C4F20201884260D0FFE70F980E
S31508003B7000688821C4F20201884258D0FFE70F98EE
S31508003B800068A021C4F20201884250D0FFE70F98CE
S31508003B900068B821C4F20201884248D0FFE70F98AE
S31508003BA0006840F21041C4F2020188423FD0FFE7A4
S31508003BB00F98006840F22841C4F20201884236D0C4
S31508003BC0FFE70F98006840F24041C4F202018842BC
S31508003BD02DD0FFE70F98006840F25841C4F2020161
S31508003BE0884224D0FFE70F98006840F27041C4F27B
S31508003BF0020188421BD0FFE70F98006840F288410F
S31508003C00C4F20201884212D0FFE70F98006840F21A
S31508003C10A041C4F20201884209D0FFE70F98006864
S31508003C2040F2B841C4F20201884207D1FFE70F9873
S31508003C300168086820F00100086006E00F9801682E
S31508003C40086820F001000860FFE7FFE70B980130DD
S31508003C500B900A99884201D9FFE707E0FFE70F981A
S31508003C6000680068C0070028F0D1FFE70F980068D1
S31508003C700068C00728B1FFE70F99032081F83500CF
S31508003C8004E00F99012081F83500FFE7FFE70F9957
S31508003C90002081F83400FFE7FFE70F98C06C20B1D9
S31508003CA0FFE70F98C16C8847FFE7FFE7FAE20F982E
S31508003CB00168012045F20842C5F6020291420190C8
S31508003CC04ED0FFE70F980168012045F21C42C5F661
S31508003CD002029142019043D0FFE70F980168012044
S31508003CE045F23042C5F602029142019038D0FFE70C
S31508003CF00F980168012045F24442C5F60202914236
S31508003D0001902DD0FFE70F980168012045F258422F
S31508003D10C5F602029142019022D0FFE70F9801688A
S31508003D20012045F26C42C5F602029142019017D075
S31508003D30FFE70F980168012045F28042C5F60202A6
S31508003D40914201900CD0FFE70F9800684AF66C3153
S31508003D50CAF2FD710844B0FA80F040090190FFE705
S31508003D600198C007002800F09B82FFE70F980068BB
S31508003D7000680C900D980F99C96D01F01F01C84095
S31508003D804007002840F1D780FFE79DF8300040073C
S31508003D90002840F1D080FFE70F98C06D00F01F01A2
S31508003DA004208840089948609DF8310000060028DC
S31508003DB018D5FFE79DF83200C00748B1FFE70F980E
S31508003DC0806C20B1FFE70F98816C8847FFE708E011
S31508003DD00F98006C20B1FFE70F98016C8847FFE742
S31508003DE0FFE7A7E09DF830008006002800F19980DB
S31508003DF0FFE70F9800681021C4F20201884200F01C
S31508003E008180FFE70F9800682821C4F202018842E2
S31508003E1078D0FFE70F9800684021C4F20201884273
S31508003E2070D0FFE70F9800685821C4F20201884253
S31508003E3068D0FFE70F9800687021C4F20201884233
S31508003E4060D0FFE70F9800688821C4F20201884213
S31508003E5058D0FFE70F980068A021C4F202018842F3
S31508003E6050D0FFE70F980068B821C4F202018842D3
S31508003E7048D0FFE70F98006840F21041C4F20201EB
S31508003E8088423FD0FFE70F98006840F22841C4F205
S31508003E900201884236D0FFE70F98006840F2404199
S31508003EA0C4F2020188422DD0FFE70F98006840F25D
S31508003EB05841C4F20201884224D0FFE70F980068EF
S31508003EC040F27041C4F2020188421BD0FFE70F9806
S31508003ED0006840F28841C4F20201884212D0FFE726
S31508003EE00F98006840F2A041C4F20201884209D046
S31508003EF0FFE70F98006840F2B841C4F20201884211
S31508003F0007D1FFE70F980168086820F008000860E5
S31508003F1006E00F980168086820F004000860FFE7CB
S31508003F20FFE70F98006C20B1FFE70F98016C8847F0
S31508003F30FFE7FFE7B3E10D980F99C96D01F01F017F
S31508003F40C8408007002840F1E180FFE79DF830006F
S31508003F508007002840F1DA80FFE70F98C06D00F06F
S31508003F601F0102208840089948609DF83100000624
S31508003F70002818D5FFE79DF83200C00748B9FFE7C3
S31508003F800F98406C20B1FFE70F98416C8847FFE710
S31508003F9008E00F98C06B20B1FFE70F98C16B884700
S31508003FA0FFE7FFE7B1E09DF830008006002800F142
S31508003FB0A380FFE70F9800681021C4F20201884227
S31508003FC000F08180FFE70F9800682821C4F20201FB
S31508003FD0884278D0FFE70F9800684021C4F20201B2
S31508003FE0884270D0FFE70F9800685821C4F2020192
S31508003FF0884268D0FFE70F9800687021C4F2020172
S31508004000884260D0FFE70F9800688821C4F2020151
S31508004010884258D0FFE70F980068A021C4F2020131
S31508004020884250D0FFE70F980068B821C4F2020111
S31508004030884248D0FFE70F98006840F21041C4F262
S31508004040020188423FD0FFE70F98006840F22841F6
S31508004050C4F20201884236D0FFE70F98006840F2A2
S315080040604041C4F2020188422DD0FFE70F9800684C
S3150800407040F25841C4F20201884224D0FFE70F9863
S31508004080006840F27041C4F2020188421BD0FFE783
S315080040900F98006840F28841C4F20201884212D0A3
S315080040A0FFE70F98006840F2A041C4F20201884277
S315080040B009D0FFE70F98006840F2B841C4F2020140
S315080040C0884207D1FFE70F980168086820F01400B6
S315080040D0086006E00F980168086820F00A00086082
S315080040E0FFE70F99012081F83500FFE70F990020B7
S315080040F081F83400FFE7FFE70F98C06B20B1FFE7B0
S315080041000F98C16B8847FFE7FFE7C7E00D980F993F
S31508004110C96D01F01F01C8400007002840F1BC80A6
S31508004120FFE79DF830000007002840F1B580FFE75B
S315080041300F9800681021C4F20201884200F08180BD
S31508004140FFE70F9800682821C4F20201884278D058
S31508004150FFE70F9800684021C4F20201884270D038
S31508004160FFE70F9800685821C4F20201884268D018
S31508004170FFE70F9800687021C4F20201884260D0F8
S31508004180FFE70F9800688821C4F20201884258D0D8
S31508004190FFE70F980068A021C4F20201884250D0B8
S315080041A0FFE70F980068B821C4F20201884248D098
S315080041B0FFE70F98006840F21041C4F202018842F6
S315080041C03FD0FFE70F98006840F22841C4F2020189
S315080041D0884236D0FFE70F98006840F24041C4F2A3
S315080041E0020188422DD0FFE70F98006840F2584137
S315080041F0C4F20201884224D0FFE70F98006840F213
S315080042007041C4F2020188421BD0FFE70F9800688C
S3150800421040F28841C4F20201884212D0FFE70F98A3
S31508004220006840F2A041C4F20201884209D0FFE7C3
S315080042300F98006840F2B841C4F20201884207D1DB
S31508004240FFE70F980168086820F01C00086006E080
S315080042500F980168086820F00E000860FFE70F98BD
S31508004260C06D00F01F01012000FA01F1089A5160A3
S315080042700F9948650F9981F83500FFE70F990020D7
S3150800428081F83400FFE70F98C06C20B1FFE70F985C
S31508004290C16C8847FFE700E0FFE7FFE7FFE700E0BC
S315080042A0FFE7FFE710B080BD10B58EB00C9002F0A6
S315080042B057FD0A900C9828B9FFE701208DF83700BA
S315080042C000F09EBC0C98016801201022C4F202027C
S315080042D09142079000F0A380FFE70C98016801203F
S315080042E02822C4F202029142079000F09880FFE764
S315080042F00C98016801204022C4F2020291420790FC
S3150800430000F08D80FFE70C98016801205822C4F25E
S3150800431002029142079000F08280FFE70C9801683C
S3150800432001207022C4F202029142079077D0FFE77B
S315080043300C98016801208822C4F202029142079073
S315080043406DD0FFE70C9801680120A022C4F2020292
S315080043509142079063D0FFE70C9801680120B822C4
S31508004360C4F202029142079059D0FFE70C980168FF
S31508004370012040F21042C4F20202914207904ED048
S31508004380FFE70C980168012040F22842C4F20202B5
S315080043909142079043D0FFE70C980168012040F24C
S315080043A04042C4F202029142079038D0FFE70C98C7
S315080043B00168012040F25842C4F202029142079075
S315080043C02DD0FFE70C980168012040F27042C4F234
S315080043D002029142079022D0FFE70C98016801205B
S315080043E040F28842C4F202029142079017D0FFE7D2
S315080043F00C980168012040F2A042C4F202029142E0
S3150800440007900CD0FFE70C9800684FF64831CBF6BA
S31508004410FD710844B0FA80F040090790FFE7079855
S31508004420C007002800F07881FFE70C98406A08B1B9
S31508004430FFE7FFE70C99022081F83500FFE70C99A2
S31508004440002081F83400FFE70C9800681021C4F2B8
S315080044500201884200F08180FFE70C980068282155
S31508004460C4F20201884278D0FFE70C980068402120
S31508004470C4F20201884270D0FFE70C980068582100
S31508004480C4F20201884268D0FFE70C9800687021E0
S31508004490C4F20201884260D0FFE70C9800688821C0
S315080044A0C4F20201884258D0FFE70C980068A021A0
S315080044B0C4F20201884250D0FFE70C980068B82180
S315080044C0C4F20201884248D0FFE70C98006840F21F
S315080044D01041C4F2020188423FD0FFE70C980068F9
S315080044E040F22841C4F20201884236D0FFE70C9810
S315080044F0006840F24041C4F2020188422DD0FFE72D
S315080045000C98006840F25841C4F20201884224D04F
S31508004510FFE70C98006840F27041C4F20201884235
S315080045201BD0FFE70C98006840F28841C4F20201EC
S31508004530884212D0FFE70C98006840F2A041C4F206
S315080045400201884209D0FFE70C98006840F2B8419A
S31508004550C4F20201884207D1FFE70C98016808688F
S3150800456020F00100086006E00C980168086820F051
S3150800457001000860FFE7FFE70C9800680068C007BD
S3150800458098B1FFE702F0ECFB0A99401A06280BD30C
S31508004590FFE70C99202048650C99032081F835001F
S315080045A001208DF837002BE3E6E70C9800680068D1
S315080045B00B900B9848F23F01CFF6106108400B901C
S315080045C00C998868D1F80CC00B694A6940EA0C0056
S315080045D0184310438A691043CA691043096A01439C
S315080045E00B9808430B900C98406A042808D1FFE7FB
S315080045F00C99C86A096B01430B9808430B90FFE7AF
S315080046000C984068292807D3FFE70C9841680120D1
S315080046102F29069036D3FFE70C9840683F2807D322
S31508004620FFE70C9841680120432906902AD3FFE743
S315080046300C984068472807D3FFE70C984168012083
S31508004640492906901ED3FFE70C9840684F2807D3E0
S31508004650FFE70C98416801205329069012D3FFE71B
S315080046600C98416800207429059008D3FFE70C9838
S3150800467041680020782938BF01200590FFE7059892
S315080046800690FFE70698C00728B1FFE70B9840F4A5
S3150800469080100B90FFE70B980C99096808600C9836
S315080046A0006840690B900B9820F007000B900C9857
S315080046B0416A0B9808430B900C98406A04281AD153
S315080046C0FFE70C98816A0B9808430B900C98C06A10
S315080046D080B1FFE70C98FCF77FFE50B1FFE70C9915
S315080046E0402048650C99012081F835008DF837007F
S315080046F086E2FFE7FFE70B980C99096848610C9872
S31508004700FCF72EFC09900C98C06D00F01F013F20A5
S3150800471088400999886026E10C980168012045F2CD
S315080047200842C5F60202914204904ED0FFE70C9863
S315080047300168012045F21C42C5F602029142049026
S3150800474043D0FFE70C980168012045F23042C5F6D0
S3150800475002029142049038D0FFE70C9801680120C4
S3150800476045F24442C5F60202914204902DD0FFE775
S315080047700C980168012045F25842C5F6020291429A
S31508004780049022D0FFE70C980168012045F26C429C
S31508004790C5F602029142049017D0FFE70C9801680B
S315080047A0012045F28042C5F60202914204900CD0DF
S315080047B0FFE70C9800684AF66C31CAF2FD710844A6
S315080047C0B0FA80F040090490FFE70498C007002873
S315080047D000F0BD80FFE70C980168012045F2084209
S315080047E0C5F60202914203904ED0FFE70C98016885
S315080047F0012045F21C42C5F602029142039043D0BD
S31508004800FFE70C980168012045F23042C5F602021E
S315080048109142039038D0FFE70C980168012045F2D1
S315080048204442C5F60202914203902DD0FFE70C9848
S315080048300168012045F25842C5F6020291420390EA
S3150800484022D0FFE70C980168012045F26C42C5F6B4
S3150800485002029142039017D0FFE70C9801680120E5
S3150800486045F28042C5F60202914203900CD0FFE75A
S315080048700C9800684AF66C31CAF2FD710844B0FA21
S3150800488080F040090390FFE70398C00708B1FFE7E7
S31508004890FFE70C99022081F83500FFE70C99002004
S315080048A081F83400FFE70C98006800680B900B98B5
S315080048B06FF310100B900C988068402803D1FFE71F
S315080048C01020029008E00C9880688038B0FA80F0D2
S315080048D0400980030290FFE702980C99CA680B69A1
S315080048E0D1F814C0D1F818E0CC694EEA040E4CEAA7
S315080048F00E0C43EA0C031A4340EAD200096A40EA5E
S3150800490011110B9808430B900B980C9909680860CD
S315080049100C9908684AF6F832CAF2FD7210444CF649
S31508004920CD42CCF6CC42A0FB02026FF0030000EAAF
S315080049309200C8650C98FCF713FB08900C98C06D9C
S3150800494000F01F0101208840089948600AE00C9988
S31508004950402048650C99032081F8350001208DF820
S3150800496037004DE1FFE70C98016801201022C4F2D8
S3150800497002029142019000F00381FFE70C9801685A
S3150800498001202822C4F202029142019000F0F88028
S31508004990FFE70C98016801204022C4F20202914206
S315080049A0019000F0ED80FFE70C980168012058227D
S315080049B0C4F202029142019000F0E280FFE70C98EF
S315080049C0016801207022C4F202029142019000F0AF
S315080049D0D780FFE70C98016801208822C4F20202FA
S315080049E09142019000F0CC80FFE70C980168012005
S315080049F0A022C4F202029142019000F0C180FFE7B2
S31508004A000C9801680120B822C4F202029142019072
S31508004A1000F0B680FFE70C980168012040F21042CA
S31508004A20C4F202029142019000F0AA80FFE70C98B6
S31508004A300168012040F22842C4F202029142019024
S31508004A4000F09E80FFE70C980168012040F2404282
S31508004A50C4F202029142019000F09280FFE70C989E
S31508004A600168012040F25842C4F2020291420190C4
S31508004A7000F08680FFE70C980168012040F270423A
S31508004A80C4F20202914201907AD0FFE70C980168BD
S31508004A90012040F28842C4F20202914201906FD08E
S31508004AA0FFE70C980168012040F2A042C4F2020216
S31508004AB09142019064D0FFE70C980168012040F20A
S31508004AC0B842C4F202029142019059D0FFE70C980D
S31508004AD00168012045F20842C5F60202914201909A
S31508004AE04ED0FFE70C980168012045F21C42C5F636
S31508004AF002029142019043D0FFE70C980168012019
S31508004B0045F23042C5F602029142019038D0FFE7DD
S31508004B100C980168012045F24442C5F6020291420A
S31508004B2001902DD0FFE70C980168012045F2584204
S31508004B30C5F602029142019022D0FFE70C9801685F
S31508004B40012045F26C42C5F602029142019017D047
S31508004B50FFE70C980168012045F28042C5F602027B
S31508004B60914201900CD0FFE70C9800684AF66C3128
S31508004B70CAF2FD710844B0FA80F040090190FFE7D7
S31508004B800198C00790B3FFE70C98FCF7D1FA0C9888
S31508004B908068802804D1FFE70C9900204860FFE769
S31508004BA00C990879096E08600C98416E806E486009
S31508004BB00C98406888B1FFE70C98406808280CD81C
S31508004BC0FFE70C98FCF770FB0C98C16E0020086094
S31508004BD00C98016F406F486007E00C990020C86682
S31508004BE00C9908670C994867FFE7FFE70C990020BE
S31508004BF048650C9A012182F835108DF83700FFE7D1
S31508004C009DF837000EB010BD80B588B006900591A6
S31508004C100492039300208DF80B00069820B9FFE74D
S31508004C2001208DF81F006CE3FFE7069890F8340022
S31508004C30012804D1FFE702208DF81F0061E30699D9
S31508004C40012081F83400FFE7FFE7069890F8350061
S31508004C50012840F04383FFE70699022081F83500D2
S31508004C60069900204865069800681021C4F20201DA
S31508004C70884200F08180FFE7069800682821C4F280
S31508004C800201884278D0FFE7069800684021C4F2FE
S31508004C900201884270D0FFE7069800685821C4F2DE
S31508004CA00201884268D0FFE7069800687021C4F2BE
S31508004CB00201884260D0FFE7069800688821C4F29E
S31508004CC00201884258D0FFE706980068A021C4F27E
S31508004CD00201884250D0FFE706980068B821C4F25E
S31508004CE00201884248D0FFE70698006840F2104162
S31508004CF0C4F2020188423FD0FFE70698006840F2F6
S31508004D002841C4F20201884236D0FFE706980068B7
S31508004D1040F24041C4F2020188422DD0FFE70698CE
S31508004D20006840F25841C4F20201884224D0FFE7E5
S31508004D300698006840F27041C4F2020188421BD00E
S31508004D40FFE70698006840F28841C4F202018842EB
S31508004D5012D0FFE70698006840F2A041C4F20201AB
S31508004D60884209D0FFE70698006840F2B841C4F2C5
S31508004D700201884207D1FFE706980168086820F013
S31508004D800100086006E006980168086820F001003E
S31508004D900860FFE706980599049A039BFCF794FBBD
S31508004DA00698016801201022C4F20202914201907D
S31508004DB000F0A380FFE70698016801202822C4F2C4
S31508004DC002029142019000F09880FFE70698016878
S31508004DD001204022C4F202029142019000F08D8027
S31508004DE0FFE70698016801205822C4F202029142A0
S31508004DF0019000F08280FFE7069801680120702282
S31508004E00C4F202029142019077D0FFE70698016842
S31508004E1001208822C4F20202914201906DD0FFE778
S31508004E20069801680120A022C4F20202914201906C
S31508004E3063D0FFE7069801680120B822C4F202028F
S31508004E409142019059D0FFE706980168012040F287
S31508004E501042C4F20202914201904ED0FFE7069832
S31508004E600168012040F22842C4F2020291420190F0
S31508004E7043D0FFE706980168012040F24042C4F299
S31508004E8002029142019038D0FFE706980168012096
S31508004E9040F25842C4F20202914201902DD0FFE737
S31508004EA006980168012040F27042C4F2020291425B
S31508004EB0019022D0FFE706980168012040F2884257
S31508004EC0C4F202029142019017D0FFE706980168E2
S31508004ED0012040F2A042C4F20202914201900CD095
S31508004EE0FFE7069800684FF64831CBF6FD7108448F
S31508004EF0B0FA80F040090190FFE70198C007A8B111
S31508004F00FFE70698006800680B2161F344000699DC
S31508004F10096808600698006C38B1FFE706980168CA
S31508004F20086840F008000860FFE714E00698006883
S31508004F300068052161F34300069909680860069828
S31508004F40006C38B1FFE706980168086840F004006D
S31508004F500860FFE7FFE70698016801201022C4F2FF
S31508004F6002029142009000F00381FFE7069801686B
S31508004F7001202822C4F202029142009000F0F88033
S31508004F80FFE70698016801204022C4F20202914216
S31508004F90009000F0ED80FFE706980168012058228E
S31508004FA0C4F202029142009000F0E280FFE7069800
S31508004FB0016801207022C4F202029142009000F0BA
S31508004FC0D780FFE70698016801208822C4F202020A
S31508004FD09142009000F0CC80FFE706980168012016
S31508004FE0A022C4F202029142009000F0C180FFE7BD
S31508004FF0069801680120B822C4F202029142009084
S3150800500000F0B680FFE706980168012040F21042DA
S31508005010C4F202029142009000F0AA80FFE70698C7
S315080050200168012040F22842C4F20202914200902F
S3150800503000F09E80FFE706980168012040F2404292
S31508005040C4F202029142009000F09280FFE70698AF
S315080050500168012040F25842C4F2020291420090CF
S3150800506000F08680FFE706980168012040F270424A
S31508005070C4F20202914200907AD0FFE706980168CE
S31508005080012040F28842C4F20202914200906FD099
S31508005090FFE706980168012040F2A042C4F2020226
S315080050A09142009064D0FFE706980168012040F21B
S315080050B0B842C4F202029142009059D0FFE706981E
S315080050C00168012045F20842C5F6020291420090A5
S315080050D04ED0FFE706980168012045F21C42C5F646
S315080050E002029142009043D0FFE70698016801202A
S315080050F045F23042C5F602029142009038D0FFE7E9
S3150800510006980168012045F24442C5F6020291421A
S3150800511000902DD0FFE706980168012045F2584215
S31508005120C5F602029142009022D0FFE70698016870
S31508005130012045F26C42C5F602029142009017D052
S31508005140FFE706980168012045F28042C5F602028B
S31508005150914200900CD0FFE7069800684AF66C3139
S31508005160CAF2FD710844B0FA80F040090090FFE7E2
S315080051700098C007D0B1FFE70698006E0068C00324
S31508005180002807D5FFE70698016E086840F4807086
S315080051900860FFE70698C06E38B1FFE70698C16E4B
S315080051A0086840F480700860FFE7FFE70698006823
S315080051B01021C4F20201884200F08180FFE70698B8
S315080051C000682821C4F20201884278D0FFE70698D1
S315080051D000684021C4F20201884270D0FFE70698B1
S315080051E000685821C4F20201884268D0FFE7069891
S315080051F000687021C4F20201884260D0FFE7069871
S3150800520000688821C4F20201884258D0FFE7069850
S315080052100068A021C4F20201884250D0FFE7069830
S315080052200068B821C4F20201884248D0FFE7069810
S31508005230006840F21041C4F2020188423FD0FFE7FD
S315080052400698006840F22841C4F20201884236D026
S31508005250FFE70698006840F24041C4F2020188421E
S315080052602DD0FFE70698006840F25841C4F20201C3
S31508005270884224D0FFE70698006840F27041C4F2DD
S31508005280020188421BD0FFE70698006840F2884171
S31508005290C4F20201884212D0FFE70698006840F27D
S315080052A0A041C4F20201884209D0FFE706980068C7
S315080052B040F2B841C4F20201884207D1FFE70698D6
S315080052C00168086840F00100086006E00698016871
S315080052D0086840F001000860FFE70DE006994FF402
S315080052E000604865FFE70699002081F83400FFE76B
S315080052F001208DF80B00FFE79DF80B008DF81F00C5
S31508005300FFE79DF81F0008B080BD00000000000000
S3150800531080B584B0039001F023FD029003980190B4
S315080053200198013048B1FFE740F2C410C2F20040CC
S315080053300178019808440190FFE7FFE701F010FDA6
S315080053400299401A0199884201D2FFE7F6E704B0AC
S3150800535080BD00000000000085B003900291019214
S31508005360039890F898008DF803009DF8030001282B
S3150800537005D0FFE79DF8030002285DD1FFE70298F4
S3150800538003990968896D084207D1FFE70398016800
S31508005390C86D40F00100C86515E0029803990968D0
S315080053A0896D08400299884207D1FFE7039801688A
S315080053B0C86D40F00200C86504E003980168032040
S315080053C0C865FFE7FFE79DF809008007002809D5AB
S315080053D0FFE7019A03980168D1F8E0001043C1F885
S315080053E0E000FFE79DF809004007002809D5FFE718
S315080053F0019A03980168D1F8E4001043C1F8E40063
S31508005400FFE7FFE702984FF6FF71C3F6CF7100EA90
S31508005410010203980168486D10434865029A4AF6E6
S315080054201401C4F20001086840EA92700860FFE7B8
S3150800543000208DF813000AE00399D1F89C0040F08B
S315080054400200C1F89C0001208DF81300FFE79DF8C3
S31508005450130005B07047000080B586B0049003912C
S3150800546002920398406808B9FFE700E0FFE704984E
S3150800547090F89800022845D1FFE704980068D0F80C
S31508005480C00010F07C5F0BD1FFE70499D1F89C00AF
S3150800549040F02000C1F89C0001208DF817003CE080
S315080054A004980068D0F8C400800200280BD5FFE7EE
S315080054B00499D1F89C0040F40070C1F89C000120C2
S315080054C08DF8170029E004980068D0F8C400C0F3E6
S315080054D00440019004980399029A019BFCF75CFD2D
S315080054E00199012000FA01F1049A1268C2F8D01055
S315080054F0019988400499C1F89400FFE700208DF8C7
S3150800550017000AE00499D1F89C0040F00800C1F899
S315080055109C0001208DF81700FFE79DF8170006B0DC
S3150800552080BD00000000000082B00190009102B02A
S31508005530704700000000000084B0029001910092BC
S31508005540019808B9FFE700E0FFE7029890F898008D
S31508005550012836D1FFE7019870B9FFE7029800687D
S31508005560D0F8F00020F07C50009940EA01600299DA
S315080055700968C1F8F00020E0019801280ED1FFE77C
S3150800558002980068D0F8A00020F0FE40009940EA92
S31508005590016002990968C1F8A0000DE00298006848
S315080055A0D0F8B00020F0FE40009940EA0160029968
S315080055B00968C1F8B000FFE7FFE700208DF80F0083
S315080055C00AE00299D1F89C0040F00400C1F89C005A
S315080055D001208DF80F00FFE79DF80F0004B0704713
S315080055E087B005900491059890F898008DF8030007
S315080055F09DF80300012805D0FFE79DF8030002285F
S315080056006AD1FFE70498C068072801D1FFE7FFE7DA
S315080056100498006878BBFFE70498C068072801D09B
S31508005620FFE7FFE70498C06807280CD1FFE7049A4C
S3150800563010699169D269000440EA0220084340F0E3
S31508005640605003900CE004998868CB680A69496938
S31508005650800740EAC36040EA024008430390FFE738
S315080056600598C06E0499496800EB8100019003987B
S31508005670019908602CE00498C068072801D0FFE764
S31508005680FFE70498C168006940EA417003900498EE
S31508005690C068072804D1FFE704988069029006E0ED
S315080056A004988168406940EA81700290FFE705988E
S315080056B0006F0499496800EBC100019003980199AD
S315080056C00860019804300190029801990860FFE784
S315080056D000208DF81B000AE00599D1F89C0040F0DF
S315080056E00200C1F89C0001208DF81B00FFE79DF819
S315080056F01B0007B07047000085B0DDF814C00390A2
S31508005700029101920093039890F89800012812D10B
S31508005710FFE702980001019940EA8100009940EAF2
S3150800572041000599084303990968C1F880000020DB
S315080057308DF813000AE00399D1F89C0040F00400A4
S31508005740C1F89C0001208DF81300FFE79DF81300AF
S3150800575005B070470000000081B0009001B07047A6
S3150800576082B00190009102B070470000000000006E
S315080057708AB0089007910692059300200190089830
S3150800578090F898008DF803009DF80300022840F071
S315080057906881FFE70798402857D1FFE7089800680F
S315080057A0D0F8A00010F4FE0F0BD1FFE70899D1F846
S315080057B09C0040F02000C1F89C0001208DF82700CD
S315080057C05AE108980068D0F8A400400658B9FFE7DF
S315080057D00899D1F89C0040F48070C1F89C0001201B
S315080057E08DF8270048E108980068D0F8A400C0F3AF
S315080057F00520019008980068D0F8A40000F0807190
S315080058000120B0EB116F16D1FFE708980068D0F8B1
S31508005810A0100120B0EBD17F0CD1FFE70198013031
S3150800582008990968D1F8A01001F4FE0100EA1140B0
S315080058300190FFE7FFE70898426C406F01995143D2
S3150800584000EB81000490FFE776E00798412857D1DE
S31508005850FFE708980068D0F8B00010F4FE0F0BD1E7
S31508005860FFE70899D1F89C0040F02000C1F89C0099
S3150800587001208DF82700FFE008980068D0F8B400EA
S31508005880400658B9FFE70899D1F89C0040F48070A3
S31508005890C1F89C0001208DF82700EDE00898006803
S315080058A0D0F8B400C0F30520019008980068D0F835
S315080058B0B40000F080710120B0EB116F16D1FFE73C
S315080058C008980068D0F8B0100120B0EBD17F0CD151
S315080058D0FFE70198013008990968D1F8B01001F47A
S315080058E0FE0100EA11400190FFE7FFE70898C26C45
S315080058F0806F0199514300EB81000490FFE71AE09D
S3150800590007980899096D88420BD3FFE70899D1F8DB
S315080059109C0040F02000C1F89C0001208DF827006B
S31508005920AAE00898426DC06F0799514300EB8100C1
S315080059300490FFE7FFE7FFE70498006800F080405F
S31508005940069948600698406838B9FFE704980068E1
S31508005950C0F38A400699086006E00498006820F0BB
S31508005960604006990860FFE70498006800F0005058
S31508005970069988600498006800F000400699086156
S31508005980049804300490049800880699C86104981D
S315080059900068C0F303400699C8600498006800F4DC
S315080059A08010069948610498006800F4001006996A
S315080059B0886104980068C0F306600699086204982E
S315080059C00068C00F06994862049804300490049849
S315080059D0039000200290FFE702980699CA6846F6E7
S315080059E04031C0F60201895C88420AD2FFE7039873
S315080059F0029A805C05998854FFE702980130029064
S31508005A00EAE70798402806D1FFE701980899096848
S31508005A10C1F8A80021E00798412806D1FFE70198B8
S31508005A2008990968C1F8B80016E007981F2808D829
S31508005A30FFE707990120884008990968C1F8980086
S31508005A4009E0079800F01F010120884008990968B5
S31508005A50C1F89C00FFE7FFE7FFE700208DF8270065
S31508005A600AE00899D1F89C0040F00800C1F89C00AB
S31508005A7001208DF82700FFE79DF827000AB0704738
S31508005A8081B0009001B0704780B594B013904AF683
S31508005A901000C4F200000068800712904AF614004D
S31508005AA0C4F200000168129800EA817012901398F7
S31508005AB00068006D00F47040119013980068416DFD
S31508005AC011980840119013980068006D00F00F00B7
S31508005AD0109013980068416D10980840109013981C
S31508005AE00068006D00F0F0000F9013980068416D93
S31508005AF00F9808400F9013980068006D00F07150D9
S31508005B000E9013980068416D0E9808400E901398F1
S31508005B100068006D00F060700D9013980068416D84
S31508005B200D9808400D9013980068406D03901398DF
S31508005B300068006D01909DF80D00C007B8B1FFE739
S31508005B409DF80500C00788B1FFE7FFE713980168CD
S31508005B504FF4807008654AF61001C4F2000100206F
S31508005B600860FFE71398FFF78BFFFFE7FFE79DF84D
S31508005B700D0000F004010020B0EB910F28D0FFE7DC
S31508005B809DF8050000F004010020B0EB910F1ED02F
S31508005B90FFE713980068D0F8DC000B9013980068AC
S31508005BA0D0F8E4100B9808400B90FFE713980168AB
S31508005BB04FF4806008654AF61001C4F2000100201F
S31508005BC00860FFE713980B9900F07AFEFFE7FFE7F6
S31508005BD01298B8B1FFE7FFE712984FF6FF71C3F6C0
S31508005BE0CF7108401399096808651298800F4AF61C
S31508005BF01001C4F200010860FFE713981299FFF735
S31508005C0093FCFFE71198B8B1FFE7FFE711984FF645
S31508005C10FF71C3F6CF710840139909680865119892
S31508005C20800F4AF61001C4F200010860FFE71398D6
S31508005C30119900F059FEFFE71098B8B1FFE7FFE7A2
S31508005C4010984FF6FF71C3F6CF710840139909688B
S31508005C5008651098800F4AF61001C4F20001086022
S31508005C60FFE71398109900F023FDFFE70F98B8B1E6
S31508005C70FFE7FFE70F984FF6FF71C3F6CF710840AD
S31508005C801399096808650F98800F4AF61001C4F23F
S31508005C9000010860FFE713980F9900F065FDFFE71C
S31508005CA09DF80D0000F008010020B0EBD10F1BD0C5
S31508005CB0FFE79DF8050000F008010020B0EBD10FC2
S31508005CC011D0FFE7FFE7139801684FF400600865F5
S31508005CD04AF61001C4F2000100200860FFE7139895
S31508005CE000F00AFEFFE7FFE79DF80D0000F002014D
S31508005CF00020B0EB510F28D0FFE79DF8050000F013
S31508005D0002010020B0EB510F1ED0FFE71398006880
S31508005D10D0F8D8000C9013980068D0F8E0100C98CA
S31508005D2008400C90FFE7139801684FF40070086567
S31508005D304AF61001C4F2000100200860FFE7139834
S31508005D400C9900F0C5FDFFE7FFE79DF80E0000F08F
S31508005D5008010020B0EBD10F1BD0FFE79DF8060025
S31508005D6000F008010020B0EBD10F11D0FFE7FFE7E4
S31508005D70139801684FF4002008654AF61001C4F22A
S31508005D80000100200860FFE7139800F08DFCFFE78C
S31508005D90FFE79DF80E00C007B8B1FFE79DF80600BB
S31508005DA0C00788B1FFE7FFE7139801684FF4803012
S31508005DB008654AF61001C4F2000100200860FFE7F2
S31508005DC0139800F079FDFFE7FFE79DF80E0000F055
S31508005DD004010020B0EB910F1BD0FFE79DF80600E9
S31508005DE000F004010020B0EB910F11D0FFE7FFE7A8
S31508005DF0139801684FF4802008654AF61001C4F22A
S31508005E00000100200860FFE7139800F051FDFFE746
S31508005E10FFE79DF80E0000F002010020B0EB510FDD
S31508005E201FD0FFE79DF8060000F002010020B0EB46
S31508005E30510F15D0FFE7FFE7139801684FF40030BC
S31508005E4008654AF61001C4F2000100200860FFE761
S31508005E501399D1F89C0040F08000C1F89C00FFE738
S31508005E60FFE70D98B8B1FFE7FFE70D984FF6FF710A
S31508005E70C3F6CF7108401399096808650D98800F15
S31508005E804AF61001C4F200010860FFE713980D995D
S31508005E90FFF766FCFFE70E98D0B1FFE7FFE70E981D
S31508005EA04FF6FF71C3F6CF71084013990968086564
S31508005EB00E98800F4AF61001C4F200010860FFE749
S31508005EC00E9A1399D1F89C001043C1F89C00FFE77D
S31508005ED0139800684AF20001C4F20001884240F0B3
S31508005EE0B980FFE71398406880688007002800F0AB
S31508005EF0B080FFE713984068006A00F00F000A9028
S31508005F0013984068416A0A9808400A9013984068AE
S31508005F10006A00F03000099013984068416A0998B1
S31508005F200840099013984068006A00F4C070089009
S31508005F3013984068416A0898084008901398406882
S31508005F40006A00F4FC40079013984068416A079875
S31508005F500840079013984068006A00F4F0200690FD
S31508005F6013984068416A0698084006901398406856
S31508005F70406A029013984068006A00900A9848B1EF
S31508005F80FFE70A9813994968086213980A9900F076
S31508005F9077FCFFE7099848B1FFE70998139949681C
S31508005FA008621398099900F07BFCFFE79DF8080042
S31508005FB000F040010020B0EB911F1FD0FFE79DF8CD
S31508005FC0000000F040010020B0EB911F15D0FFE75C
S31508005FD013984068C06B000C059013984068C06B16
S31508005FE000F03F0004901398416840200862139817
S31508005FF00599049A00F04CFCFFE7FFE7089848B1BA
S31508006000FFE708981399496808621398089900F0F9
S315080060102FFCFFE7079860B1FFE7079813994968CF
S315080060200862079A1399D1F89C001043C1F89C009E
S31508006030FFE7069860B1FFE7069813994968086272
S31508006040069A1399D1F89C001043C1F89C00FFE703
S31508006050FFE7FFE71398D0F89C0020B1FFE71398F5
S31508006060FFF77AFBFFE714B080BD000000000000D0
S3150800607080B598B0169046F6E421C0F6020101A84C
S315080060804C22FAF7E7FA169820B9FFE701208DF8AF
S315080060905F00D9E1169800684AF20001C4F20001CF
S315080060A0884206D1FFE71699086800F580704860AF
S315080060B0FFE716988068B0F5407F01D1FFE7FFE754
S315080060C01698006C08B1FFE7FFE71698806C08B1D0
S315080060D0FFE7FFE71698006D08B1FFE7FFE7169898
S315080060E0006E08B1FFE7FFE71699C86D096E084408
S315080060F008B1FFE7FFE7169890F8980040B9FFE760
S315080061001699002081F89900169800F0A1F9FFE782
S3150800611016980168886920F01000886100F020FE52
S315080061201590FFE71698006880690007002817D5BC
S31508006130FFE700F015FE1599401A0B280FD3FFE765
S315080061401699D1F89C0040F00100C1F89C001699F8
S31508006150032081F8980001208DF85F0074E1E1E7DB
S3150800616016980168886940F00100886100F0F8FD1A
S315080061701590FFE7169800688069C007B8B9FFE769
S3150800618000F0EEFD1599401A0B280FD3FFE7169974
S31508006190D1F89C0040F00100C1F89C001699032034
S315080061A081F8980001208DF85F004DE1E2E7169826
S315080061B00168886940F0020088611698007C012809
S315080061C007D1FFE716980168886920F040008861C2
S315080061D006E016980168886940F040008861FFE784
S315080061E01698407C012807D1FFE716980168886948
S315080061F040F48040886106E016980168886920F4B2
S3150800620080408861FFE71698807C012807D1FFE760
S3150800621016980168886920F48050886106E0169807
S315080062200168886940F480508861FFE7169800681D
S31508006230806920F44070169A116892681043886144
S3150800624016980168886920F0A40088611698016884
S31508006250086920F0100008611698C068012807D15F
S31508006260FFE716980168886940F0040088612BE00A
S315080062701698C06830B3FFE71698C068022819D088
S31508006280FFE716980168886940F0800088611698CB
S315080062900168086940F0100008611698C06803286C
S315080062A007D1FFE716980168886940F020008861E1
S315080062B0FFE706E016980168886940F020008861C3
S315080062C0FFE700E0FFE7FFE7169A11685369906950
S315080062D0D2F81CE0A0F1010C6FF0FF0000EB0E20D5
S315080062E040EA4C60126A013A10430022CFF6FF7268
S315080062F002EB03421043C86116988068B0F5407FE8
S315080063001CD1FFE7169A1168536A906AD2F82CE0F6
S3150800631001386FF0FF0C0CEB0E2C40EA0C00D2F89B
S3150800632030C06FF00F0202EB0C1210430022CFF6BA
S31508006330FF7202EB03421043C860FFE71698006E2F
S3150800634048B1FFE716980168426ED1F8C0001043BD
S31508006350C1F8C000FFE71699C86D096E084480B1F8
S31508006360FFE716980068D0F8C80020F00700169ACC
S315080063701168936E01AA52F823201043C1F8C80089
S31508006380FFE71698006C80B1FFE716980068D0F80A
S31508006390BC0020F00700169A1168536C01AA52F83F
S315080063A023201043C1F8BC00FFE71698806C88B11B
S315080063B0FFE716980068D0F8BC0020F07000169A1F
S315080063C01168D36C01AA52F8232040EA0210C1F8DA
S315080063D0BC00FFE71698006D88B1FFE716980068BD
S315080063E0D0F8BC0020F4E060169A1168536D01AA33
S315080063F052F8232040EA0220C1F8BC00FFE71698AD
S3150800640000684AF20001C4F20001884207D1FFE79A
S3150800641016984168886820F003008860FFE7169997
S315080064200020C1F894001699C1F89C00169901201D
S3150800643081F898001698FBF74BFC8DF853009DF8E9
S3150800644053008DF85F00FFE79DF85F0018B080BD28
S3150800645080B5C0B03F9000203E903D903C903B9068
S315080064603A900CA8B821FAF749F93F9800684AF219
S315080064700001C4F20001884255D1FFE700200D90C3
S315080064804FF400400C904FF0805027900CA802F073
S315080064902FFA18B1FFE7FBF7FFFBFFE740F21040C2
S315080064A0C2F200400168013101600068012810D17C
S315080064B0FFE7FFE744F2EC40C5F60200016841F445
S315080064C080710160006800F480700B900B98FFE7FC
S315080064D0FFE7FFE744F2E040C5F60200016841F035
S315080064E008010160006800F008000A900A98FFE7B2
S315080064F003203A9002203B90002004903C903D9067
S3150800650009203E9040F60040C5F602003AA900F080
S315080065101BFA049A13200590114600F0E1FC059831
S3150800652000F0D2FCBEE03F9800684AF20041C4F28F
S315080065300001884255D1FFE700200D904FF4004036
S315080065400C904FF0805027900CA802F0D1F918B1A2
S31508006550FFE7FBF7A1FBFFE740F21040C2F200405D
S315080065600168013101600068012810D1FFE7FFE7E3
S3150800657044F2EC40C5F60200016841F480710160FE
S31508006580006800F4807009900998FFE7FFE7FFE7C5
S3150800659044F2E040C5F60200016841F002010160DC
S315080065A0006800F0020008900898FFE760203A901B
S315080065B002203B90002002903C903D9009203E909E
S315080065C040F20040C5F602003AA900F0BDF9029A69
S315080065D014200390114600F083FC039800F074FC25
S315080065E05FE03F9800684DF20041C4F2000188421E
S315080065F056D1FFE700200D904FF400400C904FF065
S31508006600805027900CA802F073F918B1FFE7FBF742
S3150800661043FBFFE740F21040C2F200400168013137
S3150800662001600068012810D1FFE7FFE744F2EC405B
S31508006630C5F60200016841F480710160006800F443
S31508006640807007900798FFE7FFE7FFE744F2E0400E
S31508006650C5F60200016841F008010160006800F013
S31508006660080006900698FFE74FF440503A9002203B
S315080066703B90002000903C903D9005203E9040F6CF
S315080066800040C5F602003AA900F05EF9009A9F207C
S315080066900190114600F024FC019800F015FCFFE774
S315080066A0FFE7FFE740B080BD81B0009001B07047BA
S315080066B080B588B007900691079800684AF20001ED
S315080066C0C4F20001884212D1FFE7079840F29021F0
S315080066D0C2F2004104910A1D059201F12C034021E2
S315080066E0FFF746F804990598496B884737E00798F5
S315080066F000684AF20041C4F20001884212D1FFE75D
S31508006700079840F22031C2F2004102910A1D039215
S3150800671001F12C034021FFF72BF802990398496BE6
S3150800672088471BE0079800684DF20041C4F2000153
S31508006730884212D1FFE7079840F29831C2F2004129
S3150800674000910A1D019201F12C034021FFF710F870
S3150800675000990198496B8847FFE7FFE7FFE708B00C
S3150800676080BD00000000000080B588B00790069143
S31508006770079800684AF20001C4F20001884212D163
S31508006780FFE7079840F29021C2F2004104910A1DE2
S31508006790059201F12C034121FEF7EAFF04990598B9
S315080067A0496B884737E0079800684AF20041C4F207
S315080067B00001884212D1FFE7079840F22031C2F261
S315080067C0004102910A1D039201F12C034121FEF7B3
S315080067D0CFFF02990398496B88471BE00798006822
S315080067E04DF20041C4F20001884212D1FFE7079832
S315080067F040F29831C2F2004100910A1D019201F15E
S315080068002C034121FEF7B4FF00990198496B88478C
S31508006810FFE7FFE7FFE708B080BD000000000000C3
S3150800682082B00090009890F89800012811D1FFE7EF
S315080068300099022081F8980000980168886920F07C
S315080068400100886100990020C1F89C008DF80700B6
S315080068500AE00099D1F89C0040F00400C1F89C00B9
S3150800686001208DF80700FFE79DF8070002B0704782
S3150800687082B00190009102B070470000000000004D
S3150800688082B00190009102B070470000000000003D
S3150800689083B002900191009203B070470000000097
S315080068A082B00190009102B070470000000000001D
S315080068B081B0009001B0704781B0009001B0704778
S315080068C082B00190009102B07047000000000000FD
S315080068D082B00190009146F67051C2F200410868F4
S315080068E00130086002B0704782B00190009102B092
S315080068F0704700000000000081B0009001B07047AA
S3150800690081B0ADF8020001B0704700000000000039
S3150800691080B582B0ADF806008820C5F6000000688C
S31508006920BDF8061008420BD0FFE7BDF8060088211F
S31508006930C5F600010860BDF80600FFF7E1FFFFE7AE
S3150800694002B080BD000000008FB00E900D910020AF
S315080069500C908020C5F600000990FFE70D980068A6
S315080069600C99C840002800F0CD81FFE70D98006813
S315080069700C9A0121914008400B900B98002800F0D2
S31508006980BD81FFE70D98406800F00300012807D095
S31508006990FFE70D98406800F0030002282FD1FFE7B3
S315080069A00E9880680A900C984100032000FA01F1BD
S315080069B00A9888430A900D98C0680C99490000FA0D
S315080069C001F10A9808430A900A980E9988600E9869
S315080069D040680A900C99012000FA01F10A98884348
S315080069E00A900D984068C0F300100C9900FA01F15E
S315080069F00A9808430A900A980E994860FFE70D9886
S31508006A00406800F0030003280CD1FFE70D984068A2
S31508006A1000F0030003281DD1FFE70D9880680128C0
S31508006A2018D0FFE70E98C0680A900C98410003201A
S31508006A3000FA01F10A9888430A900D9880680C9923
S31508006A40490000FA01F10A9808430A900A980E9933
S31508006A50C860FFE70D98406800F00300022826D1B9
S31508006A60FFE70E980C996FF0030202EA51010844F9
S31508006A70006A0A900C9800F0070081000F2000FABF
S31508006A8001F10A9888430A900D9800690C9901F05B
S31508006A900701890000FA01F10A9808430A900A9842
S31508006AA00E990C9B02EA530211440862FFE70E98FE
S31508006AB000680A900C984100032000FA01F10A9830
S31508006AC088430A900D98406800F003000C99490025
S31508006AD000FA01F10A9808430A900A980E99086084
S31508006AE00D9880798007002800F00781FFE7FFE707
S31508006AF044F2F440C5F60200016841F00201016063
S31508006B00006800F0020008900898FFE70C9820F04B
S31508006B10030040F20841C5F6000140580A900C9857
S31508006B2000F0030081000F2000FA01F10A9888435B
S31508006B300A900E980021C5F60201884203D1FFE7A4
S31508006B40002007906CE00E9840F20041C5F602015D
S31508006B50884203D1FFE7012006905EE00E9840F6D2
S31508006B600001C5F60201884203D1FFE7022005901D
S31508006B7050E00E9840F60041C5F60201884203D15E
S31508006B80FFE70320049042E00E9841F20001C5F6A3
S31508006B900201884203D1FFE70420039034E00E98EF
S31508006BA041F20041C5F60201884203D1FFE70520FC
S31508006BB0029026E00E9841F60001C5F602018842C9
S31508006BC003D1FFE70620019018E00E9841F6004130
S31508006BD0C5F60201884203D1FFE7072000900AE0C4
S31508006BE00E9942F20042C5F602020A20914208BFF7
S31508006BF009200090FFE700980190FFE701980290AE
S31508006C00FFE702980390FFE703980490FFE70498CC
S31508006C100590FFE705980690FFE706980790FFE7B7
S31508006C2007980C9901F00301890000FA01F10A9806
S31508006C3008430A900A980C9921F0030140F2084289
S31508006C40C5F6000288504FF0B04000680A900B99CC
S31508006C500A9888430A900D988079C006002805D5B9
S31508006C60FFE70B990A9808430A90FFE70A984FF03E
S31508006C70B04108600420C5F6000000680A900B9928
S31508006C800A9888430A900D9880798006002805D5C9
S31508006C90FFE70B990A9808430A90FFE70A98042128
S31508006CA0C5F600010860099840680A900B990A9889
S31508006CB088430A900D9880798007002805D5FFE754
S31508006CC00B990A9808430A90FFE70A9809994860B9
S31508006CD0099800680A900B990A9888430A900D98B3
S31508006CE08079C00728B1FFE70B990A9808430A90EC
S31508006CF0FFE70A9809990860FFE7FFE70C98013053
S31508006D000C902BE60FB0704783B00290ADF80610D2
S31508006D10029840690090009ABDF8060002EA000150
S31508006D20904340EA01400299886103B07047000029
S31508006D3082B00190ADF802108DF801209DF801008F
S31508006D4028B1FFE7BDF802000199886105E0BDF8A2
S31508006D500200000401998861FFE702B0704700004D
S31508006D6046F68C50C2F200400068704700000000EA
S31508006D7040F2C410C2F20040027846F68C51C2F2C4
S31508006D8000410868104408607047000000000000D1
S31508006D9080B582B0032000F0BBF803F041F844F256
S31508006DA01842C5F602021168C1F3032346F63031CC
S31508006DB0C0F60201CB5C03F01F03D8400090009890
S31508006DC0126802F00F02895C01F01F01C84040F208
S31508006DD0C401C2F200410860009840F2C001C2F244
S31508006DE000410860072000F013F820B1FFE70120F2
S31508006DF08DF8070005E000F04FF800208DF8070031
S31508006E00FFE79DF8070002B080BD00000000000003
S31508006E1080B582B0009040F2C410C2F200400078FB
S31508006E2020B9FFE701208DF8070030E040F2C000E6
S31508006E30C2F20040006840F2C411C2F200410A786A
S31508006E404FF47A71B1FBF2F1B0FBF1F005F048F8B6
S31508006E5020B1FFE701208DF8070018E000980F28F9
S31508006E600DD8FFE700994FF0FF30002200F038F800
S31508006E70009840F2C811C2F20041086003E0012000
S31508006E808DF8070003E000208DF80700FFE79DF85E
S31508006E90070002B080BD000080B582B0FFE744F26B
S31508006EA0F440C5F60200016841F00201016000687D
S31508006EB000F0020001900198FFE7042000F028F88E
S31508006EC002B080BD0000000080B582B0ADF80600B3
S31508006ED0BDF906001DF0ECFB02B080BD0000000005
S31508006EE080B586B0ADF81600049103921DF0F8FB44
S31508006EF00290BDF91600019002980499039A08F0C9
S31508006F005BFB014601981DF0F3FB06B080BD00004F
S31508006F1080B582B0019001981DF00EFC02B080BDCC
S31508006F2082B0019001980068009001990120C1F88B
S31508006F30D8040199002081F8CC04009A916941F09F
S31508006F4000619161009A516D0323C1F20003194350
S31508006F50516502B07047000082B001908DF80310A9
S31508006F6002B070470000000082B00190ADF8021030
S31508006F70BDF80200019909684862002002B070470E
S31508006F8084B003908DF80B10ADF8082003980068BC
S31508006F90406A00909DF80B0048B9FFE7BDF8081055
S31508006FA0009840EA014003990968886233E003982B
S31508006FB00068816A009800EB1140009000208DF867
S31508006FC00700FFE79DF807009DF80B100139884276
S31508006FD013D2FFE7039800689DF8071000EB8100BD
S31508006FE0D0F80411009800EB11400090FFE79DF8D7
S31508006FF0070001308DF80700E4E7BDF8081000988F
S3150800700040EA0140039909689DF80B2001EB8201CB
S31508007010C1F80001FFE7002004B070470000000037
S3150800702080B582B001900198D0F8E0040DF090FB8D
S3150800703002B080BD0000000080B582B001908DF8D6
S315080070400310019AD2F8E0049DF8031001EBC1037E
S3150800705002EB8302126A0DF0CBF902B080BD000084
S3150800706080B582B001908DF80310019AD2F8E00439
S315080070709DF8031001EBC10302EB8302D2F86022EC
S315080070800DF086FA02B080BD80B582B001900198F5
S31508007090D0F8E0040DF064FB02B080BD00000000EB
S315080070A080B584B003908DF80B109DF80B00000690
S315080070B000280CD5FFE703989DF80B1001F00F0187
S315080070C001EBC10100EB8100143001900CE003983C
S315080070D09DF80B1001F00F0101EBC10100EB8100D7
S315080070E000F515700190FFE70398006801990FF005
S315080070F0FBF88DF80A009DF80A0004B080BD000070
S3150800710080B584B002908DF807109DF80700000638
S3150800711000280FD5FFE702989DF8071001F00F0128
S3150800712001EBC10100EB81001430009000990120A9
S3150800713048700FE002989DF8071001F00F0101EB67
S31508007140C10100EB810000F5157000900099002040
S315080071504870FFE79DF8070000F00F0000990870D7
S31508007160FFE7029890F89404012804D1FFE702206B
S315080071708DF80F0014E00299012081F89404FFE7C6
S31508007180FFE70298006800990EF09EFBFFE7029958
S31508007190002081F89404FFE700208DF80F00FFE730
S315080071A09DF80F0004B080BD80B584B002908DF8BC
S315080071B007109DF8070000F00F0002990979884228
S315080071C004D9FFE701208DF80F004DE09DF8070070
S315080071D0000600280FD5FFE702989DF8071001F072
S315080071E00F0101EBC10100EB8100143000900099FA
S315080071F0012048700FE002989DF8071001F00F0172
S3150800720001EBC10100EB810000F5157000900099B3
S3150800721000204870FFE70099002088709DF8070055
S3150800722000F00F0000990870FFE7029890F89404A0
S31508007230012804D1FFE702208DF80F0014E0029917
S31508007240012081F89404FFE7FFE702980068009997
S315080072500EF0AAFDFFE70299002081F89404FFE7E3
S3150800726000208DF80F00FFE79DF80F0004B080BDE1
S3150800727082B001908DF8031001989DF8031001F073
S315080072800F0101EBC10100EB8100D0F8680202B0E2
S31508007290704700000000000080B586B004908DF8A5
S315080072A00F10ADF80C208DF80B3000208DF80A0071
S315080072B09DF80F00000600280FD5FFE704989DF8F3
S315080072C00F1001F00F0101EBC10100EB8100143032
S315080072D001900199012048700FE004989DF80F105D
S315080072E001F00F0101EBC10100EB810000F51570FB
S315080072F00190019900204870FFE79DF80F0000F003
S315080073000F0001990870BDF80C006FF3DF20019992
S3150800731088609DF80B00019908710198407820B1A2
S31508007320FFE7019908784883FFE79DF80B000228D4
S3150800733004D1FFE7019900204871FFE7FFE70498A9
S3150800734090F89404012804D1FFE702208DF817006D
S3150800735015E00499012081F89404FFE7FFE70498F3
S31508007360006801990EF068F9FFE70499002081F892
S315080073709404FFE79DF80A008DF81700FFE79DF8CB
S31508007380170006B080BD000080B586B005908DF860
S3150800739013100392029305989DF8131001F00F013C
S315080073A001EBC10100EB810000F51570019003980F
S315080073B00199C860029801990861019900204861FD
S315080073C0019948709DF8130000F00F0001990870A4
S315080073D005988079012804D1FFE703980199C861C7
S315080073E0FFE7059A1068019992790EF081FD002051
S315080073F006B080BD0000000080B584B002908DF80C
S3150800740007109DF8070000F00F00029909798842D5
S3150800741004D9FFE701208DF80F0058E09DF8070012
S31508007420000600280FD5FFE702989DF8071001F01F
S315080074300F0101EBC10100EB8100143000900099A7
S31508007440012048700DE002989DF8071001EBC10174
S3150800745000EB810000F51570009000990020487037
S31508007460FFE70099012088709DF8070000F00F00DB
S3150800747000990870FFE7029890F89404012804D14F
S31508007480FFE702208DF80F0021E00299012081F81C
S315080074909404FFE7FFE70298006800990EF0D4FC11
S315080074A09DF80700000740B9FFE7029A106891792E
S315080074B002F29C420EF028FCFFE7FFE70299002043
S315080074C081F89404FFE700208DF80F00FFE79DF888
S315080074D00F0004B080BD000080B586B005908DF819
S315080074E013100392029305989DF8131001F00F01EB
S315080074F001EBC10100EB810014300190039801995A
S31508007500C8600298019908610199002048610199AB
S31508007510012048709DF8130000F00F0001990870CB
S3150800752005988079012804D1FFE703980199C86175
S31508007530FFE7059A1068019992790EF0D9FC0020A8
S3150800754006B080BD0000000080B58CB00B900B988B
S3150800755000680A900A9809900B9800680FF054F88A
S31508007560002840F04384FFE70B9800680FF0C4F842
S3150800757010B9FFE700F03ABC0998D0F80808C0F33C
S315080075800D200B99C1F8D4040B9800680FF0B4F8D5
S315080075908007002807D5FFE70B980168486900F0BF
S315080075A002004861FFE70B9800680FF0A5F8C006CF
S315080075B0002862D5FFE70B980168886920F010005B
S315080075C088610A98006A02900B98029901F00F01E7
S315080075D001EBC10100EB810000F5157008900298D7
S315080075E000F4F0110220B0EB514F23D1FFE7BDF8AC
S315080075F0080047F6F07108421BD0FFE70A98089979
S31508007600C968029AC2F30A120FF086F8029847F67A
S31508007610F07100EA0103089AD06800EB1310D060F5
S31508007620029800EA01020899486900EB12104861BD
S31508007630FFE71BE0029800F4F0110620B0EB514F6B
S3150800764012D1FFE70A980B9901F29C4108220FF024
S3150800765063F8029847F6F07100EA0102089948694A
S3150800766000EB1210486100E0FFE7FFE70B9801689E
S31508007670886940F010008861FFE70B9800680FF0F2
S315080076803BF80003002840F1A680FFE7002004909D
S315080076900B9800680EF0DCFF0690FFE706980028B6
S315080076A000F09880FFE79DF81800C007002800F052
S315080076B08A80FFE70B9800689DF810100FF004F811
S315080076C005909DF81400C00760B1FFE70998049972
S315080076D000EB41110120C1F8080B0B98049907F03B
S315080076E0F3FFFFE79DF81400000700280CD5FFE715
S315080076F00998049900EB41110820C1F8080B0B986A
S31508007700049907F099FFFFE79DF81400C0060028C2
S3150800771008D5FFE70998049900EB41111020C1F834
S31508007720080BFFE79DF81400800700282DD5FFE712
S315080077300A9840690006002808D5FFE70999D1F894
S31508007740040840F48060C1F80408FFE70B98049920
S3150800775001EBC10100EB810000F51570089008984F
S31508007760C078012809D1FFE708990020C8700B984E
S315080077709DF8101000F04CFBFFE70998049900EB00
S3150800778041110220C1F8080BFFE79DF81400800696
S31508007790002808D5FFE70998049900EB4111202035
S315080077A0C1F8080BFFE79DF815008006002809D5E3
S315080077B0FFE70998049900EB41114FF40050C1F80E
S315080077C0080BFFE7FFE70498013004900698400885
S315080077D0069063E7FFE70B9800680EF08DFF4003FD
S315080077E0002840F1C680FFE70B9800680EF01CFFE2
S315080077F0069000200490FFE70698002800F0B8805D
S31508007800FFE79DF81800C007002800F0AA80FFE7E8
S315080078100B9800689DF810100EF02EFF05909DF845
S315080078201400C00700283ED0FFE7049800F00F01B7
S31508007830012000FA01F10391039B099AD2F8341842
S315080078409943C2F834180999049A01EB4211C1F810
S3150800785008090B98807901281FD1FFE70B9804992E
S3150800786001EBC10100EB8101CA69086A104408628C
S31508007870049888B9FFE70B98049901EBC10100EB5E
S315080078808100406A40B9FFE70B99086801F29C42FB
S3150800789001210EF039FAFFE7FFE70B989DF8101063
S315080078A0FFF7CAFBFFE79DF814000007002808D574
S315080078B0FFE70998049900EB41110820C1F8080967
S315080078C0FFE79DF81400C006002808D5FFE70998C9
S315080078D0049900EB41111020C1F80809FFE79DF84B
S315080078E014004006002808D5FFE70998049900EB1C
S315080078F041114020C1F80809FFE79DF814008007E8
S31508007900002822D5FFE70A9804990EF015FE0B9871
S31508007910049901EBC10100EB810014300890089826
S31508007920C078012809D1FFE708990020C8700B988C
S315080079309DF8101000F05CFAFFE70998049900EB2F
S3150800794041110220C1F80809FFE79DF81400000656
S31508007950002805D5FFE70B98049907F099FFFFE77C
S31508007960FFE704980130049006984008069043E71C
S31508007970FFE70B9800680EF0BFFEC00F00B3FFE7E5
S315080079800999D1F8040820F00100C1F804080B98F9
S3150800799090F8CC04012808D1FFE70B98002180F85D
S315080079A0CC140B98FFF7D8FA03E00B9800F0C8FB45
S315080079B0FFE70B980168486900F000404861FFE757
S315080079C00B9800680EF098FE0005002811D5FFE711
S315080079D00998D0F80808C00720B1FFE70B9800F00F
S315080079E043FCFFE70B980168486900F400604861AA
S315080079F0FFE70B9800680EF07FFE0001002820D5EF
S31508007A00FFE70B980168486900F0006048610B9829
S31508007A1090F8CC0480B9FFE70B98012180F8CC14C4
S31508007A200B980068406DC0F383000B9AC2F8D00427
S31508007A300B98FFF791FA03E00B9800F015FCFFE7A7
S31508007A40FFE70B9800680EF057FEC004002840F1C7
S31508007A508680FFE70999D1F8040820F00100C1F8EB
S31508007A6004080B98006810210EF066FD00200790A8
S31508007A70FFE707980B990979884231D2FFE70998F9
S31508007A80079900EB41114FF67F30C1F808090999AB
S31508007A90079A01EB4212D2F8001921F40011C2F834
S31508007AA000190999079A01EB4211C1F8080B0998C0
S31508007AB0079900EB4111D1F8000B20F40010C1F82A
S31508007AC0000B0998079900EB4111D1F8000B40F01B
S31508007AD00060C1F8000BFFE7079801300790C8E778
S31508007AE00999D1F81C0840F00110C1F81C080B9838
S31508007AF0C07B78B1FFE70999D1F8840840F00B00FC
S31508007B00C1F884080999D1F8440840F00B00C1F877
S31508007B1044080FE00999D1F8140842F22B021043E1
S31508007B20C1F814080999D1F8100840F00B00C1F8FB
S31508007B301008FFE70999D1F8000820F4FE60C1F89B
S31508007B4000080B9A1068917902F29C420EF0DCF854
S31508007B500B980168486900F480504861FFE70B9864
S31508007B6000680EF0C9FD800400281FD5FFE70B98B2
S31508007B7000680DF0D1FD0B9800680EF01DFD0B99FD
S31508007B80C8710B980068019002F0F6F80146019852
S31508007B900B9AD2790EF0BCFE0B9800F0A5FA0B985A
S31508007BA00168486900F400504861FFE70B980068CF
S31508007BB00EF0A2FD000700280AD5FFE70B9800F093
S31508007BC0CBFA0B980168486900F008004861FFE79E
S31508007BD00B9800680EF090FD0006002834D5FFE7E4
S31508007BE00A99886920F08000886101200490FFE7DF
S31508007BF004980B990979884225D2FFE70B980499CE
S31508007C0001EBC10100EB810090F85702012815D15C
S31508007C10FFE70998049900EB4111D1F8000B40F0F1
S31508007C200060C1F8000B0998049900EB4111D1F8DE
S31508007C30000B40F08040C1F8000BFFE7FFE704980F
S31508007C4001300490D4E7FFE70B9800680EF054FD66
S31508007C50C00200283CD5FFE701200490FFE70498FE
S31508007C600B99097988422CD2FFE70998049900EB09
S31508007C704110D0F8000902900B98049901EBC10154
S31508007C8000EB8100007E012816D1FFE79DF80B0066
S31508007C900006002810D5FFE70B98049901EBC101EF
S31508007CA000EB81010120C8750B989DF8101041F072
S31508007CB08001FFF7F5F9FFE7FFE704980130049024
S31508007CC0CDE70B980168486900F480104861FFE722
S31508007CD00B9800680EF010FD8002002856D5FFE7C5
S31508007CE001200490FFE704980B990979884246D247
S31508007CF0FFE70998049900EB4110D0F8000B0290B1
S31508007D000B98049901EBC10100EB810090F8580229
S31508007D1001282FD1FFE79DF80B000006002829D57A
S31508007D20FFE7029800F480310B98D0F8D40400F0ED
S31508007D300100B0EB114F1DD1FFE70B98049901EB39
S31508007D40C10100EB8101012081F857020A9988696F
S31508007D5040F0800088610A9840690006002808D427
S31508007D60FFE70999D1F8040840F40070C1F804083F
S31508007D7005E0FFE7FFE7049801300490B3E70B98A6
S31508007D800168486900F400104861FFE70B9800682D
S31508007D900EF0B2FC400000280AD5FFE70B98FFF763
S31508007DA03FF90B980168486900F080404861FFE791
S31508007DB00B9800680EF0A0FC4007002815D5FFE7D1
S31508007DC00B980068406802909DF808004007002854
S31508007DD004D5FFE70B98FFF757F9FFE7029A0B98C8
S31508007DE00168486810434860FFE7FFE70CB080BDAC
S31508007DF080B582B001908DF803100198D0F8E004A0
S31508007E009DF803100CF050FD02B080BD0000000084
S31508007E1080B582B001908DF803100198D0F8E0047F
S31508007E209DF803100CF078FD02B080BD000000003C
S31508007E3080B58CB00A900A9820B9FFE701208DF822
S31508007E402F000EE10A9890F8950440B9FFE70A99C1
S31508007E50002081F894040A9800F00AF9FFE70A99C5
S31508007E60032081F895040A9800680DF041FF0A9BE3
S31508007E701868197C8DF8201059689A68DB6807938A
S31508007E80069205910599069A079BDDF820C0EE46ED
S31508007E90CEF800C00DF058FC40B1FFE70A99022061
S31508007EA081F8950401208DF82F00DAE00A98006819
S31508007EB000210EF08DFC40B1FFE70A99022081F8F7
S31508007EC0950401208DF82F00CBE000208DF82700BF
S31508007ED0FFE79DF827000A990979884241DAFFE702
S31508007EE00A989DF8271001EBC10100EB81010120DA
S31508007EF048759DF827000A9900EBC00201EB82013C
S31508007F0008759DF827000A9900EBC00201EB82016B
S31508007F10C8850A989DF8271001EBC10100EB81017D
S31508007F20002008760A999DF8272002EBC20201EB89
S31508007F308201C8610A999DF8272002EBC20201EB6B
S31508007F40820108620A999DF8272002EBC20201EB1A
S31508007F5082014862FFE79DF8270001308DF8270067
S31508007F60B7E700208DF82700FFE79DF827000A9954
S31508007F70097988423EDAFFE70A989DF8271001EB4F
S31508007F80C10100EB8101002081F855029DF82710F8
S31508007F900A9A01EBC10302EB830282F854120A998A
S31508007FA09DF8272002EBC20201EB820181F85802F4
S31508007FB00A999DF8272002EBC20201EB8201C1F85B
S31508007FC05C020A999DF8272002EBC20201EB8201A6
S31508007FD0C1F860020A999DF8272002EBC20201EB5C
S31508007FE08201C1F86402FFE79DF8270001308DF889
S31508007FF02700BAE70A9B1868197C8DF8101059688B
S315080080009A68DB680393029201910199029A039B8D
S31508008010DDF810C0EE46CEF800C00DF021FD40B1E7
S31508008020FFE70A99022081F8950401208DF82F00B0
S3150800803017E00A99002048740A99012081F89504E6
S315080080400A98007B012804D1FFE70A98FEF768FF23
S31508008050FFE70A9800680DF0EBFC00208DF82F006A
S31508008060FFE79DF82F000CB080BD0000000000005F
S3150800807080B5B2B0319002A8B821F8F73FFB319825
S3150800808000680021C4F2040188422BD1FFE70020D2
S3150800809003904FF4802002904FF44010239002A8DA
S315080080A000F026FC18B1FFE7F9F7F6FDFFE700F048
S315080080B04FF9FFE744F2D840C5F60200016841F0DF
S315080080C000710160006800F0007001900198FFE7F8
S315080080D04D20009000221146FEF702FF0098FEF799
S315080080E0F3FEFFE732B080BD80B582B00190012073
S315080080F08DF803000198C07920B9FFE700208DF8B4
S3150800810003000CE00198C079022804D1FFE701209A
S315080081108DF8030002E0F9F7BFFDFFE7FFE70198D6
S31508008120D0F8E0049DF803100CF0FEFC0198D0F896
S31508008130E0040CF075FC02B080BD000000000000F1
S3150800814080B582B001900198D0F8E0040CF0B8FC34
S3150800815002B080BD0000000080B582B00190019891
S31508008160D0F8E0040CF0C0FC02B080BD00000000AE
S3150800817080B584B002908DF80710FFE7029890F852
S315080081809404012804D1FFE702208DF80F0019E0B6
S315080081900299012081F89404FFE7FFE79DF807009C
S315080081A002994874029800689DF807100EF080FB43
S315080081B0FFE70299002081F89404FFE700208DF874
S315080081C00F00FFE79DF80F0004B080BD0000000017
S315080081D080B582B001900199D1F8E00401F29C4182
S315080081E00CF0CEFC02B080BD80B584B00290029837
S315080081F000680190FFE7029890F89404012804D1DA
S31508008200FFE702208DF80F0028E00299012081F887
S315080082109404FFE7FFE70198C068400600280BD5DD
S31508008220FFE70298407B012806D1FFE70199886B92
S3150800823040F480308863FFE7029800680EF034F94E
S31508008240029800680DF0DCFBFFE70299002081F830
S315080082509404FFE700208DF80F00FFE79DF80F0054
S3150800826004B080BD0000000080B582B0019001987E
S31508008270D0F8E0040CF00CFD01980168D1F8000E66
S3150800828040F00100C1F8000E0198C07A48B1FFE736
S315080082904EF61051CEF20001086840F0060008605C
S315080082A0FFE702B080BD000080B584B0029044F6B6
S315080082B00C00C5F60200006800F004010020B0EBCF
S315080082C0910F13D1FFE744F60C00C5F602000068CB
S315080082D000F007000299884204D0FFE701208DF8D4
S315080082E00F002EE000208DF80F002AE044F60C015E
S315080082F0C5F60201086820F00700029A10430860D4
S31508008300FEF72EFD0190FFE744F60400C5F60200CD
S31508008310006800F400510020B0EB513F0DD1FFE793
S31508008320FEF71EFD0199401AB0F57A7F04D9FFE7DA
S3150800833001208DF80F0004E0E6E700208DF80F0015
S31508008340FFE79DF80F0004B080BD000000000000A4
S3150800835044F60C01C5F60201086840F08070086012
S31508008360704700000000000080B501F005FD44F2EA
S315080083702041C5F602010968C1F3021246F63031FA
S31508008380C0F60201895C01F01F01C84080BD0000EB
S3150800839088B0079044F22840C5F60200016801F04B
S315080083A0030106910068C0F30530059044F22C409D
S315080083B0C5F602000068C0F300100490049844F261
S315080083C03C41C5F60201096889B2C908484300EE6E
S315080083D0100AB8EE400A8DED020A0598002800F04A
S315080083E01B81FFE70698009048B1FFE7009801282F
S315080083F069D0FFE70098022800F08980ABE044F2D4
S315080084000040C5F60200006800F020010020B0EB2D
S31508008410511F33D0FFE744F20040C5F6020000685A
S31508008420C0F3C10149F20000C0F2D030C840039041
S315080084309DED030AB8EE400A9DED051AB8EE411AFD
S3150800844080EE010A44F23840C5F6020000686FF370
S315080084505F2001EE100AB8EE411A9DED022A9FED43
S31508008460743A82EE032A31EE021AB7EE002A31EE8A
S31508008470021A20EE010A8DED010A23E09DED050A98
S31508008480B8EE401A9FED6C0A80EE010A44F23840B5
S31508008490C5F6020000686FF35F2001EE100AB8EE19
S315080084A0411A9DED022A9FED623A82EE032A31EEC9
S315080084B0021AB7EE002A31EE021A20EE010A8DEDF5
S315080084C0010AFFE76BE09DED050AB8EE401A9FED3D
S315080084D0590A80EE010A44F23840C5F602000068DF
S315080084E06FF35F2001EE100AB8EE411A9DED022ADD
S315080084F09FED4F3A82EE032A31EE021AB7EE002AB2
S3150800850031EE021A20EE010A8DED010A47E09DEDD3
S31508008510050AB8EE401A9FED450A80EE010A44F2B4
S315080085203840C5F6020000686FF35F2001EE100AB6
S31508008530B8EE411A9DED022A9FED3D3A82EE032AD6
S3150800854031EE021AB7EE002A31EE021A20EE010ABF
S315080085508DED010A23E09DED050AB8EE401A9FED60
S31508008560350A80EE010A44F23840C5F60200006872
S315080085706FF35F2001EE100AB8EE411A9DED022A4C
S315080085809FED2B3A82EE032A31EE021AB7EE002A45
S3150800859031EE021A20EE010A8DED010AFFE79DED84
S315080085A0010A44F23840C5F60200016889B2490A50
S315080085B001EE101AB8EE411AB7EE002A31EE021A89
S315080085C080EE010A0799BCEEC00A81ED000A9DED0E
S315080085D0010A0168C1F3064101EE101AB8EE411A04
S315080085E031EE021A80EE010A0799BCEEC00A81ED47
S315080085F0010A9DED010A0068C0F3066001EE100A43
S31508008600B8EE411A31EE021A80EE010A0798BCEE5E
S31508008610C00A80ED020A07E007990020086007995A
S31508008620486007998860FFE708B07047001BB74B9A
S31508008630000000460024744A0024744C0000000020
S3150800864088B0079044F22840C5F60200016801F098
S31508008650030106910068C0F30550059044F22C40CA
S31508008660C5F602000068C0F300200490049844F29E
S315080086704441C5F60201096889B2C908484300EEB3
S31508008680100AB8EE400A8DED020A0598002800F097
S315080086901B81FFE70698009048B1FFE7009801287C
S315080086A069D0FFE70098022800F08980ABE044F221
S315080086B00040C5F60200006800F020010020B0EB7B
S315080086C0511F33D0FFE744F20040C5F602000068A8
S315080086D0C0F3C10149F20000C0F2D030C84003908F
S315080086E09DED030AB8EE400A9DED051AB8EE411A4B
S315080086F080EE010A44F24040C5F6020000686FF3B6
S315080087005F2001EE100AB8EE411A9DED022A9FED90
S31508008710743A82EE032A31EE021AB7EE002A31EED7
S31508008720021A20EE010A8DED010A23E09DED050AE5
S31508008730B8EE401A9FED6C0A80EE010A44F24040FA
S31508008740C5F6020000686FF35F2001EE100AB8EE66
S31508008750411A9DED022A9FED623A82EE032A31EE16
S31508008760021AB7EE002A31EE021A20EE010A8DED42
S31508008770010AFFE76BE09DED050AB8EE401A9FED8A
S31508008780590A80EE010A44F24040C5F60200006824
S315080087906FF35F2001EE100AB8EE411A9DED022A2A
S315080087A09FED4F3A82EE032A31EE021AB7EE002AFF
S315080087B031EE021A20EE010A8DED010A47E09DED21
S315080087C0050AB8EE401A9FED450A80EE010A44F202
S315080087D04040C5F6020000686FF35F2001EE100AFC
S315080087E0B8EE411A9DED022A9FED3D3A82EE032A24
S315080087F031EE021AB7EE002A31EE021A20EE010A0D
S315080088008DED010A23E09DED050AB8EE401A9FEDAD
S31508008810350A80EE010A44F24040C5F602000068B7
S315080088206FF35F2001EE100AB8EE411A9DED022A99
S315080088309FED2B3A82EE032A31EE021AB7EE002A92
S3150800884031EE021A20EE010A8DED010AFFE79DEDD1
S31508008850010A44F24040C5F60200016889B2490A95
S3150800886001EE101AB8EE411AB7EE002A31EE021AD6
S3150800887080EE010A0799BCEEC00A81ED000A9DED5B
S31508008880010A0168C1F3064101EE101AB8EE411A51
S3150800889031EE021A80EE010A0799BCEEC00A81ED94
S315080088A0010A9DED010A0068C0F3066001EE100A90
S315080088B0B8EE411A31EE021A80EE010A0798BCEEAC
S315080088C0C00A80ED020A07E00799002008600799A8
S315080088D0486007998860FFE708B07047001BB74BE8
S315080088E0000000460024744A0024744C000000006E
S315080088F080B59AB0189000208DF857008DF856006C
S315080089001898C0780007002848D5FFE71898406EE1
S31508008910149078B1FFE71498B0F5801F13D0FFE7DD
S315080089201498B0F5001F16D0FFE71498B0F5401F4D
S3150800893019D019E044F22C41C5F60201086840F442
S315080089400030086014E018980830022107F040F853
S315080089508DF857000CE018982830022107F020F906
S315080089608DF8570004E003E001208DF85700FFE773
S315080089709DF8570060B9FFE744F25041C5F6020179
S31508008980086820F44010189A526E1043086004E0F4
S315080089909DF857008DF85600FFE7FFE718984078CE
S315080089A0C007002840D0FFE71898806D1390042868
S315080089B020D81399DFE801F0030C141C1D0044F2BB
S315080089C02C41C5F60201086840F40030086015E03D
S315080089D018980830002106F0FBFF8DF857000DE0C7
S315080089E018982830002107F0DBF88DF8570005E0C5
S315080089F004E003E001208DF85700FFE79DF85700D3
S31508008A0060B9FFE744F25041C5F60201086820F054
S31508008A100700189A926D1043086004E09DF8570005
S31508008A208DF85600FFE7FFE71898407840070028BA
S31508008A3056D5FFE71898D0F8A4001290C8B1FFE7FA
S31508008A401298B0F5001F1DD0FFE71298B0F5800FF9
S31508008A5020D0FFE71298B0F5C00F23D0FFE7129891
S31508008A60B0F5000F1FD0FFE71298B0F5200F1BD006
S31508008A701BE044F22C41C5F60201086840F40030B8
S31508008A80086016E018980830002106F0A1FF8DF856
S31508008A9057000EE018982830002107F081F88DF865
S31508008AA0570006E005E004E003E001208DF85700D2
S31508008AB0FFE79DF8570068B9FFE744F25841C5F645
S31508008AC00201086820F46000189AD2F8A42010431E
S31508008AD0086004E09DF857008DF85600FFE7FFE7A9
S31508008AE0189840780007002856D5FFE71898D0F858
S31508008AF0A8001190C8B1FFE71198B0F1807F1DD08A
S31508008B00FFE71198B0F1007F20D0FFE71198B0F188
S31508008B10407F23D0FFE71198B0F1806F1FD0FFE7A1
S31508008B201198B0F1A06F1BD01BE044F22C41C5F69A
S31508008B300201086840F40030086016E0189808300A
S31508008B40002106F045FF8DF857000EE018982830EA
S31508008B50002107F025F88DF8570006E005E004E047
S31508008B6003E001208DF85700FFE79DF8570068B924
S31508008B70FFE744F25841C5F60201086820F0E060B4
S31508008B80189AD2F8A8201043086004E09DF8570008
S31508008B908DF85600FFE7FFE71898C0788007002889
S31508008BA03ED5FFE71898C06C1090F0B1FFE7109813
S31508008BB0102808D0FFE7109820280DD0FFE7109856
S31508008BC0302811D012E044F22C41C5F6020108689B
S31508008BD040F4003008600DE018980830022106F0CD
S31508008BE0F7FE8DF8570005E004E003E001208DF854
S31508008BF05700FFE79DF8570060B9FFE744F24C417C
S31508008C00C5F60201086820F03000189AD26C1043A5
S31508008C10086004E09DF857008DF85600FFE7FFE767
S31508008C2018984078C00600284ED5FFE71898C06DFA
S31508008C300F90A0B1FFE70F98B0F5805F18D0FFE757
S31508008C400F98B0F5005F1BD0FFE70F98B0F5405FAF
S31508008C501ED0FFE70F98B0F5804F1AD01AE044F2FD
S31508008C602C41C5F60201086840F40030086015E09A
S31508008C7018980830002106F0ABFE8DF857000DE075
S31508008C8018982830002106F08BFF8DF8570005E06C
S31508008C9004E003E001208DF85700FFE79DF8570030
S31508008CA060B9FFE744F25041C5F60201086820F4AE
S31508008CB0E040189AD26D1043086004E09DF857000A
S31508008CC08DF85600FFE7FFE71898407880060028D9
S31508008CD04CD5FFE71898006E0E90C8B1FFE70E98BE
S31508008CE0B0F5803F15D0FFE70E98B0F5003F18D0D5
S31508008CF0FFE70E98B0F5403F1BD0FFE70E98B0F59A
S31508008D00802F17D0FFE70E98B0F5A02F13D013E0E9
S31508008D1016E018980830012106F05AFE8DF857001B
S31508008D200EE018982830012106F03AFF8DF8570012
S31508008D3006E005E004E003E001208DF85700FFE7B0
S31508008D409DF8570060B9FFE744F25041C5F60201A5
S31508008D50086820F4E020189A126E1043086004E0B0
S31508008D609DF857008DF85600FFE7FFE718984078FA
S31508008D70400600284ED5FFE71898D0F8AC000D90AD
S31508008D80C8B1FFE70D98B0F1805F15D0FFE70D98E1
S31508008D90B0F1005F18D0FFE70D98B0F1405F1BD027
S31508008DA0FFE70D98B0F1804F17D0FFE70D98B0F1A7
S31508008DB0A04F13D013E016E018980830012106F0EA
S31508008DC007FE8DF857000EE018982830012106F0A6
S31508008DD0E7FE8DF8570006E005E004E003E0012011
S31508008DE08DF85700FFE79DF8570068B9FFE744F28A
S31508008DF05841C5F60201086820F0E040189AD2F8F2
S31508008E00AC201043086004E09DF857008DF8560022
S31508008E10FFE7FFE718984078000600283BD5FFE7EC
S31508008E201898C06E0C90D8B1FFE70C98B0F1805F27
S31508008E3005D0FFE70C98B0F1005F09D011E044F2C5
S31508008E402C41C5F60201086840F4003008600CE0C1
S31508008E5018980830012106F0BBFD8DF8570004E08C
S31508008E6003E001208DF85700FFE79DF8570060B929
S31508008E70FFE744F25041C5F60201086820F0405069
S31508008E80189AD26E1043086004E09DF857008DF8D2
S31508008E905600FFE7FFE71898C078C007002837D0C4
S31508008EA0FFE71898806C0B90032817D80B99DFE812
S31508008EB001F014020B1344F22C41C5F602010868AE
S31508008EC040F4003008600DE018980830022106F0DA
S31508008ED07FFD8DF8570005E004E003E001208DF8DA
S31508008EE05700FFE79DF8570060B9FFE744F24C4189
S31508008EF0C5F60201086820F00300189A926C104320
S31508008F00086004E09DF857008DF85600FFE7FFE774
S31508008F10189880784006002840F1B480FFE744F6A8
S31508008F200001C5F60201086840F480700860FDF784
S31508008F3017FF1690FFE744F60000C5F60200006822
S31508008F40C00500280CD4FFE7FDF70AFF1699401A5A
S31508008F50652804D3FFE703208DF8570000E0EAE709
S31508008F609DF85700002840F08780FFE744F27040DC
S31508008F70C5F60200006800F440701899D1F8B010E0
S31508008F8001F44071884213D0FFE744F27041C5F6F8
S31508008F900201086820F440701790086840F4803091
S31508008FA00860086820F48030086017980860FFE7B2
S31508008FB01898D0F8B000B0F5807F1FD1FFE7FDF70D
S31508008FC0CFFE1690FFE744F27040C5F6020000682F
S31508008FD000F002010020B0EB510F0ED1FFE7FDF7BC
S31508008FE0BFFE1699401A41F28931884204D3FFE739
S31508008FF003208DF8570000E0E5E7FFE79DF85700E6
S31508009000A0BBFFE7FFE71898D0F8B00000F440705F
S31508009010B0F5407F13D1FFE744F21041C5F60201CF
S31508009020086820F47C50189AD2F8B0204FF6F0431E
S31508009030C0F6FF731A4040EA1210086008E044F2CE
S315080090401041C5F60201086820F47C500860FFE765
S315080090501898D0F8B0206FF31F3244F27041C5F665
S315080090600201086810430860FFE704E09DF857000E
S315080090708DF85600FFE704E09DF857008DF8560076
S31508009080FFE7FFE718980068C007002800F04C8043
S31508009090FFE71898806F0A9028282BD80A99DFE8E6
S315080090A001F01529292929292929162929292929AA
S315080090B029291E2929292929292926292929292920
S315080090C029292729292929292929280016E018982C
S315080090D00830012106F07CFC8DF857000EE0189840
S315080090E02830012106F05CFD8DF8570006E005E002
S315080090F004E003E001208DF85700FFE79DF85700CC
S3150800910060B9FFE744F25441C5F60201086820F049
S315080091103800189A926F1043086004E09DF85700CB
S315080091208DF85600FFE7FFE71898007880070028B3
S3150800913039D5FFE71898406F0990052819D8099975
S31508009140DFE801F003040C14151616E01898083029
S31508009150012106F03DFC8DF857000EE018982830DE
S31508009160012106F01DFD8DF8570006E005E004E034
S3150800917003E001208DF85700FFE79DF8570060B916
S31508009180FFE744F25441C5F60201086820F00700DB
S31508009190189A526F1043086004E09DF857008DF83E
S315080091A05600FFE7FFE718980078400700283BD5E8
S315080091B0FFE71898D0F890000890052819D808995C
S315080091C0DFE801F003040C14151616E018980830A9
S315080091D0012106F0FDFB8DF857000EE0189828309F
S315080091E0012106F0DDFC8DF8570006E005E004E0F5
S315080091F003E001208DF85700FFE79DF8570068B98E
S31508009200FFE744F25841C5F60201086820F0070056
S31508009210189AD2F890201043086004E09DF8570089
S315080092208DF85600FFE7FFE71898007880060028B3
S315080092304ED5FFE71898D0F88C000790C8B1FFE71D
S315080092400798B0F1805F15D0FFE70798B0F1005F87
S3150800925018D0FFE70798B0F1405F1BD0FFE70798E3
S31508009260B0F1804F17D0FFE70798B0F1A04F13D0A1
S3150800927013E016E018980830002106F0A9FB8DF8CF
S3150800928057000EE018982830022106F089FC8DF860
S31508009290570006E005E004E003E001208DF85700DA
S315080092A0FFE79DF8570068B9FFE744F25441C5F651
S315080092B00201086820F0E040189AD2F88C20104382
S315080092C0086004E09DF857008DF85600FFE7FFE7B1
S315080092D018980078400600284ED5FFE71898D0F869
S315080092E098000690C8B1FFE70698B0F5806F15D0CC
S315080092F0FFE70698B0F5006F18D0FFE70698B0F5B7
S31508009300406F1BD0FFE70698B0F5805F17D0FFE7E0
S315080093100698B0F5A05F13D013E016E01898083049
S31508009320002106F055FB8DF857000EE018982830F6
S31508009330022106F035FC8DF8570006E005E004E04A
S3150800934003E001208DF85700FFE79DF8570068B93C
S31508009350FFE744F25841C5F60201086820F4E050D8
S31508009360189AD2F898201043086004E09DF8570030
S315080093708DF85600FFE7FFE71898007800060028E2
S315080093804ED5FFE71898D0F89C000590C8B1FFE7BE
S315080093900598B0F5005F15D0FFE70598B0F5804F42
S315080093A018D0FFE70598B0F5C04F1BD0FFE7059822
S315080093B0B0F5004F17D0FFE70598B0F5204F13D04A
S315080093C013E016E018980830002106F001FB8DF826
S315080093D057000EE018982830022106F0E1FB8DF8B8
S315080093E0570006E005E004E003E001208DF8570089
S315080093F0FFE79DF8570068B9FFE744F25841C5F6FC
S315080094000201086820F46040189AD2F89C2010439C
S31508009410086004E09DF857008DF85600FFE7FFE75F
S31508009420189800780007002820D5FFE71898D0F884
S315080094308000B0F5805F0CD1FFE71898283002212C
S3150800944006F0AEFB20B1FFE701208DF85600FFE7D6
S31508009450FFE744F25441C5F60201086820F440507B
S31508009460189AD2F8802010430860FFE71898007809
S31508009470C006002820D5FFE71898D0F89400B0F564
S31508009480807F0CD1FFE718982830022106F088FB68
S3150800949020B1FFE701208DF85600FFE7FFE744F209
S315080094A05841C5F60201086820F44070189AD2F8A7
S315080094B0942010430860FFE7189880780007002872
S315080094C03CD5FFE71898D0F8A000049050B1FFE704
S315080094D00498B0F5803F0DD0FFE70498B0F5003F3B
S315080094E010D010E018980830002106F071FA8DF8AF
S315080094F057000CE018982830022106F051FB8DF829
S31508009500570004E003E001208DF85700FFE79DF8B7
S31508009510570068B9FFE744F25841C5F602010868E2
S3150800952020F44030189AD2F8A0201043086004E0CE
S315080095309DF857008DF85600FFE7FFE718988078E2
S31508009540400700283FD5FFE71898D0F88400039015
S31508009550B0F5801F0AD0FFE70398B0F5001F0ED0BC
S31508009560FFE70398B0F5401F11D011E044F22C41F3
S31508009570C5F60201086840F4003008600CE0189847
S315080095802830012106F00CFB8DF8570004E003E0B3
S3150800959001208DF85700FFE79DF8570068B9FFE7E7
S315080095A044F25441C5F60201086820F44010189A9E
S315080095B0D2F884201043086004E09DF857008DF81F
S315080095C05600FFE7FFE718988078C007A8B3FFE7BB
S315080095D01898006D029028B1FFE70298B0F5803F11
S315080095E009D010E044F22C41C5F60201086840F49F
S315080095F0003008600BE018980830022106F0E8F9F8
S315080096008DF8570003E001208DF85700FFE79DF815
S31508009610570060B9FFE744F24C41C5F602010868F5
S3150800962020F48030189A126D1043086004E09DF803
S3150800963057008DF85600FFE7FFE71898C0788006B0
S3150800964000280CD5FFE718982830022106F0A8FA5A
S3150800965020B1FFE701208DF85600FFE7FFE71898CD
S315080096608078800700283AD5FFE71898C06F0190E0
S31508009670D0B1FFE70198B0F5807F0AD0FFE70198DF
S31508009680B0F5007F0ED0FFE70198B0F5407F0AD00D
S315080096900BE044F22C41C5F60201086840F400309C
S315080096A0086006E005E004E003E001208DF85700B5
S315080096B0FFE79DF8570060B9FFE744F25441C5F645
S315080096C00201086820F44070189AD26F10430860A7
S315080096D004E09DF857008DF85600FFE7FFE7189855
S315080096E08078C00600280CD5FFE744F25041C5F63D
S315080096F00201086820F00040189A126F10430860AB
S31508009700FFE718988078800600280CD5FFE744F212
S315080097105041C5F60201086820F08070189A926ECA
S3150800972010430860FFE71898C0784006002811D54E
S31508009730FFE7FFE744F21041C5F60201086820F486
S31508009740004008601898D0F8B420086810430860EC
S31508009750FFE7FFE71898C078000600280CD5FFE752
S3150800976044F24C41C5F60201086820F04050189AA8
S31508009770526D10430860FFE71898807800060028A5
S315080097800DD5FFE744F25441C5F60201086820F4F6
S315080097904000189AD2F8882010430860FFE7189806
S315080097A00079C00790B1FFE718980830002106F045
S315080097B00FF98DF857009DF8570008B9FFE704E040
S315080097C09DF857008DF85600FFE7FFE718980079CF
S315080097D08007002812D5FFE718980830012106F0FF
S315080097E0F7F88DF857009DF8570008B9FFE704E029
S315080097F09DF857008DF85600FFE7FFE7189800799F
S315080098004007002812D5FFE718980830022106F00D
S31508009810DFF88DF857009DF8570008B9FFE704E010
S315080098209DF857008DF85600FFE7FFE7189800796E
S315080098300007002812D5FFE718982830002106F0FF
S31508009840AFF98DF857009DF8570008B9FFE704E00F
S315080098509DF857008DF85600FFE7FFE7189800793E
S31508009860C006002812D5FFE718982830012106F00F
S3150800987097F98DF857009DF8570008B9FFE704E0F7
S315080098809DF857008DF85600FFE7FFE7189800790E
S315080098908006002812D5FFE718982830022106F01E
S315080098A07FF98DF857009DF8570008B9FFE704E0DF
S315080098B09DF857008DF85600FFE7FFE79DF856001C
S315080098C020B9FFE700208DF8670003E001208DF836
S315080098D06700FFE79DF867001AB080BD000000002A
S315080098E080B586B004900391049820B9FFE701205B
S315080098F08DF817003CE2039842F20001C5F20021F8
S31508009900096801F00F01884216D9FFE742F2000004
S31508009910C5F20020016821F00F01039A1143016086
S31508009920006800F00F000399884204D0FFE7012081
S315080099308DF817001CE2FFE7049800784007002816
S3150800994019D5FFE70498006944F21841C5F60201E3
S31508009950096801F0700188420CD9FFE744F2184102
S31508009960C5F60201086820F07000049A12691043CF
S315080099700860FFE7FFE7049800780007002819D574
S31508009980FFE70498406944F21C41C5F602010968DC
S3150800999001F0700188420CD9FFE744F21C41C5F674
S315080099A00201086820F07000049A526910430860A2
S315080099B0FFE7FFE704980078C006002819D5FFE7F7
S315080099C00498806944F21C41C5F60201096801F44D
S315080099D0E06188420CD9FFE744F21C41C5F6020152
S315080099E0086820F4E060049A926910430860FFE76B
S315080099F0FFE7049800788006002819D5FFE7049841
S31508009A00C06944F22041C5F60201096801F07001F7
S31508009A1088420CD9FFE744F22041C5F602010868DE
S31508009A2020F07000049AD26910430860FFE7FFE748
S31508009A30049800788007002819D5FFE70498C068BD
S31508009A4044F21841C5F60201096801F00F0188427F
S31508009A500CD9FFE744F21841C5F60201086820F060
S31508009A600F00049AD26810430860FFE7FFE70498DE
S31508009A700078C007002800F08C80FFE744F2184100
S31508009A80C5F60201086820F47060049A92681043CB
S31508009A90086004984068022811D1FFE744F20040A4
S31508009AA0C5F60200006800F400310020B0EB514F03
S31508009AB004D1FFE701208DF8170059E13EE004982C
S31508009AC04068032811D1FFE744F20040C5F60200BA
S31508009AD0006800F000710020B0EB516F04D1FFE779
S31508009AE001208DF8170043E127E004984068012813
S31508009AF011D1FFE744F20040C5F60200006800F401
S31508009B0080710020B0EB112F04D1FFE701208DF8FA
S31508009B1017002DE110E044F20040C5F60200006887
S31508009B2000F004010020B0EB910F04D1FFE70120FB
S31508009B308DF817001CE1FFE7FFE7FFE744F2104145
S31508009B40C5F60201086820F00700049A5268104317
S31508009B500860FDF705F90190FFE744F21040C5F6E5
S31508009B600200006800F0380004994968B0EBC10F9C
S31508009B700ED0FFE7FDF7F4F80199401A41F2893152
S31508009B80884204D3FFE703208DF81700F0E0E4E7E6
S31508009B90FFE7049800788007002819D5FFE704989E
S31508009BA0C06844F21841C5F60201096801F00F01C0
S31508009BB088420CD2FFE744F21841C5F6020108684C
S31508009BC020F00F00049AD26810430860FFE7FFE709
S31508009BD0039842F20001C5F20021096801F00F015D
S31508009BE0884216D2FFE742F20000C5F2002001685B
S31508009BF021F00F01039A11430160006800F00F007D
S31508009C000399884204D0FFE701208DF81700AFE0DA
S31508009C10FFE7049800784007002819D5FFE704985D
S31508009C20006944F21841C5F60201096801F070019D
S31508009C3088420CD2FFE744F21841C5F602010868CB
S31508009C4020F07000049A126910430860FFE7FFE7E6
S31508009C50049800780007002819D5FFE7049840699A
S31508009C6044F21C41C5F60201096801F070018842F8
S31508009C700CD2FFE744F21C41C5F60201086820F041
S31508009C807000049A526910430860FFE7FFE70498DA
S31508009C900078C006002819D5FFE70498806944F2C1
S31508009CA01C41C5F60201096801F4E06188420CD23C
S31508009CB0FFE744F21C41C5F60201086820F4E0609B
S31508009CC0049A926910430860FFE7FFE70498007852
S31508009CD08006002819D5FFE70498C06944F2204198
S31508009CE0C5F60201096801F0700188420CD2FFE747
S31508009CF044F22041C5F60201086820F07000049A73
S31508009D00D26910430860FFE7FFE700F089F844F2DC
S31508009D101842C5F602021168C1F3032346F630312C
S31508009D20C0F60201CB5C03F01F03D84000900098F0
S31508009D30126802F00F02895C01F01F01C84040F268
S31508009D40C401C2F200410860009840F2C001C2F2A4
S31508009D500041086040F2C810C2F200400068FDF7F2
S31508009D6057F88DF80B009DF80B008DF81700FFE7E4
S31508009D709DF8170006B080BD80B582B000F050F897
S31508009D8044F21842C5F602021168C1F3032346F6E7
S31508009D903031C0F60201CB5C03F01F03D8400190B6
S31508009DA00198126802F00F02895C01F01F0120FA7F
S31508009DB001F140F2C400C2F200400160019940F28C
S31508009DC0C002C2F200421160006802B080BD000005
S31508009DD080B5FFF7D1FF44F21C41C5F602010968B8
S31508009DE0C1F3021246F63031C0F60201895C01F071
S31508009DF01F01C84080BD000080B5FFF7BDFF44F2D3
S31508009E001C41C5F602010968C1F3022246F6303143
S31508009E10C0F60201895C01F01F01C84080BD000040
S31508009E208AB044F21040C5F60200006800F0380017
S31508009E3001460191182800F269810199DFE811F0BD
S31508009E40190066016601660166016601660166011A
S31508009E503A006601660166016601660166016601E9
S31508009E6040006601660166016601660166016601D3
S31508009E70460044F20040C5F60200006800F02001E2
S31508009E800020B0EB511F0ED0FFE744F20040C5F6A4
S31508009E9002000068C0F3C10149F20000C0F2D030E8
S31508009EA0C840029005E049F20000C0F2D0300290A6
S31508009EB0FFE731E140F60010C0F23D0002902BE1C9
S31508009EC043F20060C0F26E10029025E144F2284089
S31508009ED0C5F60200016801F0030108910068C0F3A5
S31508009EE00510079044F22C40C5F60200006800F001
S31508009EF001000690069844F23441C5F60201096845
S31508009F0089B2C908484300EE100AB8EE400A8DED3A
S31508009F10040A0798002800F0F580FFE708980090E3
S31508009F2048B1FFE70098012869D0FFE700980228A2
S31508009F3000F08980ABE044F20040C5F602000068F4
S31508009F4000F020010020B0EB511F33D0FFE744F2A8
S31508009F500040C5F602000068C0F3C10149F20000DE
S31508009F60C0F2D030C84005909DED050AB8EE400A0B
S31508009F709DED071AB8EE411A80EE010A44F2304008
S31508009F80C5F6020000686FF35F2001EE100AB8EE0E
S31508009F90411A9DED042A9FED633A82EE032A31EEBB
S31508009FA0021AB7EE002A31EE021A20EE010A8DEDEA
S31508009FB0030A23E09DED070AB8EE401A9FED5B0AF7
S31508009FC080EE010A44F23040C5F6020000686FF3DD
S31508009FD05F2001EE100AB8EE411A9DED042A9FEDA6
S31508009FE0513A82EE032A31EE021AB7EE002A31EE12
S31508009FF0021A20EE010A8DED030AFFE76BE09DEDDC
S3150800A000070AB8EE401A9FED480A80EE010A44F2A4
S3150800A0103040C5F6020000686FF35F2001EE100AB3
S3150800A020B8EE411A9DED042A9FED3E3A82EE032AC8
S3150800A03031EE021AB7EE002A31EE021A20EE010AB4
S3150800A0408DED030A47E09DED070AB8EE401A9FED2D
S3150800A050340A80EE010A44F23040C5F60200006870
S3150800A0606FF35F2001EE100AB8EE411A9DED042A3F
S3150800A0709FED2C3A82EE032A31EE021AB7EE002A39
S3150800A08031EE021A20EE010A8DED030A23E09DED5A
S3150800A090070AB8EE401A9FED240A80EE010A44F238
S3150800A0A03040C5F6020000686FF35F2001EE100A23
S3150800A0B0B8EE411A9DED042A9FED1A3A82EE032A5C
S3150800A0C031EE021AB7EE002A31EE021A20EE010A24
S3150800A0D08DED030AFFE744F23040C5F6020000683A
S3150800A0E081B2012000EB512009909DED030A9DEDF8
S3150800A0F0091AB8EE411A80EE010ABCEEC00A8DEDC7
S3150800A100020A02E000200290FFE705E040F6001090
S3150800A110C0F23D000290FFE702980AB0704700BF00
S3150800A120001BB74B000000460024744A0024744CF8
S3150800A13080B58CB00A900A9828B9FFE701208DF8F7
S3150800A1402F0000F001BD0A980078C007002800F02B
S3150800A150B980FFE744F21040C5F60200006800F037
S3150800A1603800069044F22840C5F6020000680590BB
S3150800A170069810280AD0FFE7069818281CD1FFE78A
S3150800A180059800F00300022816D1FFE744F20040C4
S3150800A190C5F60200006800F400310020B0EB514F0C
S3150800A1A009D0FFE70A98406828B9FFE701208DF82B
S3150800A1B02F0000F0C9BC84E0FFE70A984068B0F5B4
S3150800A1C0803F09D1FFE744F20041C5F6020108685D
S3150800A1D040F48030086032E00A98406868B9FFE7C2
S3150800A1E044F20041C5F60201086820F48030086090
S3150800A1F0086820F48020086020E00A984068B0F5D6
S3150800A200A02F0DD1FFE744F20041C5F60201086808
S3150800A21040F480200860086840F4803008600CE04C
S3150800A22044F20041C5F60201086820F4803008604F
S3150800A230086820F480200860FFE7FFE7FFE7FFE7EC
S3150800A2400A984068F0B1FFE7FCF78AFD0990FFE736
S3150800A25044F20040C5F60200006800F40031002010
S3150800A260B0EB514F0DD1FFE7FCF77AFD0999401A7B
S3150800A270652805D3FFE703208DF82F0000F064BC9E
S3150800A280E6E71DE0FCF76CFD0990FFE744F20040A5
S3150800A290C5F60200006800F400310020B0EB514F0B
S3150800A2A00DD0FFE7FCF75CFD0999401A652805D330
S3150800A2B0FFE703208DF82F0000F046BCE6E7FFE72E
S3150800A2C0FFE7FFE70A9800788007002840F1C58075
S3150800A2D0FFE744F21040C5F60200006800F03800B7
S3150800A2E0049044F22840C5F60200006803900498DA
S3150800A2F050B1FFE70498182850D1FFE79DF80C00E5
S3150800A300800700284AD1FFE744F20040C5F602005C
S3150800A310006800F004010020B0EB910F09D0FFE7B8
S3150800A3200A98C06828B9FFE701208DF82F0000F0C9
S3150800A3300BBC44F20041C5F60201086820F019007A
S3150800A3400A9AD26810430860FCF70AFD0990FFE7ED
S3150800A35044F20040C5F60200006800F0040100203F
S3150800A360B0EB910F0CD1FFE7FCF7FAFC0999401AFC
S3150800A370032804D3FFE703208DF82F00E4E3E7E77B
S3150800A38044F20441C5F60201086820F0FE400A9A24
S3150800A390126940EA02600860FFE75DE00A98C06853
S3150800A3A0A0B3FFE744F20041C5F60201086820F0B1
S3150800A3B019000A9AD26810430860FCF7D1FC099084
S3150800A3C0FFE744F20040C5F60200006800F0040109
S3150800A3D00020B0EB910F0CD1FFE7FCF7C1FC0999FF
S3150800A3E0401A032804D3FFE703208DF82F00ABE3B8
S3150800A3F0E7E744F20441C5F60201086820F0FE408A
S3150800A4000A9A126940EA0260086024E044F20041B0
S3150800A410C5F60201086820F001000860FCF7A0FCF8
S3150800A4200990FFE744F20040C5F60200006800F014
S3150800A43004010020B0EB910F0CD0FFE7FCF790FC6D
S3150800A4400999401A032804D3FFE703208DF82F0043
S3150800A4507AE3E7E7FFE7FFE7FFE70A980078C00631
S3150800A460002840F1A080FFE744F21040C5F602003C
S3150800A470006800F03800029044F22840C5F6020051
S3150800A48000680190029808280AD0FFE70298182861
S3150800A4902BD1FFE7019800F00300012825D1FFE73B
S3150800A4A044F20040C5F60200006800F480710020FE
S3150800A4B0B0EB112F09D0FFE70A98C069802804D0AD
S3150800A4C0FFE701208DF82F003EE3FFE744F20C4139
S3150800A4D0C5F60201086820F07C500A9A126A40EA1A
S3150800A4E002600860FFE7FFE75CE00A98C06998B376
S3150800A4F0FFE744F20041C5F60201086840F0800013
S3150800A5000860FCF72DFC0990FFE744F20040C5F609
S3150800A5100200006800F480710020B0EB112F0CD106
S3150800A520FFE7FCF71DFC0999401A032804D3FFE747
S3150800A53003208DF82F0007E3E7E7FFE744F20C4115
S3150800A540C5F60201086820F07C500A9A126A40EAA9
S3150800A55002600860FFE724E044F20041C5F6020104
S3150800A560086820F080000860FCF7FAFB0990FFE70E
S3150800A57044F20040C5F60200006800F4807100202D
S3150800A580B0EB112F0CD0FFE7FCF7EAFB0999401A4C
S3150800A590032804D3FFE703208DF82F00D4E2E7E76A
S3150800A5A0FFE7FFE7FFE70A980078000700284FD57E
S3150800A5B0FFE70A98406928B3FFE744F27441C5F6F5
S3150800A5C00201086840F001000860FCF7C9FB099021
S3150800A5D0FFE744F27440C5F60200006800F0020185
S3150800A5E00020B0EB510F0CD1FFE7FCF7B9FB099936
S3150800A5F0401A032804D3FFE703208DF82F00A3E2AF
S3150800A600E7E724E044F27441C5F60201086820F041
S3150800A61001000860FCF7A4FB0990FFE744F27440C8
S3150800A620C5F60200006800F002010020B0EB510FE9
S3150800A6300CD0FFE7FCF794FB0999401A032804D3CA
S3150800A640FFE703208DF82F007EE2E7E7FFE7FFE745
S3150800A6500A980078800600284FD5FFE70A9880698F
S3150800A66028B3FFE744F20041C5F60201086840F442
S3150800A67080500860FCF774FB0990FFE744F200403D
S3150800A680C5F60200006800F400510020B0EB513F07
S3150800A6900CD1FFE7FCF764FB0999401A032804D399
S3150800A6A0FFE703208DF82F004EE2E7E724E044F2A7
S3150800A6B00041C5F60201086820F480500860FCF7DE
S3150800A6C04FFB0990FFE744F20040C5F60200006818
S3150800A6D000F400510020B0EB513F0CD0FFE7FCF727
S3150800A6E03FFB0999401A032804D3FFE703208DF896
S3150800A6F02F0029E2E7E7FFE7FFE70A980078400717
S3150800A700002840F1A780FFE744F60001C5F60201DC
S3150800A710086840F480700860FCF722FB0990FFE7A0
S3150800A72044F60000C5F602000068C00500280CD4EF
S3150800A730FFE7FCF715FB0999401A652804D3FFE7DC
S3150800A74003208DF82F00FFE1EAE7FFE70A98806803
S3150800A750012809D1FFE744F27041C5F602010868ED
S3150800A76040F00100086031E00A98806868B9FFE7A0
S3150800A77044F27041C5F60201086820F0010008603D
S3150800A780086820F0040008601FE00A988068052819
S3150800A7900DD1FFE744F27041C5F60201086840F0A2
S3150800A7A004000860086840F0010008600CE044F204
S3150800A7B07041C5F60201086820F0010008600868C3
S3150800A7C020F004000860FFE7FFE7FFE7FFE70A98C5
S3150800A7D08068F8B1FFE7FCF7C3FA0990FFE744F28F
S3150800A7E07040C5F60200006800F002010020B0EBD8
S3150800A7F0510F0ED1FFE7FCF7B3FA0999401A41F257
S3150800A8008931884204D3FFE703208DF82F009BE1A6
S3150800A810E5E71EE0FCF7A4FA0990FFE744F270406A
S3150800A820C5F60200006800F002010020B0EB510FE7
S3150800A8300ED0FFE7FCF794FA0999401A41F28931DC
S3150800A840884204D3FFE703208DF82F007CE1E5E773
S3150800A850FFE7FFE70A98406A002800F07181FFE7E2
S3150800A86044F21040C5F60200006800F038001828C7
S3150800A87000F0E080FFE70A98406A022840F0B480BA
S3150800A880FFE744F20041C5F60201086820F080702F
S3150800A8900860FCF765FA0990FFE744F20040C5F640
S3150800A8A00200006800F000710020B0EB516F0CD078
S3150800A8B0FFE7FCF755FA0999401A032804D3FFE77E
S3150800A8C003208DF82F003FE1E7E7FFE744F2284130
S3150800A8D0C5F60201086840F2F33290430A9B9A6A69
S3150800A8E0DB6A42EA0312104308600A99086BD1F83A
S3150800A8F034C08B6BCA6B01386FF35F204FF600616B
S3150800A900CFF6FF7101EB4C2189B208440021CFF63E
S3150800A910FF7101EB034101F4FE0108444FF07F414A
S3150800A92001EB026101F0FE41084444F23041C5F6EC
S3150800A93002010860FFE744F22C41C5F602010091C6
S3150800A940086820F00100086044F23442C5F60202A5
S3150800A95010684FF6F87398430A9B9B6C40EAC3004D
S3150800A9601060086820F00C000A9A126C1043086000
S3150800A970086820F002000A9A526C104308600868BA
S3150800A98040F480300860086840F4003008600868C1
S3150800A99040F480200860086840F00100086044F22E
S3150800A9A00041C5F60201086840F080700860FCF7AF
S3150800A9B0D7F90990FFE744F20040C5F6020000689F
S3150800A9C000F000710020B0EB516F0CD1FFE7FCF7E7
S3150800A9D0C7F90999401A032804D3FFE703208DF81D
S3150800A9E02F00B1E0E7E724E044F20041C5F6020192
S3150800A9F0086820F080700860FCF7B2F90990FFE754
S3150800AA0044F20040C5F60200006800F0007100201C
S3150800AA10B0EB516F0CD0FFE7FCF7A2F90999401A81
S3150800AA20032804D3FFE703208DF82F008CE0E7E71F
S3150800AA30FFE784E044F22840C5F602000068089063
S3150800AA4044F23040C5F60200006807900A98406A4A
S3150800AA50012837D0FFE7089800F003000A99896AA9
S3150800AA6088422FD1FFE7089800F47C710A98C06ADB
S3150800AA70B0EB111F26D1FFE707986FF35F200A99FD
S3150800AA80096B013988421DD1FFE7BDF81C100A98E9
S3150800AA90406B0138B0EB512F14D1FFE7079800F44B
S3150800AAA0FE010A98806B0138B0EB114F0AD1FFE717
S3150800AAB0079800F0FE410A98C06B0138B0EB116F99
S3150800AAC004D0FFE701208DF82F003DE044F2344022
S3150800AAD0C5F60200006880B2C00808900A98806C23
S3150800AAE00899884229D0FFE744F22C41C5F60201AD
S3150800AAF0086820F001000860FCF732F90990FFE7C2
S3150800AB00FCF72EF90999401A08B9FFE7F8E744F265
S3150800AB103441C5F6020108684FF6F87290430A9A5E
S3150800AB20926C40EAC200086044F22C41C5F6020164
S3150800AB30086840F001000860FFE7FFE7FFE7FFE766
S3150800AB4000208DF82F00FFE79DF82F000CB080BD80
S3150800AB5081B0009001B0704780B588B0079007981B
S3150800AB60006800690690079800684069059006988D
S3150800AB7005990840049007980068806803900020AB
S3150800AB800290079890F881008DF8070007980068EA
S3150800AB90303000909DF815000007002810D5FFE713
S3150800ABA09DF81800000700280AD5FFE707980168EE
S3150800ABB0886940F400608861079800F0C5FB91E158
S3150800ABC09DF810004006002815D4FFE79DF81000F0
S3150800ABD0800600280FD4FFE79DF8100040070028DC
S3150800ABE009D5FFE70798416F88470798016F884797
S3150800ABF001200290FFE79DF810004006002811D4B6
S3150800AC00FFE79DF81000C00760B1FFE79DF8100048
S3150800AC104007002806D4FFE70798016F88470120F8
S3150800AC200290FFE79DF810008006002812D4FFE77F
S3150800AC309DF81000800700280CD5FFE79DF8100046
S3150800AC404007002806D4FFE70798416F8847012088
S3150800AC500290FFE7029808B1FFE743E19DF810006C
S3150800AC600007002840F18980FFE70798016888698E
S3150800AC7040F00800886107980168886940F010006C
S3150800AC80886107980168886940F4006088610798B8
S3150800AC900168086920F0080008610798006880685C
S3150800ACA010F4404F3AD1FFE7FFE70798B0F86A007B
S3150800ACB098B3FFE70798C06810280BD3FFE70798F3
S3150800ACC00068006B0799496E08600799486E04305A
S3150800ACD048661BE00798C06808280AD3FFE700986B
S3150800ACE000880799496E08800799486E02304866B9
S3150800ACF00BE00798006890F830000799496E0870CD
S3150800AD000799486E01304866FFE7FFE70799B1F8EB
S3150800AD106A000138A1F86A00C7E7FFE7079805F057
S3150800AD202FF80799012081F881000798D0F8840048
S3150800AD3020B1FFE70798FFF70BFFD3E09DF8070060
S3150800AD40052804D1FFE7079801F05AF814E09DF8A2
S3150800AD500700042804D1FFE7079800F0F1FA0AE093
S3150800AD609DF80700032804D1FFE7079801F044F887
S3150800AD7000E0FFE7FFE7FFE7B4E0BDF8100010F4D6
S3150800AD80587F00F0AF80FFE79DF8100040060028C6
S3150800AD900ED5FFE70799D1F8840040F00400C1F802
S3150800ADA0840007980168886940F040008861FFE7D9
S3150800ADB09DF81100800700280ED5FFE70799D1F8FE
S3150800ADC0840040F00100C1F884000798016888698A
S3150800ADD040F400708861FFE79DF81100C00770B164
S3150800ADE0FFE70799D1F8840040F00800C1F884000D
S3150800ADF007980168886940F480708861FFE79DF8C4
S3150800AE001000800600280ED5FFE70799D1F88400C0
S3150800AE1040F08000C1F8840007980168886940F00E
S3150800AE2020008861FFE70798D0F88400002858D0EA
S3150800AE30FFE707980168086820F00100086007988E
S3150800AE400168086940F26B3290430861039800F480
S3150800AE504040B0F5404F3BD1FFE707980168886846
S3150800AE6020F4404088600798C06FB0B1FFE70798A4
S3150800AE70C16F4FF69960C0F6000008650798C06F65
S3150800AE80F7F7D2FD40B1FFE70799D1F8840040F003
S3150800AE904000C1F88400FFE7FFE70798806FB0B16C
S3150800AEA0FFE70798816F4FF69960C0F600000865BE
S3150800AEB00798806FF7F7B8FD40B1FFE70799D1F813
S3150800AEC0840040F04000C1F88400FFE7FFE707E090
S3150800AED00799012081F881000798FFF739FEFFE7F7
S3150800AEE0FFE7FFE708B080BD80B586B004900498F8
S3150800AEF020B9FFE701208DF817003AE10498406A67
S3150800AF0008B9FFE7FFE704990020886204980068FB
S3150800AF1043F20001C4F2010188421BD0FFE70498FE
S3150800AF20006843F60001C4F20001884212D0FFE728
S3150800AF300498006843F60041C4F20001884209D02B
S3150800AF40FFE70498C068102804D3FFE701208DF8AE
S3150800AF5017000EE1049805F007F8029004980068B7
S3150800AF6043F20001C4F20101884216D0FFE70498B3
S3150800AF70006843F60001C4F2000188420DD0FFE7DD
S3150800AF800498006843F60041C4F20001884204D0E0
S3150800AF90FFE7029808281FD8FFE70498006843F2DD
S3150800AFA00001C4F20101884212D0FFE70498006844
S3150800AFB043F60001C4F20001884209D0FFE704986D
S3150800AFC0006843F60041C4F20001884208D1FFE751
S3150800AFD00298112804D3FFE701208DF81700C8E06E
S3150800AFE0049890F8810040B9FFE70499002081F899
S3150800AFF08000049800F0C4F8FFE70499022081F85D
S3150800B000810004980168086820F001000860049827
S3150800B0100068806800F4F810039004988069B0F11D
S3150800B020806F1BD1FFE704984068B0F5800F04D104
S3150800B030FFE70498806B50B1FFE70498406868B949
S3150800B040FFE70498806BB0F1805F07D1FFE70498AB
S3150800B0500168086840F480500860FFE70498807922
S3150800B0604006002810D5FFE70498C06807280BD3C8
S3150800B070FFE704980068006820F48070049A116855
S3150800B080126D1043086006E004980168086820F409
S3150800B09080700860FFE7049B1968DA68D869D3F8F6
S3150800B0A028C040EA0C00DDF80CC040EA0C00DB6B57
S3150800B0B0184310438860049A0192506B516A0843FA
S3150800B0C0916B0843916908431168D2F804C09368E4
S3150800B0D0D2F810E040EA0E00D2F814E040EA0E007A
S3150800B0E0D2F820E040EA0E0040EA0C00D2F84CC044
S3150800B0F040EA0C001843936C1843926D1043C860DD
S3150800B1000498406898B9FFE70498006880680121A8
S3150800B11061F3CC20049909688860049800688068FF
S3150800B120022161F34A20049909688860FFE70498B8
S3150800B1300168086D20F001000865049880794006CA
S3150800B14000280BD5FFE704980068C06820F0004087
S3150800B150049A1168526D1043C860FFE704990020ED
S3150800B160C1F88400049A012182F881108DF817002D
S3150800B170FFE79DF8170006B080BD0000000000003C
S3150800B18080B5C0B03F9000203E903D903C903B90EB
S3150800B1903A900CA8B821F5F7B1FA3F98006843F63B
S3150800B1A00001C4F20001884240F0C680FFE7002093
S3150800B1B00D904FF480510C9123900CA8FDF798FB45
S3150800B1C018B1FFE7F6F768FDFFE7FFE744F2E84046
S3150800B1D0C5F60200016841F480410160006800F488
S3150800B1E080400B900B98FFE7FFE744F2E040C5F676
S3150800B1F00200016841F004010160006800F00400E3
S3150800B2000A900A98FFE7FFE744F2E040C5F6020015
S3150800B210016841F002010160006800F0020009902F
S3150800B2200998FFE706203A90022003903B900020F9
S3150800B23007903C90032004903D90052005903E9091
S3150800B24040F60000C5F602003AA90691FBF77CFB1A
S3150800B250DDF80CC0049A05980699079B4FF4005E22
S3150800B260CDF8E8E0CDF8ECC03C933D923E9040F234
S3150800B2700040C5F60200FBF767FB079945F6F8405C
S3150800B280C2F20040089040F22842C4F2020202606C
S3150800B290272242608160C1604FF480620261416189
S3150800B2A08161C1614FF4403202624162F8F7FCFFE6
S3150800B2B018B1FFE7F6F7F0FCFFE7FFE73F9845F61A
S3150800B2C0F841C2F20041C1673F988863FFE745F637
S3150800B2D07050C2F20040029040F27041C4F202017E
S3150800B2E0016028214160402181600021C1604FF43E
S3150800B2F08062026141618161C1614FF4003202627C
S3150800B3004162F8F7D1FF18B1FFE7F6F7C5FCFFE78A
S3150800B310FFE73F9845F67051C2F2004181673F98B2
S3150800B3208863FFE72420019000221146FBF7D8FD29
S3150800B3300198FBF7C9FDFFE740B080BD000000009B
S3150800B34081B0009001B0704781B0009001B070479D
S3150800B35080B590B0DDF848C00E900D910C92ADF80E
S3150800B3602E300E98006820300A900E98006830300B
S3150800B37009900E98C16B012000EB5110ADF8120030
S3150800B380FBF7EEFC0890BDF82E00ADF81600BDF8E8
S3150800B3902E00ADF814000E9890F88100012804D00C
S3150800B3A0FFE702208DF83F0050E30D9838B1FFE71C
S3150800B3B00C9820B1FFE7BDF82E0020B9FFE7012061
S3150800B3C08DF83F0042E3FFE70E9890F880000128C9
S3150800B3D004D1FFE702208DF83F0037E30E990120DC
S3150800B3E081F88000FFE7FFE70E99052081F88100C4
S3150800B3F00E990020C1F884000C990E9A5166BDF882
S3150800B4002E100E9AA2F86A10BDF82E100E9AA2F8FF
S3150800B41068100D990E9AD165BDF82E100E9AA2F8ED
S3150800B4206210BDF82E100E9AA2F860100E990867E1
S3150800B4300E9948670E980068C06820F4C0200E99D7
S3150800B4400968C8600E98006843F20001C4F2010159
S3150800B450884212D0FFE70E98006843F60001C4F24E
S3150800B4600001884209D0FFE70E98006843F60041BC
S3150800B470C4F20001884203D1FFE71020079002E0DA
S3150800B48008200790FFE70E98006840684FF6FF719E
S3150800B4908843BDF82E1008440E99096848600E982E
S3150800B4A00168086840F0010008600E984068B0F529
S3150800B4B0800F07D1FFE70E980168086840F400700E
S3150800B4C00860FFE70E98C0681028C0F0B580FFE74F
S3150800B4D0079880080790FFE7BDF81610012003902B
S3150800B4E039B9FFE7BDF81400002818BF01200390FA
S3150800B4F0FFE70398C007002800F09D80FFE70E9835
S3150800B500006840698007002822D5FFE7BDF81600C5
S3150800B510F0B1FFE7BDF81400BDF81610079A1144FC
S3150800B520884215D2FFE70E980168C06D0068086268
S3150800B5300E99C86D0430C8650E99B1F862000138D5
S3150800B540A1F862000E98B0F86200ADF81600FFE7A1
S3150800B5500E98006840690690BDF81400002869D066
S3150800B560FFE70E9800684069C007B0B1FFE70E987C
S3150800B5700068006B0E99496E08600E99486E043093
S3150800B58048660E99B1F86A000138A1F86A000E9863
S3150800B590B0F86A00ADF814004BE0BDF81400BDF829
S3150800B5A0121088421CDAFFE79DF8190000060028E9
S3150800B5B016D5FFE70E980068006B0E99496E08606D
S3150800B5C00E99486E043048660E99B1F86A0001383B
S3150800B5D0A1F86A000E98B0F86A00ADF8140027E0E2
S3150800B5E0FBF7BEFB0899401A1299884204D3FFE775
S3150800B5F01298013018B9FFE71298C0B9FFE70E98FC
S3150800B60004F0BEFB0E99D1F8840040F48070C1F8AE
S3150800B61084000E99012081F88100FFE70E99002029
S3150800B62081F88000FFE703208DF83F000EE2FFE770
S3150800B630FFE7FFE750E7DCE10E98C0680828C0F08E
S3150800B640DE80FFE7079840080790FFE7BDF8161069
S3150800B6500120029039B9FFE7BDF81400002818BF89
S3150800B66001200290FFE70298C007002800F0C68074
S3150800B670FFE70E98006840698007002822D5FFE793
S3150800B680BDF81600F0B1FFE7BDF81400BDF81610B6
S3150800B690079A1144884215D2FFE70E98C06D0088B4
S3150800B6A00A9908800E99C86D0230C8650E99B1F8D6
S3150800B6B062000138A1F862000E98B0F86200ADF891
S3150800B6C01600FFE70E98006840690690BDF814005A
S3150800B6D0002800F09280FFE70E9800684069C007CE
S3150800B6E0A8B1FFE7099800880E99496E08800E9957
S3150800B6F0486E023048660E99B1F86A000138A1F81A
S3150800B7006A000E98B0F86A00ADF8140074E0BDF847
S3150800B7101400BDF81210884224DAFFE79DF81900D4
S3150800B720000600281ED5FFE7099800880E99496E7D
S3150800B73008800E99486E02304866099800880E9966
S3150800B740496E08800E99486E023048660E99B1F81F
S3150800B7506A000238A1F86A000E98B0F86A00ADF8D7
S3150800B760140048E0BDF8140001281BD1FFE79DF836
S3150800B77019008006002815D5FFE7099800880E9954
S3150800B780496E08800E99486E023048660E99B1F8DF
S3150800B7906A000138A1F86A000E98B0F86A00ADF898
S3150800B7A0140027E0FBF7DCFA0899401A1299884238
S3150800B7B004D3FFE71298013018B9FFE71298C0B909
S3150800B7C0FFE70E9804F0DCFA0E99D1F8840040F4ED
S3150800B7D08070C1F884000E99012081F88100FFE786
S3150800B7E00E99002081F88000FFE703208DF83F00BE
S3150800B7F02CE1FFE7FFE7FFE7FFE727E7F8E0FFE7CA
S3150800B800BDF816100120019039B9FFE7BDF81400FC
S3150800B810002818BF01200190FFE70198C0070028FB
S3150800B82000F0E580FFE70E98006840698007002869
S3150800B83023D5FFE7BDF81600F8B1FFE7BDF81400F9
S3150800B840BDF81610079A1144884216D2FFE70E98DB
S3150800B8500168C06D007881F820000E99C86D013026
S3150800B860C8650E99B1F862000138A1F862000E9811
S3150800B870B0F86200ADF81600FFE70E980068406958
S3150800B8800690BDF81400002800F0B080FFE70E9877
S3150800B89000684069C007B8B1FFE70E98006890F8DD
S3150800B8A030000E99496E08700E99486E0130486648
S3150800B8B00E99B1F86A000138A1F86A000E98B0F836
S3150800B8C06A00ADF8140090E0BDF81400BDF8121037
S3150800B8D088423EDAFFE79DF819000006002838D5A9
S3150800B8E0FFE70E98006890F830000E99496E0870C8
S3150800B8F00E99486E013048660E98006890F8300038
S3150800B9000E99496E08700E99486E013048660E9871
S3150800B910006890F830000E99496E08700E99486EC6
S3150800B920013048660E98006890F830000E99496E06
S3150800B93008700E99486E013048660E99B1F86A008B
S3150800B9400438A1F86A000E98B0F86A00ADF8140039
S3150800B9504AE0BDF8140003281DD8FFE79DF8190032
S3150800B96010F0600F17D0FFE70E98006890F83000C7
S3150800B9700E99496E08700E99486E013048660E9900
S3150800B980B1F86A000138A1F86A000E98B0F86A00A2
S3150800B990ADF8140027E0FBF7E3F90899401A129965
S3150800B9A0884204D3FFE71298013018B9FFE71298C6
S3150800B9B0C0B9FFE70E9804F0E3F90E99D1F88400B0
S3150800B9C040F48070C1F884000E99012081F8810046
S3150800B9D0FFE70E99002081F88000FFE703208DF825
S3150800B9E03F0033E0FFE7FFE7FFE7FFE708E7FFE78A
S3150800B9F0FFE70E98129B08996A46116008210022F3
S3150800BA0004F09AFB40B1FFE70E99D1F8840040F0A4
S3150800BA102000C1F88400FFE70E9804F0B1F90E99EA
S3150800BA20012081F88100FFE70E99002081F8800047
S3150800BA30FFE70E98D0F8840020B1FFE701208DF8C3
S3150800BA403F0003E000208DF83F00FFE79DF83F0028
S3150800BA5010B080BD0000000080B586B00490039148
S3150800BA600292ADF80630049890F88100012804D0B7
S3150800BA70FFE702208DF81700B9E1039838B1FFE710
S3150800BA80029820B1FFE7BDF8060020B9FFE70120BC
S3150800BA908DF81700ABE1FFE7049890F880000128BD
S3150800BAA004D1FFE702208DF81700A0E104990120D0
S3150800BAB081F88000FFE7FFE70499052081F88100F7
S3150800BAC004990020C1F884000399049AD165BDF849
S3150800BAD00610049AA2F86010BDF80610049AA2F897
S3150800BAE062100299049A5166BDF80610049AA2F8E3
S3150800BAF06810BDF80610049AA2F86A100499086737
S3150800BB000499486704980068C06820F4C02004991E
S3150800BB100968C86004980168886820F4404088600D
S3150800BB200498C06810280ED3FFE70498C06F806990
S3150800BB30B0F5804F28D1FFE70498806F8069B0F58B
S3150800BB40804F21D1FFE70498C068082826D3FFE76D
S3150800BB500498C06F8069B0F5005F07D0FFE70498C6
S3150800BB60C06F8069B0F5804F0ED1FFE70498806FEB
S3150800BB708069B0F5005F11D0FFE70498806F80698F
S3150800BB80B0F5804F0AD0FFE7FFE70499002081F857
S3150800BB908000FFE701208DF8170028E10498C068A7
S3150800BBA0072841D8FFE70498806F8069B0F5005FE1
S3150800BBB009D1FFE70498B0F86200013040080499FB
S3150800BBC0A1F86200FFE70498806F8069B0F5804F9E
S3150800BBD009D1FFE70498B0F8620003308008049999
S3150800BBE0A1F86200FFE70498C06F8069B0F5005FAE
S3150800BBF009D1FFE70498B0F86A00013040080499B3
S3150800BC00A1F86A00FFE70498C06F8069B0F5804F15
S3150800BC1009D1FFE70498B0F86A0003308008049950
S3150800BC20A1F86A00FFE727E00498C0680F2821D822
S3150800BC30FFE70498806F8069B0F5804F09D1FFE768
S3150800BC400498B0F86200013040080499A1F862002F
S3150800BC50FFE70498C06F8069B0F5804F09D1FFE708
S3150800BC600498B0F86A00013040080499A1F86A00FF
S3150800BC70FFE700E0FFE7FFE70498C16F4FF609709A
S3150800BC80C0F6000008640498C16F4FF62170C0F62C
S3150800BC900000C8630498C16F4FF6C960C0F600007B
S3150800BCA0C8640498C16F00200865049B19685A6E19
S3150800BCB0D86F3031B3F86A30F8F7A6FFA8B1FFE7B6
S3150800BCC00499D1F8840040F01000C1F88400049962
S3150800BCD0012081F88100FFE70499002081F880009F
S3150800BCE0FFE701208DF8170081E00498016888684D
S3150800BCF040F4804088600498816F002008640499A5
S3150800BD00896FC8630499896F08650498816F4FF62F
S3150800BD10C960C0F60000C864049B1A68D96D986F9C
S3150800BD202032B3F86230F8F76FFFC8B1FFE704981E
S3150800BD30C06FF6F7BDF90499D1F8840040F01000F9
S3150800BD40C1F884000499012081F88100FFE704996D
S3150800BD50002081F88000FFE701208DF8170046E0F3
S3150800BD600498806FC069B0F5807F0AD1FFE7049810
S3150800BD70006840684FF6FF7188430499096848606F
S3150800BD800CE00498006840684FF6FF718843BDF8D8
S3150800BD9006100844049909684860FFE70498016892
S3150800BDA0886840F40040886004980168086940F48F
S3150800BDB05870086104980168086840F00100086036
S3150800BDC004984068B0F5800F07D1FFE7049801682A
S3150800BDD0086840F400700860FFE7FFE70499002050
S3150800BDE081F88000FFE700208DF81700FFE79DF82F
S3150800BDF0170006B080BD000081B0009001B0704702
S3150800BE0080B584B003900398006843F20001C4F239
S3150800BE100101884213D1FFE740F21051C2F20041F6
S3150800BE20029148680989FAF76FFF0299D1F810312B
S3150800BE30B1F80A2101F10A008A31984739E00398D6
S3150800BE40006843F60001C4F20001884213D1FFE7F7
S3150800BE5040F22461C2F20041019148680989FAF763
S3150800BE6053FF0199D1F81031B1F80A2101F10A00FE
S3150800BE708A3198471CE00398006843F60041C4F2EB
S3150800BE800001884213D1FFE740F23871C2F200413F
S3150800BE90009148680989FAF737FF0099D1F81031F7
S3150800BEA0B1F80A2101F10A008A319847FFE7FFE74E
S3150800BEB0FFE704B080BD000081B0009001B0704774
S3150800BEC082B00190009140F20441C5F6000108686D
S3150800BED0019A9043009A1043086002B07047000028
S3150800BEE080B582B00190019804F07AF902B080BD5D
S3150800BEF081B0009001B0704781B0009001B07047E2
S3150800BF0081B0009001B0704785B003900291FFE7B9
S3150800BF10039890F83C00012804D1FFE702208DF829
S3150800BF201300ABE00399012081F83C00FFE7FFE727
S3150800BF300399022081F83D00039800684068019043
S3150800BF400398006880680090039800680021C4F28E
S3150800BF500101884209D0FFE70398006840F20041D2
S3150800BF60C4F2010188420AD1FFE7019820F4700063
S3150800BF70019002984168019808430190FFE70198EB
S3150800BF8020F070000190029801680198084301901A
S3150800BF900198039909684860039800680021C4F26B
S3150800BFA0010188424ED0FFE703980068B0F1804F40
S3150800BFB048D0FFE70398006840F20041C4F2000148
S3150800BFC088423FD0FFE70398006840F60001C4F2B4
S3150800BFD00001884236D0FFE70398006840F6004122
S3150800BFE0C4F2000188422DD0FFE70398006840F2AA
S3150800BFF00041C4F20101884224D0FFE70398006893
S3150800C00041F60001C4F2000188421BD0FFE70398FD
S3150800C010006844F20001C4F20101884212D0FFE729
S3150800C020039800684EF20001C4F20001884209D064
S3150800C030FFE7039800684EF20041C4F20001884207
S3150800C0400ED1FFE7009820F08000009002988168E2
S3150800C0500098084300900098039909688860FFE7EC
S3150800C0600399012081F83D00FFE70399002081F834
S3150800C0703C00FFE700208DF81300FFE79DF813004A
S3150800C08005B070470000000080B582B000900098A7
S3150800C09020B9FFE701208DF8070045E0009890F8E1
S3150800C0A03D0040B9FFE70099002081F83C00009860
S3150800C0B000F03EF8FFE70099022081F83D0000995C
S3150800C0C051F8040B04F0D4F90099012081F84800CE
S3150800C0D0FFE70099012081F83E00009981F83F00AA
S3150800C0E0009981F84000009981F84100009981F88B
S3150800C0F04200009981F84300FFE7FFE70099012015
S3150800C10081F84400009981F84500009981F84600B5
S3150800C110009981F84700FFE70099012081F83D0062
S3150800C12000208DF80700FFE79DF8070002B080BDE4
S3150800C13080B586B005900598006840F20041C4F2C3
S3150800C1400001884210D1FFE7FFE744F2E840C5F650
S3150800C1500200016841F002010160006800F0020077
S3150800C16004900498FFE745E00598006840F600014A
S3150800C170C4F20001884219D1FFE7FFE744F2E8401C
S3150800C180C5F60200016841F004010160006800F08C
S3150800C190040003900398FFE71E2001900221002265
S3150800C1A0FAF79EFE0198FAF78FFE22E005980068D6
S3150800C1B040F60041C4F20001884219D1FFE7FFE7C3
S3150800C1C044F2E840C5F60200016841F00801016042
S3150800C1D0006800F0080002900298FFE732200090FD
S3150800C1E001210022FAF77CFE0098FAF76DFEFFE7B8
S3150800C1F0FFE7FFE706B080BD83B00190019890F88D
S3150800C2003D00012804D0FFE701208DF80B0083E0EC
S3150800C2100199022081F83D0001980168C86840F03C
S3150800C2200100C860019800680021C4F20101884233
S3150800C2304ED0FFE701980068B0F1804F48D0FFE77D
S3150800C2400198006840F20041C4F2000188423FD0DC
S3150800C250FFE70198006840F60001C4F20001884231
S3150800C26036D0FFE70198006840F60041C4F20001A5
S3150800C27088422DD0FFE70198006840F20041C4F2D9
S3150800C2800101884224D0FFE70198006841F60001C1
S3150800C290C4F2000188421BD0FFE70198006844F207
S3150800C2A00001C4F20101884212D0FFE70198006834
S3150800C2B04EF20001C4F20001884209D0FFE7019856
S3150800C2C000684EF20041C4F20001884219D1FFE726
S3150800C2D00198006880680721C0F2010108400090B3
S3150800C2E0009806280CD0FFE70098B0F5803F07D0E5
S3150800C2F0FFE701980168086840F001000860FFE759
S3150800C30006E001980168086840F001000860FFE748
S3150800C31000208DF80B00FFE79DF80B0003B070476F
S3150800C32080B586B00490039100208DF80B00FFE7D6
S3150800C330049890F83C00012804D1FFE702208DF804
S3150800C3401700D1E00499012081F83C00FFE7FFE7D8
S3150800C3500499022081F83D000498006880680190DD
S3150800C36001984FF68871CFF6CE7108400190019872
S3150800C37020F47F4001900198049909688860039821
S3150800C38000680090002800F09580FFE700981028C4
S3150800C39000F09080FFE70098202800F08B80FFE7E8
S3150800C3A00098302800F08680FFE70098402874D06F
S3150800C3B0FFE70098502856D0FFE7009860285FD01E
S3150800C3C0FFE7009870282AD0FFE70098B0F5805F4D
S3150800C3D024D0FFE70098B0F5005F35D0FFE7009856
S3150800C3E0B0F5801F66D0FFE70098B0F1101F61D046
S3150800C3F0FFE700982021C0F2100188425AD0FFE7D3
S3150800C40000983021C0F21001884253D0FFE7009807
S3150800C4104021C0F2100188424CD052E055E0049801
S3150800C4200068039B5A689968DB6804F0B9F90498B0
S3150800C430006880680190019840F0770001900198A3
S3150800C44004990968886040E004980068039B5A6864
S3150800C4509968DB6804F0A4F904980168886840F4D0
S3150800C4608040886031E004980068039A5168D26871
S3150800C47004F0C2FD04980068502104F0ADF924E0E8
S3150800C48004980068039A5168D26804F00DFE04986F
S3150800C4900068602104F0A0F917E004980068039A80
S3150800C4A05168D26804F0A8FD04980068402104F099
S3150800C4B093F90AE0049800680399096804F08CF96E
S3150800C4C003E001208DF80B00FFE70499012081F8AD
S3150800C4D03D00FFE70499002081F83C00FFE79DF83E
S3150800C4E00B008DF81700FFE79DF8170006B080BD12
S3150800C4F081B0009001B0704780B584B0039003986E
S3150800C5000068C068029003980068006901909DF869
S3150800C51004008007002824D5FFE79DF80800800757
S3150800C52000281DD5FFE7039801686FF0020008612F
S3150800C530039901200877039800688069800720B16D
S3150800C540FFE70398FFF7D4FF06E0039800F030F9F9
S3150800C550039800F061FAFFE7039900200877FFE7E0
S3150800C560FFE79DF804004007002825D5FFE79DF85A
S3150800C5700800400700281ED5FFE7039801686FF0FA
S3150800C5800400086103990220087703980068806907
S3150800C59010F4407F04D0FFE70398FFF7A9FF06E0F1
S3150800C5A0039800F005F9039800F036FAFFE70399B7
S3150800C5B000200877FFE7FFE79DF80400000700283A
S3150800C5C024D5FFE79DF80800000700281DD5FFE7DA
S3150800C5D0039801686FF0080008610399042008773A
S3150800C5E003980068C069800720B1FFE70398FFF742
S3150800C5F07FFF06E0039800F0DBF8039800F00CFADA
S3150800C600FFE7039900200877FFE7FFE79DF8040096
S3150800C610C006002825D5FFE79DF80800C0060028B3
S3150800C6201ED5FFE7039801686FF0100008610399AB
S3150800C6300820087703980068C06910F4407F04D082
S3150800C640FFE70398FFF754FF06E0039800F0B0F8F9
S3150800C650039800F0E1F9FFE7039900200877FFE760
S3150800C660FFE79DF80400C00778B1FFE79DF80800CA
S3150800C670C00748B1FFE7039801686FF00100086139
S3150800C680039800F021FBFFE7FFE7019800F0800020
S3150800C690802806D0FFE79DF805008006002810D5FB
S3150800C6A0FFE79DF808000006002809D5FFE703986C
S3150800C6B001686FF4025008610398FFF71DFCFFE755
S3150800C6C0FFE79DF80500C00780B1FFE79DF8080061
S3150800C6D00006002809D5FFE7039801686FF4807003
S3150800C6E008610398FFF704FCFFE7FFE79DF80400DD
S3150800C6F04006002810D5FFE79DF8080040060028E8
S3150800C70009D5FFE7039801686FF0400008610398B0
S3150800C71000F062FBFFE7FFE79DF8040080060028AB
S3150800C72010D5FFE79DF808008006002809D5FFE721
S3150800C730039801686FF0200008610398FFF7E0FB93
S3150800C740FFE7FFE704B080BD80B588B007900020FA
S3150800C750069005900490039002900798006840F2AE
S3150800C7600041C4F2000188421ED1FFE7FFE744F208
S3150800C770E040C5F60200016841F002010160006868
S3150800C78000F0020001900198FFE702200290039052
S3150800C790002104910591069040F20040C5F602007A
S3150800C7A002A9FAF7D1F8FFE708B080BD000000003B
S3150800C7B081B0009001B0704780B586B004900391AF
S3150800C7C0029200208DF80700FFE7049890F83C00D5
S3150800C7D0012804D1FFE702208DF81700C0E004996C
S3150800C7E0012081F83C00FFE7FFE702980090142833
S3150800C7F000F2A7800099DFE801F00BA4A4A424A402
S3150800C800A4A43EA4A4A457A4A4A471A4A4A48A007E
S3150800C81004980068039904F08FF8049801688869F9
S3150800C82040F00800886104980168886920F00400CF
S3150800C83088610398026904980168886910438861C9
S3150800C84083E004980068039904F022F904980168C3
S3150800C850886940F40060886104980168886920F452
S3150800C860806088610398026904980168886940EACB
S3150800C8700220886169E004980068039904F0C0F909
S3150800C88004980168C86940F00800C86104980168FE
S3150800C890C86920F00400C861039802690498016811
S3150800C8A0C8691043C86150E004980068039904F009
S3150800C8B05FFA04980168C86940F40060C861049882
S3150800C8C00168C86920F48060C86103980269049801
S3150800C8D00168C86940EA0220C86136E00498006821
S3150800C8E0039904F0B5FA04980168486D40F0080009
S3150800C8F0486504980168486D20F004004865039867
S3150800C900026904980168486D104348651DE004985B
S3150800C9100068039904F004FB04980168486D40F424
S3150800C9200060486504980168486D20F48060486591
S3150800C9300398026904980168486D40EA0220486530
S3150800C94003E001208DF80700FFE7FFE704990020C0
S3150800C95081F83C00FFE79DF807008DF81700FFE710
S3150800C9609DF8170006B080BD80B582B0009000988B
S3150800C97020B9FFE701208DF8070045E0009890F8F8
S3150800C9803D0040B9FFE70099002081F83C00009877
S3150800C99000F03EF8FFE70099022081F83D00009973
S3150800C9A051F8040B03F064FD0099012081F8480052
S3150800C9B0FFE70099012081F83E00009981F83F00C1
S3150800C9C0009981F84000009981F84100009981F8A2
S3150800C9D04200009981F84300FFE7FFE7009901202C
S3150800C9E081F84400009981F84500009981F84600CD
S3150800C9F0009981F84700FFE70099012081F83D007A
S3150800CA0000208DF80700FFE79DF8070002B080BDFB
S3150800CA1081B0009001B0704781B0009001B07047B6
S3150800CA2080B590B00E900D910D9828B9FFE70E9835
S3150800CA3090F83E000B9034E00D98042805D1FFE7E6
S3150800CA400E9890F83F000A9028E00D98082805D11E
S3150800CA50FFE70E9890F8400009901CE00D980C2806
S3150800CA6005D1FFE70E9890F84100089010E00D9860
S3150800CA70102805D1FFE70E9890F84200079004E0C9
S3150800CA800E9890F843000790FFE707980890FFE78D
S3150800CA9008980990FFE709980A90FFE70A980B900B
S3150800CAA0FFE70B98012804D0FFE701208DF83F0027
S3150800CAB003E10D9828B9FFE70E99022081F83E0098
S3150800CAC038E00D98042806D1FFE70E99022081F870
S3150800CAD03F0006902CE00D98082806D1FFE70E992E
S3150800CAE0022081F8400005901FE00D980C2806D119
S3150800CAF0FFE70E99022081F84100049012E00D9894
S3150800CB00102806D1FFE70E99022081F8420003900B
S3150800CB1005E00E99022081F843000390FFE7039889
S3150800CB200490FFE704980590FFE705980690FFE74D
S3150800CB300698FFE70E9800680D990122019203F006
S3150800CB4013FE01980E9909680022C4F20102914267
S3150800CB5002902DD0FFE70E980168012040F20042AE
S3150800CB60C4F201029142029022D0FFE70E980168B2
S3150800CB70012044F20002C4F201029142029017D049
S3150800CB80FFE70E980168012044F20042C4F2010250
S3150800CB90914202900CD0FFE70E9800684BF6000110
S3150800CBA0CBF6FE710844B0FA80F040090290FFE720
S3150800CBB00298C00738B1FFE70E980168486C40F440
S3150800CBC000404864FFE70E9800680021C4F201019E
S3150800CBD088424ED0FFE70E980068B0F1804F48D0E3
S3150800CBE0FFE70E98006840F20041C4F2000188424F
S3150800CBF03FD0FFE70E98006840F60001C4F2000136
S3150800CC00884236D0FFE70E98006840F60041C4F225
S3150800CC10000188422DD0FFE70E98006840F20041D7
S3150800CC20C4F20101884224D0FFE70E98006841F655
S3150800CC300001C4F2000188421BD0FFE70E98006885
S3150800CC4044F20001C4F20101884212D0FFE70E98AF
S3150800CC5000684EF20001C4F20001884209D0FFE7DD
S3150800CC600E9800684EF20041C4F20001884219D1BC
S3150800CC70FFE70E98006880680721C0F201010840A6
S3150800CC800C900C9806280CD0FFE70C98B0F5803F5E
S3150800CC9007D0FFE70E980168086840F001000860B1
S3150800CCA0FFE706E00E980168086840F00100086092
S3150800CCB0FFE700208DF83F00FFE79DF83F0010B022
S3150800CCC080BD00000000000080B582B00190019888
S3150800CCD000680021C4F20101884207D1FFE740F647
S3150800CCE05C00C2F200404068804773E00198006823
S3150800CCF0B0F1804F07D1FFE740F66400C2F200406A
S3150800CD004068804765E00198006840F20041C4F237
S3150800CD100001884207D1FFE740F66C00C2F20040E6
S3150800CD204068804754E00198006840F60001C4F264
S3150800CD300001884207D1FFE740F67400C2F20040BE
S3150800CD404068804743E00198006840F60041C4F215
S3150800CD500001884207D1FFE740F67C00C2F2004096
S3150800CD604068804732E00198006841F20001C4F249
S3150800CD700001884207D1FFE740F68400C2F200406E
S3150800CD804068804721E00198006841F20041C4F2FA
S3150800CD900001884207D1FFE740F68C00C2F2004046
S3150800CDA04068804710E00198006840F20041C4F2EC
S3150800CDB00101884207D1FFE740F69400C2F200401D
S3150800CDC040688047FFE7FFE7FFE7FFE7FFE7FFE782
S3150800CDD0FFE7FFE702B080BD81B0009001B0704761
S3150800CDE083B00190FFE7019890F88400012804D1E8
S3150800CDF0FFE702208DF80B002CE00199012081F84D
S3150800CE008400FFE7FFE701992420C1F8880001980C
S3150800CE1000680068009001980168086820F0010021
S3150800CE200860009820F0005000900199002048669C
S3150800CE30009801990968086001992020C1F88800BE
S3150800CE40FFE70199002081F88400FFE700208DF8AC
S3150800CE500B00FFE79DF80B0003B0704700000000C9
S3150800CE6080B586B004900391ADF80A200498D0F8EE
S3150800CE708C00202844D1FFE7039820B1FFE7BDF8CE
S3150800CE800A0020B9FFE701208DF817003CE0049955
S3150800CE900120C86604990020086704980399BDF81C
S3150800CEA00A2005F015FE8DF809009DF8090010BB4B
S3150800CEB0FFE70498C06E012818D1FFE704980168B7
S3150800CEC010200862FFE7FFE70498006850E8000FA3
S3150800CED040F010000190FFE701990498026842E8C3
S3150800CEE000100028F0D1FFE7FFE703E001208DF8E6
S3150800CEF00900FFE7FFE79DF809008DF8170003E032
S3150800CF0002208DF81700FFE79DF8170006B080BDD0
S3150800CF1080B588B00790ADF81A100798006841F2F6
S3150800CF200001C4F20101884211D1FFE7BDF81A00D9
S3150800CF3040F6AC11C2F20041A1F808010798B1F811
S3150800CF4004215200843192B2FFF78AFF7DE20798E6
S3150800CF50006845F20001C4F20001884240F0F980F9
S3150800CF60FFE7BDF81A0040F6EC51C2F20041A1F8FD
S3150800CF700801B1F80801B1F8041188420BDCFFE793
S3150800CF8040F6EC50C2F20040D0F80C21BDF81A1059
S3150800CF9084309047FFE7079840F6EC51C2F200410B
S3150800CFA0B1F804215200843192B2FFF759FF45F6D1
S3150800CFB0E850C2F2004000681021C4F2020188421B
S3150800CFC000F0B280FFE745F6E850C2F2004000687C
S3150800CFD02821C4F20201884200F0A680FFE745F640
S3150800CFE0E850C2F2004000684021C4F202018842BB
S3150800CFF000F09A80FFE745F6E850C2F20040006864
S3150800D0005821C4F20201884200F08E80FFE745F6F7
S3150800D010E850C2F2004000687021C4F2020188425A
S3150800D02000F08280FFE745F6E850C2F2004000684B
S3150800D0308821C4F20201884276D0FFE745F6E85017
S3150800D040C2F200400068A021C4F2020188426BD0F7
S3150800D050FFE745F6E850C2F200400068B821C4F27E
S3150800D0600201884260D0FFE745F6E850C2F2004068
S3150800D070006840F21041C4F20201884254D0FFE72A
S3150800D08045F6E850C2F20040006840F22841C4F272
S3150800D0900201884248D0FFE745F6E850C2F2004050
S3150800D0A0006840F24041C4F2020188423CD0FFE7E2
S3150800D0B045F6E850C2F20040006840F25841C4F212
S3150800D0C00201884230D0FFE745F6E850C2F2004038
S3150800D0D0006840F27041C4F20201884224D0FFE79A
S3150800D0E045F6E850C2F20040006840F28841C4F2B2
S3150800D0F00201884218D0FFE745F6E850C2F2004020
S3150800D100006840F2A041C4F2020188420CD0FFE751
S3150800D11045F6E850C2F20040006840F2B841C4F251
S3150800D120020188420AD1FFE745F6E850C2F20040FC
S3150800D1300168086820F00800086009E045F6E8502C
S3150800D140C2F200400168086820F004000860FFE7A2
S3150800D1507AE10798006847F60001C4F200018842A0
S3150800D16040F0EA80FFE7BDF81A1041F20C00C2F25F
S3150800D17000400490A0F80811D0F80C21BDF81A1048
S3150800D180843005909047049A05990798B2F80421C7
S3150800D190FFF766FE45F66060C2F20040006810219F
S3150800D1A0C4F20201884200F0B280FFE745F66060EB
S3150800D1B0C2F2004000682821C4F20201884200F049
S3150800D1C0A680FFE745F66060C2F20040006840218D
S3150800D1D0C4F20201884200F09A80FFE745F66060D3
S3150800D1E0C2F2004000685821C4F20201884200F0E9
S3150800D1F08E80FFE745F66060C2F200400068702145
S3150800D200C4F20201884200F08280FFE745F66060BA
S3150800D210C2F2004000688821C4F20201884276D032
S3150800D220FFE745F66060C2F200400068A021C4F23C
S3150800D230020188426BD0FFE745F66060C2F2004003
S3150800D2400068B821C4F20201884260D0FFE745F6BB
S3150800D2506060C2F20040006840F21041C4F2020168
S3150800D260884254D0FFE745F66060C2F20040006885
S3150800D27040F22841C4F20201884248D0FFE745F649
S3150800D2806060C2F20040006840F24041C4F2020108
S3150800D29088423CD0FFE745F66060C2F2004000686D
S3150800D2A040F25841C4F20201884230D0FFE745F601
S3150800D2B06060C2F20040006840F27041C4F20201A8
S3150800D2C0884224D0FFE745F66060C2F20040006855
S3150800D2D040F28841C4F20201884218D0FFE745F6B9
S3150800D2E06060C2F20040006840F2A041C4F2020148
S3150800D2F088420CD0FFE745F66060C2F2004000683D
S3150800D30040F2B841C4F2020188420AD1FFE745F665
S3150800D3106060C2F200400168086820F008000860F2
S3150800D32009E045F66060C2F200400168086820F02E
S3150800D33004000860FFE786E00798006847F60041A2
S3150800D340C4F20001884223D1FFE7BDF81A0041F272
S3150800D3501C11C2F200410391A1F808010798B1F81F
S3150800D36004218431FFF77CFD0399B1F80801B1F86F
S3150800D370041188420BDCFFE741F21C10C2F20040A0
S3150800D380D0F80C21BDF81A1084309047FFE759E011
S3150800D3900798006841F60001C4F20101884223D1CA
S3150800D3A0FFE7BDF81A0041F22C21C2F200410291B2
S3150800D3B0A1F808010798B1F804218431FFF750FD58
S3150800D3C00299B1F80801B1F8041188420BDCFFE7AD
S3150800D3D041F22C20C2F20040D0F80C21BDF81A10F8
S3150800D3E084309047FFE72CE00798006841F6004133
S3150800D3F0C4F20101884223D1FFE7BDF81A0040F6BE
S3150800D4009C01C2F200410191A1F808010798B1F800
S3150800D41004218431FFF724FD0199B1F80801B1F818
S3150800D420041188420BDCFFE740F69C00C2F200407C
S3150800D430D0F80C21BDF81A1084309047FFE7FFE7B3
S3150800D440FFE7FFE7FFE7FFE7FFE708B080BD00005B
S3150800D45081B0009001B0704780B584B00290019108
S3150800D460FFE7029890F88400012804D1FFE702201C
S3150800D4708DF80F0032E00299012081F88400FFE759
S3150800D480FFE702992420C1F888000298006800681E
S3150800D490009002980168086820F001000860029868
S3150800D4A00068806820F0606001990843029909685D
S3150800D4B08860029803F018FF0098029909680860C6
S3150800D4C002992020C1F88800FFE70299002081F818
S3150800D4D08400FFE700208DF80F00FFE79DF80F0096
S3150800D4E004B080BD0000000080B584B002900191B0
S3150800D4F0FFE7029890F88400012804D1FFE702208C
S3150800D5008DF80F0032E00299012081F88400FFE7C8
S3150800D510FFE702992420C1F888000298006800688D
S3150800D520009002980168086820F0010008600298D7
S3150800D5300068806820F060400199084302990968EC
S3150800D5408860029803F0D0FE00980299096808607E
S3150800D55002992020C1F88800FFE70299002081F887
S3150800D5608400FFE700208DF80F00FFE79DF80F0005
S3150800D57004B080BD0000000081B0009001B0704783
S3150800D58081B0009001B0704780B586B004900498C9
S3150800D590D0F8880003900498D0F88C00029004987C
S3150800D5A0006880680006002836D5FFE7039821281A
S3150800D5B032D1FFE7FFE7FFE70498006850E8020F5B
S3150800D5C020F080000190FFE701990498026842E87C
S3150800D5D002100028F0D1FFE7FFE70498C06FB8B142
S3150800D5E0FFE70498C06FF4F763FD80B1FFE704987E
S3150800D5F0C06FF5F771FD202808D1FFE704991020C0
S3150800D600C1F8900003208DF8170049E0FFE7FFE70F
S3150800D610049804F0A1FAFFE70498006880684006B9
S3150800D620002839D5FFE70298222835D1FFE7FFE71A
S3150800D630FFE70498006850E8020F20F040000090C9
S3150800D640FFE700990498026842E802100028F0D122
S3150800D650FFE7FFE70498D0F88000C8B1FFE7049811
S3150800D660D0F88000F4F724FD88B1FFE70498D0F8D5
S3150800D6708000F5F731FD202808D1FFE7049910202E
S3150800D680C1F8900003208DF8170009E0FFE7FFE7CF
S3150800D690049804F0EDF9FFE700208DF81700FFE77E
S3150800D6A09DF8170006B080BD80B586B00590059830
S3150800D6B0006847F60001C4F20001884240F0FA808B
S3150800D6C0FFE705980021C0F8901005980268082021
S3150800D6D01062059802680120106205980268022007
S3150800D6E01062059802680420106241F20C00C2F22A
S3150800D6F000400390A0F80811843004908021F2F7C6
S3150800D700FDFF039A04990598B2F80421FFF7A8FBD0
S3150800D71045F66060C2F2004000681021C4F20201BA
S3150800D720884200F0B280FFE745F66060C2F200402A
S3150800D73000682821C4F20201884200F0A680FFE7AB
S3150800D74045F66060C2F2004000684021C4F202015A
S3150800D750884200F09A80FFE745F66060C2F2004012
S3150800D76000685821C4F20201884200F08E80FFE763
S3150800D77045F66060C2F2004000687021C4F20201FA
S3150800D780884200F08280FFE745F66060C2F20040FA
S3150800D79000688821C4F20201884276D0FFE745F680
S3150800D7A06060C2F200400068A021C4F2020188420B
S3150800D7B06BD0FFE745F66060C2F200400068B8210A
S3150800D7C0C4F20201884260D0FFE745F66060C2F203
S3150800D7D00040006840F21041C4F20201884254D069
S3150800D7E0FFE745F66060C2F20040006840F2284153
S3150800D7F0C4F20201884248D0FFE745F66060C2F2EB
S3150800D8000040006840F24041C4F2020188423CD020
S3150800D810FFE745F66060C2F20040006840F25841F2
S3150800D820C4F20201884230D0FFE745F66060C2F2D2
S3150800D8300040006840F27041C4F20201884224D0D8
S3150800D840FFE745F66060C2F20040006840F2884192
S3150800D850C4F20201884218D0FFE745F66060C2F2BA
S3150800D8600040006840F2A041C4F2020188420CD090
S3150800D870FFE745F66060C2F20040006840F2B84132
S3150800D880C4F2020188420AD1FFE745F66060C2F297
S3150800D89000400168086820F00800086009E045F6BD
S3150800D8A06060C2F200400168086820F00400086061
S3150800D8B0FFE7FFE70598006841F60041C4F2010159
S3150800D8C0884228D1FFE705980021C0F890100598EE
S3150800D8D002680820106205980268012010620598FF
S3150800D8E0026802201062059802680420106240F659
S3150800D8F09C00C2F200400190A0F808118430029002
S3150800D9008021F2F7FBFE019A02990598B2F80421E4
S3150800D910FFF7A6FAFFE706B080BD0000000000008A
S3150800D92080B592B0119011980068C069109011984E
S3150800D930006800680F901198006880680E9010982B
S3150800D94040F60F0108400D900D98E0B9FFE79DF8E5
S3150800D95040008006002815D5FFE79DF83C008006A4
S3150800D960002806D4FFE79DF83B00C006002809D525
S3150800D970FFE71198406F20B1FFE71198416F88477C
S3150800D980FFE74AE3FFE70D98002800F00C81FFE760
S3150800D9900E980121C1F20001084209D1FFE70F984C
S3150800D9A040F22011C0F20041084200F0FC80FFE777
S3150800D9B09DF84000C00788B1FFE79DF83D00C00705
S3150800D9C060B1FFE711980168012008621199D1F842
S3150800D9D0900040F00100C1F89000FFE79DF8400074
S3150800D9E08007002811D5FFE79DF83800C00760B109
S3150800D9F0FFE711980168022008621199D1F8900092
S3150800DA0040F00400C1F89000FFE79DF84000400789
S3150800DA10002811D5FFE79DF83800C00760B1FFE779
S3150800DA2011980168042008621199D1F8900040F015
S3150800DA300200C1F89000FFE79DF8400000070028A3
S3150800DA4019D5FFE79DF83C008006002807D4FFE7B4
S3150800DA500E980121C1F2000108420CD0FFE7119887
S3150800DA600168082008621199D1F8900040F0080072
S3150800DA70C1F89000FFE79DF841000007002813D57C
S3150800DA80FFE79DF83F00400700280DD5FFE71198EE
S3150800DA9001684FF4006008621199D1F8900040F0CF
S3150800DAA02000C1F89000FFE71198D0F890000028F0
S3150800DAB078D0FFE79DF840008006002815D5FFE7D7
S3150800DAC09DF83C008006002806D4FFE79DF83B0039
S3150800DAD0C006002809D5FFE71198406F20B1FFE777
S3150800DAE01198416F8847FFE7FFE71198D0F8900033
S3150800DAF00C9011980068806800F04000402806D015
S3150800DB00FFE79DF8300010F0280F42D0FFE7119884
S3150800DB1003F0AEFF1198006880684006002833D5E8
S3150800DB20FFE7FFE7FFE71198006850E8020F20F0CB
S3150800DB3040000B90FFE70B991198026842E8021023
S3150800DB400028F0D1FFE7FFE71198D0F88000B0B1C0
S3150800DB50FFE71198D0F8801041F20160C0F6010085
S3150800DB6008651198D0F88000F4F75EFF30B1FFE73A
S3150800DB701198D0F88000016D8847FFE703E01198F7
S3150800DB80FFF792FDFFE703E01198FFF78DFDFFE72A
S3150800DB9007E01198FFF788FD11990020C1F8900059
S3150800DBA0FFE7FFE739E21198C06E012840F0D681F9
S3150800DBB0FFE79DF84000C006002840F1CF81FFE747
S3150800DBC09DF83C00C006002840F1C881FFE711987F
S3150800DBD001681020086211980068806840060028CD
S3150800DBE040F15A81FFE71198D0F8800000681021AB
S3150800DBF0C4F20201884200F0A280FFE71198D0F82B
S3150800DC00800000682821C4F20201884200F097804B
S3150800DC10FFE71198D0F8800000684021C4F202019D
S3150800DC20884200F08C80FFE71198D0F880000068E1
S3150800DC305821C4F20201884200F08180FFE711985A
S3150800DC40D0F8800000687021C4F20201884276D0BC
S3150800DC50FFE71198D0F8800000688821C4F2020115
S3150800DC6088426CD0FFE71198D0F880000068A021A0
S3150800DC70C4F20201884262D0FFE71198D0F880000A
S3150800DC800068B821C4F20201884258D0FFE711980B
S3150800DC90D0F88000006840F21041C4F202018842C0
S3150800DCA04DD0FFE71198D0F88000006840F228416F
S3150800DCB0C4F20201884242D0FFE71198D0F88000EA
S3150800DCC0006840F24041C4F20201884237D0FFE7BB
S3150800DCD01198D0F88000006840F25841C4F2020159
S3150800DCE088422CD0FFE71198D0F88000006840F2EF
S3150800DCF07041C4F20201884221D0FFE71198D0F89A
S3150800DD008000006840F28841C4F20201884216D0B9
S3150800DD10FFE71198D0F88000006840F2A041C4F2ED
S3150800DD20020188420BD0FFE71198D0F880000068FE
S3150800DD3040F2B841C4F20201884207D1FFE71198C0
S3150800DD40D0F8800000684068019006E01198D0F885
S3150800DD508000006840680190FFE70198ADF82A0046
S3150800DD60BDF82A0000287BD0FFE7BDF82A001199E4
S3150800DD70B1F85C10884273DAFFE7BDF82A001199FA
S3150800DD80A1F85E001198D0F88000C069B0F5807FD0
S3150800DD9059D0FFE7FFE7FFE71198006850E8000F42
S3150800DDA020F480700990FFE709991198026842E803
S3150800DDB000100028F0D1FFE7FFE7FFE7FFE711981B
S3150800DDC0006850E8020F20F001000890FFE7089964
S3150800DDD01198026842E802100028F0D1FFE7FFE731
S3150800DDE0FFE7FFE71198006850E8020F20F04000AF
S3150800DDF00790FFE707991198026842E80210002881
S3150800DE00F0D1FFE7FFE711992020C1F88C0011999E
S3150800DE100020C866FFE7FFE71198006850E8000F82
S3150800DE2020F010000690FFE706991198026842E86C
S3150800DE3000100028F0D1FFE7FFE71198D0F880001E
S3150800DE40F4F736F9FFE71199022008671198B0F838
S3150800DE505C10B0F85E20891A89B2FFF759F81AE003
S3150800DE60BDF82A001199B1F85C10884212D1FFE773
S3150800DE701198D0F88000C069B0F5807F09D1FFE716
S3150800DE801199022008671198B0F85C10FFF740F85E
S3150800DE90FFE7FFE7FFE7C0E01199B1F85C00B1F8CA
S3150800DEA05E10401AADF816001198B0F85E0000280A
S3150800DEB053D0FFE7BDF8160000284ED0FFE7FFE76E
S3150800DEC0FFE71198006850E8000F20F4907004905E
S3150800DED0FFE704991198026842E800100028F0D17B
S3150800DEE0FFE7FFE7FFE7FFE71198006850E8020F32
S3150800DEF04FF6FE71CEF6FF7108400390FFE70399CF
S3150800DF001198026842E802100028EDD1FFE7FFE702
S3150800DF1011992020C1F88C0011990020C866119922
S3150800DF204867FFE7FFE71198006850E8000F20F000
S3150800DF3010000290FFE702991198026842E8001063
S3150800DF400028F0D1FFE7FFE711990220086711982A
S3150800DF50BDF81610FEF7DCFFFFE75EE09DF842000D
S3150800DF60C00600280FD5FFE79DF83A0040060028AE
S3150800DF7009D5FFE7119801684FF4801008621198D7
S3150800DF80FFF7FEFA49E09DF840000006002815D57F
S3150800DF90FFE79DF83C000006002806D4FFE79DF839
S3150800DFA03A000006002809D5FFE71198806F20B1CE
S3150800DFB0FFE71198816F8847FFE72EE09DF840003C
S3150800DFC0400600280AD5FFE79DF83C0040060028D1
S3150800DFD004D5FFE7119803F09BFD1EE09DF842006B
S3150800DFE0000600280AD5FFE79DF83F0040060028EE
S3150800DFF004D5FFE71198FFF7BFFA0EE09DF8430036
S3150800E000C00750B1FFE79DF83F000006002804D579
S3150800E010FFE71198FFF71CFAFFE712B080BD000072
S3150800E02080B582B00090009820B9FFE701208DF8EE
S3150800E030070046E00098806908B1FFE700E0FFE7BF
S3150800E0400098D0F8880040B9FFE70099002081F8C9
S3150800E0508400009800F03CF8FFE700992420C1F8F6
S3150800E060880000980168086820F001000860009898
S3150800E070806A20B1FFE7009803F07AF9FFE7009875
S3150800E08003F0FEFF012804D1FFE701208DF8070001
S3150800E09017E000980168486820F4904048600098A6
S3150800E0A00168886820F02A00886000980168086876
S3150800E0B040F001000860009803F0FEF98DF80700AB
S3150800E0C0FFE79DF8070002B080BD000000000000D1
S3150800E0D080B5DCB05B9000205A90599058905790C4
S3150800E0E0569028A8B821F2F709FB5B98006845F214
S3150800E0F00001C4F20001884240F09680FFE7002044
S3150800E100299002212891459028A8FAF7F1FB18B121
S3150800E110FFE7F3F7C1FDFFE7FFE744F2E840C5F67E
S3150800E1200200016841F480110160006800F4801063
S3150800E13027902798FFE7FFE744F2E040C5F602007C
S3150800E140016841F004010160006800F004002690AF
S3150800E1502698FFE7FFE744F2E040C5F602000168AB
S3150800E16041F008010160006800F008002590259834
S3150800E170FFE74FF4805056900220169057900020E3
S3150800E180199058905990082017905A9040F6000018
S3150800E190C5F6020056A91891F8F7D6FB169B1798EC
S3150800E1A01899199A4FF0040CCDF858C157935892FC
S3150800E1B059925A9040F60040C5F60200F8F7C4FB9B
S3150800E1C0199945F6E850C2F200401A901022C4F296
S3150800E1D002020260412242608160C1604FF480629F
S3150800E1E0026141618161C1614FF44032026241625C
S3150800E1F0F6F75AF818B1FFE7F3F74EFDFFE7FFE722
S3150800E2005B9845F6E851C2F20041C0F880105B9869
S3150800E2108863FFE73520159000221146F8F760FE5F
S3150800E2201598F8F751FEC6E25B98006847F60001B4
S3150800E230C4F2000188426FD1FFE70020299002212D
S3150800E2402891459028A8FAF753FB18B1FFE7F3F78A
S3150800E25023FDFFE7FFE744F2E840C5F60200016840
S3150800E26041F080410160006800F0804024902498C5
S3150800E270FFE7FFE744F2E040C5F60200016841F017
S3150800E28010010160006800F0100023902398FFE752
S3150800E2904FF4C07056900220579000201390589063
S3150800E2A0599007205A9041F20000C5F6020056A977
S3150800E2B0F8F74AFB139945F66060C2F200401490DD
S3150800E2C08822C4F2020202604F2242608160C16065
S3150800E2D04FF48062026141618161C16101624162FC
S3150800E2E0F5F7E2FF18B1FFE7F3F7D6FCFFE7FFE71C
S3150800E2F05B9845F66061C2F20041C0F880105B98F1
S3150800E3008863FFE75220129001221146F8F7E8FDCC
S3150800E3101298F8F7D9FD4DE25B98006847F6004178
S3150800E320C4F20001884240F09980FFE70020299056
S3150800E33002212891459028A8FAF7DAFA18B1FFE7DA
S3150800E340F3F7AAFCFFE7FFE744F2E840C5F6020048
S3150800E350016841F000410160006800F00040229029
S3150800E3602298FFE7FFE744F2E040C5F6020001689D
S3150800E37041F010010160006800F01000219021981A
S3150800E380FFE70320569002205790002010905890DF
S3150800E390599008205A9041F20000C5F6020056A985
S3150800E3A0F8F7D2FA109945F6D860C2F200401190F3
S3150800E3B0A022C4F202020260512242608160C1605A
S3150800E3C04FF480620261416181614FF48072C261DB
S3150800E3D001624162F5F768FF18B1FFE7F3F75CFCE5
S3150800E3E0FFE7FFE75B9845F6D861C2F20041C0F83F
S3150800E3F080105B988863FFE745F65070C2F20040CC
S3150800E4000F90B821C4F202010160522141604021F7
S3150800E41081600021C1604FF48062026141618161BF
S3150800E420C16101624162F5F73FFF18B1FFE7F3F7F3
S3150800E43033FCFFE7FFE75B9845F65071C2F20041EF
S3150800E440C1675B988863FFE753200E900022114648
S3150800E450F8F746FD0E98F8F737FDAAE15B980068CD
S3150800E46041F60001C4F20101884240F09B80FFE7B3
S3150800E4700020299001212891469028A8FAF738FA11
S3150800E48018B1FFE7F3F708FCFFE7FFE744F2F040AF
S3150800E490C5F60200016841F040010160006800F01D
S3150800E4A0400020902098FFE7FFE744F2E040C5F6D9
S3150800E4B00200016841F008010160006800F00800E8
S3150800E4C01F901F98FFE74FF4404056900220579040
S3150800E4D000200C90589059900B205A9040F6004016
S3150800E4E0C5F6020056A9F8F72FFA0C9945F6C87032
S3150800E4F0C2F200400D9040F21042C4F202020260DD
S3150800E500742242608160C1604FF480620261416199
S3150800E51081614FF48072C26101624162F5F7C4FEFF
S3150800E52018B1FFE7F3F7B8FBFFE7FFE75B9845F697
S3150800E530C871C2F20041C0F880105B988863FFE793
S3150800E54046F24000C2F200400B904021C4F202019C
S3150800E550016075214160402181600021C1604FF44E
S3150800E5608062026141618161C16101624162F5F7C0
S3150800E5709BFE18B1FFE7F3F78FFBFFE7FFE75B9812
S3150800E58046F24001C2F20041C1675B988863FFE723
S3150800E5909B200A9000221146F8F7A2FC0A98F8F781
S3150800E5A093FC05E15B98006841F20001C4F20101A1
S3150800E5B0884270D1FFE700202990012128914690D2
S3150800E5C028A8FAF795F918B1FFE7F3F765FBFFE70F
S3150800E5D0FFE744F2F040C5F60200016841F0100179
S3150800E5E00160006800F010001E901E98FFE7FFE724
S3150800E5F044F2E040C5F60200016841F001010160FD
S3150800E600006800F001001D901D98FFE74FF4C060F8
S3150800E610569002205790002008905890599007204D
S3150800E6205A900020C5F6020056A9F8F78DF9089900
S3150800E63046F23010C2F2004009907022C4F202027B
S3150800E6400260292242608160C1604FF480620261E3
S3150800E650416181614FF48072C26101624162F5F7DE
S3150800E66023FE18B1FFE7F3F717FBFFE7FFE75B9811
S3150800E67046F23011C2F20041C0F880105B988863F8
S3150800E680FFE72520079001221146F8F729FC07988D
S3150800E690F8F71AFC8BE05B98006841F60041C4F273
S3150800E6A00101884240F08280FFE70020299001217D
S3150800E6B02891469028A8FAF71BF918B1FFE7F3F74F
S3150800E6C0EBFAFFE7FFE744F2F040C5F602000168FF
S3150800E6D041F080010160006800F080001C901C98E1
S3150800E6E0FFE7FFE744F2E040C5F60200016841F0A3
S3150800E6F010010160006800F010001B901B98FFE7EE
S3150800E70004205690022102915791002105915891B3
S3150800E71059915A9041F20000C5F60200039056A995
S3150800E7200491F8F711F9029B03980499059A4FF09A
S3150800E730080CCDF858C15793589259920B225A9201
S3150800E740F8F702F9059946F2B800C2F200400690B9
S3150800E7505822C4F202020260762242608160C160D9
S3150800E7604FF48062026141618161C1614FF40032F8
S3150800E77002624162F5F798FD18B1FFE7F3F78CFAE4
S3150800E780FFE7FFE75B9846F2B801C2F20041C0F81E
S3150800E79080105B988863FFE79C2001900022114651
S3150800E7A0F8F79EFB0198F8F78FFBFFE7FFE7FFE70F
S3150800E7B0FFE7FFE7FFE75CB080BD00000000000050
S3150800E7C080B584B003900398006847F60001C4F248
S3150800E7D00001884240F0EA80FFE741F20C00C2F2ED
S3150800E7E000400190B0F80411A0F80811D0F80C21E7
S3150800E7F0B0F80411843002909047019A0299039860
S3150800E800B2F80421FEF72CFB45F66060C2F2004020
S3150800E81000681021C4F20201884200F0B280FFE7C6
S3150800E82045F66060C2F2004000682821C4F2020181
S3150800E830884200F0A680FFE745F66060C2F2004015
S3150800E84000684021C4F20201884200F09A80FFE77E
S3150800E85045F66060C2F2004000685821C4F2020121
S3150800E860884200F08E80FFE745F66060C2F20040FD
S3150800E87000687021C4F20201884200F08280FFE736
S3150800E88045F66060C2F2004000688821C4F20201C1
S3150800E890884276D0FFE745F66060C2F2004000681D
S3150800E8A0A021C4F2020188426BD0FFE745F66060FA
S3150800E8B0C2F200400068B821C4F20201884260D062
S3150800E8C0FFE745F66060C2F20040006840F210417A
S3150800E8D0C4F20201884254D0FFE745F66060C2F2EE
S3150800E8E00040006840F22841C4F20201884248D03C
S3150800E8F0FFE745F66060C2F20040006840F240411A
S3150800E900C4F2020188423CD0FFE745F66060C2F2D5
S3150800E9100040006840F25841C4F20201884230D0F3
S3150800E920FFE745F66060C2F20040006840F27041B9
S3150800E930C4F20201884224D0FFE745F66060C2F2BD
S3150800E9400040006840F28841C4F20201884218D0AB
S3150800E950FFE745F66060C2F20040006840F2A04159
S3150800E960C4F2020188420CD0FFE745F66060C2F2A5
S3150800E9700040006840F2B841C4F2020188420AD158
S3150800E980FFE745F66060C2F200400168086820F0BB
S3150800E9900800086009E045F66060C2F200400168B8
S3150800E9A0086820F004000860FFE7FFE704B080BDB0
S3150800E9B081B0009001B0704786B004900391ADF81D
S3150800E9C00A200498D0F88800202840F08580FFE7C0
S3150800E9D0039820B1FFE7BDF80A0020B9FFE7012038
S3150800E9E08DF817007CE0039804990865BDF80A00BD
S3150800E9F00499A1F85400BDF80A000499A1F8560034
S3150800EA000499002088670499C1F890000499212088
S3150800EA10C1F888000498406EB0F1005F2CD1FFE77A
S3150800EA2004988068B0F5805F0BD1FFE70498006909
S3150800EA3038B9FFE7049942F69940C0F6010088679D
S3150800EA4006E0049942F6F950C0F601008867FFE728
S3150800EA50FFE7FFE70498006850E8020F40F400005B
S3150800EA600190FFE701990498026842E8021000281D
S3150800EA70F0D1FFE7FFE72BE004988068B0F5805FE8
S3150800EA800BD1FFE70498006938B9FFE7049942F605
S3150800EA900140C0F60100886706E0049942F669500D
S3150800EAA0C0F601008867FFE7FFE7FFE704980068FC
S3150800EAB050E8000F40F080000090FFE700990498A6
S3150800EAC0026842E800100028F0D1FFE7FFE7FFE7F9
S3150800EAD000208DF8170003E002208DF81700FFE7E5
S3150800EAE09DF8170006B0704781B0009001B07047D6
S3150800EAF0FFE7FEE70000000083B0029001918DF861
S3150800EB00032000208DF802008DF80200FFE79DF82B
S3150800EB1002009DF80310884229DAFFE70298000FE1
S3150800EB20092809D8FFE70298000F303001999DF8A7
S3150800EB30022001F8120009E00299372000EB117053
S3150800EB4001999DF8022001F81200FFE702980001DA
S3150800EB50029001989DF8021000EB410100204870D0
S3150800EB60FFE79DF8020001308DF80200CFE703B0F9
S3150800EB70704700000000000080B58EB0FFE744F241
S3150800EB80D840C5F60200016841F00101016000683D
S3150800EB9000F001000D900D98FFE7FFE744F2D8401A
S3150800EBA0C5F60200016841F002010160006800F044
S3150800EBB002000C900C98FFE70B20019000220A92A5
S3150800EBC01146F8F78DF90198F8F77EF90A9A0D209B
S3150800EBD002901146F8F784F90298F8F775F90A9A37
S3150800EBE00E2003901146F8F77BF90398F8F76CF9AD
S3150800EBF00A9A0F2004900121F8F772F90498F8F799
S3150800EC0063F90A9A102005901146F8F769F90598EC
S3150800EC10F8F75AF90A9A112006901146F8F760F99A
S3150800EC200698F8F751F90A9A2F2007901146F8F72F
S3150800EC3057F90798F8F748F90A9A382008901146BC
S3150800EC40F8F74EF90898F8F73FF90A9A3920099023
S3150800EC501146F8F745F90998F8F736F90A9A3C2063
S3150800EC600B901146F8F73CF90B98F8F72DF90EB00A
S3150800EC7080BD00000000000080B582B046F2A810F2
S3150800EC80C2F2004000904AF20001C4F2000101609D
S3150800EC90002201928260C26002744274012181746A
S3150800ECA04FF0030EC0F814E00A2383614FF01D0CE1
S3150800ECB0C0F81CC00362C0F824E08362C0F82CC008
S3150800ECC0036342638163C2630C23036404214164C2
S3150800ECD08264C164026541658265C26503664266EF
S3150800ECE08166F7F7C5F918B1FFE7F2F7D5FFFFE731
S3150800ECF002B080BD0000000080B582B046F2482010
S3150800ED00C2F2004000904AF20041C4F200010160DC
S3150800ED10002201928260C2600274427401218174E9
S3150800ED204FF0030EC0F814E00A2383614FF01D0C60
S3150800ED30C0F81CC00362C0F824E08362C0F82CC087
S3150800ED40036340F2563343638163C263026404215A
S3150800ED5041640C238364C164026541658265C265AA
S3150800ED60036642668166F7F783F918B1FFE7F2F79B
S3150800ED7093FFFFE702B080BD80B582B046F2E82077
S3150800ED80C2F2004000904DF20041C4F20001016059
S3150800ED90002201928260C260027442740121817469
S3150800EDA04FF0030EC0F814E00A2383614FF01D0CE0
S3150800EDB0C0F81CC00362C0F824E08362C0F82CC007
S3150800EDC0036340F2AB6343638163C2630C2303644A
S3150800EDD0042141648264C164026541658265C26535
S3150800EDE0036642668166F7F743F918B1FFE7F2F75B
S3150800EDF053FFFFE702B080BD80B590B000200F90AA
S3150800EE000E900D900C900B90FFE744F2E040C5F68B
S3150800EE100200016841F010010160006800F010006E
S3150800EE200A900A98FFE7FFE744F2E040C5F60200B9
S3150800EE30016841F004010160006800F004000990CF
S3150800EE400998FFE7FFE744F2E040C5F602000168CB
S3150800EE5041F080010160006800F080000890089881
S3150800EE60FFE7FFE744F2E040C5F60200016841F01B
S3150800EE7002010160006800F0020007900798FFE7AA
S3150800EE80FFE744F2E040C5F60200016841F00801D8
S3150800EE900160006800F0080006900698FFE7FFE7A3
S3150800EEA044F2E040C5F60200016841F00101016044
S3150800EEB0006800F0010005900598FFE740F600009D
S3150800EEC0C5F60200009048F2090101220192F7F7FF
S3150800EED02FFF009801994FF400420B920C910021E4
S3150800EEE003910D910E910BA90291F7F72DFD00984C
S3150800EEF0019A029909230B930C920D9202220E9203
S3150800EF00F7F722FD019802994FF4A0520B924FF49D
S3150800EF1004120C920D9041F20000C5F60200F7F7B4
S3150800EF2013FD03994FF00060FCF7CAFF039A2820E7
S3150800EF3004901146F7F7D4FF0498F7F7C5FF10B009
S3150800EF4080BD00000000000080B582B046F66C0067
S3150800EF50C2F20040009043F60001C4F200010160CD
S3150800EF604FF4800141600021019181600722C2604F
S3150800EF704FF0007202614FF0807242614FF080627A
S3150800EF8082614FF04052C261016241628162C16290
S3150800EF904FF0804242638163C163016441648164C6
S3150800EFA0C164016541658165FBF79EFF18B1FFE7FE
S3150800EFB0F2F772FEFFE702B080BD00000000000015
S3150800EFC080B590B0002101910F910E910D910C9191
S3150800EFD00B910A910991089107910691059104915F
S3150800EFE00391029146F6F400C2F2004040F2004254
S3150800EFF0C4F20002026017224260816042F20F7278
S3150800F000C260016180218161FDF73EF818B1FFE712
S3150800F010F2F742FEFFE74FF480500C9046F6F400F4
S3150800F020C2F200400CA9FDF77BF918B1FFE7F2F729
S3150800F03033FEFFE746F6F400C2F20040FDF794FC03
S3150800F04018B1FFE7F2F728FEFFE7002009900B90BA
S3150800F05046F6F400C2F2004009A9FCF755FF18B1BC
S3150800F060FFE7F2F719FEFFE7602002900020039001
S3150800F0700490069046F6F400C2F2004002A90C225B
S3150800F080FDF79AFB18B1FFE7F2F706FEFFE746F62B
S3150800F090F400C2F20040FDF757FB10B080BD000037
S3150800F0A080B588B0002100910791069105910491D9
S3150800F0B003910291019146F64010C2F2004040F6D3
S3150800F0C00002C4F200020260EF224260816040F250
S3150800F0D0E732C26001618161FCF7D6FF18B1FFE72C
S3150800F0E0F2F7DAFDFFE74FF48050049046F6401039
S3150800F0F0C2F2004004A9FDF713F918B1FFE7F2F7C9
S3150800F100CBFDFFE700200190039046F64010C2F2BF
S3150800F110004001A9FCF7F8FE18B1FFE7F2F7BCFDBD
S3150800F120FFE708B080BD000080B588B000210091D7
S3150800F130079106910591049103910291019146F672
S3150800F1408C10C2F2004040F60042C4F2000202608F
S3150800F150EF224260816040F2E732C260016181615C
S3150800F160FCF792FF18B1FFE7F2F796FDFFE74FF4B9
S3150800F1708050049046F68C10C2F2004004A9FDF7B0
S3150800F180CFF818B1FFE7F2F787FDFFE700200190F7
S3150800F190039046F68C10C2F2004001A9FCF7B4FEB3
S3150800F1A018B1FFE7F2F778FDFFE708B080BD000069
S3150800F1B080B582B046F60030C2F20040019045F2B2
S3150800F1C00001C4F20001016048F2A061C0F2010129
S3150800F1D041604FF4805181604FF40051C1604FF493
S3150800F1E0806101610C21416100218161C161016277
S3150800F1F041628162FEF714FF18B1FFE7F2F74CFD92
S3150800F200FFE746F60030C2F200400021FEF76CF92F
S3150800F21018B1FFE7F2F740FDFFE746F60030C2F205
S3150800F22000400021FEF718F918B1FFE7F2F734FDA0
S3150800F230FFE746F60030C2F20040FDF7D1FD18B1EF
S3150800F240FFE7F2F729FDFFE702B080BD00000000E6
S3150800F25080B582B046F69430C2F20040009047F678
S3150800F2600001C4F2000101604FF4613141600021E0
S3150800F27001918160C16001610C2242618161C161B5
S3150800F280016241628162FEF7CBFE18B1FFE7F2F731
S3150800F29003FDFFE746F69430C2F200400021FEF770
S3150800F2A023F918B1FFE7F2F7F7FCFFE746F69430C3
S3150800F2B0C2F200400021FEF7CFF818B1FFE7F2F7D7
S3150800F2C0EBFCFFE746F69430C2F20040FDF788FDF6
S3150800F2D018B1FFE7F2F7E0FCFFE702B080BD0000D7
S3150800F2E080B582B046F62840C2F20040009047F644
S3150800F2F00041C4F2000101604FF4E1314160002190
S3150800F30001918160C16001610C2242618161C16124
S3150800F310016241628162FEF783FE18B1FFE7F2F7E8
S3150800F320BBFCFFE746F62840C2F200400021FEF784
S3150800F330DBF818B1FFE7F2F7AFFCFFE746F628401F
S3150800F340C2F200400021FEF787F818B1FFE7F2F78E
S3150800F350A3FCFFE746F62840C2F20040FDF740FD51
S3150800F36018B1FFE7F2F798FCFFE702B080BD00008E
S3150800F37080B582B046F6BC40C2F20040009041F625
S3150800F3800001C4F2010101604FF4E131416000213E
S3150800F39001918160C16001610C2242618161C16194
S3150800F3A0016241628162FEF73BFE18B1FFE7F2F7A0
S3150800F3B073FCFFE746F6BC40C2F200400021FEF7A8
S3150800F3C093F818B1FFE7F2F767FCFFE746F6BC408B
S3150800F3D0C2F200400021FEF73FF818B1FFE7F2F746
S3150800F3E05BFCFFE746F6BC40C2F20040FDF7F8FCBE
S3150800F3F018B1FFE7F2F750FCFFE702B080BD000046
S3150800F40080B582B046F66C20C2F20040019041F603
S3150800F4100041C4F2010101604FF4E131416000216D
S3150800F4208160C16001610C2242618161C161016232
S3150800F4304162102181624FF48051C163FEF7F0FDED
S3150800F44018B1FFE7F2F728FCFFE746F66C20C2F290
S3150800F45000400021FEF748F818B1FFE7F2F71CFC58
S3150800F460FFE746F66C20C2F200400021FDF7F4FFE4
S3150800F47018B1FFE7F2F710FCFFE746F66C20C2F278
S3150800F4800040FDF7ADFC18B1FFE7F2F705FCFFE712
S3150800F49002B080BD0000000080B582B046F6D810E4
S3150800F4A0C2F20040009041F20001C4F2010101607D
S3150800F4B04FF4E1314160002101918160C160016131
S3150800F4C00C2242618161C161016241628162FEF77B
S3150800F4D0A7FD18B1FFE7F2F7DFFBFFE746F6D810FE
S3150800F4E0C2F200400021FDF7FFFF18B1FFE7F2F76F
S3150800F4F0D3FBFFE746F6D810C2F200400021FDF71D
S3150800F500ABFF18B1FFE7F2F7C7FBFFE746F6D810DF
S3150800F510C2F20040FDF764FC18B1FFE7F2F7BCFB46
S3150800F520FFE702B080BD000080B545F61C20C2F298
S3150800F530004040F20C01C2F20041012204F0E0FE54
S3150800F54018B1FFE7F2F7A8FBFFE745F61C20C2F261
S3150800F550004040F2C801C2F2004105F009FC18B1AA
S3150800F560FFE7F2F799FBFFE745F61C20C2F20040D9
S3150800F57040F26411C2F2004104F0AAF818B1FFE79C
S3150800F580F2F78AFBFFE745F61C20C2F2004005F0B9
S3150800F5907FFD18B1FFE7F2F77FFBFFE7F8F7D8FE24
S3150800F5A080BD000000000000FFE7FEE70000000045
S3150800F5B0FFE7FEE70000000088B007900691059275
S3150800F5C0079800F0070004900498C0F10700052882
S3150800F5D003D3FFE70420019004E00498C0F1070074
S3150800F5E00190FFE70198039004980430062803D891
S3150800F5F0FFE70020009003E0049803380090FFE737
S3150800F6000098029006980399012202FA01F101393D
S3150800F6100840029B984005999A40013A11400843D0
S3150800F62008B070470000000080B546F28830C2F284
S3150800F6300040F7F789FF80BD80B586B00590049134
S3150800F640059800680390039802900398006C01904F
S3150800F6500298049900EB4110D0F8080B0090019825
S3150800F66043F20B01C4F6547188420FD3FFE79DF8A5
S3150800F67001000006002809D5FFE70298049900EB67
S3150800F68041114FF40040C1F8080BFFE70598F8F759
S3150800F6909FFD019843F20B01C4F6547188420DD3BD
S3150800F6A0FFE705988079012808D1FFE705990868DA
S3150800F6B001F29C42012106F027FBFFE7002006B075
S3150800F6C080BD00000000000080B588B00790069154
S3150800F6D0079800680490049803900498006C0290B8
S3150800F6E00398069900EB4110D0F8080B019007988B
S3150800F6F08079012840F08180FFE79DF80400000723
S3150800F700002818D5FFE7029843F20B01C4F6547196
S3150800F71088420FD3FFE79DF805000006002809D5A3
S3150800F720FFE70398069900EB41114FF40040C1F832
S3150800F730080BFFE760E09DF804008006002808D55E
S3150800F740FFE70398069900EB41112020C1F8080B42
S3150800F75051E09DF8040010F0280F4AD1FFE70298FF
S3150800F76043F20B01C4F6547188420FD3FFE79DF8A4
S3150800F77005000006002809D5FFE70398069900EB5F
S3150800F78041114FF40040C1F8080B31E0079806997B
S3150800F79001EBC10100EB810000F515700590059895
S3150800F7A0006A0399069A01EB4211D1F8101B6FF310
S3150800F7B0DF41401A05994861069898B9FFE7059808
S3150800F7C0006940B9FFE70799086801F29C420121E0
S3150800F7D006F09AFA05E00599C8684A691044C860AF
S3150800F7E0FFE7FFE707989DF81810F7F739FCFFE7DA
S3150800F7F000E0FFE7FFE7FFE747E0029843F20A1158
S3150800F800C4F65471884224D1FFE79DF80500000626
S3150800F810002809D5FFE70398069900EB41114FF434
S3150800F8200040C1F8080B13E09DF804008006002884
S3150800F83008D5FFE70398069900EB41112020C1F887
S3150800F840080BFFE707989DF81810F7F709FCFFE77C
S3150800F8501AE0069890B9FFE70798069901EBC101E7
S3150800F86000EB8100D0F8640240B9FFE70799086801
S3150800F87001F29C42002106F047FAFFE707989DF837
S3150800F8801810F7F7EDFBFFE7FFE7002008B080BD8B
S3150800F89080B58CB00A9009910A9800680890089873
S3150800F8A007900A98099901EBC10100EB8100143011
S3150800F8B00690069801694069884204D9FFE7012045
S3150800F8C08DF82F0079E0069908694969401A05906C
S3150800F8D0059806998968884204D9FFE706988068DA
S3150800F8E00590FFE70598033080080490FFE707981E
S3150800F8F0099900EB4110D0F8180981B2049A002042
S3150800F900914202900FD3FFE70698026941690020E9
S3150800F9109142029007D2FFE706980069002818BFAF
S3150800F92001200290FFE70298C00770B3FFE7069927
S3150800F93008694969401A05900598069989688842B0
S3150800F94004D9FFE7069880680590FFE70598033015
S3150800F9508008049008980699C9689DF82420BDF87F
S3150800F9601430DDF828C09CF806C0EE46CEF800C074
S3150800F97007F0AEF8059A0699C8681044C860059A53
S3150800F9800699486910444861B1E7069908694969C2
S3150800F99088420ED8FFE7099800F00F010120884039
S3150800F9A00390039A0799D1F834089043C1F83408AC
S3150800F9B0FFE700208DF82F00FFE79DF82F000CB019
S3150800F9C080BD000000000000704700000000000035
S3150800F9D080B586B00490039100208DF8070044F2A4
S3150800F9E02840C5F60200006800F00300032804D189
S3150800F9F0FFE701208DF81700CBE044F20041C5F679
S3150800FA000201086820F080600860F7F7A9F90290FB
S3150800FA10FFE744F20040C5F60200006800F0006106
S3150800FA200020B0EBD16F0CD0FFE7F7F799F90299F0
S3150800FA30401A032804D3FFE703208DF81700A8E02F
S3150800FA40E7E7FFE744F22841C5F60201086820F413
S3150800FA507C30049A126840EA0230086004994868C3
S3150800FA60D1F808C0CB680A6901386FF35F204FF6F2
S3150800FA700061CFF6FF7101EB4C2189B208440021E1
S3150800FA80CFF6FF7101EB034101F4FE0108444FF084
S3150800FA907F4101EB026101F0FE41084444F238411E
S3150800FAA0C5F602010860FFE744F22C41C5F60201DB
S3150800FAB00091086820F0C000049A52691043086053
S3150800FAC0086820F02000049A9269104308600868C4
S3150800FAD020F01000086044F23C42C5F602021068A5
S3150800FAE04FF6F8739843049BDB6940EAC30010603D
S3150800FAF0086840F010000860039848B9FFE744F228
S3150800FB002C41C5F60201086840F40020086016E09A
S3150800FB100398012809D1FFE744F22C41C5F60201F2
S3150800FB20086840F48010086008E044F22C41C5F6E5
S3150800FB300201086840F400100860FFE7FFE744F296
S3150800FB400041C5F60201086840F080600860F7F7D2
S3150800FB5007F90290FFE744F20040C5F60200006884
S3150800FB6000F000610020B0EBD16F0CD1FFE7F7F78A
S3150800FB70F7F80299401A032804D3FFE703208DF803
S3150800FB80170006E0E7E7FFE79DF807008DF817007E
S3150800FB90FFE79DF8170006B080BD000000000000D2
S3150800FBA080B586B00490039100208DF8070044F2D2
S3150800FBB02840C5F60200006800F00300032804D1B7
S3150800FBC0FFE701208DF81700CBE044F20041C5F6A7
S3150800FBD00201086820F080500860F7F7C1F8029023
S3150800FBE0FFE744F20040C5F60200006800F0005145
S3150800FBF00020B0EB517F0CD0FFE7F7F7B1F8029978
S3150800FC00401A032804D3FFE703208DF81700A8E05D
S3150800FC10E7E7FFE744F22841C5F60201086820F045
S3150800FC207C70049A126840EA025008600499486891
S3150800FC30D1F808C0CB680A6901386FF35F204FF620
S3150800FC400061CFF6FF7101EB4C2189B2084400210F
S3150800FC50CFF6FF7101EB034101F4FE0108444FF0B2
S3150800FC607F4101EB026101F0FE41084444F2404144
S3150800FC70C5F602010860FFE744F22C41C5F6020109
S3150800FC800091086820F44060049A5269104308609D
S3150800FC90086820F40070049A92691043086008689E
S3150800FCA020F48070086044F24442C5F602021068E7
S3150800FCB04FF6F8739843049BDB6940EAC30010606B
S3150800FCC0086840F480700860039848B9FFE744F272
S3150800FCD02C41C5F60201086840F48000086016E069
S3150800FCE00398012809D1FFE744F22C41C5F6020121
S3150800FCF0086840F40000086008E044F22C41C5F6A4
S3150800FD000201086840F080700860FFE7FFE744F2E8
S3150800FD100041C5F60201086840F080500860F7F710
S3150800FD201FF80290FFE744F20040C5F6020000689B
S3150800FD3000F000510020B0EB517F0CD1FFE7F7F738
S3150800FD400FF80299401A032804D3FFE703208DF819
S3150800FD50170006E0E7E7FFE79DF807008DF81700AC
S3150800FD60FFE79DF8170006B080BD00000000000000
S3150800FD7080B546F66C00C2F20040FAF7EDFE80BD8B
S3150800FD8082B0019001980068406900900198016866
S3150800FD90886940F00800886101980168886940F020
S3150800FDA01000886101980168086820F00100086061
S3150800FDB001980168086940F26F329043086101981A
S3150800FDC00168886820F440408860019890F88100AE
S3150800FDD0042815D0FFE79DF80000800600280ED5F8
S3150800FDE0FFE70199D1F8840040F08000C1F884004B
S3150800FDF001980168886940F020008861FFE7FFE7FD
S3150800FE00019890F88100032815D0FFE79DF80000B7
S3150800FE10400600280ED5FFE70199D1F8840040F086
S3150800FE200400C1F8840001980168886940F0400020
S3150800FE308861FFE7FFE79DF80100800700280ED5D7
S3150800FE40FFE70199D1F8840040F00100C1F8840069
S3150800FE5001980168886940F400708861FFE79DF899
S3150800FE600100C00770B1FFE70199D1F8840040F09E
S3150800FE700800C1F8840001980168886940F4807018
S3150800FE808861FFE701990020A1F862000199A1F8AD
S3150800FE906A0002B07047000080B582B001900198F0
S3150800FEA0806B009000990020A1F86A000099A1F8DB
S3150800FEB062000099012081F881000098FAF748FE4F
S3150800FEC002B080BD0000000080B582B001900198A4
S3150800FED0806B00900198F3F7FFF8022812D0FFE72D
S3150800FEE00098FFF74DFF0099D1F8840040F0100004
S3150800FEF0C1F884000099012081F881000098FAF77A
S3150800FF0027FEFFE702B080BD80B582B00190019858
S3150800FF10806B00900098FBF7CFFF02B080BD000011
S3150800FF2080B582B001900198806B0090009890F897
S3150800FF308100072813D0FFE70098806FC069B0F5E5
S3150800FF40807F04D1FFE70098FBF75AFF06E0009888
S3150800FF500168086940F008000861FFE7FFE702B09A
S3150800FF6080BD00000000000083B002900298C16BBB
S3150800FF70012000EB511001900298C06801300090F2
S3150800FF8000980730C008009000980199484303B0CC
S3150800FF90704700000000000082B0019000910198AF
S3150800FFA0006843F20001C4F2010188420AD1FFE762
S3150800FFB0019840F21051C2F2004108600098C1F859
S3150800FFC0100127E00198006843F60001C4F2000119
S3150800FFD088420AD1FFE7019840F22461C2F2004143
S3150800FFE008600098C1F8100113E00198006843F60C
S3150800FFF00041C4F2000188420AD1FFE7019840F2A5
S315080100003871C2F2004108600098C1F81001FFE793
S31508010010FFE7FFE702B0704780B586B084460898C7
S31508010020CDF810C00391ADF80A20ADF80830ADF847
S3150801003006000498006843F20001C4F201018842EF
S315080100401FD1FFE7039840F21052C2F200425060F6
S31508010050BDF80A001081BDF80800A2F80A01BDF82A
S315080100600600A2F80C0104986B464FF47A711960E0
S3150801007002F10A018A320123FBF76AF98DF81700A2
S3150801008054E00498006843F60001C4F2000188426E
S315080100901FD1FFE7039840F22462C2F20042506082
S315080100A0BDF80A001081BDF80800A2F80A01BDF8DA
S315080100B00600A2F80C0104986B464FF47A71196090
S315080100C002F10A018A320123FBF742F98DF817007A
S315080100D02CE00498006843F60041C4F20001884206
S315080100E020D1FFE7039840F23872C2F2004250600D
S315080100F0BDF80A001081BDF80800A2F80A01BDF88A
S315080101000600A2F80C010498BDF80810BDF80630DF
S3150801011019448BB202F10A018A32FBF79DFC8DF86C
S31508010120170003E000208DF81700FFE79DF8170078
S3150801013006B080BD0000000080B586B0DDF820C09D
S31508010140049003918DF80B200193FFE7049800684A
S31508010150406903990840401AB0FA80F040099DF8B1
S315080101600B10884214D1FFE7F6F7FAFD0899401AF1
S315080101700199884204D3FFE70198013018B9FFE7CE
S31508010180019820B9FFE703208DF8170004E0DDE7A1
S3150801019000208DF81700FFE79DF8170006B080BD0F
S315080101A0704700000000000084B003900398009097
S315080101B000980078ADF80800009801300090009882
S315080101C00078ADF80600BDF80610BDF8080040EA4B
S315080101D00120ADF80A00BDF80A0004B07047000016
S315080101E080B582B0009000980138B0F1807F03D3C2
S315080101F0FFE70120019019E0009801384EF2140139
S31508010200CEF2000108604FF0FF300F2114F070FAAA
S315080102104EF21801CEF20001002008604EF21002DB
S31508010220CEF20002072111600190FFE7019802B0A2
S3150801023080BD00000000000080B5F6F799FD80BD7D
S3150801024080B59EB00BA84C21F0F758FA0020019012
S315080102500A900990089007900690059004900390DB
S315080102600220F8F721F8FFE70020029044F618006B
S31508010270C5F60200016821F440410160006800F4F6
S31508010280404002900298FFE7FFE744F61800C5F6DA
S315080102900200006800F40050B0F5005F01D0FFE7E6
S315080102A0F3E721200B904FF480300C900121119136
S315080102B0022014901590169028221792189104215D
S315080102C019911A900C201B9000201C901D900BA8C8
S315080102D0F9F72EFF18B1FFE7F1F7DEFCFFE73F203C
S315080102E003900321049100200590082006904020E0
S315080102F0079008904FF4806209920A9003A8F9F7CB
S31508010300EFFA18B1FFE7F1F7C7FCFFE71EB080BDAA
S315080103104EF68851CEF20001086840F47000086074
S3150801032042F20000C5F20020006800F00F0006281E
S315080103300AD8FFE742F20001C5F200210868072240
S3150801034062F303000860FFE744F20041C5F60201C3
S31508010350086840F00100086044F21042C5F602023E
S315080103600020106008684EF67F52CEF6F62210403D
S31508010370086042F20000C5F20020006800F00F0094
S3150801038008280AD3FFE742F20001C5F200210868EE
S31508010390072262F303000860FFE744F21841C5F635
S315080103A002010020086044F21C41C5F602010860FA
S315080103B044F22041C5F60201086044F22842C5F616
S315080103C0020240F20021C0F20221116044F22C42DD
S315080103D0C5F602020021C0F2FF11116044F2304253
S315080103E0C5F6020240F28021C0F20111116044F201
S315080103F03442C5F60202106044F23842C5F60202DA
S31508010400116044F23C42C5F60202106044F24042D1
S31508010410C5F60202116044F24441C5F602010860BC
S3150801042044F20042C5F60202116821F480211160E6
S3150801043044F26041C5F60201086044F20001C5F2C2
S31508010440002143F2D2000860704700000000000056
S3150801045080B546F64010C2F20040FCF74DF880BD63
S3150801046080B546F68C10C2F20040FCF745F880BD0F
S3150801047083B00290019102980068009002980021C9
S31508010480C4F20101884225D0FFE70298B0F1804FF6
S3150801049020D0FFE7029840F20041C4F200018842E9
S315080104A018D0FFE7029840F60001C4F2000188421D
S315080104B010D0FFE7029840F60041C4F200018842D5
S315080104C008D0FFE7029840F20041C4F201018842D0
S315080104D00AD1FFE7009820F0700000900198416862
S315080104E0009808430090FFE702980021C4F2010131
S315080104F088424DD0FFE70298B0F1804F48D0FFE718
S31508010500029840F20041C4F20001884240D0FFE758
S31508010510029840F60001C4F20001884238D0FFE78C
S31508010520029840F60041C4F20001884230D0FFE744
S31508010530029840F20041C4F20101884228D0FFE73F
S31508010540029844F20001C4F20101884220D0FFE773
S31508010550029844F20041C4F20101884218D0FFE72B
S31508010560029844F60001C4F20101884210D0FFE75F
S3150801057002984EF20001C4F20001884208D0FFE752
S3150801058002984EF20041C4F2000188420AD1FFE7FF
S31508010590009820F4407000900198C16800980843BB
S315080105A00090FFE7009820F0800001994969084307
S315080105B00090019880680299C862019800680299BA
S315080105C0886202980021C4F20101884220D0FFE71F
S315080105D0029840F20041C4F20101884218D0FFE7AF
S315080105E0029844F20001C4F20101884210D0FFE7E3
S315080105F0029844F20041C4F20101884208D0FFE79B
S31508010600029844F60001C4F20101884205D1FFE7C8
S315080106100198006902990863FFE70299086840F0A2
S31508010620040008600299012048610098029908604F
S3150801063003B070470000000080B582B046F2A810EA
S31508010640C2F2004040F27022C2F200424FF4FF713A
S315080106500823F0F725FB42F62020C2F20040007875
S31508010660032814D1FFE746F2A810C2F2004040F26F
S315080106708022C2F200424FF400710823F0F710FB02
S3150801068042F62021C2F2004100200870FFE742F637
S315080106902021C2F2004108780130087046F248204C
S315080106A0C2F20040019040F21032C2F200424FF409
S315080106B0007108230093F0F7F3FA009B019840F2C2
S315080106C0C822C2F2004240F24111F0F7E9FA42F6B5
S315080106D02120C2F2004001780131017042F622223E
S315080106E0C2F2004211780131117042F62322C2F298
S315080106F000421178013111700078052813D1FFE7FE
S3150801070042F62121C2F200410020087046F2482033
S31508010710C2F2004040F29032C2F200427721082329
S31508010720F0F7BEFAFFE742F62220C2F2004000784F
S315080107300A2807D1FFE742F62221C2F2004100202A
S315080107400870FFE742F62320C2F200400078142819
S3150801075007D1FFE742F62321C2F2004100200870C3
S31508010760FFE702B080BD000084B0039002910192B8
S31508010770029800F01F01012088400090009A039911
S31508010780086A904308620198029901F01F0100FA6C
S3150801079001F20399086A1043086204B07047000021
S315080107A085B00490039102920193049880680090A1
S315080107B0009820F47F40009003980299019A41EA33
S315080107C00221014300980843009000980499886023
S315080107D005B070470000000083B0029001910298AD
S315080107E08068009000984FF68F71CFF6CF71084058
S315080107F0009001980099084340F00700009000987E
S315080108000299886003B0704782B0019000910198FF
S3150801081000680021C4F20101884209D1FFE7019865
S3150801082040F65C01C2F2004108600098486081E028
S3150801083001980068B0F1804F09D1FFE7019840F6A9
S315080108406401C2F2004108600098486071E00198AD
S31508010850006840F20041C4F20001884209D1FFE76D
S31508010860019840F66C01C2F20041086000984860A0
S315080108705EE00198006840F60001C4F20001884272
S3150801088009D1FFE7019840F67401C2F200410860F8
S31508010890009848604BE00198006840F60041C4F2B0
S315080108A00001884209D1FFE7019840F67C01C2F2AE
S315080108B0004108600098486038E00198006841F2F4
S315080108C00001C4F20001884209D1FFE7019840F608
S315080108D08401C2F2004108600098486025E0019849
S315080108E0006841F20041C4F20001884209D1FFE7DC
S315080108F0019840F68C01C2F20041086000984860F0
S3150801090012E00198006840F20041C4F201018842F0
S3150801091009D1FFE7019840F69401C2F20041086047
S3150801092000984860FFE7FFE7FFE7FFE7FFE7FFE714
S31508010930FFE7FFE702B0704785B00490039104987A
S31508010940006A01900499086A20F001000862049877
S315080109504068009004988069029002984FF68F715A
S31508010960CFF6FE7108400290029820F0030002902B
S3150801097003980168029808430290019820F0020042
S315080109800190039881680198084301900498002111
S31508010990C4F20101884220D0FFE7049840F20041E1
S315080109A0C4F20101884218D0FFE7049844F2000115
S315080109B0C4F20101884210D0FFE7049844F20041CD
S315080109C0C4F20101884208D0FFE7049844F6000101
S315080109D0C4F2010188420FD1FFE70499086A20F0A1
S315080109E004000862019820F0080001900398C16884
S315080109F0019808430190FFE704980021C4F2010118
S31508010A00884220D0FFE7049840F20041C4F2010170
S31508010A10884218D0FFE7049844F20001C4F20101A4
S31508010A20884210D0FFE7049844F20041C4F201015C
S31508010A30884208D0FFE7049844F60001C4F2010190
S31508010A40884213D1FFE7009820F48070009000983F
S31508010A5020F40070009003984169009808430090BB
S31508010A6003988169009808430090FFE70098049964
S31508010A704860029804998861039840680499486314
S31508010A8001980499086205B070470000000000004B
S31508010A9085B0049003910498006A01900499086A44
S31508010AA020F0100008620498406800900498806954
S31508010AB00290029848F6FF71CFF6FF61084002904E
S31508010AC0029820F44070029003980168029840EA5F
S31508010AD001200290019820F0200001900398816876
S31508010AE0019840EA0110019004980021C4F201011D
S31508010AF0884229D0FFE7049840F20041C4F2010177
S31508010B00884221D0FFE7049844F20001C4F20101AA
S31508010B10884203D1FFE70020B0B9FFE7049844F201
S31508010B200041C4F20101884203D1FFE7002058B908
S31508010B30FFE7049844F60001C4F20101884213D183
S31508010B40FFE7012080B9FFE70499086A20F0400011
S31508010B500862019820F0800001900398C168019805
S31508010B6040EA01100190FFE704980021C4F201014F
S31508010B70884220D0FFE7049840F20041C4F20101FF
S31508010B80884218D0FFE7049844F20001C4F2010133
S31508010B90884210D0FFE7049844F20041C4F20101EB
S31508010BA0884208D0FFE7049844F60001C4F201011F
S31508010BB0884215D1FFE7009820F4806000900098DC
S31508010BC020F40060009003984169009840EA81008A
S31508010BD0009003988169009840EA81000090FFE738
S31508010BE000980499486002980499886103984068B6
S31508010BF00499886301980499086205B07047000052
S31508010C0085B0049003910498006A01900499086AD2
S31508010C1020F4807008620498406800900498C069BE
S31508010C20029002984FF68F71CFF6FE710840029036
S31508010C30029820F00300029003980168029808437D
S31508010C400290019820F40070019003988168019838
S31508010C5040EA0120019004980021C4F2010188426A
S31508010C6029D0FFE7049840F20041C4F20101884205
S31508010C7021D0FFE7049844F20001C4F20101884239
S31508010C8003D1FFE70020B0B9FFE7049844F2004119
S31508010C90C4F20101884203D1FFE7002058B9FFE7F2
S31508010CA0049844F60001C4F20101884213D1FFE712
S31508010CB0012080B9FFE70499086A20F48060086278
S31508010CC0019820F4006001900398C168019840EAF0
S31508010CD001200190FFE704980021C4F2010188422E
S31508010CE020D0FFE7049840F20041C4F2010188428E
S31508010CF018D0FFE7049844F20001C4F201018842C2
S31508010D0010D0FFE7049844F20041C4F20101884279
S31508010D1008D0FFE7049844F60001C4F201018842AD
S31508010D2015D1FFE7009820F480500090009820F430
S31508010D300050009003984169009840EA011000901C
S31508010D4003988169009840EA01100090FFE700982E
S31508010D500499486002980499C861039840680499FF
S31508010D60C86301980499086205B07047000000003D
S31508010D7085B0049003910498006A01900499086A61
S31508010D8020F4805008620498406800900498C0696D
S31508010D900290029848F6FF71CFF6FF61084002906B
S31508010DA0029820F44070029003980168029840EA7C
S31508010DB001200290019820F400500190039881685F
S31508010DC0019840EA0130019004980021C4F201011A
S31508010DD0884220D0FFE7049840F20041C4F201019D
S31508010DE0884218D0FFE7049844F20001C4F20101D1
S31508010DF0884210D0FFE7049844F20041C4F2010189
S31508010E00884208D0FFE7049844F60001C4F20101BC
S31508010E1088420BD1FFE7009820F4804000900398A0
S31508010E204169009840EA81100090FFE7009804990B
S31508010E30486002980499C86103984068049908644F
S31508010E4001980499086205B0704700000000000087
S31508010E5085B0049003910498006A01900499086A80
S31508010E6020F4803008620498406800900498406D28
S31508010E70029002984FF68F71CFF6FE7108400290E4
S31508010E8003980168029808430290019820F40030FB
S31508010E90019003988168019840EA014001900498FD
S31508010EA00021C4F20101884220D0FFE7049840F2EC
S31508010EB00041C4F20101884218D0FFE7049844F2C0
S31508010EC00001C4F20101884210D0FFE7049844F2F8
S31508010ED00041C4F20101884208D0FFE7049844F6AC
S31508010EE00001C4F2010188420BD1FFE7009820F402
S31508010EF08030009003984169009840EA01200090EB
S31508010F00FFE7009804994860029804994865039890
S31508010F1040680499886501980499086205B0704784
S31508010F2085B0049003910498006A01900499086AAF
S31508010F3020F4801008620498406800900498406D77
S31508010F400290029848F6FF71CFF6FF6108400290B9
S31508010F5003980168029840EA01200290019820F45A
S31508010F600010019003988168019840EA01500190A8
S31508010F7004980021C4F20101884220D0FFE70498B1
S31508010F8040F20041C4F20101884218D0FFE70498F3
S31508010F9044F20001C4F20101884210D0FFE7049827
S31508010FA044F20041C4F20101884208D0FFE70498DF
S31508010FB044F60001C4F2010188420BD1FFE700980B
S31508010FC020F48020009003984169009840EA812026
S31508010FD00090FFE7009804994860029804994865CB
S31508010FE0039840680499C86501980499086205B090
S31508010FF0704700000000000085B00490039102923A
S315080110000498006A00900499086A20F001000862B1
S3150801101004980021C4F20101884220D0FFE7049810
S3150801102040F20041C4F20101884218D0FFE7049852
S3150801103044F20001C4F20101884210D0FFE7049886
S3150801104044F20041C4F20101884208D0FFE704983E
S3150801105044F60001C4F20101884206D1FFE704996A
S31508011060086A20F004000862FFE704988069019085
S31508011070019820F0F00001900299019840EA0110C8
S315080110800190009820F00A000090039900980843FF
S31508011090009001980499886100980499086205B03E
S315080110A0704700000000000085B004900391029289
S315080110B00498006A00900499086A20F010000862F2
S315080110C004980021C4F20101884229D0FFE7049857
S315080110D040F20041C4F20101884221D0FFE7049899
S315080110E044F20001C4F20101884203D1FFE700205E
S315080110F0B0B9FFE7049844F20041C4F201018842FD
S3150801110003D1FFE7002058B9FFE7049844F6000128
S31508011110C4F20101884209D1FFE7012030B9FFE78E
S315080111200499086A20F040000862FFE7049880697C
S315080111300190019820F4704001900299019840EAC3
S3150801114001300190009820F0A000009003990098C2
S3150801115040EA011000900198049988610098049961
S31508011160086205B0704700007047000000000000E3
S3150801117080B582B001900198B0F86210023189B247
S31508011180EFF76EFE02B080BD80B582B04FF4F07005
S31508011190F0F7A2FC46F2A810C2F2004048F619512F
S315080111A0C0F60101EFF7E4FC46F24820C2F200401E
S315080111B048F61161C0F60101EFF7DAFC46F2E820BC
S315080111C0C2F2004048F6C161C0F60101EFF7D0FC52
S315080111D046F66C00C2F2004047F63151C0F60101ED
S315080111E0FEF7DAFE46F60030C2F2004047F679719C
S315080111F0C0F60101192200F0DFFC40F2A840C2F254
S31508011200004047F61151C0F6010105F005FA46F608
S315080112102840C2F2004047F60971C0F6010138229A
S3150801122000F0CAFC46F66C20C2F2004048F2A93129
S31508011230C0F60101802200F0BFFC46F69430C2F2E6
S31508011240004047F64151C0F601011C2200F0B4FCEA
S3150801125046F64010C2F20040009048F2C931C0F685
S315080112600101FFF7D1FA46F68C10C2F2004001904F
S3150801127048F22901C0F60101FFF7C6FA42F69020A5
S31508011280C2F200409FED050A0CF022FD0098FAF71C
S31508011290B3FF0198FAF7B0FF02B080BD0000000065
S315080112A0704700000000000080B546F60030C2F223
S315080112B00040FCF735FB80BD80B546F69430C2F296
S315080112C00040FCF72DFB80BD80B546F62840C2F2EA
S315080112D00040FCF725FB80BD80B546F6BC40C2F24E
S315080112E00040FCF71DFB80BD82B001900198406E5D
S315080112F040B9FFE701990120A1F86A000199A1F80F
S31508011300680032E010208DF803008DF8020001987C
S3150801131000688068C0F342608DF801000198006892
S315080113208068400F8DF800009DF802009DF80020A6
S3150801133046F66033C0F60203995C484346F65831CF
S31508011340C0F602018A5CB0FBF2F0019AA2F86A00C3
S315080113509DF803009DF801209B5C5843895CB0FB0E
S31508011360F1F00199A1F86800FFE702B070470000A3
S3150801137081B00090009890F82800000700280BD546
S31508011380FFE700980068406820F40040009A116859
S31508011390926B10434860FFE7009890F82800C00751
S315080113A058B1FFE700980068406820F40030009AB9
S315080113B01168D26A10434860FFE7009890F8280040
S315080113C0800700280BD5FFE700980068406820F4DD
S315080113D08030009A1168126B10434860FFE7009845
S315080113E090F82800400700280BD5FFE70098006809
S315080113F0406820F48020009A1168526B10434860B7
S31508011400FFE7009890F82800C00600280BD5FFE7EB
S3150801141000980068806820F48050009A1168D26BA1
S3150801142010438860FFE7009890F828008006002896
S315080114300BD5FFE700980068806820F40050009AF1
S315080114401168126C10438860FFE7009890F828002D
S31508011450400600281CD5FFE700980068406820F47C
S315080114608010009A1168526C104348600098406CCD
S31508011470B0F5801F0BD1FFE700980068406820F49B
S31508011480C000009A1168926C10434860FFE7FFE7B5
S31508011490009890F82800000600280BD5FFE7009869
S315080114A00068406820F40020009A1168D26C104345
S315080114B04860FFE701B0704780B588B00690069985
S315080114C00020C1F89000F5F74BFC059006980068D6
S315080114D00068000700282FD5FFE70698059B6A468E
S315080114E06FF07E4111604FF40011002201F0E8FC13
S315080114F008B3FFE7FFE7FFE70698006850E8000F23
S3150801150020F080000490FFE704990698026842E8F3
S3150801151000100028F0D1FFE7FFE706992020C1F85F
S315080115208800FFE70699002081F88400FFE7032079
S315080115308DF81F005FE0FFE706980068006840071E
S31508011540002842D5FFE70698059B6A466FF07E415B
S3150801155011604FF48001002201F0B2FCA0B3FFE74D
S31508011560FFE7FFE70698006850E8000F20F490703F
S315080115700390FFE703990698026842E800100028DD
S31508011580F0D1FFE7FFE7FFE7FFE70698006850E8B5
S31508011590020F20F001000290FFE7029906980268FF
S315080115A042E802100028F0D1FFE7FFE7069920205C
S315080115B0C1F88C00FFE70699002081F88400FFE74F
S315080115C003208DF81F0016E0FFE706992020C1F8D1
S315080115D088000699C1F88C0006990020C866069904
S315080115E00867FFE70699002081F88400FFE70020D5
S315080115F08DF81F00FFE79DF81F0008B080BD0000A9
S3150801160080B582B001900198806B00900098FCF734
S315080116104BF802B080BD000080B584B003900398F2
S31508011620806B02900298D0F8880001900298D0F851
S315080116308C0000900298006880680006002808D58A
S31508011640FFE70198212804D1FFE7029800F084FA00
S31508011650FFE70298006880684006002808D5FFE77A
S315080116600098222804D1FFE7029800F001FAFFE763
S315080116700299D1F8900040F01000C1F89000029844
S31508011680FCF712F804B080BD80B588B007900798BA
S31508011690806B06900798C069B0F5807F5BD0FFE73D
S315080116A006990020A1F85E00FFE7FFE706980068A3
S315080116B050E8000F20F480700590FFE70599069819
S315080116C0026842E800100028F0D1FFE7FFE7FFE7CC
S315080116D0FFE70698006850E8020F20F00100049021
S315080116E0FFE704990698026842E802100028F0D13B
S315080116F0FFE7FFE7FFE7FFE70698006850E8020FF4
S3150801170020F040000390FFE703990698026842E833
S3150801171002100028F0D1FFE7FFE706992020C1F85B
S315080117208C000698C06E012814D1FFE7FFE7FFE792
S315080117300698006850E8000F20F010000290FFE7B5
S3150801174002990698026842E800100028F0D1FFE7DE
S31508011750FFE7FFE7FFE70699002008670698C06ECE
S31508011760012840F0B380FFE706990020A1F85E0042
S31508011770079800681021C4F20201884200F08180AE
S31508011780FFE7079800682821C4F20201884278D049
S31508011790FFE7079800684021C4F20201884270D029
S315080117A0FFE7079800685821C4F20201884268D009
S315080117B0FFE7079800687021C4F20201884260D0E9
S315080117C0FFE7079800688821C4F20201884258D0C9
S315080117D0FFE707980068A021C4F20201884250D0A9
S315080117E0FFE707980068B821C4F20201884248D089
S315080117F0FFE70798006840F21041C4F202018842E7
S315080118003FD0FFE70798006840F22841C4F2020179
S31508011810884236D0FFE70798006840F24041C4F293
S31508011820020188422DD0FFE70798006840F2584127
S31508011830C4F20201884224D0FFE70798006840F203
S315080118407041C4F2020188421BD0FFE7079800687D
S3150801185040F28841C4F20201884212D0FFE7079894
S31508011860006840F2A041C4F20201884209D0FFE7AC
S315080118700798006840F2B841C4F20201884205D1CE
S31508011880FFE7079800684068009004E00798006839
S3150801189040680090FFE70098ADF80600BDF806001D
S315080118A00699B1F85C10884206DAFFE7BDF806002A
S315080118B00699A1F85E00FFE70698B0F85C10B0F843
S315080118C05E20891A89B2FBF723FB03E00698FCF729
S315080118D077FFFFE708B080BD80B584B00390039811
S315080118E0806B02900299012008670298C06E012850
S315080118F040F0B580FFE70299B1F85C004008A1F80D
S315080119005E00039800681021C4F20201884200F0C3
S315080119108180FFE7039800682821C4F20201884202
S3150801192078D0FFE7039800684021C4F20201884293
S3150801193070D0FFE7039800685821C4F20201884273
S3150801194068D0FFE7039800687021C4F20201884253
S3150801195060D0FFE7039800688821C4F20201884233
S3150801196058D0FFE703980068A021C4F20201884213
S3150801197050D0FFE703980068B821C4F202018842F3
S3150801198048D0FFE70398006840F21041C4F202010B
S3150801199088423FD0FFE70398006840F22841C4F225
S315080119A00201884236D0FFE70398006840F24041B9
S315080119B0C4F2020188422DD0FFE70398006840F27D
S315080119C05841C4F20201884224D0FFE7039800680F
S315080119D040F27041C4F2020188421BD0FFE7039826
S315080119E0006840F28841C4F20201884212D0FFE73A
S315080119F00398006840F2A041C4F20201884209D066
S31508011A00FFE70398006840F2B841C4F20201884230
S31508011A1005D1FFE7039800684068009004E0039841
S31508011A20006840680090FFE70098ADF80600BDF829
S31508011A3006000299B1F85C10884206DCFFE7BDF89A
S31508011A4006000299A1F85E00FFE70298B0F85C105B
S31508011A50B0F85E20891A89B2FBF75AFA03E00298B0
S31508011A60FCF7A6FFFFE704B080BD000000000000F8
S31508011A7084B00390FFE7FFE70398006850E8000F7A
S31508011A8020F490700290FFE702990398026842E8F1
S31508011A9000100028F0D1FFE7FFE7FFE7FFE703980B
S31508011AA0006850E8020F4FF6FE71CEF6FF71084046
S31508011AB00190FFE701990398026842E8021000289D
S31508011AC0EDD1FFE7FFE70398C06E012814D1FFE7C0
S31508011AD0FFE7FFE70398006850E8000F20F01000C1
S31508011AE00090FFE700990398026842E80010002871
S31508011AF0F0D1FFE7FFE7FFE703992020C1F88C0043
S31508011B0003990020C8660399486704B07047000026
S31508011B1080B582B00190FFE7FFE70198006850E8B9
S31508011B20000F20F040000090FFE700990198026835
S31508011B3042E800100028F0D1FFE7FFE701992020CD
S31508011B40C1F888000199002088670198FCF7CCFF45
S31508011B5002B080BD0000000083B00290FFE7FFE7F6
S31508011B600298006850E8000F20F0C0000190FFE7D6
S31508011B7001990298026842E800100028F0D1FFE7AF
S31508011B80FFE7FFE7FFE70298006850E8020F20F435
S31508011B9000000090FFE700990298026842E80210E7
S31508011BA00028F0D1FFE7FFE702992020C1F8880055
S31508011BB003B070470000000080B584B0039002911D
S31508011BC0ADF806200398006841F20001C4F201014C
S31508011BD0884214D1FFE7039840F6AC11C2F20041DE
S31508011BE008600298C1F80C01BDF80600A1F80401C5
S31508011BF00398B1F804218431FBF732F93BE20398E3
S31508011C00006845F20001C4F20001884240F0E8800C
S31508011C10FFE7039840F6EC51C2F2004108600298CA
S31508011C20C1F80C01BDF80600A1F804010398B1F842
S31508011C3004215200843192B2FBF712F945F6E850B5
S31508011C40C2F2004000681021C4F20201884200F085
S31508011C50B280FFE745F6E850C2F200400068282145
S31508011C60C4F20201884200F0A680FFE745F6E85073
S31508011C70C2F2004000684021C4F20201884200F025
S31508011C809A80FFE745F6E850C2F2004000685821FD
S31508011C90C4F20201884200F08E80FFE745F6E8505B
S31508011CA0C2F2004000687021C4F20201884200F0C5
S31508011CB08280FFE745F6E850C2F2004000688821B5
S31508011CC0C4F20201884276D0FFE745F6E850C2F22F
S31508011CD000400068A021C4F2020188426BD0FFE7E8
S31508011CE045F6E850C2F200400068B821C4F2020184
S31508011CF0884260D0FFE745F6E850C2F20040006826
S31508011D0040F21041C4F20201884254D0FFE745F679
S31508011D10E850C2F20040006840F22841C4F20201CC
S31508011D20884248D0FFE745F6E850C2F2004000680D
S31508011D3040F24041C4F2020188423CD0FFE745F631
S31508011D40E850C2F20040006840F25841C4F202016C
S31508011D50884230D0FFE745F6E850C2F200400068F5
S31508011D6040F27041C4F20201884224D0FFE745F6E9
S31508011D70E850C2F20040006840F28841C4F202010C
S31508011D80884218D0FFE745F6E850C2F200400068DD
S31508011D9040F2A041C4F2020188420CD0FFE745F6A1
S31508011DA0E850C2F20040006840F2B841C4F20201AC
S31508011DB088420AD1FFE745F6E850C2F200400168B9
S31508011DC0086820F00800086009E045F6E850C2F204
S31508011DD000400168086820F004000860FFE749E14F
S31508011DE00398006847F60001C4F20001884240F0F2
S31508011DF0E680FFE7039841F20C01C2F20041086050
S31508011E000298C1F80C01BDF80600A1F8040103986F
S31508011E10B1F804218431FBF723F845F66060C2F274
S31508011E20004000681021C4F20201884200F0B28025
S31508011E30FFE745F66060C2F2004000682821C4F257
S31508011E400201884200F0A680FFE745F66060C2F20B
S31508011E50004000684021C4F20201884200F09A80DD
S31508011E60FFE745F66060C2F2004000685821C4F2F7
S31508011E700201884200F08E80FFE745F66060C2F2F3
S31508011E80004000687021C4F20201884200F0828095
S31508011E90FFE745F66060C2F2004000688821C4F297
S31508011EA00201884276D0FFE745F66060C2F200403B
S31508011EB00068A021C4F2020188426BD0FFE745F60B
S31508011EC06060C2F200400068B821C4F2020188428B
S31508011ED060D0FFE745F66060C2F20040006840F254
S31508011EE01041C4F20201884254D0FFE745F660600A
S31508011EF0C2F20040006840F22841C4F20201884259
S31508011F0048D0FFE745F66060C2F20040006840F23B
S31508011F104041C4F2020188423CD0FFE745F66060C1
S31508011F20C2F20040006840F25841C4F202018842F8
S31508011F3030D0FFE745F66060C2F20040006840F223
S31508011F407041C4F20201884224D0FFE745F6606079
S31508011F50C2F20040006840F28841C4F20201884298
S31508011F6018D0FFE745F66060C2F20040006840F20B
S31508011F70A041C4F2020188420CD0FFE745F6606031
S31508011F80C2F20040006840F2B841C4F20201884238
S31508011F900AD1FFE745F66060C2F2004001680868A9
S31508011FA020F00800086009E045F66060C2F20040CA
S31508011FB00168086820F004000860FFE759E0039803
S31508011FC0006847F60041C4F20001884214D1FFE7D0
S31508011FD0039841F21C11C2F2004108600298C1F847
S31508011FE00C01BDF80600A1F804010398B1F8042113
S31508011FF08431FAF735FF3BE00398006841F60001A2
S31508012000C4F20101884214D1FFE7039841F22C2159
S31508012010C2F2004108600298C1F80C01BDF8060039
S31508012020A1F804010398B1F804218431FAF718FFDD
S315080120301DE00398006841F60041C4F20101884297
S3150801204014D1FFE7039840F69C01C2F200410860EB
S315080120500298C1F80C01BDF80600A1F8040103981D
S31508012060B1F804218431FAF7FBFEFFE7FFE7FFE742
S31508012070FFE7FFE7FFE704B080BD000000000000AE
S3150801208080B59EB01D9000208DF867001D980068E8
S3150801209040F60041C5F60001884201D1FFE700E09C
S315080120A0FFE71D9988680B694A69C969184310438E
S315080120B008431C901D980068006846F6F311CCF693
S315080120C0FF7108401C9908431D99096808601D9805
S315080120D00068406820F440501D9A1168D268104380
S315080120E048601D9880691C901D98006840F600415B
S315080120F0C5F60001884206D0FFE71D98016A1C98BB
S3150801210008431C90FFE71D98006880684FF2FF415D
S31508012110C1F2FF1108401C9908431D990968886096
S315080121201D980068C06A20F00F001D9A1168526A4E
S315080121301043C862FFE71D98006841F20001C4F226
S315080121400101884240F04180FFE744F25440C5F658
S315080121500200006800F038000146109128282FD89F
S315080121601099DFE801F0152D2D2D2D2D2D2D192D69
S315080121702D2D2D2D2D2D1D2D2D2D2D2D2D2D212D9C
S315080121802D2D2D2D2D2D252D2D2D2D2D2D2D2900A9
S3150801219001208DF86D0017E004208DF86D0013E01D
S315080121A008208DF86D000FE010208DF86D000BE00A
S315080121B020208DF86D0007E040208DF86D0003E0C2
S315080121C080208DF86D00FFE76CE21D98006844F2E7
S315080121D00041C4F2000188422ED1FFE744F254407F
S315080121E0C5F60200006800F0070001460F910528B0
S315080121F01DD80F99DFE801F003070B0F131700200D
S315080122008DF86D0017E004208DF86D0013E00820A5
S315080122108DF86D000FE010208DF86D000BE0202081
S315080122208DF86D0007E040208DF86D0003E08020F1
S315080122308DF86D00FFE734E21D98006844F6000149
S31508012240C4F2000188422ED1FFE744F25440C5F694
S315080122500200006800F0070001460E9105281DD806
S315080122600E99DFE801F003070B0F131700208DF80D
S315080122706D0017E004208DF86D0013E008208DF835
S315080122806D000FE010208DF86D000BE020208DF811
S315080122906D0007E040208DF86D0003E080208DF881
S315080122A06D00FFE7FCE11D98006844F60041C4F2A1
S315080122B0000188422ED1FFE744F25440C5F60200D8
S315080122C0006800F0070001460D9105281DD80D99F3
S315080122D0DFE801F003070B0F131700208DF86D00D7
S315080122E017E004208DF86D0013E008208DF86D00C5
S315080122F00FE010208DF86D000BE020208DF86D00A1
S3150801230007E040208DF86D0003E080208DF86D0010
S31508012310FFE7C4E11D98006845F20001C4F2000117
S3150801232088422ED1FFE744F25440C5F60200006800
S3150801233000F0070001460C9105281DD80C99DFE825
S3150801234001F003070B0F131700208DF86D0017E036
S3150801235004208DF86D0013E008208DF86D000FE05C
S3150801236010208DF86D000BE020208DF86D0007E038
S3150801237040208DF86D0003E080208DF86D00FFE7A1
S315080123808CE11D98006841F20041C4F201018842BE
S3150801239040F04180FFE744F25440C5F60200006868
S315080123A000F0380001460B9128282FD80B99DFE851
S315080123B001F0152D2D2D2D2D2D2D192D2D2D2D2DD3
S315080123C02D2D1D2D2D2D2D2D2D2D212D2D2D2D2D4A
S315080123D02D2D252D2D2D2D2D2D2D290001208DF865
S315080123E06D0017E004208DF86D0013E008208DF8C4
S315080123F06D000FE010208DF86D000BE020208DF8A0
S315080124006D0007E040208DF86D0003E080208DF80F
S315080124106D00FFE741E11D98006847F60001C4F227
S31508012420000188422ED1FFE744F25440C5F6020066
S31508012430006800F0070001460A9105281DD80A9987
S31508012440DFE801F003070B0F131700208DF86D0065
S3150801245017E004208DF86D0013E008208DF86D0053
S315080124600FE010208DF86D000BE020208DF86D002F
S3150801247007E040208DF86D0003E080208DF86D009F
S31508012480FFE709E11D98006847F60041C4F200011B
S3150801249088422ED1FFE744F25440C5F6020000688F
S315080124A000F007000146099105281DD80999DFE8BA
S315080124B001F003070B0F131700208DF86D0017E0C5
S315080124C004208DF86D0013E008208DF86D000FE0EB
S315080124D010208DF86D000BE020208DF86D0007E0C7
S315080124E040208DF86D0003E080208DF86D00FFE730
S315080124F0D1E01D98006841F60001C4F20101884245
S3150801250040F04180FFE744F25440C5F602000068F6
S3150801251000F038000146089128282FD80899DFE8E5
S3150801252001F0152D2D2D2D2D2D2D192D2D2D2D2D61
S315080125302D2D1D2D2D2D2D2D2D2D212D2D2D2D2DD8
S315080125402D2D252D2D2D2D2D2D2D290001208DF8F3
S315080125506D0017E004208DF86D0013E008208DF852
S315080125606D000FE010208DF86D000BE020208DF82E
S315080125706D0007E040208DF86D0003E080208DF89E
S315080125806D00FFE786E01D98006841F60041C4F238
S315080125900101884240F04180FFE744F25440C5F604
S315080125A00200006800F038000146079128282FD854
S315080125B00799DFE801F0152D2D2D2D2D2D2D192D1E
S315080125C02D2D2D2D2D2D1D2D2D2D2D2D2D2D212D48
S315080125D02D2D2D2D2D2D252D2D2D2D2D2D2D290055
S315080125E001208DF86D0017E004208DF86D0013E0C9
S315080125F008208DF86D000FE010208DF86D000BE0B6
S3150801260020208DF86D0007E040208DF86D0003E06D
S3150801261080208DF86D00FFE73BE01D98006840F6C5
S315080126200041C5F6000188422ED1FFE744F2584021
S31508012630C5F60200006800F0070001460691052864
S315080126401DD80699DFE801F003070B0F13170220BF
S315080126508DF86D0017E004208DF86D0013E0082051
S315080126608DF86D000FE010208DF86D000BE020202D
S315080126708DF86D0007E040208DF86D0003E080209D
S315080126808DF86D00FFE703E080208DF86D00FFE708
S31508012690FFE7FFE7FFE7FFE7FFE7FFE7FFE7FFE7FB
S315080126A0FFE7FFE7FFE71D98006840F60041C5F61A
S315080126B00001884240F0B480FFE79DF86D000146AD
S315080126C00591022814D0FFE70598042814D0FFE7DE
S315080126D00598082816D0FFE70598102818D0FFE7AF
S315080126E00598202835D0FFE70598402837D03AE0E5
S315080126F0F5F73AFE11903CE015A8F5F749FE16984C
S31508012700119036E012A8F5F79BFF1398119030E067
S3150801271044F20040C5F60200006800F020010020DE
S31508012720B0EB511F0ED0FFE744F20040C5F6020098
S315080127300068C0F3C10149F20000C0F2D030C840B8
S31508012740119005E049F20000C0F2D0301190FFE780
S315080127500FE040F60010C0F23D00119009E04FF479
S315080127600040119005E00020119001208DF86700C6
S31508012770FFE71198002852D0FFE711981D994A6A78
S3150801278046F66831C0F6020131F81210B0FBF1F0D5
S31508012790189018981D99496801EB4101884207D399
S315080127A0FFE718981D994968B0EB013F04D9FFE77F
S315080127B001208DF8670031E011981D994A68039246
S315080127C04A6A46F66831C0F6020131F8122000233A
S315080127D004931946EDF77CFE039A049B090241EA24
S315080127E01061000210EB520041F10001EDF770FE95
S315080127F01A901A98B0F5407F0BD3FFE71A99002073
S31508012800B0EB115F05D1FFE71A981D990968C860F1
S3150801281003E001208DF86700FFE7FFE7FFE746E1E0
S315080128201D98C069B0F5004F40F0A880FFE79DF8F4
S315080128306D0001460291402800F263800299DFE8A3
S3150801284001F021256060296060602F60606060602A
S315080128506060356060606060606060606060606094
S315080128606060566060606060606060606060606063
S315080128706060606060606060606060606060606049
S3150801288060605C00F7F7A4FA119040E0F7F7B4FA34
S3150801289011903CE015A8F5F77BFD1698119036E0E6
S315080128A012A8F5F7CDFE1398119030E044F20040D6
S315080128B0C5F60200006800F020010020B0EB511FA8
S315080128C00ED0FFE744F20040C5F602000068C0F3E7
S315080128D0C10149F20000C0F2D030C840119005E0AC
S315080128E049F20000C0F2D0301190FFE70FE040F640
S315080128F00010C0F23D00119009E04FF4004011901C
S3150801290005E00020119001208DF86700FFE7119876
S3150801291098B3FFE711981D9A5168536A46F66832CB
S31508012920C0F6020232F81320B0FBF2F0400000EBC9
S315080129305100B0FBF1F01A901A98102818D3FFE746
S31508012940BDF86A00A0B9FFE71A9820F00F00ADF8A4
S315080129506E001A9800F00E01BDF86E0040EA5100AB
S31508012960ADF86E00BDF86E001D990968C86003E0F0
S3150801297001208DF86700FFE7FFE797E09DF86D00F6
S3150801298001460191402800F263800199DFE801F0D0
S3150801299021256060296060602F606060606060600A
S315080129A03560606060606060606060606060606043
S315080129B05660606060606060606060606060606012
S315080129C060606060606060606060606060606060F8
S315080129D05C00F7F7FDF9119040E0F7F70DFA119051
S315080129E03CE015A8F5F7D4FC1698119036E012A824
S315080129F0F5F726FE1398119030E044F20040C5F62B
S31508012A000200006800F020010020B0EB511F0ED033
S31508012A10FFE744F20040C5F602000068C0F3C101B1
S31508012A2049F20000C0F2D030C840119005E049F2E1
S31508012A300000C0F2D0301190FFE70FE040F6001019
S31508012A40C0F23D00119009E04FF40040119005E0F5
S31508012A500020119001208DF86700FFE7119820B337
S31508012A60FFE711981D9A5168536A46F66832C0F60F
S31508012A70020232F81320B0FBF2F000EB5100B0FB72
S31508012A80F1F01A901A9810280AD3FFE7BDF86A00E0
S31508012A9030B9FFE7BDF868001D990968C86003E009
S31508012AA001208DF86700FFE7FFE7FFE7FFE71D99BC
S31508012AB00120A1F86A001D99A1F868001D99002056
S31508012AC048671D9988679DF867001EB080BD00009C
S31508012AD080B588B006900591ADF81220059806993B
S31508012AE08865BDF812000699A1F85C0006990020D0
S31508012AF0C1F8900006992220C1F88C000698D0F8F2
S31508012B008000B0B3FFE70698D0F8801041F28960DB
S31508012B10C0F60100C8630698D0F8801041F6D900BE
S31508012B20C0F6010008640698D0F8801041F21960D1
S31508012B30C0F60100C8640698D0F880100020086520
S31508012B4006980168826DD0F880002431BDF81230EC
S31508012B50F2F75AF860B1FFE706991020C1F890001C
S31508012B6006992020C1F88C0001208DF81F0042E04B
S31508012B70FFE706980069A0B1FFE7FFE7FFE70698B8
S31508012B80006850E8000F40F480700390FFE703994E
S31508012B900698026842E800100028F0D1FFE7FFE72F
S31508012BA0FFE7FFE7FFE70698006850E8020F40F0E5
S31508012BB001000290FFE702990698026842E80210AE
S31508012BC00028F0D1FFE7FFE7FFE7FFE7069800686F
S31508012BD050E8020F40F040000190FFE7019906987E
S31508012BE0026842E802100028F0D1FFE7FFE700205B
S31508012BF08DF81F00FFE79DF81F0008B080BD000093
S31508012C0084B003900398D0F88800212842D1FFE7C1
S31508012C100398B0F8560038BBFFE7FFE7FFE70398CC
S31508012C20006850E8000F20F080000190FFE7019945
S31508012C300398026842E800100028F0D1FFE7FFE791
S31508012C40FFE7FFE70398006850E8000F40F04000EF
S31508012C500090FFE700990398026842E800100028EF
S31508012C60F0D1FFE7FFE714E00398006D02900298A0
S31508012C7000886FF35F200399096888620399086DD4
S31508012C80023008650399B1F856000138A1F85600D3
S31508012C90FFE7FFE704B0704785B004900498D0F8C1
S31508012CA0880021285DD1FFE70498B0F86A00ADF8DD
S31508012CB00A00FFE7BDF80A00002851D0FFE704988B
S31508012CC0B0F8560038BBFFE7FFE7FFE7049800684E
S31508012CD050E8020F20F400000190FFE701990498DB
S31508012CE0026842E802100028F0D1FFE7FFE7FFE794
S31508012CF0FFE70498006850E8000F40F04000009094
S31508012D00FFE700990498026842E800100028F0D10C
S31508012D10FFE7FFE724E004980068C0690006002879
S31508012D2015D5FFE70498006D0390039800886FF3A3
S31508012D305F200499096888620499086D023008655C
S31508012D400499B1F856000138A1F8560000E0FFE7EA
S31508012D50FFE7FFE7BDF80A000138ADF80A00A9E761
S31508012D60FFE705B07047000083B002900298D0F8DB
S31508012D70880021283DD1FFE70298B0F8560038BBF4
S31508012D80FFE7FFE7FFE70298006850E8000F20F029
S31508012D9080000190FFE701990298026842E8001055
S31508012DA00028F0D1FFE7FFE7FFE7FFE70298006891
S31508012DB050E8000F40F040000090FFE700990298A4
S31508012DC0026842E800100028F0D1FFE7FFE70FE0AC
S31508012DD002980168006D007888620299086D0130D1
S31508012DE008650299B1F856000138A1F85600FFE7BF
S31508012DF0FFE703B07047000084B003900398D0F84A
S31508012E008800212858D1FFE70398B0F86A00ADF881
S31508012E100A00FFE7BDF80A0000284CD0FFE703982F
S31508012E20B0F8560038BBFFE7FFE7FFE703980068ED
S31508012E3050E8020F20F400000190FFE7019903987A
S31508012E40026842E802100028F0D1FFE7FFE7FFE732
S31508012E50FFE70398006850E8000F40F04000009033
S31508012E60FFE700990398026842E800100028F0D1AC
S31508012E70FFE7FFE71FE003980068C069000600281E
S31508012E8010D5FFE703980168006D007888620399F9
S31508012E90086D013008650399B1F856000138A1F8A3
S31508012EA0560000E0FFE7FFE7FFE7BDF80A00013833
S31508012EB0ADF80A00AEE7FFE704B07047000000006E
S31508012EC080B586B0DDF820C0049003918DF80B20FB
S31508012ED00193FFE704980068C06903990840401AFE
S31508012EE0B0FA80F040099DF80B10884266D1FFE7D9
S31508012EF008980130002860D0FFE7F3F731FF019900
S31508012F00401A0899884203D8FFE7089820B9FFE7CD
S31508012F1003208DF8170055E00498006800684007FB
S31508012F20002849D5FFE70398802845D0FFE703988D
S31508012F30402841D0FFE704980068C06900F00801FD
S31508012F400120B0EBD10F16D1FFE7049801680820DC
S31508012F50009008620498FEF78BFD00980499C1F861
S31508012F609000FFE70499002081F88400FFE701201B
S31508012F708DF8170026E004980068C06900F400611E
S31508012F800120B0EBD12F16D1FFE7049801684FF461
S31508012F90006008620498FEF76BFD04992020C1F8C9
S31508012FA09000FFE70499002081F88400FFE70320D9
S31508012FB08DF8170006E0FFE7FFE78BE700208DF89D
S31508012FC01700FFE79DF8170006B080BD0000000056
S31508012FD080B546F66C20C2F20040FAF7A1FC80BD26
S31508012FE080B546F6D810C2F20040FAF799FC80BDC2
S31508012FF080B586B004908DF80F100498D0F8C802F1
S3150801300001900498D0F8D41200EB8100D0F8C002E0
S3150801301020B9FFE703208DF817005FE00498D0F880
S31508013020D41200EB8100D0F8C002029004989DF8F2
S315080130300F1001F00F0101EB810100EB81004069DE
S3150801304040B3FFE704989DF80F1001F00F0101EB5B
S31508013050810200EB82004269019801EBC10100EB94
S315080130608100C169B2FBF1F000FB112090B9FFE7BD
S3150801307004989DF80F1001F00F0101EB810100EB97
S3150801308081000023436104989DF80F101A4601F048
S3150801309017FE1FE002990020C1F814020498D0F81F
S315080130A0D41200EB8100D0F8C402006988B1FFE7A9
S315080130B00498D0F8D41200EB8100D0F8C402036951
S315080130C00299D1F8080201F504719DF80F20984775
S315080130D0FFE7FFE700208DF81700FFE79DF81700C7
S315080130E006B080BD0000000080B584B002908DF85E
S315080130F007100298D0F8D41200EB8100D0F8C0026C
S3150801310000900298D0F8D41200EB8100D0F8C002E2
S3150801311020B9FFE703208DF80F0019E002989DF802
S31508013120071001F03DFB0099C1F80C020298D0F88E
S31508013130D41200EB8100D0F8C402C2680099D1F814
S31508013140040201F50371904700208DF80F00FFE78F
S315080131509DF80F0004B080BD80B586B005908DF846
S315080131601310059840F20901C2F20041009109784D
S3150801317001F01EF900990598097801F00F0101EB94
S31508013180810100EB81010020039081F82300059855
S3150801319040F20A01C2F200410191097801F008F9E9
S315080131A0019A03980599127802F00F0202EB82023E
S315080131B001EB820181F86301059840F20801C2F228
S315080131C000410291097801F0F3F8029A03980599EA
S315080131D0137803F00F0303EB830301EB830181F8F3
S315080131E023000599127802F00F0202EB820201EB25
S315080131F08201C8610598D0F8D41200EB8100D0F895
S31508013200C002F0B1FFE70598D0F8D41200EB8100AF
S31508013210D0F8C402406880470598D0F8D41200EB6C
S315080132208100D0F8C00202F0FBF90598D0F8D41253
S3150801323000EB81010020C1F8C0020599C1F8BC0262
S31508013240FFE7002006B080BD80B584B002900298E1
S31508013250D0F8D41200EB8100D0F8C0020190019891
S3150801326020B9FFE703208DF80F0025E00298D0F872
S31508013270D41200EB8100D0F8C402C8B1FFE7019867
S3150801328090F80002FF2813D0FFE70298D0F8D4126D
S3150801329000EB8100D0F8C4028368019991F8000215
S315080132A091F8012298470199FF2081F80002FFE76A
S315080132B000208DF80F00FFE79DF80F0004B080BDD0
S315080132C081B0009000990A20088040F24410C2F2A9
S315080132D0004001B07047000080B586B0059040F205
S315080132E00010C2F200400190822100F021FE014641
S315080132F001980491012100F01BFE014601980391F2
S31508013300812100F015FE0290049820B1FFE7049987
S3150801331010208871FFE7039820B1FFE70399402041
S315080133208880FFE7029820B1FFE70299402088804C
S31508013330FFE705994320088040F20010C2F20040D9
S3150801334006B080BD0000000080B586B0059040F249
S315080133500010C2F200400190822100F0E9FD014609
S3150801336001980491012100F0E3FD014601980391BA
S31508013370812100F0DDFD0290049820B1FFE7049950
S3150801338010208871FFE7039828B1FFE703994FF4E6
S3150801339000708880FFE7029828B1FFE702994FF489
S315080133A000708880FFE705994320088040F20010E5
S315080133B0C2F2004006B080BD80B586B0059040F2E5
S315080133C00010C2F200400190822100F0B1FD0146D1
S315080133D001980491012100F0ABFD01460198039182
S315080133E0812100F0A5FD0290049820B1FFE7049918
S315080133F010208871FFE7039820B1FFE70399402061
S315080134008880FFE7029820B1FFE70299402088806B
S31508013410FFE705994320088040F20010C2F20040F8
S3150801342006B080BD0000000080B590B00E908DF802
S3150801343037104FF4077002F0F7F80C900C9860B942
S31508013440FFE70E98D0F8D41200EB81010020C1F8ED
S31508013450C00202208DF83F00F3E00C984FF4077183
S31508013460EDF74CF90C980E99D1F8D42201EB8201AB
S31508013470C1F8C0020E99D1F8D40201EB8000D0F848
S31508013480C002C1F8BC020E98007C002841D1FFE7B2
S315080134900E9840F20901C2F2004107910978022209
S315080134A008924FF40073099301F06EFA0799089A86
S315080134B0099B0E98097801F00F0101EB810100EBD8
S315080134C0810101200B9081F823000E9840F20A0130
S315080134D0C2F200410A91097801F056FA0A9A0B9844
S315080134E00E99127802F00F0202EB820201EB8201B9
S315080134F081F863010E9840F20801C2F20041097889
S3150801350001F00F0101EB810100EB81011020C86177
S315080135103FE00E9840F20901C2F200410291097892
S31508013520022203924023049301F02EFA0299039A88
S31508013530049B0E98097801F00F0101EB810100EB5C
S3150801354081010120069081F823000E9840F20A01B4
S31508013550C2F200410591097801F016FA059A069812
S315080135600E99127802F00F0202EB820201EB820138
S3150801357081F863010E9840F20801C2F20041097808
S3150801358001F00F0101EB810100EB81011020C861F7
S31508013590FFE70E9840F20801C2F20041009109784E
S315080135A00322082301F0F0F900990E98097801F031
S315080135B00F0101EB810100EB8101012081F8230054
S315080135C00C9900200190C1F804020E98D0F8D41283
S315080135D000EB8100D0F8C4020068804701980C9975
S315080135E0C1F814020C99C1F818020C98D0F8040213
S315080135F020B9FFE702208DF83F0022E00E98007CF3
S3150801360070B9FFE70E9840F20A01C2F20041097843
S315080136100C9AD2F804224FF4007301F0DDF90CE09C
S315080136200E9840F20A01C2F2004109780C9AD2F8C2
S315080136300422402301F0D0F9FFE700208DF83F006E
S31508013640FFE79DF83F0010B080BD000000000000B4
S3150801365080B584B002900298D0F8D41200EB8100AC
S31508013660D0F8C00201900298D0F8D41200EB81007C
S31508013670D0F8C00220B9FFE703208DF80F0022E039
S315080136800298007C70B9FFE7029840F20A01C2F27B
S3150801369000410978019AD2F804224FF4007301F027
S315080136A09BF90CE0029840F20A01C2F2004109783E
S315080136B0019AD2F80422402301F08EF9FFE700208F
S315080136C08DF80F00FFE79DF80F0004B080BD0000DC
S315080136D083B001900091009820B9FFE703208DF887
S315080136E00B000BE000980199D1F8D42201EB820175
S315080136F0C1F8C40200208DF80B00FFE79DF80B0006
S3150801370003B070470000000084B00290019102984E
S31508013710D0F8D41200EB8100D0F8C00200900098CE
S3150801372020B9FFE703208DF80F0007E001980099FB
S31508013730C1F8040200208DF80F00FFE79DF80F007D
S3150801374004B070470000000085B003900291019211
S315080137500398D0F8D41200EB8100D0F8C00200908B
S31508013760009820B9FFE703208DF813000BE00298B3
S315080137700099C1F8080201980099C1F810020020C1
S315080137808DF81300FFE79DF8130005B07047000098
S3150801379080B58AB0089007910898D0F8D41200EB42
S315080137A08100D0F8C002069000208DF81500ADF80A
S315080137B012008DF81100069820B9FFE703208DF84D
S315080137C02700C7E00798007800F0600001460391DA
S315080137D000285ED0FFE70398202840F0AE80FFE777
S315080137E00798C088002846D0FFE7079800780006A2
S315080137F0002823D5FFE70898D0F8D41200EB8100FA
S31508013800D0F8C4028368079A50780699D2889847EF
S315080138100798C088082803D3FFE70720029003E02A
S315080138200798C0880290FFE70298ADF81600089835
S315080138300699BDF8162000F087F91BE0079840782D
S31508013840069981F800020798C0883F2804D8FFE73F
S315080138500798C088019002E040200190FFE701988F
S31508013860069981F801020898069991F8012200F053
S3150801387037F9FFE70CE00898D0F8D41200EB81007D
S31508013880D0F8C40283680799487800229847FFE769
S315080138905BE007984078014600910B2844D80099C7
S315080138A0DFE801F0064142424242424242421C32AC
S315080138B0089890F89C02032807D1FFE708980DF1AC
S315080138C01201022200F040F907E00898079900F072
S315080138D0F7F803208DF81100FFE72DE0089890F816
S315080138E09C02032807D1FFE708980DF1150101226B
S315080138F000F02AF907E00898079900F0E1F8032093
S315080139008DF81100FFE717E0089890F89C02032844
S3150801391008D0FFE70898079900F0D2F803208DF838
S315080139201100FFE708E007E00898079900F0C8F8D2
S3150801393003208DF81100FFE707E00898079900F0C2
S31508013940BFF803208DF81100FFE79DF811008DF8E7
S315080139502700FFE79DF827000AB080BD0000000098
S3150801396080B584B002900298D0F8D41200EB810099
S31508013970D0F8C002019001208DF80300019820B902
S31508013980FFE703208DF80F002AE00198D0F814020A
S3150801399008BBFFE701990120C1F814020198D0F884
S315080139A01002029A40F20901C2F200410B7803F0B3
S315080139B00F0303EB830302EB830250610298097834
S315080139C0019BD3F80822D3F8103201F079F90020C7
S315080139D08DF80300FFE79DF803008DF80F00FFE758
S315080139E09DF80F0004B080BD80B582B001908DF8B6
S315080139F0031000208DF802000198D0F8B8124A6821
S31508013A009DF80310904720B1FFE703208DF80200C7
S31508013A10FFE79DF8020002B080BD0000000000002B
S31508013A2080B582B001900091019890F89C02013806
S31508013A3002280ED8FFE700984088012808D1FFE739
S31508013A4001990020C1F8A402019800F099F8FFE74E
S31508013A5004E00198009900F033F8FFE702B080BD51
S31508013A6082B001908DF80310002002B07047000063
S31508013A7082B001908DF80310002002B07047000053
S31508013A8080B584B00390029101920398029A019B32
S31508013A900021009100F0A0FF009804B080BD00004D
S31508013AA080B584B00390029101920398029A019B12
S31508013AB00021009101F004F9009804B080BD0000CE
S31508013AC080B582B0019000910198802101F0A4F897
S31508013AD00198002101F0A0F802B080BD00000000A5
S31508013AE080B584B003900291019203990320C1F82D
S31508013AF0940201980399C1F8540102980399C1F8EF
S31508013B00640101980399C1F858010398029A019B27
S31508013B100021009100F060FF009804B080BD00000C
S31508013B2080B582B0019001990520C1F894020198E7
S31508013B300023009319461A4600F04EFF009802B07A
S31508013B4080BD00000000000080B584B0039002919A
S31508013B50019203990220C1F89402019803994861D8
S31508013B600298039948620198039988610398029A11
S31508013B70019B0021009101F0A3F8009804B080BDD3
S31508013B8080B582B0019001990420C1F89402019888
S31508013B900023009319461A4601F092F8009802B0DC
S31508013BA080BD00000000000080B584B0039002913A
S31508013BB00298C088012805D0FFE703980299FFF704
S31508013BC07FFF21E0039890F89C12481E0191022874
S31508013BD004D3FFE7019803280AD00FE003990020D0
S31508013BE08860039800F108010122FFF7ADFF0AE09A
S31508013BF00398011D0122FFF7A7FF04E00398029924
S31508013C00FFF75EFFFFE7FFE704B080BD0000000095
S31508013C1080B588B0079006910020ADF8160004908B
S31508013C208DF80F000698C0780138014602910E28D2
S31508013C3000F241810299DFE811F02A0034005100AF
S31508013C403E013E010B0123013E013E013E013E01BB
S31508013C503E013E013E010F000798D0F8B402C06943
S31508013C6050B1FFE70798D0F8B412CA69007C0DF184
S31508013C7016019047049009E007980699FFF720FF77
S31508013C809DF80F0001308DF80F00FFE71DE1079839
S31508013C90D0F8B4120A68007C0DF116019047049019
S31508013CA013E10798007C60B9FFE70798D0F8B802D6
S31508013CB0816A0DF11600884704900499022048701C
S31508013CC00BE00798D0F8B802C16A0DF116008847CB
S31508013CD00490049902204870FFE7F6E00698807878
S31508013CE001460191052800F2A8800199DFE801F053
S31508013CF0031E39546F8A0798D0F8B402406850B148
S31508013D00FFE70798D0F8B4124A68007C0DF116014E
S31508013D109047049009E007980699FFF7D1FE9DF8A8
S31508013D200F0001308DF80F00FFE790E00798D0F8F3
S31508013D30B402806850B1FFE70798D0F8B4128A68D0
S31508013D40007C0DF116019047049009E00798069941
S31508013D50FFF7B6FE9DF80F0001308DF80F00FFE75B
S31508013D6075E00798D0F8B402C06850B1FFE7079824
S31508013D70D0F8B412CA68007C0DF116019047049078
S31508013D8009E007980699FFF79BFE9DF80F00013099
S31508013D908DF80F00FFE75AE00798D0F8B4020069DA
S31508013DA050B1FFE70798D0F8B4120A69007C0DF103
S31508013DB016019047049009E007980699FFF780FED7
S31508013DC09DF80F0001308DF80F00FFE73FE00798D7
S31508013DD0D0F8B402406950B1FFE70798D0F8B41299
S31508013DE04A69007C0DF116019047049009E007988D
S31508013DF00699FFF765FE9DF80F0001308DF80F0053
S31508013E00FFE724E00798D0F8B402806950B1FFE7CC
S31508013E100798D0F8B4128A69007C0DF1160190470B
S31508013E20049009E007980699FFF74AFE9DF80F00E6
S31508013E3001308DF80F00FFE709E007980699FFF7AB
S31508013E403FFE9DF80F0001308DF80F00FFE73CE0BB
S31508013E500798007C48B9FFE70798D0F8B802416B84
S31508013E600DF116008847049009E007980699FFF7AF
S31508013E7027FE9DF80F0001308DF80F00FFE724E0BB
S31508013E800798007C60B9FFE70798D0F8B802016B7C
S31508013E900DF116008847049004990720487009E037
S31508013EA007980699FFF70CFE9DF80F0001308DF86B
S31508013EB00F00FFE709E007980699FFF701FE9DF84D
S31508013EC00F0001308DF80F00FFE79DF80F0008B1CC
S31508013ED0FFE72AE00698C08818B3FFE7BDF8160081
S31508013EE0C8B1FFE7BDF816000699C988884204DA01
S31508013EF0FFE7BDF81600009003E00698C088009019
S31508013F00FFE70098ADF8160007980499BDF8162042
S31508013F10FFF71AFE04E007980699FFF7D1FDFFE7B8
S31508013F2003E00798FFF72CFEFFE708B080BD000005
S31508013F3080B586B005908DF81310059803900598FD
S31508013F40029000200190029948880978884227DD65
S31508013F50FFE702980078ADF80200FFE7BDF8020016
S31508013F600299498888421ADAFFE703980DF1020196
S31508013F7000F036F803900398407805280ED1FFE73C
S31508013F8003980190019880789DF81310884201D111
S31508013F90FFE704E000200190FFE7FFE7DEE7FFE720
S31508013FA0019806B080BD000083B0029000208DF80C
S31508013FB0070002980090FFE70098007848B1FFE7EC
S31508013FC09DF8070001308DF8070000980130009030
S31508013FD0F2E79DF8070003B07047000000000000F3
S31508013FE083B0029001910298009000980278019995
S31508013FF008881044088002980099097808440090B6
S31508014000009803B07047000080B582B00190009116
S31508014010019890F89C02013802281FD8FFE70098FA
S31508014020C088022805D0FFE701980099FFF748FDE7
S3150801403019E001990120C8600198D0F8A40230B1AD
S31508014040FFE70199C86840F00200C860FFE70198D8
S3150801405000F10C010222FFF777FD04E001980099AF
S31508014060FFF72EFDFFE702B080BD0000000000004B
S3150801407080B586B005900491039200208DF80B0057
S31508014080059808B9FFE74FE0059801900198FFF7F1
S315080140908BFF0146022000EB4100B0F5007F04D9F1
S315080140A0FFE74FF40070009008E00198FFF77CFFE6
S315080140B00146022000EB41000090FFE700980399B2
S315080140C008800398007804999DF80B2088549DF878
S315080140D00B0001308DF80B0004999DF80B20032085
S315080140E088549DF80B0001308DF80B00FFE7019805
S315080140F00078C8B1FFE70198007804999DF80B206C
S3150801410088540198013001909DF80B0001308DF813
S315080141100B0004999DF80B20002088549DF80B008C
S3150801412001308DF80B00E2E706B080BD0000000003
S3150801413082B08DF8070000208DF806009DF807006B
S3150801414001460091032814D80099DFE801F0020618
S315080141500A0E00208DF806000FE003208DF80600F0
S315080141600BE001208DF8060007E003208DF8060014
S3150801417003E003208DF80600FFE79DF8060002B06C
S31508014180704700000000000080B582B08DF8070076
S3150801419000919DF8070060B9FFE7009A47F6CE201F
S315080141A0C0F6020041F24031C2F20041FFF760FF5A
S315080141B00BE0009A47F6CE20C0F6020041F24031E4
S315080141C0C2F20041FFF754FFFFE741F24030C2F265
S315080141D0004002B080BD000082B08DF80700009152
S315080141E000991220088040F25010C2F2004002B035
S315080141F0704700000000000080B582B08DF8070006
S3150801420000919DF8070060B9FFE7009A47F6C020BC
S31508014210C0F6020041F24031C2F20041FFF728FF21
S315080142200BE0009A47F6C020C0F6020041F2403181
S31508014230C2F20041FFF71CFFFFE741F24030C2F22C
S31508014240004002B080BD000082B08DF807000091E1
S3150801425000990420088040F27810C2F2004002B0AA
S31508014260704700000000000080B584B08DF80F008B
S315080142700291029A47F6D920C0F6020041F240316E
S31508014280C2F200410191FFF7F3FE019804B080BD27
S3150801429080B582B08DF8070000919DF8070060B9D6
S315080142A0FFE7009A47F6EC20C0F6020041F24031DA
S315080142B0C2F20041FFF7DCFE0BE0009A47F6EC205C
S315080142C0C0F6020041F24031C2F20041FFF7D0FECA
S315080142D0FFE741F24030C2F2004002B080BD000063
S315080142E080B582B08DF80700009100991A200880E0
S315080142F0EDF7AEFE40F27C10C2F2004002B080BD7E
S3150801430080B584B0029001918DF80320029820B9F6
S31508014310FFE703208DF80F0023E002990020C1F87A
S31508014320B8020299C1F8C4020299C1F8D0020198EB
S3150801433028B1FFE701980299C1F8B402FFE702998B
S31508014340012081F89C029DF80300029908700298E1
S3150801435000F036FA8DF802009DF802008DF80F007C
S31508014360FFE79DF80F0004B080BD000000000000C3
S3150801437080B582B001908DF8031000208DF80200F7
S315080143808DF801000198D0F8C8029DF80310F2F7DC
S315080143900BFF8DF802009DF80200FFF7C9FE8DF8A4
S315080143A001009DF8010002B080BD00000000000078
S315080143B080B582B001908DF8031000208DF80200B7
S315080143C08DF801000198D0F8C8029DF80310F2F79C
S315080143D097FE8DF802009DF80200FFF7A9FE8DF8F9
S315080143E001009DF8010002B080BD00000000000038
S315080143F080B588B006908DF8171004929DF81700BD
S31508014400002879D1FFE70698143003900698D0F86A
S315080144109402022862D1FFE703994868898988428C
S3150801442017D9FFE703998A894868801A486003996A
S315080144308A89086910440861069803994A680969CE
S31508014440FFF72EFB0698002319461A4600F0C4FA10
S3150801445043E003998889496888421ED1FFE7039991
S3150801446008688989884218D3FFE70398006806997E
S31508014470D1F89812884210D2FFE7069800220192D5
S315080144801146FFF70DFB019B0698C0F8983206986E
S3150801449019461A4600F0A0FA1EE0069890F89C0202
S315080144A0032811D1FFE70698D0F8B802C06850B1C1
S315080144B0FFE706990020C1F8D4020698D0F8B81289
S315080144C0C9688847FFE7FFE70698802100F0A4FB43
S315080144D00698FFF725FBFFE7FFE7FFE7069890F841
S315080144E0A00240B1FFE7069800F07EFC069900207D
S315080144F081F8A002FFE740E006989DF8171041F001
S315080145008001FFF7ADFA8DF80A009DF80A00FF2829
S3150801451032D0FFE79DF80A0070BBFFE7069890F8CE
S315080145209C02032827D1FFE706989DF80A1000EB9D
S315080145308100D0F8B8024069E0B1FFE79DF80A00AA
S315080145400699C1F8D40206989DF80A1000EB810174
S31508014550D1F8B8124A699DF8171090478DF80B00E3
S315080145609DF80B0028B1FFE79DF80B008DF81F0099
S3150801457007E0FFE7FFE7FFE7FFE700208DF81F00E9
S31508014580FFE79DF81F0008B080BD0000000000008D
S3150801459080B58AB008908DF81F10069200208DF814
S315080145A013009DF81F00002840F08780FFE7089850
S315080145B000F5AA7005900898D0F8940203287BD1D3
S315080145C0FFE7059948688989884222D9FFE705994D
S315080145D08A894868801A486005998A890869104451
S315080145E0086108980290059948680A6903928989B9
S315080145F0884204D9FFE705984068019003E00598C9
S3150801460080890190FFE703990298019AFFF738FA22
S3150801461051E0089890F8AA0200F01F00014600919F
S3150801462040B1FFE70098012808D0FFE70098022863
S315080146300CD013E000208DF8120013E0089890F8CA
S31508014640AE12FFF715FA8DF812000BE0089890F8EC
S31508014650AE12FFF705FA8DF8120003E000208DF877
S315080146601200FFE79DF8120008BBFFE7089890F8CB
S315080146709C0203281AD1FFE708989DF8121000EB4F
S315080146808100D0F8B802006978B1FFE79DF81200F9
S315080146900899C1F8D40208989DF8121000EB810117
S315080146A0D1F8B81209698847FFE7FFE7FFE70898D5
S315080146B0FFF766FAFFE7FFE740E008989DF81F1045
S315080146C001F07F01FFF7CCF98DF812009DF8120071
S315080146D0FF2832D0FFE79DF8120070BBFFE7089864
S315080146E090F89C0203281ED1FFE708989DF812103E
S315080146F000EB8100D0F8B802806998B1FFE79DF810
S3150801470012000899C1F8D40208989DF8121000EB16
S315080147108101D1F8B8128A699DF81F1090478DF862
S315080147201300FFE7FFE79DF8130028B1FFE79DF89F
S3150801473013008DF8270005E0FFE7FFE700208DF855
S315080147402700FFE79DF827000AB080BD000000009A
S3150801475081B00090002001B0704700000000000001
S3150801476080B582B0019000208DF8030001990120DF
S3150801477081F89C020198D0F8B80268B1FFE7019860
S31508014780D0F8B8124A680179904720B1FFE70320AB
S315080147908DF80300FFE7FFE79DF8030002B080BD2F
S315080147A080B582B001908DF803100198D0F8C8023F
S315080147B09DF80310F2F75CFD02B080BD0000000011
S315080147C080B584B0039003980078012838D1FFE7B3
S315080147D0039946F28830C2F200400290C0F8E0140C
S315080147E00399C1F8C8020021C4F204010160092134
S315080147F001710222C2710021817142728172C172F4
S3150801480001738173C1730174F3F712FB18B1FFE7E2
S31508014810EDF742FAFFE746F28830C2F2004001900E
S3150801482080210091F2F7A0FB009A01980021F2F786
S31508014830A7FB019801214FF4BA72F2F7A1FBFFE732
S31508014840002004B080BD000084B002908DF80710E6
S315080148500298D0F8C80200909DF8070000060028C3
S315080148600DD5FFE700989DF8071001F07F0101EBD0
S31508014870C10100EB8100807D8DF80F000DE00098E5
S315080148809DF8071001F07F0101EBC10100EB8100E2
S3150801489090F856028DF80F00FFE79DF80F0004B057
S315080148A0704700000000000080B584B002908DF8C2
S315080148B007100298D0F8D41200EB8100D0F8B8029C
S315080148C020B9FFE703208DF80F0020E0029890F841
S315080148D09C02032817D1FFE70298D0F8D41200EBFF
S315080148E08100D0F8B802006A60B1FFE70298D0F8F3
S315080148F0D41200EB8101D1F8B8120A6A9DF80710A3
S315080149009047FFE7FFE700208DF80F00FFE79DF8C6
S315080149100F0004B080BD000080B584B002908DF808
S3150801492007100298D0F8D41200EB8100D0F8B8022B
S3150801493020B9FFE703208DF80F0020E0029890F8D0
S315080149409C02032817D1FFE70298D0F8D41200EB8E
S315080149508100D0F8B802406A60B1FFE70298D0F842
S31508014960D41200EB8101D1F8B8124A6A9DF80710F2
S315080149709047FFE7FFE700208DF80F00FFE79DF856
S315080149800F0004B080BD000080B584B003908DF897
S315080149900B108DF80A20ADF8083000208DF80700B5
S315080149A08DF806000398D0F8C8029DF80B10BDF8DB
S315080149B008209DF80A30F2F76FFC8DF807009DF87C
S315080149C00700FFF7B5FB8DF806009DF8060004B051
S315080149D080BD00000000000080B586B005908DF806
S315080149E013100392029300208DF807008DF8060034
S315080149F00598D0F8C8029DF81310039A029BF2F79E
S31508014A00C3FC8DF807009DF80700FFF791FB8DF8A9
S31508014A1006009DF8060006B080BD000000000000F3
S31508014A2080B586B0059000208DF81300059A0121FE
S31508014A3082F89C120599C1F894020599486005996E
S31508014A40C1F8A402059981F8A0020598D0F8B80220
S31508014A50A0B1FFE70598D0F8B802406868B1FFE74A
S31508014A600598D0F8B8124A680179904720B1FFE74E
S31508014A7003208DF81300FFE7FFE7FFE705980022FB
S31508014A800192402303931146FFF77EFF019A039B88
S31508014A9005990120029081F863010598A0F8603113
S31508014AA005988021FFF770FF02990398059A82F805
S31508014AB02310059908849DF8130006B080BD0000EF
S31508014AC081B00090009890F89C02042807D1FFE76E
S31508014AD0009890F89D02009981F89C02FFE7002052
S31508014AE001B070470000000080B582B001900198BE
S31508014AF090F89C02032813D1FFE70198D0F8B80271
S31508014B0068B1FFE70198D0F8B802C06930B1FFE78C
S31508014B100198D0F8B812C9698847FFE7FFE7FFE7A8
S31508014B20002002B080BD000082B001908DF803100C
S31508014B309DF8030001990874002002B0704700002F
S31508014B4080B582B001908DF8031000208DF802001F
S31508014B508DF801000198D0F8C8029DF80310F3F703
S31508014B6007FB8DF802009DF80200FFF7E1FA8DF8C0
S31508014B7001009DF8010002B080BD000000000000A0
S31508014B8080B584B003900291039800F2AA20029995
S31508014B9000F0BAF803990120C1F894020399B1F813
S31508014BA0B002C1F89802039890F8AA0200F01F0013
S31508014BB00146009140B1FFE7009801280CD0FFE7B4
S31508014BC00098022810D017E0039800F2AA2100F0F5
S31508014BD067FA8DF8070019E0039800F2AA2100F098
S31508014BE0A3FC8DF8070011E0039800F2AA2100F052
S31508014BF0BFFA8DF8070009E0039890F8AA1201F0A8
S31508014C00800100F009F88DF80700FFE79DF8070015
S31508014C1004B080BD0000000080B582B001908DF817
S31508014C20031000208DF802008DF801000198D0F8D4
S31508014C30C8029DF80310F2F7DFFB8DF802009DF814
S31508014C400200FFF775FA8DF801009DF8010002B020
S31508014C5080BD00000000000080B582B001900020F0
S31508014C608DF803008DF802000198D0F8C802F3F711
S31508014C70BBFA8DF803009DF80300FFF759FA8DF882
S31508014C8002009DF8020002B080BD0000000000008D
S31508014C9081B00090009890F89C02042807D0FFE79D
S31508014CA0009890F89C02009981F89D02FFE7009907
S31508014CB0042081F89C02002001B070470000000022
S31508014CC080B586B005908DF81310039202930020E3
S31508014CD08DF807008DF806000598D0F8C8029DF8EA
S31508014CE01310039A029BF2F7F7FB8DF807009DF85C
S31508014CF00700FFF71DFA8DF806009DF8060006B0B5
S31508014D0080BD00000000000080B584B003900291C8
S31508014D10029801900198007803990870019801306A
S31508014D200190019800780399487001980130019023
S31508014D300198FBF739FA03994880019801300190E7
S31508014D400198013001900198FBF72EFA03998880A2
S31508014D500198013001900198013001900198FBF703
S31508014D6023FA0399C88004B080BD00000000000042
S31508014D7080B584B0029001910020ADF80200019837
S31508014D8020B9FFE703208DF80F0026E00198029964
S31508014D90C1F8B8020298D0F8D41200EB8100D0F815
S31508014DA0B802C06A78B1FFE70298D0F8D41200EBCE
S31508014DB08100D0F8B802C16A0DF10200884702994C
S31508014DC0C1F8D002FFE70299D1F8D8020130C1F83B
S31508014DD0D80200208DF80F00FFE79DF80F0004B0F8
S31508014DE080BD00000000000081B00090002001B0E5
S31508014DF0704700000000000080B584B0039002915E
S31508014E0002988088B8BBFFE70298C08898BBFFE77D
S31508014E10029840887F282ED8FFE70298807800F00C
S31508014E207F008DF80700039890F89C02032805D1A6
S31508014E30FFE703980299FEF743FE1BE09DF807007A
S31508014E40039981F89E0203989DF80710FFF778FEEB
S31508014E500398FEF795FE9DF8070028B1FFE7039929
S31508014E60022081F89C0204E00399012081F89C0242
S31508014E70FFE7FFE704E003980299FEF721FEFFE743
S31508014E8004B080BD0000000080B582B001908DF8A5
S31508014E90031000208DF802000198D0F8B80250B12D
S31508014EA0FFE70198D0F8B8120A689DF803109047F1
S31508014EB08DF80200FFE79DF8020002B080BD0000F0
S31508014EC080B586B00490039100208DF80B000398F5
S31508014ED0817841F23C30C2F2004001700078022824
S31508014EE008D3FFE704980399FEF7EAFD03208DF836
S31508014EF01700A0E0049890F89C0201460191022847
S31508014F0004D0FFE7019803282FD07FE041F23C3017
S31508014F10C2F20040007818B3FFE741F23C31C2F211
S31508014F2000410878049A506004980978FFF7ACFFA5
S31508014F308DF80B009DF80B0048B1FFE7049803991B
S31508014F40FEF7BEFD0499022081F89C0207E0049849
S31508014F50FEF716FE0499032081F89C02FFE703E099
S31508014F600498FEF70DFEFFE760E041F23C30C2F21D
S31508014F700040007898B9FFE70499022081F89C025D
S31508014F8041F23C31C2F200410878049A5060049813
S31508014F900978FEF729FD0498FEF7F2FD35E041F29E
S31508014FA03C30C2F20040007804994968884227D00B
S31508014FB0FFE704980179FEF717FD41F23C31C2F289
S31508014FC000410878049A506004980978FFF75CFF55
S31508014FD08DF80B009DF80B0068B1FFE7049803995B
S31508014FE0FEF76EFD04980179FEF7FEFC049902208E
S31508014FF081F89C0203E00498FEF7C2FDFFE703E08F
S315080150000498FEF7BDFDFFE7FFE70FE00498039953
S31508015010FEF756FD049841F23C31C2F20041097887
S31508015020FEF7E2FC03208DF80B00FFE79DF80B0065
S315080150308DF81700FFE79DF8170006B080BD000040
S3150801504080B582B00190009100984088012808D166
S31508015050FFE701990120C1F8A4020198FEF790FD26
S3150801506013E000984088022809D1FFE700984079A3
S31508015070019981F8A0020198FEF782FD04E00198E2
S315080150800099FEF71DFDFFE7FFE702B080BD0000AE
S3150801509080B582B001900198FFF7DEFD02B080BDB0
S315080150A080B586B00590049100208DF80F0004980C
S315080150B0007800F0600001460291A8B1FFE7029866
S315080150C0202804D0FFE70298402846D1FFE7059833
S315080150D0D0F8D41200EB8101D1F8B8128A68049984
S315080150E090478DF80F003DE00498407801460191FC
S315080150F009282CD80199DFE801F01B252A202A0A5C
S31508015100052A160F05980499FEF782FD24E00598ED
S315080151100499FFF771FE1FE005980499FFF7D0FE81
S315080151208DF80F0018E005980499FEF73DFD13E088
S3150801513005980499FEF768FF0EE005980499FFF7AC
S315080151407FFF09E005980499FEF76AFC04E00598D3
S315080151500499FEF7B5FCFFE704E005980499FEF704
S31508015160AFFCFFE79DF80F0006B080BD0000000008
S3150801517080B58CB00B900A9100208DF821000A9811
S3150801518080888DF823000A98007800F060000146AF
S315080151900791B8B3FFE70798202805D0FFE70798D6
S315080151A0402840F0B581FFE70B989DF82310FEF7DC
S315080151B057FC8DF822009DF82200FF2821D0FFE731
S315080151C09DF82200E8B9FFE79DF822000B99C1F87E
S315080151D0D4020B989DF8221000EB8100D0F8B80292
S315080151E0806868B1FFE70B989DF8221000EB8101F2
S315080151F0D1F8B8128A680A9990478DF82100FFE715
S31508015200FFE78AE10A98407801460691002800F0EE
S31508015210BD80FFE7069801284CD0FFE706980328CA
S3150801522040F07081FFE70B9890F89C0201460591C2
S31508015230022804D0FFE70598032819D034E09DF821
S31508015240230078B1FFE79DF8230080280AD0FFE7FD
S315080152500B989DF82310FFF7DFFC0B988021FFF7C9
S31508015260DBFC04E00B980A99FEF72AFCFFE720E02D
S315080152700A984088A0B9FFE79DF8230078B1FFE7AF
S315080152809DF8230080280AD0FFE70A98C08830B91C
S31508015290FFE70B989DF82310FFF7BEFCFFE7FFE732
S315080152A00B98FEF76DFC04E00B980A99FEF708FCCB
S315080152B0FFE72CE10B9890F89C020146049102281D
S315080152C004D0FFE70498032819D059E09DF8230074
S315080152D078B1FFE79DF8230080280AD0FFE70B98ED
S315080152E09DF82310FFF798FC0B988021FFF794FC93
S315080152F004E00B980A99FEF7E3FBFFE745E00A98F5
S315080153004088E0BBFFE79DF82300400630B1FFE780
S315080153100B989DF82310FFF72BF8FFE70B98FEF77C
S315080153202FFC0B989DF82310FEF79AFB8DF82200A7
S315080153309DF82200FF2821D0FFE79DF82200E8B951
S31508015340FFE79DF822000B99C1F8D4020B989DF846
S31508015350221000EB8100D0F8B802806868B1FFE737
S315080153600B989DF8221000EB8101D1F8B8128A68D2
S315080153700A9990478DF82100FFE7FFE7FFE704E068
S315080153800B980A99FEF79CFBFFE7C0E00B9890F88B
S315080153909C0201460391022804D0FFE703980328DB
S315080153A039D0A9E09DF8230050B1FFE79DF8230005
S315080153B0802805D0FFE70B980A99FEF781FBA0E044
S315080153C09DF82300000600280CD5FFE70B989DF8E9
S315080153D0231001F07F0101EB810100EB81001430FC
S315080153E002900CE00B989DF8231001F07F0101EB68
S315080153F0810100EB810000F5AA700290FFE702988F
S3150801540009900999002088730B9809990E3102228F
S31508015410FEF79AFB75E09DF823000006002813D5D0
S31508015420FFE70B989DF8231001F00F0101EB8101AD
S3150801543000EB810090F8230028B9FFE70B980A9939
S31508015440FEF73EFB5DE012E00B989DF8231001F094
S315080154500F0101EB810100EB810090F8630128B986
S31508015460FFE70B980A99FEF72BFB4AE0FFE79DF841
S315080154702300000600280CD5FFE70B989DF823109A
S3150801548001F07F0101EB810100EB810014300190ED
S315080154900CE00B989DF8231001F07F0101EB8101C7
S315080154A000EB810000F5AA700190FFE701980990C9
S315080154B09DF8230028B1FFE79DF82300802804D131
S315080154C0FFE70999002088730FE00B989DF82310D0
S315080154D0FFF7BAF920B1FFE709990120887303E0BC
S315080154E0099900208873FFE7FFE70B9809990E31A0
S315080154F00222FEF729FB04E00B980A99FEF7E0FA67
S31508015500FFE704E00B980A99FEF7DAFAFFE704E0E9
S315080155100B980A99FEF7D4FAFFE79DF821000CB01B
S3150801552080BD00000000000080B584B003900291A0
S3150801553000208DF807000298007800F06000014607
S31508015540009140B1FFE70098202804D0FFE70098B2
S3150801555040285AD1FFE7039890F89C02013802289F
S315080155604DD8FFE702980079012842D8FFE703984A
S3150801557002990979FEF77CFA8DF806009DF806006E
S31508015580FF2825D0FFE79DF8060008BBFFE703982B
S315080155909DF8061000EB8100D0F8B802806890B13A
S315080155A0FFE79DF806000399C1F8D40203989DF810
S315080155B0061000EB8101D1F8B8128A680299904762
S315080155C08DF8070003E003208DF80700FFE703E0E5
S315080155D003208DF80700FFE70298C08840B9FFE766
S315080155E09DF8070020B9FFE70398FEF7C9FAFFE718
S315080155F004E003980299FEF763FAFFE704E00398CB
S315080156000299FEF75DFAFFE704E003980299FEF7AF
S3150801561057FAFFE79DF8070004B080BD00000000B7
S3150801562081B0009001B0704781B0009041F24050BE
S31508015630C2F2004001B0704784B00390029103980A
S31508015640019002980078009002984078012830D19C
S31508015650FFE70298007800F00F01012000FA01F235
S315080156600199D1F81C081043C1F81C080198009942
S3150801567000EB4110D0F800090004002818D4FFE710
S31508015680029988686FF3DF20097940EA8140009A18
S3150801569040EA8250019901EB4211D1F800291043E1
S315080156A048F20002C1F200021043C1F80009FFE7FF
S315080156B02EE00298007800F00F01012000FA01F2AD
S315080156C00199D1F81C0840EA0240C1F81C08019862
S315080156D0009900EB4110D0F8000B0004002816D4FD
S315080156E0FFE7029988686FF3DF20097940EA81406C
S315080156F00199009A01EB4211D1F8002B104348F2A7
S315080157000002C1F200021043C1F8000BFFE7FFE7F0
S31508015710002004B07047000082B001900198009003
S315080157200099D1F8000940F2FF729043C1F80009C7
S315080157300099D1F8040840F48070C1F804080020E3
S3150801574002B070470000000080B58AB0DDF830C0AD
S31508015750CDF814C00493039202919DF814108DF8A4
S3150801576024100299039A049B0893079206910190C3
S315080157709DF81D00012823D1FFE70199886B20F4C4
S31508015780803088630199C8684FF6BF72CFF6BD723B
S315080157901040C8600199C86820F44010C8609DF897
S315080157A02400012806D1FFE70199C86840F4801052
S315080157B0C860FFE7019800F043F88DF803001AE086
S315080157C00199C86840F04000C860019800F038F8AF
S315080157D08DF803009DF8210030B9FFE70199886B20
S315080157E040F48030886305E00199886B20F48030A5
S315080157F08863FFE7FFE79DF81A0001281BD1FFE739
S315080158000199C86D80B2C8650199C86D0022C0F2B8
S31508015810EE321043C8650199886820F01E00886039
S315080158200199886840F0060088600199886840F007
S3150801583020008860FFE79DF803000AB080BD0000DC
S3150801584083B0019000200090FFE700980130009096
S315080158500098B0F1706F04D9FFE703208DF80B00AB
S315080158602EE0FFE701980069C00F0028EDD0FFE799
S315080158700A200090FFE7009820B1FFE70098013859
S315080158800090F8E70199086940F001000861FFE70F
S315080158900098013000900098B0F1706F04D9FFE7C5
S315080158A003208DF80B000BE0FFE70198006900F073
S315080158B001000128ECD0FFE700208DF80B00FFE777
S315080158C09DF80B0003B0704784B0039002910398CA
S315080158D0019002980078009002984078012845D1F5
S315080158E0FFE70198009900EB4110D0F80009C00FB5
S315080158F0A8B1FFE70198009900EB4111D1F8000919
S3150801590040F00060C1F800090198009900EB4111C7
S31508015910D1F8000940F08040C1F80009FFE7029874
S31508015920007800F00F01012000FA01F3019AD2F87C
S315080159303C189943C2F83C180299097801F00F01FD
S3150801594000FA01F20199D1F81C089043C1F81C0824
S315080159500198009900EB4111D1F8000947F60002B8
S31508015960CEF633421040C1F8000946E00198009985
S3150801597000EB4110D0F8000BC00FA8B1FFE7019862
S31508015980009900EB4111D1F8000B40F00060C1F815
S31508015990000B0198009900EB4111D1F8000B40F07A
S315080159A08040C1F8000BFFE70298007800F00F016C
S315080159B0012000FA01F3019AD2F83C1821EA0341C1
S315080159C0C2F83C180299097801F00F0100FA01F2B0
S315080159D00199D1F81C0820EA0240C1F81C0801986F
S315080159E0009900EB4111D1F8000B47F60002CEF6FB
S315080159F0F3721040C1F8000BFFE7002004B07047AE
S31508015A0082B00190019800900099D1F8000E20F01B
S31508015A100300C1F8000E0099D1F8040820F002002D
S31508015A20C1F80408002002B0704700000000000019
S31508015A3082B00190019800900099D1F8000E20F0EB
S31508015A400300C1F8000E0099D1F8040840F00200DD
S31508015A50C1F80408002002B07047000000000000E9
S31508015A6080B58CB0DDF838C0CDF81CC00693059218
S31508015A7004919DF81C108DF82C100499059A069B23
S31508015A800A9309920891039000208DF80B00039957
S31508015A9001910090FFE700980E280CD8FFE70398BC
S31508015AA0009900EB81010020C1F80401FFE7009885
S31508015AB001300090EFE79DF82A00B8B9FFE7019990
S31508015AC0D1F8040840F00200C1F804080399886B6C
S31508015AD020F4001088630399086840F040000860C4
S31508015AE00399086840F08000086005E00399886B0F
S31508015AF040F400108863FFE701990020C1F8000E01
S31508015B009DF8250001280FD1FFE79DF8230028B944
S31508015B10FFE70398002100F0E7FE04E0039801215E
S31508015B2000F0E2FEFFE704E00398032100F0DCFE43
S31508015B30FFE70398102100F0FFFC20B1FFE70120E1
S31508015B408DF80B00FFE7039800F0BAFC20B1FFE7D8
S31508015B5001208DF80B00FFE701990020C1F8100814
S31508015B600199C1F814080199C1F81C080090FFE7CA
S31508015B7000989DF8201088423BD2FFE701980099CA
S31508015B8000EB4110D0F80009C00FB0B1FFE700984B
S31508015B9048B9FFE70198009900EB41114FF0006001
S31508015BA0C1F8000908E00198009900EB41114FF08E
S31508015BB09040C1F80009FFE707E00198009900EB5A
S31508015BC041110020C1F80009FFE70198009900EB8F
S31508015BD041110020C1F810090198009900EB411103
S31508015BE04FF67F30C1F80809FFE7009801300090A9
S31508015BF0BEE700200090FFE700989DF82010884234
S31508015C003BD2FFE70198009900EB4110D0F8000B51
S31508015C10C00FB0B1FFE7009848B9FFE701980099AE
S31508015C2000EB41114FF00060C1F8000B08E0019844
S31508015C30009900EB41114FF09040C1F8000BFFE7C6
S31508015C4007E00198009900EB41110020C1F8000B0B
S31508015C50FFE70198009900EB41110020C1F8100BEC
S31508015C600198009900EB41114FF67F30C1F8080BF6
S31508015C70FFE7009801300090BEE70199D1F81008B6
S31508015C8020F48070C1F810080399002088610399EF
S31508015C906FF0804048619DF8220030B9FFE703990B
S31508015CA0886940F010008861FFE70399886943F61F
S31508015CB00002C8F23C02104388619DF8260030B103
S31508015CC0FFE70399886940F008008861FFE79DF8B6
S31508015CD02A00012808D1FFE7039988690422C4F23A
S31508015CE0000210438861FFE79DF80B000CB080BDE8
S31508015CF081B000900099886820F001008860002032
S31508015D0001B070470000000086B004908DF80F10AE
S31508015D100292049801900498006C0090009843F24E
S31508015D200B01C4F6547188420BD3FFE70198D0F8EA
S31508015D30000BC00F20B1FFE700208DF817002EE0F9
S31508015D40FFE701990020C1F8100B0199D1F8100B52
S31508015D5040F40020C1F8100B0199D1F8100B40F05E
S31508015D601800C1F8100B0199D1F8100B40F0C0408A
S31508015D70C1F8100B9DF80F0001280CD1FFE7029816
S31508015D800199C1F8140B0199D1F8000B40F0802054
S31508015D90C1F8000BFFE700208DF81700FFE79DF813
S31508015DA0170006B07047000084B00390029103986B
S31508015DB0019002980078009002984078012820D135
S31508015DC0FFE70198009900EB4111D1F8000920F489
S31508015DD00010C1F8000902980079032805D0FFE7E9
S31508015DE00298007902280BD1FFE70198009900EB88
S31508015DF04111D1F8000940F08050C1F80009FFE7C8
S31508015E001FE00198009900EB4111D1F8000B20F42D
S31508015E100010C1F8000B02980079032805D0FFE7A6
S31508015E200298007902280BD1FFE70198009900EB47
S31508015E304111D1F8000B40F08050C1F8000BFFE783
S31508015E40FFE7002004B0704784B0039002910398DD
S31508015E50019002980078009002984078012822D192
S31508015E60FFE70198009900EB4110D0F80009C00F2F
S31508015E7070B9FFE7009858B1FFE70198009900EB60
S31508015E804111D1F8000920F08040C1F80009FFE767
S31508015E900198009900EB4111D1F8000940F400106E
S31508015EA0C1F8000921E00198009900EB4110D0F8EA
S31508015EB0000BC00F70B9FFE7009858B1FFE70198CA
S31508015EC0009900EB4111D1F8000B20F08040C1F890
S31508015ED0000BFFE70198009900EB4111D1F8000B7F
S31508015EE040F40010C1F8000BFFE7002004B070472A
S31508015EF080B588B0079006918DF817200798049009
S31508015F0006980078039006984078012840F0248185
S31508015F10FFE706980069F8B9FFE70498039900EBCB
S31508015F204111D1F810096FF3DC40C1F81009049842
S31508015F30039900EB4111D1F8100940F40020C1F88A
S31508015F4010090498039900EB4111D1F810096FF370
S31508015F501200C1F8100971E00498039900EB411188
S31508015F60D1F810096FF31200C1F8100904980399C2
S31508015F7000EB4111D1F810096FF3DC40C1F81009A3
S31508015F800398A8B9FFE7069881680069884204D989
S31508015F90FFE7069988680861FFE70498039900EB0B
S31508015FA04111D1F8100940F40020C1F8100937E071
S31508015FB006988168006908440138B0FBF1F0ADF82C
S31508015FC00A00BDF80A100020C1F6F87000EAC142BD
S31508015FD00498039900EB4111D1F810091043C1F84F
S31508015FE0100906980079012819D1FFE70498039941
S31508015FF000EB4111D1F8100920F0C040C1F8100991
S31508016000BDF80A0000F003020498039900EB411158
S31508016010D1F8100940EA4270C1F81009FFE7FFE715
S31508016020069802696FF3DF420498039900EB411160
S31508016030D1F810091043C1F81009FFE79DF81700B8
S3150801604001283BD1FFE70698C06948B1FFE70698E2
S31508016050C0690499039A01EB4211C1F81409FFE7D3
S315080160600698007901281ED1FFE70498D0F8080898
S31508016070C00500280BD4FFE70498039900EB4111EA
S31508016080D1F8000940F00050C1F800090AE0049867
S31508016090039900EB4111D1F8000940F08050C1F88D
S315080160A00009FFE7FFE70498039900EB4111D1F8CE
S315080160B0000940F00440C1F800094CE0049803992E
S315080160C000EB4111D1F8000940F00440C1F800097C
S315080160D006980079012813D0FFE70698006970B180
S315080160E0FFE70698007800F00F01012000FA01F297
S315080160F00499D1F834081043C1F83408FFE729E0B8
S315080161000498D0F80808C00500280BD4FFE70498BE
S31508016110039900EB4111D1F8000940F00050C1F88C
S3150801612000090AE00498039900EB4111D1F8000926
S3150801613040F08050C1F80009FFE70798069BD96827
S315080161401A781B8A9DF817C0EE46CEF800C000F0F3
S31508016150BFFCFFE7FFE7C4E00498039900EB411190
S31508016160D1F8100B6FF31200C1F8100B04980399BC
S3150801617000EB4111D1F8100B6FF3DC40C1F8100B9D
S31508016180039818BBFFE70698006920B1FFE706994F
S3150801619088680861FFE70699886808620698026AAE
S315080161A06FF3DF420498039900EB4111D1F8100B04
S315080161B01043C1F8100B0498039900EB4111D1F86B
S315080161C0100B40F40020C1F8100B49E0069800694D
S315080161D0C0B9FFE7069882686FF3DF42049803990E
S315080161E000EB4111D1F8100B1043C1F8100B0498BC
S315080161F0039900EB4111D1F8100B40F40020C1F8C6
S31508016200100B2CE006988168006908440138B0FB38
S31508016210F1F0ADF80A0006998868BDF80A205043DE
S315080162200862BDF80A100020C1F6F87000EAC142FA
S315080162300498039900EB4111D1F8100B1043C1F8EA
S31508016240100B0698026A6FF3DF420498039900EB74
S315080162504111D1F8100B1043C1F8100BFFE7FFE706
S315080162609DF8170001280ED1FFE70698C06848B1C6
S31508016270FFE70698C0680499039A01EB4211C1F831
S31508016280140BFFE7FFE70698007901281ED1FFE7FF
S315080162900498D0F80808C00500280BD4FFE704982D
S315080162A0039900EB4111D1F8000B40F00050C1F8F9
S315080162B0000B0AE00498039900EB4111D1F8000B91
S315080162C040F08050C1F8000BFFE7FFE704980399F7
S315080162D000EB4111D1F8000B40F00440C1F8000B66
S315080162E0FFE7002008B080BD87B006900591002021
S315080162F004908DF80B000698019006988068C0F303
S31508016300401000900598407801283DD1FFE7019893
S315080163100599097800EB4110D0F80009C00F90B330
S31508016320FFE701980599097800EB4111D1F80009B1
S3150801633040F00060C1F8000901980599097800EB59
S315080163404111D1F8000940F08040C1F80009FFE782
S315080163500498013004900498B0F5702F04D9FFE72A
S3150801636001208DF80B000DE0FFE7019805990978E2
S3150801637000EB4110D0F8000900F00040B0F1004FE1
S31508016380E6D0FFE7FFE788E00699886920F08000F4
S315080163908861069840690006002808D4FFE7019934
S315080163A0D1F8040840F40070C1F80408FFE7009822
S315080163B0C8B9FFE7FFE70498013004900498B0F5DF
S315080163C0702F04D9FFE701208DF80B0006E0FFE7DF
S315080163D006984069C0060028EDD5FFE70698006AC9
S315080163E003900398FFE700200490FFE70498013023
S315080163F004900498B0F5702F04D9FFE701208DF8B1
S315080164000B0006E0FFE70698406900060028EDD56F
S31508016410FFE701980599097800EB4111D1F8000BBE
S3150801642040F00060C1F8000B01980599097800EB66
S315080164304111D1F8000B40F08040C1F8000B002053
S315080164400490FFE70498013004900498B0F5702F82
S3150801645004D9FFE701208DF80B000BE0FFE701984F
S315080164600599097800EB4110D0F8080B8007002838
S31508016470E8D5FFE701980599097800EB4111D1F8AC
S31508016480080B40F00200C1F8080B0199D1F804087D
S3150801649040F48060C1F80408FFE79DF80B0007B0D7
S315080164A0704700000000000081B0009000998868DC
S315080164B040F001008860002001B07047000000002C
S315080164C083B0019000200090FFE70098013000900A
S315080164D00098B0F1706F04D9FFE703208DF80B001F
S315080164E024E0FFE701980069C00F0028EDD0FFE717
S315080164F000200090019910200861FFE700980130FB
S3150801650000900098B0F1706F04D9FFE703208DF869
S315080165100B000BE0FFE70198006900F01000102856
S31508016520ECD0FFE700208DF80B00FFE79DF80B0084
S3150801653003B070470000000084B00290019100206A
S315080165400090FFE70098013000900098B0F1706F55
S3150801655004D9FFE703208DF80F0026E0FFE702982C
S315080165600069C00F0028EDD0FFE7002000900198D0
S315080165708001203002990861FFE7009801300090F8
S315080165800098B0F1706F04D9FFE703208DF80F006A
S315080165900BE0FFE70298006900F020002028ECD004
S315080165A0FFE700208DF80F00FFE79DF80F0004B004
S315080165B0704700000000000084B003900398029021
S315080165C00298D0F8080800F006000090009820B953
S315080165D0FFE700208DF8070010E00098022804D094
S315080165E0FFE70098062804D1FFE702208DF8070087
S315080165F003E00F208DF80700FFE7FFE79DF8070086
S3150801660004B070470000000081B00090009840690E
S3150801661000F0010001B0704782B001900091009826
S315080166200199486602B0704783B0029002980190BA
S315080166300198D0F8180800900198D0F81C1800980D
S3150801664008400090BDF8000003B070470000000044
S3150801665083B00290029801900198D0F8180800902A
S315080166600198D0F81C18009808400090BDF802005F
S3150801667003B070470000000086B005908DF813102E
S31508016680059803900398D0F8100801900398D0F85C
S315080166903408009000989DF8131001F00F01C840C6
S315080166A000F00101019840EAC110019003989DF894
S315080166B0131000EB4110D0F808090199084002901F
S315080166C0029806B07047000084B003908DF80B104D
S315080166D00398019001989DF80B1000EB4110D0F832
S315080166E0080B00900198D0F81418009808400090FB
S315080166F0009804B07047000082B001900198406983
S31508016700009001988169009808400090009802B0AD
S31508016710704700000000000089B008900791ADF8A5
S315080167201A200898059007980490BDF81A00800861
S315080167300190BDF81A0000F00300ADF80200002030
S315080167400290FFE702980199884217D2FFE7059858
S315080167504FF4805140580499086004980130049018
S31508016760049801300490049801300490049801308B
S315080167700490FFE7029801300290E3E7BDF80200B2
S3150801678008B3FFE70020029005984FF4805140585E
S315080167900390FFE703989DF80810C900C8400499BB
S315080167A00870029801300290049801300490BDF8EF
S315080167B002000138ADF80200FFE7BDF80200002823
S315080167C0E8D1FFE7FFE7049809B070470000000029
S315080167D080B586B004908DF80F10002002900499B8
S315080167E0C86820F0C040C8609DF80F00012823D171
S315080167F0FFE70499C86840F00050C860FFE70A201F
S31508016800EEF786FD02980A300290FFE70498FFF733
S31508016810FBFE014600200129019007D0FFE70299F6
S315080168200020C82938BF01200190FFE70198C00759
S315080168300028E4D1FFE72AE09DF80F0010BBFFE727
S315080168400499C86840F08040C860FFE70A20EEF75F
S315080168505FFD02980A300290FFE70498FFF7D4FE1D
S3150801686001460020009039B1FFE702990020C829A6
S3150801687038BF01200090FFE70098C0070028E5D13E
S31508016880FFE703E001208DF817000CE0FFE7029807
S31508016890C82804D1FFE701208DF8170003E000207E
S315080168A08DF81700FFE79DF8170006B080BD0000B8
S315080168B083B002908DF80710029800900099D1F8DC
S315080168C0000820F4FE60C1F800089DF8070000F0F2
S315080168D07F020099D1F8000840EA0210C1F80008C1
S315080168E0002003B07047000083B002908DF80710AE
S315080168F0029800909DF807200099D1F800081043E6
S31508016900C1F80008002003B070470000000000002D
S3150801691084B0039002918DF807209DF8070002289C
S3150801692040F0B880FFE702984AF6C041C0F2D801A4
S3150801693088420BD3FFE702984EF2BF11C0F2E40179
S31508016940884203D8FFE70F200090A2E002984EF292
S31508016950C011C0F2E40188420BD3FFE7029842F264
S31508016960FF31C0F2F401884203D8FFE70E200090F8
S315080169708EE0029842F20041C0F2F40188420BD33C
S31508016980FFE7029847F27F31C0F20611884203D821
S31508016990FFE70D2000907AE0029847F28031C0F2B5
S315080169A0061188420BD3FFE7029844F69F11C0F2FD
S315080169B01A11884203D8FFE70C20009066E0029876
S315080169C044F6A011C0F21A1188420BD3FFE70298C8
S315080169D042F6FF41C0F23111884203D8FFE70B2086
S315080169E0009052E0029842F60051C0F231118842F5
S315080169F00BD3FFE702984AF23F41C0F24C11884295
S31508016A0003D8FFE70A2000903EE002984AF2404187
S31508016A10C0F24C1188420BD3FFE7029843F2FF51AB
S31508016A20C0F26E11884203D8FFE7092000902AE0D8
S31508016A30029843F20061C0F26E1188420BD3FFE758
S31508016A4002984AF61F31C0F2A611884203D8FFE719
S31508016A500820009016E002984AF62031C0F2A611E5
S31508016A6088420BD3FFE7029844F2FF71C0F2E8119E
S31508016A70884203D8FFE70720009002E0062000902D
S31508016A80FFE7FFE7FFE7FFE7FFE7FFE7FFE7FFE7C7
S31508016A90FFE70AE09DF8070018B9FFE7092000900B
S31508016AA002E009200090FFE7FFE70399C86820F490
S31508016AB07050C860009800F00F020399C86840EA50
S31508016AC08220C860002004B0704700000000000062
S31508016AD080B588B084460A98CDF81CC006918DF811
S31508016AE01720ADF814308DF813000798039006980F
S31508016AF002909DF8130048BBFFE7BDF81400033068
S31508016B008008019000200090FFE7009801998842CB
S31508016B101BD2FFE70298006803999DF8172001EB3D
S31508016B2002314FF48052885002980130029002983F
S31508016B3001300290029801300290029801300290C9
S31508016B40FFE7009801300090DFE7FFE7002008B073
S31508016B5080BD000000000000FFE7FEE7000000001E
S31508016B6080B50EF01DF80EF0E3F880BD00000000B8
S31508016B7080B50EF065F80EF003F90EF03DF980BD0B
S31508016B8080B50EF035F80EF0E7F880BD000000007C
S31508016B9080B50EF07DF80EF007F980BD0000000003
S31508016BA080B50EF09DF80EF013F90EF031F980BD9F
S31508016BB07047826812B10146012010477047F0B547
S31508016BC0ADF5397D64AF0646384614460D46E9F7F4
S31508016BD03DFE02A9384632462B46F560746100949B
S31508016BE002F062FB02200DF5397DF0BD80B58AB051
S31508016BF069460EF018FA0299002818BF00210846BE
S31508016C000AB080BD80B58AB069460EF00CFA0099C3
S31508016C10002818BF002108460AB080BD70B5ADF539
S31508016C20407D62AD04462846E9F710FE00206E460F
S31508016C30E060304629460EF01AFAB6A930460EF03B
S31508016C40F2F918B103200DF5407D70BD6D46B6AE5B
S31508016C50B99B5BB1B698BB99BE9A2165C4E9120284
S31508016C60002021462A469847082806D12846314653
S31508016C700EF0D9F90028EBD0E4E7062802D0092856
S31508016C80E1D0DFE762A869462246002302F0D0F97F
S31508016C900220D8E710B5ADF5387D044664A8E9F7B2
S31508016CA0D5FDE3683BB964A802A92246012302F08F
S31508016CB0BFF9E9F7BFFDD4F814C064A802A92246B2
S31508016CC0CDF800C002F0F0FAE9F7B4FD70B5049CFE
S31508016CD016460529054616D0012908D059BB0F2E97
S31508016CE04FF0020013D893B92846314612E003F053
S31508016CF0FB0001280AD1012B14D10F2E06D82846EC
S31508016D000EF0E2F910E056EA030001D0022070BD48
S31508016D1028468F2122460EF094F9002818BF012033
S31508016D20400070BD1F2EF1D806F58071284622460F
S31508016D300EF062F9F1E7E9F77DFD00002DE9F04F64
S31508016D4081B09A42044680F0E88098468A46002532
S31508016D50EB46202682F003001AF90000571C00288A
S31508016D605FFA80F90ED420460D215A460EF069F9CC
S31508016D700098B9F1400F4FEA890125D20844021D4E
S31508016D8026E000BFA9F180000009052800F2D3809A
S31508016D90DFE800F00362404D246E474580F0CB8062
S31508016DA087F003014FEA09301AF8011080B250EA58
S31508016DB0011300F0C08009F00800971C45EAD005C8
S31508016DC0204600211A4630E001F0FC01401A021F54
S31508016DD0009220460D210EF095F957E009F0FE00C4
S31508016DE0C82840F0A88087F003001AF80010A9F116
S31508016DF0C800B0FA80F040090B0943EA001001F017
S31508016E000F0143181F2B00F2968041EA0040971C98
S31508016E10421C36E009F0070006FA00F0103809F0BE
S31508016E20080140EAC1222046002100232CE0A9F1ED
S31508016E30B001072958D80920DFE801F06D04315D52
S31508016E402D7A7A7A474573D287F003001AF800300B
S31508016E500F2B70D8971CB3E709F00D000D286AD0DF
S31508016E6009F00F0120465A460EF0EBF8009AB0E7F2
S31508016E705FEA09705FD4012109F00700C0F2080131
S31508016E80421820460121052300F058F847453A469D
S31508016E90FFF460AF3FE0204605210022C5E7A94679
S31508016EA000260020474546D287F003011AF901104A
S31508016EB07D1C01F07F0282401643073000292F46C8
S31508016EC0F0D420460D215A460EF0BBF800980D2144
S31508016ED000EB860000F50172204600920EF012F9C9
S31508016EE02F464D462026D1E7012109F00700C0F2B9
S31508016EF0080142180BE087F003001AF80000971CF6
S31508016F0000F00F0100F0F00041EA0030421C204673
S31508016F1001210123B8E7E80709D16A4620460E216F
S31508016F200EF08FF8009A20460F210EF0EBF8082094
S31508016F3001B0BDE8F08F0920FAE700002DE9F0411C
S31508016F4086B01E461546052904465CD001292FD070
S31508016F5000297DD1002E5FD102AA20460D210EF00F
S31508016F6070F8002858D100270DF11408002600BF33
S31508016F7025FA06F0C00714D00298324650F8041BC9
S31508016F8000230290059120460021CDF8008000F0EB
S31508016F9061F8002840D1A6F10D00B0FA80F0400949
S31508016FA007430136102EE3D1F80747D0002034E015
S31508016FB006F0FB0001282FD105AA20460D210EF067
S31508016FC040F848BBA8B2C0B12F0C00EB15450DF12E
S31508016FD0080800BF05983A4600F10801059103C85B
S31508016FE03346CDE9020120460121CDF8008000F0A3
S31508016FF031F888B90137AF42ECD3012E1CD1059877
S31508017000021D05921BE055EA060005D102AA204693
S315080170100D210EF016F818B1022006B0BDE8F08170
S31508017020029A204652F8045B0D2102920EF06AF884
S3150801703020468F212A4604E0059A00E0029A204656
S315080170400D210EF05FF8002818BF01204000E4E783
S31508017050E9F7F0FB70B5049E15460529044617D0D5
S31508017060012909D069BB0F2D4FF0020014D89BB92D
S3150801707032682046294613E003F0FB0001280AD1AD
S31508017080012B14D10F2D06D820460EF01DF810E05D
S3150801709055EA030001D0022070BD326820468F21CF
S315080170A00EF030F8002818BF0120400070BD1F2DD2
S315080170B0F1D8D6E9002305F5807120460EF007F8C8
S315080170C0F0E7E9F7B7FB000083B002908DED010AFE
S315080170D0CDED000A029890ED000A9DED011AB4EE75
S315080170E0410AF1EE10FA04DAFFE7019802990860FD
S315080170F00FE0029890ED000A9DED001AB4EE410AE0
S31508017100F1EE10FA04DDFFE7009802990860FFE73F
S31508017110FFE703B07047000086B005908DF813109D
S31508017120059846F2A811C2F2004188423FD1FFE70D
S315080171309DF81300013801460291072836D80299AD
S31508017140DFE801F0040A10161C22282E40F230202E
S31508017150C2F20040039029E040F23820C2F2004012
S31508017160039023E040F24020C2F2004003901DE064
S3150801717040F24820C2F20040039017E040F2502046
S31508017180C2F20040039011E040F25820C2F20040DA
S3150801719003900BE040F26020C2F20040039005E044
S315080171A040F26820C2F200400390FFE775E00598B7
S315080171B046F24821C2F2004188423FD1FFE79DF8D5
S315080171C01300013801460191072836D80199DFE8ED
S315080171D001F0040A10161C22282E40F2C820C2F219
S315080171E00040039029E040F2D020C2F2004003900B
S315080171F023E040F2D820C2F2004003901DE040F29D
S31508017200E020C2F20040039017E040F2E820C2F203
S315080172100040039011E040F2F020C2F200400390D2
S315080172200BE040F2F820C2F20040039005E040F27C
S315080172300030C2F200400390FFE72DE0059846F2C0
S31508017240E821C2F20041884225D1FFE79DF81300E3
S3150801725001380146009103281CD80099DFE801F09E
S3150801726002080E1440F25830C2F20040039011E0B1
S3150801727040F26030C2F2004003900BE040F2683001
S31508017280C2F20040039005E040F27030C2F20040BD
S315080172900390FFE7FFE7FFE7FFE7039806B07047AC
S315080172A086B005908DF81310059846F2A811C2F21A
S315080172B0004188425BD1FFE79DF81300013801467A
S315080172C002910A2852D80299DFE801F0060C131A2E
S315080172D021272E353C42490040F28020C2F2004067
S315080172E0039043E040F28020C2F20040023003904E
S315080172F03CE040F28020C2F200400430039035E0C1
S3150801730040F28020C2F20040063003902EE040F29F
S315080173107020C2F20040039028E040F27020C2F2C9
S3150801732000400230039021E040F27820C2F200408A
S31508017330043003901AE040F27820C2F20040063089
S31508017340039013E040F28820C2F2004003900DE05A
S3150801735040F28820C2F200400230039006E040F273
S315080173608820C2F2004004300390FFE7C7E0059881
S3150801737046F24821C2F2004188425BD1FFE79DF8F7
S3150801738013000138014601910A2852D80199DFE80C
S3150801739001F0060C131A21272E353C42490040F20A
S315080173A01030C2F20040039043E040F21030C2F2BE
S315080173B00040023003903CE040F21030C2F2004037
S315080173C00430039035E040F21030C2F20040063036
S315080173D003902EE040F20830C2F20040039028E004
S315080173E040F20830C2F200400230039021E040F238
S315080173F00830C2F20040043003901AE040F2083027
S31508017400C2F200400630039013E040F21830C2F28F
S31508017410004003900DE040F21830C2F200400230FD
S31508017420039006E040F21830C2F20040043003909F
S31508017430FFE763E0059846F2E821C2F20041884277
S315080174405BD1FFE79DF813000138014600910A2830
S3150801745052D80099DFE801F0060C131A21272E35B8
S315080174603C42490040F28030C2F20040039043E0BA
S3150801747040F28030C2F20040023003903CE040F214
S315080174808030C2F200400430039035E040F280308B
S31508017490C2F20040063003902EE040F27830C2F284
S315080174A00040039028E040F27830C2F200400230F2
S315080174B0039021E040F27830C2F200400430039094
S315080174C01AE040F27830C2F200400630039013E029
S315080174D040F28830C2F2004003900DE040F2883055
S315080174E0C2F200400230039006E040F28830C2F250
S315080174F0004004300390FFE7FFE7FFE7FFE7039843
S3150801750006B070470000000087B08DED060ACDED84
S31508017510050A8DED041A039002919DED060A9DED6B
S31508017520052A30EE420A9DED041A31EE421A80EE22
S31508017530010A8DED010A9DED011A02990398091AAE
S3150801754000EE101AB8EEC02A00EE100AB8EEC00A0C
S31508017550A1EE020ABDEEC00A8DED000A009807B039
S31508017560704700000000000083B0029001918DF879
S315080175700320FFE70198411E019198B1FFE79DF8A5
S31508017580030002994A1C0292097848408DF80200C4
S315080175909DF8021047F21000C0F60200405C8DF813
S315080175A00300E7E79DF8030003B0704700000000F9
S315080175B080B58AB009908DF823108DF822208DF8B0
S315080175C0213046F67651C2F2004106910420088020
S315080175D046F67451C2F20041082008809DF823003E
S315080175E0099908739DF82200099948739DF82100A5
S315080175F0099988730999002008749DF82100E8F70C
S3150801760011FF09994861099840699DF82110E9F720
S3150801761053F8069800889DF821104843E8F702FFB9
S315080176200699099A90610998806909889DF8212027
S315080176305143E9F763F8069800889DF821104843F5
S31508017640E8F7F0FE0699099AD0610998C069098890
S315080176509DF821205143E9F751F8069800889DF8CD
S3150801766023104843E8F7DEFE0699099A106209983D
S31508017670006A09889DF823205143E9F73FF89DF8E8
S315080176802100E8F7CFFE099948620998406A9DF8F2
S315080176902110E9F711F8069800889DF82310484348
S315080176A0E8F7C0FE0699099A1060099800680988E2
S315080176B09DF823205143E9F721F8069800889DF89B
S315080176C021104843E8F7AEFE0699099A50600998D1
S315080176D0406809889DF821205143E9F70FF8069873
S315080176E000889DF822104843E8F79CFE0699099AF6
S315080176F090600998806809889DF822205143E8F727
S31508017700FDFF069800889DF823104843E8F78AFE8E
S315080177100699099AC2F8E8000998D0F8E800098894
S315080177209DF823205143E8F7E9FF099A02F1300051
S31508017730117BD2F8E830012207920DF0C9FD0698AF
S3150801774000889DF823104843E8F76CFE0699099AC4
S31508017750C2F8EC000998D0F8EC0009889DF82320B6
S315080177605143E8F7CBFF079A099B03F13800197BC8
S31508017770D3F8EC300DF0ACFD9DF8220010B3FFE70D
S3150801778046F67650C2F20040059000889DF8221010
S315080177904843E8F747FE0599099AC2F8F00009989F
S315080177A0D0F8F00009889DF822205143E8F7A6FF92
S315080177B0099A02F14000517BD2F8F03001220DF00E
S315080177C087FDFFE746F67650C2F20040049000882E
S315080177D09DF821104843E8F725FE0499099AC2F84D
S315080177E0F4000998D0F8F40009889DF8212051433E
S315080177F0E8F784FF099A02F14800917BD2F8F43040
S3150801780001220DF065FD049800889DF82310484370
S315080178104843E8F707FE0499099AC2F8F800099857
S31508017820D0F8F80009889DF8232051435143E8F719
S3150801783065FF099901F150000A7BD1F8F830114624
S315080178400DF046FD049800889DF8231048434843E7
S31508017850E8F7E8FD0499099AC2F8FC000998D0F8F6
S31508017860FC0009889DF8232051435143E8F746FF58
S31508017870099901F158000A7BD1F8FC3011460DF03F
S3150801788027FD049800889DF8231048434843E8F7E4
S31508017890C9FD01460498099AC2F8001100889DF8A5
S315080178A0231048434843E8F7BDFD0499099AC2F8ED
S315080178B004010998D0F8000109889DF8232051434D
S315080178C05143E8F71BFF04990998D0F80401098880
S315080178D09DF8232051435143E8F710FF099901F117
S315080178E060000A7BD1F8003111460DF0F1FC0999C7
S315080178F001F168000A7BD1F8043111460DF0E8FC64
S315080179009DF8220040B3FFE746F67650C2F20040E2
S31508017910039000889DF8231048439DF82210484398
S31508017920E8F780FD0399099AC2F808010998D0F881
S31508017930080109889DF8232051439DF822205143C7
S31508017940E8F7DCFE099B03F17000197B5A7BD3F833
S3150801795008310DF0BDFCFFE746F67650C2F200404D
S31508017960019000889DF8211048439DF8231048434B
S31508017970E8F758FD01460198099AC2F80C110088E2
S315080179809DF8231048439DF821104843E8F74AFD1E
S315080179900199099AC2F810010998D0F80C010988C9
S315080179A09DF8212051439DF823205143E8F7A6FE6F
S315080179B001990998D0F8100109889DF823205143A7
S315080179C09DF821205143E8F799FE099B03F17800B8
S315080179D01A7B997BD3F80C310DF07AFC099B03F1DC
S315080179E08000197B9A7BD3F810310DF071FC019850
S315080179F000889DF8231048434843E8F713FD019989
S31508017A00099AC2F814010998D0F8140109889DF851
S31508017A10232051435143E8F771FE099901F1880082
S31508017A200A7BD1F8143111460DF052FC01980088F1
S31508017A309DF8211048434843E8F7F4FC0199099A4F
S31508017A40C2F818010998D0F8180109889DF821206B
S31508017A5051435143E8F752FE099901F190008A7B97
S31508017A60D1F8183111460DF033FC019800889DF8BC
S31508017A70231048439DF821104843E8F7D3FC0199A0
S31508017A80099AC2F81C010998D0F81C0109889DF8C1
S31508017A90232051439DF821205143E8F72FFE099BE6
S31508017AA003F19800197B9A7BD3F81C310DF010FC71
S31508017AB0019800880999097B48434843E8F7B2FCCD
S31508017AC001460198099AC2F8201100880999097B8B
S31508017AD048434843E8F7A6FC01460198099AC2F8C3
S31508017AE0241100880999097B48434843E8F79AFC19
S31508017AF001460198099AC2F8281100880999097B53
S31508017B004843E8F78FFC01460198099AC2F82C11F7
S31508017B1000880999097B4843E8F784FC0999C1F863
S31508017B203001099901F1A0000A7BD1F820311146EB
S31508017B300DF0CEFB099901F1A8000A7BD1F8243191
S31508017B4011460DF0C5FB099901F1B0000A7BD1F880
S31508017B50283111460DF0BCFB099A02F1B800117BD8
S31508017B60D2F82C31012202920DF0B2FB029A099B3E
S31508017B7003F1C000197BD3F830310DF0A9FB09993F
S31508017B80002081F82800099981F82900099981F8C6
S31508017B902A00099981F82B00099981F82C000AB065
S31508017BA080BD00000000000080B582B001900198F8
S31508017BB090F82A00002872D1FFE7019901F17800AF
S31508017BC080310DF053FE019981F8C8000199B1F889
S31508017BD07800A1F8A8000199B1F85A00A1F8AA00FD
S31508017BE0019A02F1780002F15801A8320DF0DEFC83
S31508017BF0019981F8C8000199B1F8A800A1F8B00067
S31508017C000199B1F88200A1F8B200019A02F1A8001F
S31508017C1002F18001B0320DF0C9FC019981F8C80062
S31508017C200199B1F89000A1F8A0000199B1F8920064
S31508017C30A1F8A200019A02F1B00002F19001A03266
S31508017C400DF0F0FA019981F8C800019901F1A00037
S31508017C50B0310DF041FB019981F8C8000199B1F8DD
S31508017C605800A1F8A8000199B1F88200A1F8AA0064
S31508017C70019A02F1580002F18001A8320DF096FC32
S31508017C80019981F8C800019A02F1A80002F1B00130
S31508017C9098320DF08BFC019981F8C800FFE702B014
S31508017CA080BD00000000000084B002900191ADF88B
S31508017CB00220029828B9FFE74FF6FF70ADF80E00CB
S31508017CC021E0FFE70198411E0191B8B1FFE702984B
S31508017CD0411C029100788DF80100BDF802109DF84B
S31508017CE001004840C2B246F68030C0F6020030F8BC
S31508017CF0120080EA1120ADF80200E3E7BDF80200A0
S31508017D00ADF80E00FFE7BDF80E0004B0704700009D
S31508017D1080B582B001900091019942F69020C2F295
S31508017D20004041F65812104404F0A2F802B080BD92
S31508017D3083B002900191ADF8022003B070470000AC
S31508017D4080B582B00190ADF80210019942F69020F3
S31508017D50C2F2004041F64862104408F019FC02B02C
S31508017D6080BD00000000000080B584B00390029138
S31508017D70039800F025F90398D0F8CC0030B1FFE755
S31508017D800398D0F8CC2002999047FFE7039801F0B1
S31508017D909BF80398D0F8D00030B1FFE70398D0F8E4
S31508017DA0D02002999047FFE7039800F075FF0398E2
S31508017DB0D0F8D40030B1FFE70398D0F8D42002995F
S31508017DC09047FFE70398007C20B9FFE70398C07B3B
S31508017DD000BBFFE70398FFF7E7FE0398D0F8D80042
S31508017DE030B1FFE70398D0F8D82002999047FFE70A
S31508017DF0039800F0F9FE0398D0F8DC0030B1FFE7EC
S31508017E000398D0F8DC2002999047FFE7039800F021
S31508017E1077FA1BE0039BD3F8E800D3F8EC1046F693
S31508017E207652C2F20042009212881B7B5A43E8F747
S31508017E3011FC009A039BD3F8F800D3F8FC101288BA
S31508017E401B7B5A435A43E8F705FCFFE70398D0F82A
S31508017E50E00030B1FFE70398D0F8E0200299904797
S31508017E60FFE700208DF80700FFE79DF80700039953
S31508017E70097B88422CDAFFE70398D0F8F8209DF8A9
S31508017E800710037B11FB031302EB830292ED000A31
S31508017E90006A00EB810090ED001AB4EE410AF1EE9A
S31508017EA010FA0EDAFFE7039B186A9DF8072050F8C7
S31508017EB02200D3F8F8101B7B12FB032241F822009B
S31508017EC0FFE7FFE79DF8070001308DF80700CCE7CB
S31508017ED0039B1868D3F8E81046F67652C2F20042B8
S31508017EE012881B7B5A43E8F7B5FB0398D0F8E400E0
S31508017EF030B1FFE70398D0F8E42002999047FFE7ED
S31508017F000398006804B080BD80B582B00190ADF8D1
S31508017F100210019942F69020C2F2004041F6581229
S31508017F20104403F0E9FF02B080BD00000000000024
S31508017F3080B584B00390029100208DF8070003985C
S31508017F4020B1FFE70298022801D8FFE70FE003985E
S31508017F5002990139FF22FFF707FB8DF807009DF803
S31508017F600700039A0299114401F8010CFFE704B0CE
S31508017F7080BD00000000000080B582B00190ADF818
S31508017F800210BDF80200192816D1FFE742F684202F
S31508017F90C2F20040E9F750FD40F20840C2F2004043
S31508017FA080ED000A019942F69020C2F2004000F5E0
S31508017FB0C85002F041FEFFE702B080BD0000000094
S31508017FC080B582B001900198C07B20B1FFE7019886
S31508017FD001F0A2F816E0019BD3F8F400596846F6B9
S31508017FE07652C2F20042009212889B7B5A43E8F706
S31508017FF031FB0099019A50680988927B5143E8F749
S315080180007DFBFFE7019BD3F8F000996846F67652A7
S31508018010C2F2004212885B7B5A43E8F71BFB02B0A7
S3150801802080BD00000000000080B546F65850C2F237
S3150801803000400168013101600068B0F5FA6F07D99F
S31508018040FFE746F67851C2F2004101200870FFE7C2
S3150801805042F69020C2F2004005F0BEFD46F6785081
S31508018060C2F200400078C00700286DD0FFE742F64B
S315080180700020C2F20040017801310170007802281F
S315080180800DD1FFE742F69020C2F2004005F084FDCB
S3150801809042F60021C2F2004100200870FFE7F8F716
S315080180A0CBFA42F60420C2F20040016801310160B0
S315080180B042F60C22C2F2004211680131116042F601
S315080180C00822C2F2004211680131116000680528D0
S315080180D00FD1FFE740F2A840C2F20040F9F748F88D
S315080180E0F9F742F842F60421C2F20041002008607D
S315080180F0FFE742F60C20C2F20040006864280DD161
S31508018100FFE742F69020C2F2004006F039FB42F63C
S315080181100C21C2F2004100200860FFE742F6082060
S31508018120C2F20040006844280DD1FFE742F69020CC
S31508018130C2F2004006F0C8FA42F60821C2F200412E
S3150801814000200860FFE7FFE780BD0000000000008F
S3150801815080B584B0039002910020ADF8060003981B
S3150801816020B1FFE70298022801D8FFE717E0039834
S31508018170029902394FF6FF72FFF796FDADF8060030
S31508018180BDF80600039A0299114401F8020C9DF8FC
S315080181900700039A0299114401F8010CFFE704B09C
S315080181A080BD00000000000080B58AB08DED090A87
S315080181B0CDED080A8DED071ACDED061A8DED052AC6
S315080181C0CDED042A039003990120087009980399B3
S315080181D0C1F8B40108980399C1F8B8010798039939
S315080181E0C1F8BC0103994CF67740C3F22B20C1F8BC
S315080181F0D0010399002081F838010399C1F8440197
S31508018200C1F840010399C1F84C01C1F84801049825
S315080182100399C1F8AC019DED060AB7EE001AB4EE52
S31508018220410AF1EE10FA04DDFFE74FF07E500690A1
S31508018230FFE706980399C1F8D40105980399C1F88F
S315080182409001039804300621002200920323FFF7C8
S31508018250AFF9039901F5E27001F5E673012201927E
S3150801826011460DF035F800990198039AD2F8EC30C9
S315080182704FF07E521A60039AD2F8EC205160039AA5
S31508018280D2F8EC209160039AD2F8EC20D160039AD7
S3150801829049F29941C0F60101C2F8D010039A49F68C
S315080182A0C921C0F60101C2F8D410039A49F2313145
S315080182B0C0F60101C2F8D810039A49F2E941C0F69D
S315080182C00101C2F8DC10039981F82E00039981F89F
S315080182D02F000398D0F8040146F68071C0F6020112
S315080182E090220292E8F7B6F9029A0398D0F8FC00B0
S315080182F040F22C01C2F20041E8F7ACF90AB080BDA0
S3150801830080B582B00190019890F82C00B0BBFFE7C8
S315080183100199B1F89800A1F8A8000199B1F87A0075
S31508018320A1F8AA000199B1F8A800A1F8B00001992D
S31508018330B1F85A00A1F8B200019A02F1980002F1C7
S315080183407801A8320DF032F9019981F8C800019A2D
S3150801835002F1A80002F15801B0320DF027F901998E
S3150801836081F8C800019A02F1580002F1B0015032B1
S315080183700DF026FA019981F8C800FFE702B080BD21
S3150801838084B0039002910398019002980090019895
S31508018390407800990870019800780099487004B0EF
S315080183A0704700000000000080B582B00190ADF86A
S315080183B002100199BDF8022042F69020C2F200404F
S315080183C006F0A2F802B080BD80B588B042F69020CA
S315080183D0C2F20040079041F6482108440AF060FDC0
S315080183E0079806F039F8042827D1FFE742F69020C6
S315080183F0C2F2004000F5C85002F07AFAE8B9FFE780
S3150801840042F69020C2F2004006F056F8012814D12F
S31508018410FFE742F69020C2F20040069000F5C850E8
S3150801842004900621059102F04BFA0498059902F089
S3150801843053FA069805F0E4FA25E042F69020C2F2CE
S315080184400040039042F69C61084409F095FF0398A1
S3150801845000F5C85002F04CFA012813D1FFE742F69D
S315080184609020C2F2004041F6486108440AF000FC37
S31508018470012807D1FFE742F69020C2F2004005F035
S31508018480BFFAFFE7FFE742F69020C2F2004041F645
S31508018490486108440AF0ECFBD0B9FFE742F69020A0
S315080184A0C2F20040019042F650110844002102919F
S315080184B004F06EFA0198029941F64822104402F036
S315080184C0EBFC0198029900F5247009F061FD09E0B9
S315080184D042F69020C2F2004041F64861084408F08D
S315080184E0D7F8FFE740F65000C2F2004001680131B3
S315080184F0016090ED000AB8EE400A9FED0B1A20EED6
S31508018500010A9FED0A1A80EE010A0DF0E3FDB2EEAB
S315080185100E1A20EE010A40F64C00C2F2004080ED28
S31508018520000A08B080BD00BFD353FB4100007A445E
S3150801853083B002908DED010A029890ED000A9DED37
S31508018540011A30EE410A8DED000AFFE79DED000A9A
S315080185509FED1D1AB4EE410AF1EE10FA13DDFFE79D
S31508018560029890ED000A9FED1B1A30EE010A80ED84
S31508018570000A029890ED000A9DED011A30EE410AB3
S315080185808DED000AE2E7FFE79DED000A9FED0F1A60
S31508018590B4EE410AF1EE10FA13DAFFE7029890ED0C
S315080185A0000A9FED0B1A30EE010A80ED000A0298C7
S315080185B090ED000A9DED011A30EE410A8DED000A93
S315080185C0E2E703B0704700BF00003443000034C33C
S315080185D00000B4430000B4C380B590B009A9069160
S315080185E081ED060AC1ED050A81ED041AC1ED031AEA
S315080185F081ED022AC1ED012A81ED003A0890089819
S31508018600007880B9FFE70898B2EE040ADFEDD20ACE
S315080186109FEDD21AF7EE001ADFEDD12AB0EE622AE3
S31508018620FFF7C2FDFFE706980999089AC2F8C01133
S3150801863090ED060A089991ED581A30EE410A81ED36
S315080186405B0A90ED050A089991ED591A30EE410A2F
S3150801865081ED5C0A90ED040A089991ED5A1A30EEFB
S31508018660410A81ED5D0A089991ED5B0AB6EE001A99
S3150801867020EE010A90ED002A20EE020A42F61421A4
S31508018680C2F20041059181ED000A089991ED5C0A53
S3150801869020EE010A90ED002A20EE020A42F6182180
S315080186A0C2F20041049181ED000A089991ED5D0A33
S315080186B020EE010A90ED001A20EE010A42F61C206E
S315080186C0C2F20040039080ED000A0898D0F8040130
S315080186D046F68071C0F602019022E7F7BBFF039ABE
S315080186E00499059890ED000AB1EE400A089BD3F863
S315080186F0043183ED010A91ED000AB1EE400A089BA7
S31508018700D3F8043183ED020A92ED000AB1EE400A6C
S31508018710089BD3F8043183ED030A0368DDF820C00A
S31508018720DCF804C1CCF818301368DDF820C0DCF891
S3150801873004C1CCF8203091ED000AB1EE400A089B3D
S31508018740D3F8043183ED090A0B68DDF820C0DCF89B
S3150801875004C1CCF8303092ED000AB1EE400A089B0C
S31508018760D3F8043183ED0D0A0368DDF820C0DCF87F
S3150801877004C1CCF83C301268089BD3F804319A64DA
S315080187800968089AD2F80421D16490ED000AB1EE7D
S31508018790400A0898D0F8040180ED140A0899D1F81E
S315080187A04801D1F84C11084368B9FFE70C980899B4
S315080187B0C1F878010B980899C1F87C010A980899BB
S315080187C0C1F88001FFE70699089890ED5E0A90EDD9
S315080187D0641A90ED703A20EE010A33EE012A80EE12
S315080187E0020A91ED031A21EE031A81EE021A30EEFE
S315080187F0010A80ED5E0A089890ED5F0A90ED641A09
S3150801880090ED703A20EE010A33EE012A80EE020A53
S3150801881091ED021A21EE031A81EE021A30EE010ACF
S3150801882080ED5F0A089890ED600A90ED641A90ED64
S31508018830703A20EE010A33EE012A80EE020A91ED22
S31508018840011A21EE031A81EE021A30EE010A80EDB1
S31508018850600A089890ED5E2A90ED5F0A90ED601A1D
S3150801886020EE000AA2EE020AA1EE010A01F064FA5C
S3150801887042F61020C2F2004080ED000A00208DF871
S315080188801F00FFE79DF81F0002281BDCFFE7089879
S315080188909DF81F1000EB810292ED5E0A42F6102246
S315080188A0C2F2004292ED001A20EE010A806800EB3E
S315080188B0810080ED000AFFE79DF81F0001308DF861
S315080188C01F00DFE7089890ED5B2A90ED5C0A90EDB2
S315080188D05D1A20EE000AA2EE020AA1EE010A01F0D3
S315080188E02BFAB0EE401AB7EE000A80EE011A089884
S315080188F080ED651A42F61020C2F2004090ED001A8A
S3150801890080EE010A089880ED660A089890ED650AD6
S315080189109FEDAE1AB4EE410AF1EE10FA22DAFFE73C
S31508018920089890ED660A9FEDAA1AB4EE410AF1EE8F
S3150801893010FA17DDFFE7089890ED660A9FEDA51A6C
S31508018940B4EE410AF1EE10FA0CDAFFE708990120B4
S3150801895081F839010BE000BF6F12833A8096184BF4
S31508018960000000000899002081F83901FFE70898FE
S3150801897090ED6D0A90ED701A20EE010AD0F81801F3
S3150801898080ED000A089890ED6D0A90ED701A20EEB8
S31508018990010AD0F8180180ED070A089890ED6D0ACA
S315080189A090ED701A20EE010AD0F8180180ED0E0A32
S315080189B0089890ED6D0A90ED701A20EE010AD0F82C
S315080189C0180180ED150A089890ED6E0A90ED701A57
S315080189D020EE010AD0F8180180ED1C0A089890EDDE
S315080189E06E0A90ED701A20EE010AD0F8180180ED92
S315080189F0230A0898D0F81C11D0F8BC010860089819
S31508018A00D0F81C11D0F8BC0108610898D0F81C11DF
S31508018A10D0F8BC0108620899081DFFF7A5F908995D
S31508018A2048680068C1F85001089948684068C1F863
S31508018A305401089948688068C1F858010899486836
S31508018A40C068C1F85C01089948680069C1F8600105
S31508018A50089948684069C1F864010899D1F8AC01D8
S31508018A60C1F86801089890ED542A90ED551A90EDD1
S31508018A70560A90ED573A21EE000AA2EE030A30EEA5
S31508018A80000A21EE011AA2EE021AB0EE002A8DEDB5
S31508018A90012AFFEE000ACDED000AE1EE020A0DF009
S31508018AA01BF9DDED000A9DED012A9FED4B1A8DEDAF
S31508018AB0021A20EE010A089880ED6A0A089890EDD4
S31508018AC0543A90ED554A90ED560A90ED571A20EE14
S31508018AD0010AA3EE040A30EE000A21EE011AA3EEFA
S31508018AE0031AE1EE020A0DF0F7F89DED021A20EEDF
S31508018AF0010A089880ED690A089890ED540A90EDE4
S31508018B00551A90ED563A90ED572A20EE030A91EE42
S31508018B10020AB8EE001A20EE010A0DF047F89DED9B
S31508018B20021A20EE010A089880ED680A089890ED65
S31508018B306A0A90ED771A30EE410A9FED281AB4EECB
S31508018B40410AF1EE10FA07DDFFE70899B1F8D801F5
S31508018B500138A1F8D80116E0089890ED6A0A90ED57
S31508018B60771A30EE410A9FED1E1AB4EE410AF1EE6C
S31508018B7010FA07DAFFE70899B1F8D8010130A1F828
S31508018B80D801FFE7FFE70898B0F9D81100EE101AE7
S31508018B90B8EEC01A90ED6A0A9FED122AA1EE020AF2
S31508018BA080ED6C0A0899D1F8A801C1F8DC01089989
S31508018BB0D1F84821D1F84C01013240F10000C1F841
S31508018BC04821C1F84C0110B080BD00BF9A99993E61
S31508018BD0CDCC1441CDCC2441E12E6542000034436D
S31508018BE0000034C30000B44380B582B001900198F7
S31508018BF090F82B0000284BD1FFE70199B1F87800CE
S31508018C00A1F8B800019901200090A1F8BA00019ACB
S31508018C1002F1780002F13801B8320CF0C7FC0146BE
S31508018C200098019A82F8C810019AB2F84810A2F879
S31508018C30C0100199A1F8C200019A02F1480002F197
S31508018C40B801C0320CF0BCFD01460098019A82F8C1
S31508018C50C810019AB2F89810A2F8B8100199A1F8AB
S31508018C60BA00019A02F1980002F1C001B8320CF07B
S31508018C709DFC019981F8C800019A02F1380002F1B8
S31508018C80B80130320CF0CEFA019981F8C800FFE735
S31508018C9002B080BD0000000080B582B00190019845
S31508018CA090F82900A8BBFFE7019901F16000683136
S31508018CB00CF0DCFD019981F8C800019A02F1600007
S31508018CC002F1500158320CF071FC019981F8C80083
S31508018CD00199B1F85800A1F8A8000199B1F86A00FC
S31508018CE0A1F8AA00019A02F1580002F16801A83216
S31508018CF00CF05CFC019981F8C800019A02F1A80000
S31508018D0002F1880158320CF08DFA019981F8C800F0
S31508018D10FFE702B080BD000080B582B001900198DE
S31508018D2000680090A12858D0FFE7009840F2012179
S31508018D30884212D0FFE7009840F20221884219D0F2
S31508018D40FFE7009840F20521884220D0FFE7009806
S31508018D5040F20621884227D058E0019800F12801FF
S31508018D6042F69020C2F2004042F63C32104408F026
S31508018D708BF94BE0019800F1280142F69020C2F2E6
S31508018D80004042F67842104408F07EF93EE0019828
S31508018D9000F1280142F69020C2F2004042F2104248
S31508018DA0104408F015FE31E042F26070C2F200404C
S31508018DB0E8F742FE42F26470C2F2004080ED000A12
S31508018DC0019800F1280142F69020C2F2004042F2D1
S31508018DD02862104408F0FCFD18E040F2D030C2F2D7
S31508018DE00040E8F729FE40F2F030C2F2004080ED7B
S31508018DF0000A019800F1280142F69020C2F20040CB
S31508018E0042F22862104408F0E3FDFFE702B080BD94
S31508018E1080B582B00190019800680090782843D007
S31508018E20FFE7009840F2411188421CD0FFE70098FD
S31508018E30B0F5BC7F31D0FFE70098B0F5C47F2CD0E0
S31508018E40FFE7009840F29111884226D0FFE7009883
S31508018E50A0F5CB70042820D3FFE7009840F2022141
S31508018E6088420DD027E0019800F1280142F69020AA
S31508018E70C2F2004042F25422104405F0E1FE1AE023
S31508018E80019800F1280142F69020C2F2004042F60C
S31508018E900C22104407F084FE0DE042F69020C2F23F
S31508018EA0004004F0E5FD06E042F69020C2F20040DB
S31508018EB004F0DEFDFFE702B080BD000000000000FF
S31508018EC081B0009001B0704780B582B001900198D9
S31508018ED090F82800002846D1FFE70198407B012831
S31508018EE034DBFFE70199087BA1F8B8000199012055
S31508018EF00090A1F8BA00019A02F1600002F130016E
S31508018F00B8320CF053FB01460098019A82F8C81052
S31508018F10019A117BA2F8C0100199A1F8C200019A21
S31508018F2002F1700002F14001C0320CF03FFB0199D9
S31508018F3081F8C800019A02F1B80002F1C00138327D
S31508018F400CF070F9019981F8C8000BE0019A02F159
S31508018F50600002F1300138320CF028FB019981F8E2
S31508018F60C800FFE7FFE702B080BD0000000000006F
S31508018F7081B08DED000AFFE79DED000A9FED141AF9
S31508018F80B4EE410AF1EE10FA09DDFFE79DED000A9C
S31508018F909FED121A30EE010A8DED000AECE7FFE7A4
S31508018FA09DED000A9FED0B1AB4EE410AF1EE10FA97
S31508018FB009DAFFE79DED000A9FED071A30EE010A6F
S31508018FC08DED000AECE79DED000A01B0704700BF80
S31508018FD0DB0F4940DB0F49C0DB0FC940DB0FC9C0B6
S31508018FE081B08DED000A9DED000AB0EEC00A01B010
S31508018FF0704700000000000082B08DED010A9DED6A
S31508019000010AB5EE400AF1EE10FA05DDFFE79DED1E
S31508019010010A8DED000A06E09DED010AB1EE400A4E
S315080190208DED000AFFE79DED000A02B070470000CA
S315080190302DE9F0478CB00C46014620469A4615465E
S315080190400CF015F801260DF12C080DF1040900BFE5
S315080190501AF001004FF0010718BF022708D03EB9E0
S315080190602A6920464FF0FF310CF04CF84FF0000A00
S3150801907020466FF0010142460BF0E3FF20464946C0
S315080190800BF0D1FF20BB049B7BB101980699099A85
S315080190902965C5E91202384629462246984708280D
S315080190A005D10B98296A884205D0013ED0E70728E1
S315080190B003D009280CD1E7F7BDFB6A4620464FF0D5
S315080190C0FF310BF0BEFF0098286120460BF0F3FF35
S315080190D00CB0BDE8F087000081B041F20400CEF281
S315080190E0000000680090009840F2E831C2F20041A1
S315080190F00968884208D2FFE740F2EC31C2F2004122
S31508019100086801300860FFE7009840F2E831C2F2CA
S315080191100041086001B0704780B584B00390039997
S31508019120002001900874039BD3F8F400596846F6A9
S315080191307652C2F20042009212889B7B5A43E7F7A5
S3150801914089FA0099039A50680988927B5143E7F78F
S31508019150D5FA0099039AD2F818010988927B5143E6
S315080191605143E7F7CBFA0099039AD2F80C0109881B
S31508019170137B927B59435143E7F7C0FA01988DF85F
S315080191800B00FFE79DF80B000399897B884243DAB8
S31508019190FFE70398D0F8F4009DF80B1000EB810067
S315080191A090ED000AB5EE400AF1EE10FA2DD0FFE770
S315080191B0039AD2F8F4109DF80B0051F82000127C9E
S315080191C041F822009DF80B00039A516A127C8854D3
S315080191D0DDF80CC0DCF818009DF80BE050F82E00FD
S315080191E0DCF80C119CF80C209CF81030DCF814C043
S315080191F01CF80EC012FB03C201EB820141F8040CF4
S315080192000399087C01300874FFE7FFE79DF80B0016
S3150801921001308DF80B00B5E700208DF80A00FFE74D
S315080192209DF80A000399097C884216DAFFE7039B31
S31508019230D869596A9DF80A20895C50F82100D3F843
S3150801924018111B7C12FB032241F82200FFE79DF847
S315080192500A0001308DF80A00E2E70399087CA1F8B3
S3150801926078000399087BA1F87A000399087BA1F88D
S3150801927080000399087CA1F882000399087CA1F86B
S3150801928090000399087CA1F892000399087BA1F83C
S3150801929098000399087CA1F89A000399087CA1F81B
S315080192A0480004B080BD00002DE9F0418CB00D46A0
S315080192B0014628461C4616460BF0D9FE02A9284641
S315080192C00BF0B1FE10B10CB0BDE8F081DDF84880B5
S315080192D002AF00BF01200A2132463346CDE90058C4
S315080192E0A0470028EFD1059B8BB1029807990A9AE6
S315080192F03165C6E91202092031462A4698470728E8
S3150801930002D0082803D009E028460BF0D4FE2846E7
S3150801931039460BF088FE0028DCD0D4E70528D2D1DF
S3150801932001201A2132463346CDE90058A047CAE73B
S3150801933080B588B007900691069805900798D0F8E9
S31508019340EC0090ED000A30EE000A42F62420C2F243
S315080193500040019080ED000A0798D0F8EC0090EDE6
S31508019360010A30EE000A42F62820C2F200400290B5
S3150801937080ED000A0798D0F8EC0090ED020A30EE6D
S31508019380000A42F62C20C2F20040039080ED000A42
S315080193900798D0F8EC0090ED030A30EE000A42F681
S315080193A03020C2F20040049080ED000A079BD3F8F2
S315080193B00C0146F67651C2F2004109881A7B9B7B5D
S315080193C059435143E7F79AF9019B029A039904987D
S315080193D091ED000AB1EE400ADDF81CC0DCF80CC1BB
S315080193E08CED000AD0F800C0DDF81CE0DEF80CE1CF
S315080193F0CEF804C093ED000AB1EE400ADDF81CC0B0
S31508019400DCF80CC18CED020AD2F800C0DDF81CE0CC
S31508019410DEF80CE1CEF80CC0D2F800C0DDF81CE08D
S31508019420DEF80CE1CEF818C0D3F800C0DDF81CE070
S31508019430DEF80CE1CEF81CC0D0F800C0DDF81CE05F
S31508019440DEF80CE1CEF820C0D1F800C0DDF81CE04A
S31508019450DEF80CE1CEF824C01B68DDF81CC0DCF888
S315080194600CC1CCF8303092ED000AB1EE400A079AE9
S31508019470D2F80C2182ED0D0A91ED000AB1EE400AEF
S315080194800799D1F80C1181ED0E0A00680799D1F8F0
S315080194900C11C86308B080BD80B584B003900291F1
S315080194A0029801900398D0F8F81040F22C00C2F205
S315080194B000409022E7F7CEF80398D0F81C1140F245
S315080194C06040C2F2004048220092E7F7C3F8009ACA
S315080194D00398D0F80C1140F21840C2F20040E7F7A1
S315080194E0B9F804B080BD000080B588B00790069130
S315080194F006980590079901F1780080310CF0B6F9C4
S31508019500079981F8C8000799B1F87800A1F8A80069
S315080195100799B1F85A00A1F8AA00079A02F178004A
S3150801952002F15801A8320CF041F8079981F8C800F0
S315080195300799B1F8A800A1F8B0000799B1F8820017
S31508019540A1F8B200079A02F1A80002F18001B0322F
S315080195500CF02CF8079981F8C8000799B1F8900022
S31508019560A1F8A0000799B1F89200A1F8A200079AFC
S3150801957002F1B00002F19001A0320BF053FE0799F7
S3150801958081F8C800079901F1A000B0310BF0A4FEDB
S31508019590079981F8C8000798D0F8EC00006842F6E8
S315080195A03423C2F2004318600798D0F8EC004068EB
S315080195B042F63822C2F2004210600798D0F8EC0051
S315080195C0806842F63C21C2F2004108600798D0F84B
S315080195D0EC00D0F80CC042F64020C2F20040C0F8B8
S315080195E000C0DDF81CE0BEF878C0AEF8B8C0DDF8FA
S315080195F01CE04FF0010CAEF8BAC092ED001A90EDDE
S31508019600002A93ED000A91ED003A20EE030A91EE45
S31508019610020A30EE000ADDF81CC0DCF82CC18CED1C
S31508019620000A93ED001A92ED002A91ED000A90EDD9
S31508019630003A20EE030AA1EE020A30EE000ADDF82E
S315080196401CC0DCF82CC18CED010A93ED001A92EDD1
S31508019650000A20EE000A91EE010A91ED001AA1EE28
S31508019660410A90ED001AA1EE010A0798D0F82C01DB
S3150801967080ED020A00208DF81300FFE79DF813001C
S3150801968002281BDCFFE70798D0F82C019DF8131078
S3150801969000EB810090ED000AB0EEC00A0CF0FAF971
S315080196A005989DF8131000EB810080ED610AFFE72C
S315080196B09DF8130001308DF81300DFE70799B1F81B
S315080196C04800A1F8C000079901200290A1F8C2003C
S315080196D0079A02F1480002F1B801C0320CF070F89D
S315080196E001460298079A82F8C810079AB2F8C0107C
S315080196F0A2F8A8100799A1F8AA00079A02F1B000E2
S3150801970002F1C001A8320BF051FF01460298079AEF
S3150801971082F8C8100799A1F8B8000799B1F8C000EE
S31508019720A1F8BA00079901F1C000B8310CF09EF80A
S31508019730079981F8C800079901F1B800A831059A77
S3150801974002F5E2720BF032FF079981F8C800059815
S3150801975090ED730A90ED741AB6EE002A21EE021AFC
S31508019760B4EE410AF1EE10FA05DAFFE70599012090
S3150801977081F83801FFE7059890ED730A90ED741AA0
S31508019780B4EE410AF1EE10FA52DDFFE7059890F8BA
S31508019790380100284CD0FFE7059890F8390168B1DF
S315080197A0FFE70599D1F84021D1F84401013240F18A
S315080197B00000C1F84021C1F8440106E005990020DE
S315080197C0C1F84401C1F84001FFE70598D0F84011F6
S315080197D0D0F84401333970F1000008D3FFE7059941
S315080197E0002081F83801079981F82C001FE0079BB2
S315080197F0D3F8E800D3F8EC1046F67652C2F20042E6
S31508019800019212881B7B5A43E6F724FF019A079BAC
S31508019810D3F8F800D3F8FC1012881B7B5A435A4335
S31508019820E6F718FF0799012081F82C003FE133E09C
S31508019830059890ED730A90ED741A9FED9E2A21EE14
S31508019840021AB4EE410AF1EE10FA15DDFFE70598A2
S3150801985090F8380180B1FFE7059890ED730A90ED0D
S31508019860741A31EE400A9FED942A21EE021A80EE0F
S31508019870010A80ED670A05E005994FF07E50C1F8A7
S315080198809C01FFE705990020C1F84401C1F8400190
S31508019890079981F82C00FFE70799B1F85800A1F854
S315080198A0A8000799B1F88200A1F8AA00079A02F15F
S315080198B0580002F18001A8320BF078FE079981F869
S315080198C0C800079A02F1A80002F1B00198320BF01C
S315080198D06DFE079981F8C80000208DF81200FFE790
S315080198E09DF81200079AB2F89810B2F89A205143D7
S315080198F0884217DAFFE7059890ED671A0798D0F8B6
S315080199001C019DF8121000EB810090ED000A20EE73
S31508019910010A80ED000AFFE79DF8120001308DF873
S315080199201200DDE704208DF81100FFE79DF811000C
S31508019930052832DCFFE700208DF81000FFE79DF8C7
S315080199401000022822DCFFE705989DF8111000EBAC
S31508019950810090ED5D0A9FED5B1A80EE011A07986A
S31508019960D0F81C0101EB41019DF81020114400EBD0
S31508019970810090ED000A20EE010A80ED000AFFE75A
S315080199809DF8100001308DF81000D8E7FFE79DF823
S31508019990110001308DF81100C8E70799B1F8980050
S315080199A0A1F8B80007990120A1F8BA00079A02F1AF
S315080199B0980002F1C001B8320BF0F8FD079981F859
S315080199C0C800059890F8380100285FD0FFE7042001
S315080199D08DF80F00FFE79DF80F00052855DCFFE716
S315080199E00798D0F8BC009DF80F1000EB810090EDA8
S315080199F0000A059890ED701A9FED302A21EE021A99
S31508019A00B4EE410AF1EE10FA11DDFFE7059890ED83
S31508019A10700A9FED2A1A20EE010A0798D0F8BC00B1
S31508019A209DF80F1000EB810080ED000AFFE707980B
S31508019A30D0F8BC009DF80F1000EB810090ED000AEC
S31508019A40059890ED701A9FED1E2A21EE021AB4EEC2
S31508019A50410AF1EE10FA11DAFFE7059890ED700A5E
S31508019A609FED171A20EE010A0798D0F8BC009DF859
S31508019A700F1000EB810080ED000AFFE7FFE79DF874
S31508019A800F0001308DF80F00A5E7FFE70798D0F81A
S31508019A90BC100020C860079A02F1380002F1B8012B
S31508019AA030320BF0BFFB079981F8C800FFE708B011
S31508019AB080BD00BFCDCCCC3D6666663F0AD7233C48
S31508019AC00AD723BCDA0FC93F80B586B00590049141
S31508019AD0049803900598D0F8EC00006842F64423F0
S31508019AE0C2F2004318600598D0F8EC00406842F6C7
S31508019AF04822C2F2004210600598D0F8EC0080684E
S31508019B0042F64C21C2F2004108600598D0F8EC00F3
S31508019B10D0F80CC042F65020C2F20040C0F800C08E
S31508019B2093ED001A92ED000A20EE000AA1EE010A51
S31508019B3091ED001AA1EE010A90ED001AA1EE010AB3
S31508019B4000F0FAF842F65420C2F2004080ED000A0D
S31508019B5000208DF80B00FFE79DF80B0003281ADC9F
S31508019B60FFE742F65420C2F2004090ED001A05982C
S31508019B70D0F8EC009DF80B1000EB810090ED000A7F
S31508019B8020EE010A80ED000AFFE79DF80B0001307F
S31508019B908DF80B00E0E742F64820C2F2004090ED4E
S31508019BA0000A039991ED701A20EE010AB0EE001A27
S31508019BB08DED011A80EE010A0599D1F8001181EDA2
S31508019BC0040A42F64C21C2F2004191ED000A039AB9
S31508019BD092ED702A20EE020A80EE010A059AD2F861
S31508019BE0002182ED050A42F64422C2F2004292EDB4
S31508019BF0000A039B93ED702A20EE420A80EE010AC1
S31508019C00059BD3F8003183ED0A0A42F65023C2F2C6
S31508019C10004393ED000ADDF80CC09CED702A20EE96
S31508019C20020A80EE010ADDF814C0DCF800C18CEDE9
S31508019C300B0A93ED000A039B93ED702A20EE420A64
S31508019C4080EE010A059BD3F8003183ED100A92EDE7
S31508019C50000A039A92ED702A20EE420A80EE010A62
S31508019C60059AD2F8002182ED110A91ED000A0399AD
S31508019C7091ED702A20EE020A80EE010A0599D1F8C3
S31508019C80001181ED160A90ED000A039890ED702AED
S31508019C9020EE420A80EE010A0598D0F8000180ED0F
S31508019CA0170A039890ED751A0598D0F8F80090ED03
S31508019CB01C0A80EE010A80ED1C0A039890ED751ABC
S31508019CC00598D0F8F80090ED230A80EE010A80ED98
S31508019CD0230A0598D0F8F80090ED1C0A9FED141A8E
S31508019CE0B4EE410AF1EE10FA09DDFFE70598D0F85E
S31508019CF0F81044F20000C4F21C600867FFE70598F3
S31508019D00D0F8F80090ED230A9FED091AB4EE410A3E
S31508019D10F1EE10FA0ADDFFE70598D0F8F81044F2DB
S31508019D200000C4F21C60C1F88C00FFE706B080BDD4
S31508019D3000401C460000000084B08DED030A9DED2D
S31508019D40030AB6EE001A20EE010A8DED020A0398FF
S31508019D50019001980090009945F68620C5F637705E
S31508019D60A0EB61000090009801909DED011A9DED10
S31508019D70020A20EE012ABFEE080AA2EE010A20EE27
S31508019D80410A8DED010A9DED010A04B0704762B1E1
S31508019D90884204BF0120704780B540684968E6F7E4
S31508019DA083FEB0FA80F0400980BD40684968401AD0
S31508019DB0B0FA80F04009704781B0009000984FF0E2
S31508019DC0894181600021C4F22541C1600021C16435
S31508019DD0016541658165A0F85C10A0F85E1080F800
S31508019DE0601080F8611001B07047000000000000A3
S31508019DF087B006908DED050ACDED040A8DED031A9F
S31508019E008DF80B108DF80A20CDED011A06980090F1
S31508019E100599C16004998161039941609DF80B1008
S31508019E2080F828109DF80A1080F829100199816098
S31508019E3090F8280070B9FFE7009890ED060A30EE11
S31508019E40000A80ED070A90ED060A20EE000A80ED69
S31508019E50080A20E0009890F8280001281AD1FFE79F
S31508019E60009890ED061AB0EE080A21EE001A80ED68
S31508019E70071A90ED061A21EE000A20EE010A80ED76
S31508019E80080A90ED061A21EE010A20EE010A80ED74
S31508019E90090AFFE7FFE707B0704700000000000066
S31508019EA081B0009000980021017001B07047000050
S31508019EB081B0009000984FF4B671018040F2946128
S31508019EC041804FF0894141600021C4F225418160FA
S31508019ED00021818101B070472DE9F04190B00D460E
S31508019EE0DDE9168101AFCDE90130CDE9032107F19D
S31508019EF010002721E6F702FC01208DF83B0000241B
S31508019F00D8F800000F948669404639462A46012347
S31508019F100094B0470A98012811D0F8B90B99DDE9E0
S31508019F200802069C81F0010180F001000843002126
S31508019F30012A18BF0C46002818BF0C460EE00798E0
S31508019F40012801D1059C09E00B98002430B908982D
S31508019F50012803D10998012808BF059C204610B09D
S31508019F60BDE8F0812DE9F04192B01E46199B0C46D9
S31508019F70002B05D41898D84218BF0024254623E09B
S31508019F80991C4FF000051FD00DF10C08CDE90360AF
S31508019F9008F110002021CDE90523E6F7AFFB4FF0C4
S31508019FA080704FF0010C10903068CDF83CC01195C7
S31508019FB047693046414622462346CDE900C5B8479A
S31508019FC00998012808BF2546284612B0BDE8F08140
S31508019FD02DE9F04192B01D46189B002B27D4C71ACC
S31508019FE00E468F424FF0000422DB0DF10C0808F1F2
S31508019FF010002021CDE90357CDE90523E6F77EFBBD
S3150801A0004FF080704FF0010C10902868CDF83CC0D5
S3150801A0101194D0F814E02846414632463346CDE934
S3150801A02000C4F047099C002C18BF3C4600E00024F8
S3150801A030204612B0BDE8F0810A6852F8083C194476
S3150801A040016052F8041CC0E9011370470AF0B3BA5B
S3150801A05080B5AFF300800821BDE880400AF025BB32
S3150801A06080B5AFF300800C21BDE880400AF01DBB26
S3150801A07003C844F64E42C0F24302000A82EA11229C
S3150801A08040EA016042F62B31C4F24371484010435D
S3150801A090B0FA80F04009704742F2E071C2F200411D
S3150801A0A0884238BFE6F7EDB901F50071884201D259
S3150801A0B002F072BBE6F7E5B910B582B0044601288D
S3150801A0C04FF0000098BF0124019001A808212246FB
S3150801A0D0E6F7FCFB019810B9204602F007FC02B02E
S3150801A0E010BD00002DE9F04F8DB00F461821984696
S3150801A0F091468246E6F702FB03205FEAC77B8AF8A8
S3150801A100180008D1B80740F18B8107F00C000C281C
S3150801A11005D1022026E017F00E0F40F08181169D29
S3150801A1202846FCF763FDE0B10646CAF80C00002094
S3150801A1300C900CAC284600210F2200230094FCF752
S3150801A140C5FD0C9C2846FCF75DFD16F8011B054666
S3150801A150FF290C9609D00CA800F0B4F90C9E0790BB
S3150801A16004E008208AF818005AE1079516F8012B29
S3150801A17024F00100E943FF2A4FF000020C960597E7
S3150801A1800BD0002316F9015B05F07F0494402343A5
S3150801A190002D02F10702F5D4F218CDF818A000EB4C
S3150801A1A0010A711C0C913678CDE90892002000222B
S3150801A1B0CDE903B811F9013B03F07F0585402A4330
S3150801A1C0002B00F10700F5D401EB020B0BAD0C9146
S3150801A1D00B9100BF594524D22846314600F072F941
S3150801A1E081462846314600F06DF9804628463146B3
S3150801A1F000F068F90B990023002200BF11F9014B01
S3150801A20004F07F079F403A43002C03F10703F5D476
S3150801A210D1450B9103D808EB09039A4505D3CA45DD
S3150801A220D8D20898049900F03FF9002800F0B580C3
S3150801A2300799002A08440699086100F0B1800BEBDA
S3150801A2400200DDF810B0A0F101080BF158004FF03B
S3150801A250000A4FF0FF36079000210020C14600BFD3
S3150801A26019F9012B02F07F038B401843002A01F1EB
S3150801A2700701F5D4D2B206FA01F32029064638BFFA
S3150801A2801E433F2A98BF0646012E37DB0998002848
S3150801A29000F0C980A0EB86000168002900F08680DD
S3150801A2A0006800BF002800F081800546089810B3B1
S3150801A2B0584603C800BF44F64762C4F24C325140BF
S3150801A2C042F60132C4F22B3250400843079808BFC0
S3150801A2D05BF8240C00280A9000F0A9805BF8201C82
S3150801A2E0002900F0A48028680AAA03692846984725
S3150801A2F0002840F08480504630E000BFB6FA86F068
S3150801A300400940EA0A004EB3059911F0080125D122
S3150801A310089800284AD0584603C800BF44F6476241
S3150801A320C4F24C32514042F60132C4F22B3250404B
S3150801A3300843079C08BF5BF8244C002C77D05BF8D0
S3150801A340203C002B73D0F517099A30462946CDE9EA
S3150801A350004B00F08FF90028504659D10022002100
S3150801A3604B4600BF13F9016B06F07F079740394347
S3150801A370002E02F10702F5D4F3B24FF0FF3606FAC2
S3150801A38002F7202A0A4638BF3A433F2B98BF0A46A6
S3150801A3904AB309EB020882465EE7069908203EE0C1
S3150801A3A0039A0820002A08BF062038E0069CF01701
S3150801A3B0C4E900605846C4F8088003C800BF44F6DB
S3150801A3C04762C4F24C32514042F60132C4F22B3292
S3150801A3D05040084304BF5BF8240C07900798606156
S3150801A3E0062020761CE00821C00718BF0621059A19
S3150801A3F00820920758BF01460698017610E006998B
S3150801A400F017C1E900600A98C1F80880486105E0BB
S3150801A4100699C1E90065C1F808804C6106200876ED
S3150801A4200DB0BDE8F08F0898594600F03DF858463A
S3150801A4300AF0C8F95BF8140C0AF0BEF810B5044620
S3150801A44028300AF0BFF960690AF0B6F8F0B583B0AA
S3150801A45015460C46029002AE08460021002200234A
S3150801A46000960027FCF7F6FD286800210290204691
S3150801A470012200230096FCF7EDFD2D6920460021F7
S3150801A4800F22002302970096FCF720FC0298002170
S3150801A49000F001002843029020460F22002300966F
S3150801A4A0FCF7D8FD03B0F0BDB0B5054608460C4625
S3150801A4B00AF088F91DB154F8140C0AF07DF80AF06F
S3150801A4C0DDF8000070B5FF291CD001F00F020C2A37
S3150801A4D000F29380D0F800C0DFE802F065532F0739
S3150801A4E0178F8F8F8F38280717009CF800209CF844
S3150801A4F002309CF803609CF8015043EA062342EABD
S3150801A50005225CE04FF0000E75E09CF800209CF8EF
S3150801A51002309CF803609CF8015043EA062342EA9C
S3150801A520052242EA034E0CF108064CE09CF901208B
S3150801A5309CF8003043EA022E05E09CF800209CF8BE
S3150801A540013042EA032E0CF102063CE00023002208
S3150801A550664600BF16F9014B04F07F059D402A4364
S3150801A560002C03F10703F5D44FF0FF359646E4B204
S3150801A5709D40202B38BF4EEA050E3F2C98BF9646C4
S3150801A58021E000224FF0000E664600BF16F9013B96
S3150801A59003F07F0494404EEA040EB3F1FF3F02F143
S3150801A5A00702F3DD0FE09CF800209CF802309CF8C6
S3150801A5B003509CF8014043EA052342EA042242EA91
S3150801A5C0034E0CF10406C1F302123AB1032A05D06F
S3150801A5D0012A12D1BEF1000F0AD0E644BEF1000FDE
S3150801A5E006D049B2B1F1FF3FD8BFDEF800E001E07D
S3150801A5F04FF0000E0660704670BDE6F71BF910B500
S3150801A6000AF056FAD0F808E0BEF1000F25D07146D7
S3150801A61051F828CF44F64E424B68C0F2430282EA0B
S3150801A62013244FEA1C2242EA036242F62B33C4F290
S3150801A63043735A4022430CD1DEF82420013ACEF85E
S3150801A640242008D1DEF8202082600020CEF82000E0
S3150801A65001E000228260084610BD0AF00FF80128C1
S3150801A66003D101F158000AF0C1B980B551F8140CAB
S3150801A67009F0A2FF2DE9F04182B0E2B1DDF82080B0
S3150801A680C0431C4602EB800001AD00BF076867B1F5
S3150801A690061D006800BF01682A460B692146CDF8E8
S3150801A6A00480984700283046F0D0B7FA87F0400969
S3150801A6B002B0BDE8F08109980AF084F809F0DEFFD6
S3150801A6C081B000900098002101614161816101B06A
S3150801A6D0704700000000000081B00090009890EDDE
S3150801A6E0110A01B07047000081B00090009890ED02
S3150801A6F0120A01B07047000081B00090009890EDF1
S3150801A7000F0A01B07047000081B00090009890EDE3
S3150801A710100A01B07047000081B00090009890F8C7
S3150801A7204C0001B07047000081B00090009890F885
S3150801A7304D0001B07047000081B00090009890F874
S3150801A7404E0001B07047000081B00090009890F863
S3150801A7504F0001B07047000086B005900491ADF82E
S3150801A7600E20ADF80C30BDF80C0001460291F02818
S3150801A77006D0FFE7029840F20F71884216D02BE007
S3150801A780BDF80E0001460191F02806D0FFE70198B1
S3150801A79040F20F71884204D007E00499002008703E
S3150801A7A003E0049907200870FFE715E0BDF80E00DD
S3150801A7B001460091F02806D0FFE7009840F20F7194
S3150801A7C0884204D007E004990820087003E0049938
S3150801A7D006200870FFE7FFE706B070470000000093
S3150801A7E010B59EB007902698059025980190249853
S3150801A7F002902398039022980690DDF884C0209849
S3150801A800CDF860C017901693159214910DF1670053
S3150801A81014A911220492E5F7D8FEDDF804C0029BBB
S3150801A8200399049ADDF814E00698CDF838E0CDF8D6
S3150801A83034C00C930B910A900DF13F000AA9E5F774
S3150801A840C4FE07980990099808901A986FF3DF20B3
S3150801A85010996FF3DF21884228D1FFE71A98C0F3D0
S3150801A860CA201099C1F3CA2188421FD1FFE71A9855
S3150801A8701B99800D40EA81206FF3DF201099119A08
S3150801A880890D41EA82216FF3DF2188420ED1FFE764
S3150801A8901B98C0F34A001199C1F34A01884205D1B0
S3150801A8A0FFE70899002081F83B0004E00899012098
S3150801A8B081F83B00FFE71EB010BD00000000000054
S3150801A8C082B001908DF8031001999DF8030081F873
S3150801A8D04C0002B07047000082B001908DF8031059
S3150801A8E001999DF8030081F84E0002B070470000F7
S3150801A8F081B00090009890F83A0001B070470000C6
S3150801A90087B006900591ADF81220ADF81030BDF864
S3150801A910100001460391F0280CD0FFE7039840F296
S3150801A920FF31884246D0FFE7039840F20F7188420B
S3150801A93020D05FE0BDF8120001460291F0280CD044
S3150801A940FFE7029840F2FF3188420ED0FFE70298EE
S3150801A95040F20F71884204D00BE005990020087077
S3150801A96007E005990420087003E00599012008709D
S3150801A970FFE73FE0BDF8120001460191F0280CD02F
S3150801A980FFE7019840F2FF3188420ED0FFE70198B0
S3150801A99040F20F71884204D00BE005990220087035
S3150801A9A007E005990620087003E005990520087057
S3150801A9B0FFE71FE0BDF8120001460091F0280CD010
S3150801A9C0FFE7009840F2FF3188420ED0FFE7009872
S3150801A9D040F20F71884204D00BE0059902200870F5
S3150801A9E007E005990420087003E00599032008701B
S3150801A9F0FFE7FFE707B070472DE9F043A7B02690B8
S3150801AA00269811900168D1F88430D1F88820D1F8B8
S3150801AA108CC0D1F890E0C0F818E0C0F814C0026103
S3150801AA20024642F80C3F099291F8941001770168A1
S3150801AA30843125912599D1F801106FF3DF2100EEB4
S3150801AA40101AB8EEC00A90ED012A90ED021A30EEFE
S3150801AA50420A80EE010A80ED0F0A2599D1F8011004
S3150801AA60C1F3CA2100EE101AB8EEC00A90ED012A08
S3150801AA7090ED021A30EE420A80EE010A80ED100AC4
S3150801AA80259AD2F80110D2F80520890D41EA8221CA
S3150801AA906FF3DF2100EE101AB8EEC00A90ED012A15
S3150801AAA090ED021A30EE420A80EE010A80ED110A93
S3150801AAB02599D1F80510C1F34A0100EE101AB8EE2E
S3150801AAC0C00A90ED012A90ED021A30EE420A80EE94
S3150801AAD0010A80ED120A00F14C01259AD2F80920E3
S3150801AAE000F11D030893D0F82630C3F38A03C2F395
S3150801AAF08A02FFF731FE119800F14D01259AD2F825
S3150801AB000920D0F82630C3F34A33C2F34A32FFF795
S3150801AB1023FE119800F14E01259AB2F80D30127BE9
S3150801AB2042EA0322B0F82AC090F8293043EA0C23F6
S3150801AB306FF3DF236FF3DF22FFF7E2FE119800F1CF
S3150801AB404F01259AB2F80D20438DC3F3CA03C2F308
S3150801AB50CA02FFF701FE08991198259AD2F805202D
S3150801AB60C2F30A3200EE102AB8EEC00A90ED012AA5
S3150801AB7090ED021A30EE420A80EE010A80ED140ABF
S3150801AB80259BD3F80520D3F80930D20D42EA432292
S3150801AB906FF3DF2200EE102AB8EEC00A90ED012A03
S3150801ABA090ED021A30EE420A80EE010A80ED150A8E
S3150801ABB00DF183000A9011220C92E5F706FD099919
S3150801ABC00C9A0DF172000B90E5F7FFFC0A990C9AA5
S3150801ABD017A8E5F7FAFC0B990C9A17980E9018988E
S3150801ABE00F90199810901A980D901B9C12A8E5F7CA
S3150801ABF0ECFCDDF834C00E990F9A109B1198129D42
S3150801AC00139E149FDDF85480DDF85890EE46CEF871
S3150801AC101890CEF81480CEF81070CEF80C60CEF8E5
S3150801AC200850CEF80440CEF800C0FFF7D9FD27B08A
S3150801AC30BDE8F0830000000080B584B0039002915E
S3150801AC4003980190016B01310163FFF7D5FE019964
S3150801AC5001F11D00096884311122E5F7B6FC04B03B
S3150801AC6080BD00000000000082B0019001990091AA
S3150801AC70086B496B884208D1FFE70099002081F8E3
S3150801AC803A00088F0130088704E00099012081F80D
S3150801AC903A00FFE70099086B486302B07047000065
S3150801ACA083B002900191029800900198006841F2E0
S3150801ACB00001C4F20101884207D1FFE7009940F675
S3150801ACC0AC10C2F20040086054E00198006844F2F2
S3150801ACD00041C4F20001884207D1FFE7009940F616
S3150801ACE0BC20C2F20040086043E00198006844F6BF
S3150801ACF00001C4F20001884207D1FFE7009940F636
S3150801AD00CC30C2F20040086032E00198006844F68F
S3150801AD100041C4F20001884207D1FFE7009940F6D5
S3150801AD20DC40C2F20040086021E00198006845F263
S3150801AD300001C4F20001884207D1FFE7009940F6F5
S3150801AD40EC50C2F20040086010E00198006841F238
S3150801AD500041C4F20101884207D1FFE7009940F694
S3150801AD60FC60C2F200400860FFE7FFE7FFE7FFE784
S3150801AD70FFE7FFE703B0704781B0009000984CF2F7
S3150801AD800001C4F27F4141604CF20001C4F2434123
S3150801AD908160002101634163018780F83A1080F8D8
S3150801ADA03B1001B07047000080B588B0079007983E
S3150801ADB0029000F6C81003900021019106F074FE76
S3150801ADC0029800F60C000590042103F07DFF019915
S3150801ADD0029800F53E60049006F066FE03989FED22
S3150801ADE0220A8DED060A08F03FFB02989DED060A38
S3150801ADF000F6282008F038FB02989DED060A00F6B1
S3150801AE00882008F031FB04989DED060A08F02CFB12
S3150801AE1002989DED060A00F5446008F025FB0598A1
S3150801AE209DED060A08F020FB02989DED060A00F63C
S3150801AE306C0008F019FB02989DED060A00F6CC0095
S3150801AE4008F012FB03989DED060A06F0B5FD049875
S3150801AE509DED060A06F0B0FD05989DED060A03F07C
S3150801AE60E3FE08B080BD00BF00000000000000003E
S3150801AE7082B001908DED000A01990098C1F8000F82
S3150801AE8002B070470000000081B00090009890F869
S3150801AE90F40E01B07047000082B001908DF80310DE
S3150801AEA001999DF8030081F8F40E02B0704700007D
S3150801AEB081B00090009800F6F86090ED000A01B0A4
S3150801AEC0704700000000000082B001908DED000A75
S3150801AED001990098C1F8F80E02B070470000000009
S3150801AEE080B58AB009900998089000F564610291C5
S3150801AEF000F58060049007F09BFE029805F024FD9A
S3150801AF00029805F0CDFC0498089901F66C61039145
S3150801AF1007F0A6FE039805F017FD039805F0C0FC97
S3150801AF200298089901F6C811059105F005FD0598DD
S3150801AF3006F072FD059806F097FD059806F060FD86
S3150801AF40089800F60C01079107F072FE079803F0BE
S3150801AF50A3FE089807F074FE079803F091FE03987C
S3150801AF60089901F53E61069105F0E6FC069806F09A
S3150801AF7053FD049807F084FE069806F041FD0898EB
S3150801AF8000F032FA059806F09BFD069806F098FD42
S3150801AF90079803F0C1FE0898FFF776FF28B3FFE785
S3150801AFA0089846F67C51C2F2004191ED000A8DEDF2
S3150801AFB0010A00F53E60009006F01AFD9FED121A8F
S3150801AFC080EE010A0AF0DEFF08990098B0EE401AF1
S3150801AFD09DED010A20EE010A01F56F6181ED000A76
S3150801AFE091ED000A06F0A0FC0CE0089800F56F61E7
S3150801AFF00022C0F8F02E00F53E6091ED000A06F039
S3150801B00093FCFFE70AB080BD3333654200000000B8
S3150801B01080B596B015901598129008F0C5F8129853
S3150801B02000F580609FEDD80A05F00EFC129800F62F
S3150801B0300C0003909FEDD50A9FEDD51AB0EE082AAC
S3150801B040F2EE0E2ADFEDD34ACDED084A9FEDD25A2C
S3150801B0508DED135A00210C91F0EE450AF0EE451AD2
S3150801B060B0EE453AF0EE453AB0EE454A08F094FBA3
S3150801B070DDED084A0C9912989DED135A00F66C00FD
S3150801B0809FEDC60A9FEDC62ADFEDC62AF0EE450AF0
S3150801B090B0EE451AF0EE451AB0EE453AF0EE453AED
S3150801B0A0B0EE454A08F078FB0398129901F6CC01EF
S3150801B0B0019103F0A1FD03988DED020A03F09CFDB1
S3150801B0C001989DED022ADDED084A0C999DED135A6A
S3150801B0D0F0EE402AB0EE450AF0EE450AB0EE451A02
S3150801B0E0F0EE451AB0EE453AF0EE453AB0EE454A6D
S3150801B0F008F052FB03980C996A46116046F24821FA
S3150801B100C2F200410122B0EE000A4FF40063DFEDFE
S3150801B110A60A03F07DFEDDED084A0C9912989DED0D
S3150801B120135A00F6C8100E909FEDA00ADFEDA01A7B
S3150801B130CDED0F1AF2EE042AF0EE450AB0EE451AE5
S3150801B140B0EE622AB0EE453AF0EE453AB0EE454A1F
S3150801B15008F022FB0E98129901F62821059106F0AE
S3150801B160C7FB01460E9800EE101AB8EE400A8DED9F
S3150801B170040A06F0BDFB9DED042ADDED084A0C998B
S3150801B1809DED135A0246059800EE102AF8EE402A5C
S3150801B1909FED880ADFED880AB0EE451AF0EE451AEA
S3150801B1A0B0EE453AF0EE453AB0EE454A08F0F4FA03
S3150801B1B00E98129901F68821079106F099FB014626
S3150801B1C00E9800EE101AB8EE400A8DED060A06F042
S3150801B1D08FFB9DED062ADDED084A0C999DED135A64
S3150801B1E00246079800EE102AF8EE402AB0EE450A04
S3150801B1F0F0EE450AB0EE451AF0EE451AB0EE453ABC
S3150801B200F0EE453AB0EE454A08F0C6FADDED082AF1
S3150801B21012989DED132A00F6E8209FED680A9FED26
S3150801B220681AF1EE041AF0EE410A08F021FB0E98AD
S3150801B2306A4640F64851116046F2A811C2F2004129
S3150801B2400991052203230A939FED5E0A8DED0B0AE8
S3150801B25006F052FDDDED084A0C9912989DED135A38
S3150801B26000F53E600D909FED580AF1EE0C2AF0EEBE
S3150801B270450AB0EE451AF0EE451AB0EE622AB0EE6E
S3150801B280453AF0EE453AB0EE454A08F085FADDED65
S3150801B290084A0C9912989DED135A00F544609FEDE2
S3150801B2A04B0ADFED4B2AF0EE450AB0EE451AF0EEF1
S3150801B2B0451AB0EE622AB0EE453AF0EE453AB0EEDE
S3150801B2C0454A08F069FA09990A9B9DED0B0A0C9AF9
S3150801B2D00D98EC46CCF80020062206F00DFD0C9AD6
S3150801B2E0129800F6F8509FED3B0AF3EE040AB7EE02
S3150801B2F0001A8DED141ADFED381A1146FEF778FD9E
S3150801B3000D98DDED131AB0EE610AF0EE610AB0EEA2
S3150801B310611A06F08DFB0E989DED0F0ADDED131AE5
S3150801B320F0EE610AB0EE611A06F082FB12989DED05
S3150801B330131ADDED141A00F564609FED280A8DEDE8
S3150801B340100ADFED270ACDED110A05F0DDFA9DEDAC
S3150801B350100ADDED110A12989DED131ADDED141A86
S3150801B36000F66C6005F0D0FA12989DED131ADDED22
S3150801B370141A00F69860DFED1B0AB0EE600A05F0B4
S3150801B380C3FA16B080BD00BFACC5A738295C8F3E8D
S3150801B39017B7D1396F12833A0000000000800945BA
S3150801B3A00000C84300000045000004426666263FC7
S3150801B3B0A69B443C0080BB4500C0DA450AD7A33B9F
S3150801B3C00000AA42920A06429A99993E00409C4573
S3150801B3D0000080460AD7A33D6F12033BA4707D3F48
S3150801B3E0295C8F3D7B14AE3E80B5AEB02D902D986D
S3150801B3F0299090F8F40E78B9FFE72998FFF7D4FC5D
S3150801B40042F66821C2F200410020087042F6602126
S3150801B410C2F200410860BBE3299890F8F40E0128AE
S3150801B42040F08B80FFE7299800F6C8102590032184
S3150801B430209106F039FB299800F60C002490022188
S3150801B44003F042FC2099299800F53E60279006F002
S3150801B4502BFB299846F68051C2F20041096800F68D
S3150801B460FC622192C0F8FC1E00F6F861239107F0F0
S3150801B470E7FB2398FDF75CF8259806F0F5FA21987D
S3150801B480FDF756F8299901F57060229001F56E626B
S3150801B49092ED000A01F6E461D1ED000AFBF714FE0C
S3150801B4A02199259891ED000A06F032FA22992798F2
S3150801B4B091ED000A06F02CFA2399249891ED000AD9
S3150801B4C003F0A6FB25989FEDE00A8DED260A06F006
S3150801B4D0DFFA25989DED260A06F0CEFA9DED260A95
S3150801B4E0279806F0D5FA9DED260A279806F0C4FA9C
S3150801B4F0279842F65822C2F200420021289111608B
S3150801B50006F076FA299842F65C21C2F2004181EDED
S3150801B510000A07F095FB289842F66421C2F2004119
S3150801B52081ED000A42F66821C2F20041087042F62E
S3150801B5306021C2F20041086029E32998FFF7A4FCBB
S3150801B540022840F08B82FFE72998D0F8080800F016
S3150801B55077FC002800F08282FFE72998D0F80808CE
S3150801B56000F016FC002856D0FFE72998D0F80808FD
S3150801B57000F00EFC04284ED0FFE742F66820C2F21E
S3150801B58000400078002846D1FFE742F66020C2F263
S3150801B59000400068B0F5FA7F3DD9FFE7299842F6E1
S3150801B5A06022C2F200420021116042F66823C2F20B
S3150801B5B0004301221A70C0F8FC1EC0F8001F07F0EC
S3150801B5C03FFB29988DED1E0AD0F8080800F0E0FB2C
S3150801B5D09DED1E0A0146299801EE101AB8EEC11A08
S3150801B5E09FED9A2AA1EE020A00F6F86181ED000A9A
S3150801B5F000F6C81003211F9106F056FA299800F69D
S3150801B6000C00022103F060FB29981F9900F53E60A2
S3150801B61006F04AFAFFE742F66820C2F200400078CF
S3150801B620012868D1FFE7299800F6FC611A9100F60E
S3150801B630C8101B9006F018FA1A98FCF779FF299892
S3150801B64000F6F8611D9107F0FBFA1D98FCF770FFEB
S3150801B6501A991B9891ED000A06F05AF9299901F5EC
S3150801B6603E6001F5706191ED000A06F051F92998DD
S3150801B6701D9900F60C001C9091ED000A03F0C8FA1A
S3150801B6801C9803F0F5FA1D9890ED001A30EE410A60
S3150801B69008F042FFB7EE001AB4EE410AF1EE10FACD
S3150801B6A00DDAFFE742F66821C2F20041022008706E
S3150801B6B042F66021C2F2004100200860FFE729989E
S3150801B6C042F66022C2F2004211680131116042F667
S3150801B6D05822C2F200420021116042F65C22C2F2EF
S3150801B6E00042116007F0ACFA42F66420C2F200404B
S3150801B6F080ED000A4CE242F66820C2F2004000786A
S3150801B700022836D1FFE7299800F60C001990022184
S3150801B71003F0DAFA299842F66421C2F2004109686F
S3150801B72000F6F8621892C0F8F81E07F089FA189818
S3150801B730FCF7FEFE1899199891ED000A03F068FACC
S3150801B74042F66020C2F200400168013101600068DA
S3150801B750B0F5FA6F0CD9FFE742F66821C2F200414B
S3150801B7600020087042F66021C2F200410860FFE736
S3150801B77058E042F66820C2F200400078002850D10D
S3150801B780FFE7299842F66022C2F2004211680131A8
S3150801B7901160D0F8080800F05FFC9FED2D1AB4EE91
S3150801B7A0410AF1EE10FA1EDAFFE7299800F60C00B5
S3150801B7B01790022103F088FA299842F66421C2F209
S3150801B7C00041096800F6F8621692C0F8F81E07F0FB
S3150801B7D037FA1698FCF7ACFE1699179891ED000AF8
S3150801B7E003F016FA1CE0299800F60C0015900321BF
S3150801B7F003F06AFA2998D0F8080800F02DFC159884
S3150801B8008DED2C0A9DED2C0A03F052FA299807F0C2
S3150801B81017FA42F66420C2F2004080ED000AFFE7FB
S3150801B820FFE7FFE7FFE72998D0F8080800F06CFF63
S3150801B83001280FD0FFE72998D0F8080800F064FF1F
S3150801B840022840F0A88005E0000000000000B4428C
S3150801B8500AD7233C299800F6C810139003210E91A4
S3150801B86006F022F90E99299800F53E60149006F023
S3150801B8701BF92998D0F8080800F0DAFA29988DED0D
S3150801B8802B0AD0F8080800F0EBFA29988DED2A0A58
S3150801B8909DED2B0A8DED0F0A00F60C0003F0E8F971
S3150801B8A0299AB0EE401A9DED0F0A30EE410A02F6CA
S3150801B8B0FC60109080ED000A2A9902F570631193D5
S3150801B8C0C2F8001F9FEDB30ADFEDB30AFBF7FCFBD5
S3150801B8D01198299901F56E6292ED000A01F6E46163
S3150801B8E0D1ED000AFBF7F0FB139806F0BDF81098A6
S3150801B8F0FCF71EFE1099139891ED000A06F008F858
S3150801B9001199149891ED000A06F002F82998D0F8D1
S3150801B910080800F0B9F913989FEDA11A8DED121ACE
S3150801B92080EE010A06F0B4F82998D0F8080800F064
S3150801B9309FF99DED121A139880EE010A06F09CF8FC
S3150801B9402998D0F8080800F037FA9DED121A1498CC
S3150801B95080EE010A06F09CF82998D0F8080800F04C
S3150801B9601FFA9DED121A149880EE010A06F084F862
S3150801B970139806F079F8149842F65821C2F2004154
S3150801B98081ED000A06F034F842F65C20C2F2004066
S3150801B99080ED000A61E0299800F6C8100C90032191
S3150801B9A0089106F081F80899299800F53E600D90EE
S3150801B9B006F07AF8299A0C9802F6FC610991002199
S3150801B9C0C2F8FC1E02F570630A93C2F8001F06F05E
S3150801B9D04BF80998FCF7ACFD29990A9801F56E62AE
S3150801B9E092ED000A01F6E461D1ED000AFBF76CFB62
S3150801B9F009990C9891ED000A05F08AFF0A990D98A4
S3150801BA0091ED000A05F084FF0C989FED640A8DED0F
S3150801BA100B0A06F03DF89DED0B0A0C9806F02CF87A
S3150801BA209DED0B0A0D9806F033F89DED0B0A0D985E
S3150801BA3006F022F80C9806F017F80D9842F65821E8
S3150801BA40C2F2004181ED000A05F0D2FF42F65C2000
S3150801BA50C2F2004080ED000AFFE797E02998FFF758
S3150801BA6013FA022840F09180FFE72998D0F80808D0
S3150801BA7000F0E6F9002840F08880FFE7299800F6EB
S3150801BA80C81005900321009106F00EF8009929982F
S3150801BA9000F53E60069006F007F8299800F60C00B6
S3150801BAA00490022103F010F9299842F65821C2F2AE
S3150801BAB00041096800F6FC620192C0F8FC1E42F6D4
S3150801BAC05C21C2F20041096800F570620292C0F871
S3150801BAD0001F42F66421C2F20041096800F6F862C5
S3150801BAE00392C0F8F81E07F0ABF80398FCF720FD9F
S3150801BAF0059805F0B9FF0198FCF71AFD01989FED25
S3150801BB00250ADFED250AFBF7DFFA2999029801F5DF
S3150801BB106E6292ED000A01F6E461D1ED000AFBF7C7
S3150801BB20D3FA0199059891ED000A05F0F1FE0299FB
S3150801BB30069891ED000A05F0EBFE0399049891ED3C
S3150801BB40000A03F065F805989FED140A8DED070ABA
S3150801BB5005F09EFF05989DED070A05F08DFF0698ED
S3150801BB609DED070A05F094FF06989DED070A05F075
S3150801BB7083FF42F66821C2F200410020087042F6AE
S3150801BB806021C2F200410860FFE7FFE7FFE7FFE730
S3150801BB902EB080BD000070C2000070420000000097
S3150801BBA0333365420000000080B582B001900198E8
S3150801BBB0009007F0F9FB009800F5806004F064FE38
S3150801BBC0009800F60C0003F00BFA009800F6C8106E
S3150801BBD006F006F9009800F53E6006F001F90098AE
S3150801BBE000F6F850FEF75CF9009800F5646004F079
S3150801BBF0B7FE009800F66C6004F0B2FE009800F6F5
S3150801BC00986004F0ADFE00980021C4F2C821C0F87E
S3150801BC10C81E0021C4F28C21C0F8CC1E0021CCF22A
S3150801BC203431C0F8D01E0021C4F23431C0F8D41E14
S3150801BC300021CCF2C811C0F8E01E0021C4F2B011EF
S3150801BC40C0F8E41E0021C4F21631C0F8E81E00212E
S3150801BC50C0F8EC1EC0F8F01E80F8F41EC0F8F81EF5
S3150801BC60C0F8FC1EC0F8001F02B080BD000000002D
S3150801BC7081B000900098D0F8410000EE100A01B09A
S3150801BC80704700000000000081B000900098D0F8CD
S3150801BC903D0000EE100A01B07047000000000000E8
S3150801BCA080B584B003908DF80B10039801909DF828
S3150801BCB00B00002865D1FFE70198426902F13001BE
S3150801BCC0B2F8602000F058F908B9FFE759E0019980
S3150801BCD001F12D004969303140F2BC02C2F200423D
S3150801BCE01268E4F772FC0198B0F92F1000EE101AE9
S3150801BCF0B8EEC00A9FED241A80EE010A80ED170AF4
S3150801BD00B0F9311000EE101AB8EEC00A80EE010A39
S3150801BD1080ED180AB0F9331000EE101AB8EEC00A11
S3150801BD2080EE010A80ED190AB0F9351000EE101AF5
S3150801BD30B8EEC00A80EE010A80ED1A0A90F83710AB
S3150801BD4080F88C10D0F83910C0F88810D0F8451052
S3150801BD5040F8841FBBEE090AF3EE060AFBF7B4F9AD
S3150801BD60019890F88C00022804D1FFE70199012077
S3150801BD700874FFE701998868D1F8511002F074FB3D
S3150801BD80FFE704B080BD00BF0000C8420000000004
S3150801BD9081B00090009890F8380001B07047000013
S3150801BDA081B000900098D0F84D0000EE100A01B05D
S3150801BDB0704700000000000081B000900098D0F89C
S3150801BDC0490000EE100A01B07047000000000000AB
S3150801BDD080B584B002900298806802F0A5FD8DF8BE
S3150801BDE007009DF80700012809DBFFE79DF8070012
S3150801BDF00B2804DCFFE700208DF80F0011E09DF801
S3150801BE000700652809DBFFE79DF807006F2804DCB2
S3150801BE10FFE701208DF80F0003E002208DF80F00DF
S3150801BE20FFE79DF80F0004B080BD00000000000088
S3150801BE3081B00090009890ED220A01B07047000089
S3150801BE4081B00090009890F82C0001B0704700006E
S3150801BE5081B00090009890F8570001B07047000033
S3150801BE6081B00090009890ED210A01B0704700005A
S3150801BE7080B582B0019000910198416A0131416211
S3150801BE800021FFF70DFF02B080BD00000000000091
S3150801BE9085B0039002910192ADF80230029828B953
S3150801BEA0FFE74FF6FF70ADF8120021E0FFE70198B2
S3150801BEB0411E0191B8B1FFE70298411C0291007831
S3150801BEC08DF80100BDF802109DF801004840C2B284
S3150801BED046F68050C0F6020030F8120080EA1120BA
S3150801BEE0ADF80200E3E7BDF80200ADF81200FFE77E
S3150801BEF0BDF8120005B0704780B582B00190009177
S3150801BF000198416A013141620121FFF7C9FE02B078
S3150801BF1080BD00000000000080B586B00590049140
S3150801BF200392059801900020ADF80A00049820B103
S3150801BF30FFE70398022801D8FFE718E0019804995A
S3150801BF40039A023A4FF6FF73FFF7A2FFADF80A000C
S3150801BF50BDF80A00049A0399114401F8020C9DF8E8
S3150801BF600B00049A0399114401F8010CFFE706B086
S3150801BF7080BD00000000000080B588B006900591DC
S3150801BF800492069802900020ADF80E00059820B19B
S3150801BF90FFE70498022804D8FFE700208DF81F0060
S3150801BFA028E002980599049A023A4FF6FF73FFF7BB
S3150801BFB06FFFADF80E009DF80E10059A049810440F
S3150801BFC010F8022C0020914201900DD1FFE79DF84F
S3150801BFD00F00059A0499114411F8011C401AB0FA88
S3150801BFE080F040090190FFE7019800F001008DF803
S3150801BFF01F00FFE79DF81F0008B080BD0000000084
S3150801C00081B00090009890F82E0001B070470000AA
S3150801C01082B001908DED000A01990098486702B037
S3150801C020704700000000000082B001908DED000A03
S3150801C03001990098C86602B0704700000000000028
S3150801C04082B001908DED000A01990098086702B047
S3150801C050704700000000000081B00090009890ED44
S3150801C0601A0A01B07047000081B00090009890ED5F
S3150801C070180A01B07047000081B00090009890ED51
S3150801C080190A01B07047000082B001908DED000ACF
S3150801C09001990098886702B0704700000000000007
S3150801C0A082B001908DED000A01990098C86702B027
S3150801C0B0704700000000000080B582B00190019829
S3150801C0C000F046F802B080BD81B00090009890ED6E
S3150801C0D0170A01B07047000082B0019001990091DA
S3150801C0E0486A896A884205D1FFE70099002081F8E4
S3150801C0F02C0004E00099012081F82C00FFE7009943
S3150801C100486A886202B0704780B585B08C46864613
S3150801C11008980799CDF810E0CDF80CC00292019362
S3150801C1208DF803108DF80200049903984861029866
S3150801C13088610198C8619DF8030081F820009DF87F
S3150801C140020081F8210005B080BD00000000000052
S3150801C15080B5A2B0219021981A900021ADF88210DD
S3150801C160ADF88010ADF87E10806802F095F90146A9
S3150801C1701A98ADF87E10806802F0BEF901461A9841
S3150801C180ADF8821090F8201080F8A410012180F8EB
S3150801C190A510FFF71DFE01461A9880F8A61090ED26
S3150801C1A01D0A9FEDFC2A20EE020A9FEDFB1A80EE7E
S3150801C1B0010A8DED1E0A90ED1C0A20EE020A80EE98
S3150801C1C0010A8DED1D0A90ED1B0A20EE020A80EE8A
S3150801C1D0010A8DED1C0A9DED1C0AB0EE001A8DEDC3
S3150801C1E0121A80EE010A08F0C8FF9DED121A8DEDAC
S3150801C1F0020A9DED1D0A80EE010A08F0BEFF9DEDBB
S3150801C200121AB0EE402A9DED020A20EE020A8DEDC1
S3150801C210050A9DED1E0A80EE010A08F0AEFF9DEDA6
S3150801C220121A8DED040A9DED1C0A80EE010A09F029
S3150801C23077FB9DED121A8DED030A9DED1D0A80EE21
S3150801C240010A09F06DFB9DED121AB0EE402A9DED2B
S3150801C250030A20EE020A8DED060A9DED1E0A80EEFE
S3150801C260010A09F05DFB9DED043A9DED052A9DED58
S3150801C270121A1A98B0EE404A9DED060A20EE040AF3
S3150801C280A2EE030A10EE101A40F8A71F16909DEDAC
S3150801C2901C0A80EE010A09F043FB9DED121A8DED89
S3150801C2A0070A9DED1D0A80EE010A08F066FF9DED5D
S3150801C2B0121AB0EE402A9DED070A20EE020A8DED0C
S3150801C2C00A0A9DED1E0A80EE010A08F056FF9DED49
S3150801C2D0121A8DED090A9DED1C0A80EE010A08F075
S3150801C2E04CFF9DED121A8DED080A9DED1D0A80EE93
S3150801C2F0010A09F015FB9DED121AB0EE402A9DEDD3
S3150801C300080A20EE020A8DED0B0A9DED1E0A80EE43
S3150801C310010A09F005FB9DED093A9DED0A2A9DEDF5
S3150801C320121A1699B0EE404A9DED0B0A20EE040A40
S3150801C33092EE030A10EE100A48609DED1C0A80EE83
S3150801C340010A08F01AFF9DED121A8DED0C0A9DEDF2
S3150801C3501D0A80EE010A09F0E3FA9DED121AB0EE04
S3150801C360402A9DED0C0A20EE020A8DED0F0A9DED7D
S3150801C3701E0A80EE010A08F000FF9DED121A8DEDE6
S3150801C3800E0A9DED1C0A80EE010A09F0C9FA9DED17
S3150801C390121A8DED0D0A9DED1D0A80EE010A08F0AF
S3150801C3A0ECFE9DED121AB0EE402A9DED0D0A20EE27
S3150801C3B0020A8DED100A9DED1E0A80EE010A09F0AA
S3150801C3C0AFFA9DED0E3A9DED0F2A9DED121A1699BB
S3150801C3D0B0EE404A9DED100A20EE040AA2EE030AC9
S3150801C3E010EE100A88609DED1C0A80EE010A08F01D
S3150801C3F0C4FE9DED121A8DED110A9DED1D0A80EE02
S3150801C400010A08F0BAFE9DED121AB0EE402A9DED1A
S3150801C410110A20EE020A8DED150A9DED1E0A80EE1F
S3150801C420010A09F07DFA9DED121A8DED140A9DEDAA
S3150801C4301C0A80EE010A09F073FA9DED121A8DEDB8
S3150801C440130A9DED1D0A80EE010A09F069FA9DEDB0
S3150801C450121AB0EE402A9DED130A20EE020A8DED5E
S3150801C460170A9DED1E0A80EE010A08F086FE9DED6B
S3150801C470142A9DED151A169A1A98B0EE403A9DEDB2
S3150801C480170A20EE030A91EE020A10EE101AD1607D
S3150801C490416FC0F8B710406806F0CAFB1A989FEDBD
S3150801C4A0981A8DED181A20EE010A10EE101AC0F826
S3150801C4B0BB10016FC0F8BF10406806F0D1FB9DEDB7
S3150801C4C0181A1A9820EE010A10EE101AC0F8C310AD
S3150801C4D0806801F0D5FF1A9810EE101AC0F8C71037
S3150801C4E00A21A0F8CB1090ED1E0A9FED861A8DED54
S3150801C4F0191A20EE010ABDEEC00A10EE101AA0F8AC
S3150801C500CD10006806F09CFB9DED191A1A9890ED5E
S3150801C5101F2A30EE420A20EE010ABDEEC00A10EECD
S3150801C520101AA0F8CF10806801F096FF01461A98F4
S3150801C53080F8D110806802F0EFF901461A98A0F840
S3150801C540D210BDF88210A0F8D410BDF88010A0F85A
S3150801C550D610BDF87E10A0F8D810806801F0A4FFA7
S3150801C56001461A98A0F8DA10806801F0ADFF014675
S3150801C5701A98A0F8DC1042F66F21C2F20041097838
S3150801C580C90142F6692EC2F2004E9EF8052000F056
S3150801C59005B800BFDB0F49400000344341EA4211A8
S3150801C5A09EF8042041EA02119EF800209EF8013007
S3150801C5B09EF802C09EF803E041EACE0141EA8C01E9
S3150801C5C041EA4301114380F8DE10806802F0C8F899
S3150801C5D09DED191A1A9820EE010ABDEEC00A10EE51
S3150801C5E0101AA0F8E310806802F0C2F89DED191A36
S3150801C5F01A9820EE010ABDEEC00A10EE101AA0F82C
S3150801C600E510806802F058F81A9981F8E70046F6AD
S3150801C6105450C2F2004000681B9003284CD81B995D
S3150801C620DFE801F0021124371A98806801F054FFF7
S3150801C63001461A98A0F8DF10806801F055FF1A998B
S3150801C640A1F8E10038E01A98806802F059F8014625
S3150801C6501A9841F48041A0F8DF10806802F058F872
S3150801C6601A9940F48040A1F8E10025E01A988068FB
S3150801C67002F056F801461A9841F40041A0F8DF1075
S3150801C680806802F055F81A9940F40040A1F8E100D3
S3150801C69012E01A98806801F047FF01461A9841F49A
S3150801C6A04041A0F8DF10806801F046FF1A9940F46E
S3150801C6B04040A1F8E100FFE71A994869A4314622EA
S3150801C6C00192E3F7C7FF1A98019A4169A1F8622016
S3150801C6D04169FFF721FC46F65450C2F20040016851
S3150801C6E0013101600068042807D1FFE746F6545175
S3150801C6F0C2F2004100200860FFE722B080BD00BFFA
S3150801C700333365420000C84281B00090009890F822
S3150801C7108C0001B07047000080B584B0039003987F
S3150801C72002900021019101744162816280F82C1006
S3150801C7302D3004F0BDFF0298019980F8571080F852
S3150801C740581080F85910C165016641668166C1664F
S3150801C750016741678167C167C0F88010C0F8841016
S3150801C760C0F8881080F88C104CF6CD41C4F21C1123
S3150801C770C0F890100021C4F2C011C0F894104BF211
S3150801C7804661C3F67351C0F89810A43004F098FFB7
S3150801C790029804B080BD0000F0B542F6E01CC2F272
S3150801C7A0004CDCF8003042F2E07E011FC2F2004E76
S3150801C7B0BBB10EF50072934213D000241A4600BF8E
S3150801C7C0558802EB85068E4212D030F8026C01EBD1
S3150801C7D08607974211D0158814460EEB8502802DDF
S3150801C7E0EED1A3EB0E0080080880CCF80010F0BD4E
S3150801C7F030F8020C28445080F0BD731920F8023C29
S3150801C80024B1A1EB0E0080082080F0BD1088CCF879
S3150801C81000100880F0BD00002DE9F04F8BB00446EA
S3150801C820C06C8B46C57801A9584608F0FCFB002860
S3150801C83094F85000039918BF0021C00743D10E6828
S3150801C840002E40D005F00F0A4AF00200032838D11D
S3150801C850BAF1030F02D14F68082002E04F88B6B239
S3150801C86004200D18002006F00109D4F8488001902B
S3150801C87058460F2101AA67F3410908F0E2FBB9F10D
S3150801C880020F05D229460E68002EE1D11BE000BF32
S3150801C89029D1019827F0010120F0010008EB0102D6
S3150801C8A0824205F10401EED826F001031A449042AA
S3150801C8B0E9D22968480061F31E00411C11D00230F3
S3150801C8C011D109200AE0584608F050FC0146092012
S3150801C8D0002908BF0520012908BF08200BB0BDE8BB
S3150801C8E0F08F0620FAE7E3F7A5FF0000F0B581B05F
S3150801C8F042F6E01CC2F2004CDCF8002042F2E07E6F
S3150801C900C2F2004E22B10EF500718A4208D122E028
S3150801C9108021C0F27F01724642F8041FCCF800203C
S3150801C92003300123810803EB90050024101D1346EB
S3150801C93042071ED15E88721B02F001072A4688BF8C
S3150801C9403A44B24209D3B14215D318881C460EEBB4
S3150801C95080028028EAD1002017E0B01A588080B2F8
S3150801C96003EB8001002723F82070081D43074A803E
S3150801C9700BD0E3F75FFF1988002C12BF21800EEB5D
S3150801C9808101CCF800100021198001B0F0BD00002A
S3150801C99082B001908DF8031001999DF8030081F882
S3150801C9A08C0402B07047000082B001908DF8031024
S3150801C9B001999DF8030081F88D0402B070470000C3
S3150801C9C080B582B0019001980090D0F8B40001F0CA
S3150801C9D073FD58B9FFE700984FF48271A0F8641403
S3150801C9E01E21A0F8661404F097FD18E00098D0F807
S3150801C9F0B40001F059FE01460098A0F87414D0F865
S3150801CA00B40001F0A5FE01460098A0F86414D0F818
S3150801CA10B40001F095FE0099A1F86604FFE70098B5
S3150801CA205C3004F0C9FC0098BC3004F0E9F80098C1
S3150801CA3000F5F67004F058FB009800F54A7004F00A
S3150801CA4053FB02B080BD000080B592B011901198D9
S3150801CA50069040650322114606F066F8069901F12B
S3150801CA605C00C1F8B010042100220B9206F05CF8B4
S3150801CA7006980B99BC300390B3EE0C0ADFED5E2ADB
S3150801CA80DFED5E4ACDED094A9FED5D5A8DED0A5AF5
S3150801CA90F0EE450AB0EE451AF0EE451AB0EE622AF6
S3150801CAA0B0EE453AF0EE453AB0EE454A06F074FE68
S3150801CAB00398069901F58E71029104F051F8014621
S3150801CAC0039800EE101AB8EE400A8DED010A04F03B
S3150801CAD047F89DED012ADDED094A9DED0A5A0B99A4
S3150801CAE00246029800EE102AF8EE402A9FED450A02
S3150801CAF0F0EE450AB0EE451AF0EE451AB0EE453AA3
S3150801CB00F0EE453AB0EE454A06F046FE039846F27F
S3150801CB104821C2F2004102230F939FED3B0ADFED44
S3150801CB203B0A1A4604F018F9069901F5F6700590BC
S3150801CB3001F51471049104F093FADDED094A9DEDAE
S3150801CB400A5A0B990246049800EE102AF8EE402A72
S3150801CB509FED2F0A8DED070A9FED2E2A8DED082AE6
S3150801CB60F0EE450AB0EE451AF0EE451AB0EE453A32
S3150801CB70F0EE453AB0EE454A06F00EFE05980F9BD3
S3150801CB8046F2A811C2F200410E910122B7EE000A3F
S3150801CB908DED100A04F068FB069901F54A700D90AF
S3150801CBA001F563710C9104F05BFA9DED070A9DEDA1
S3150801CBB0082ADDED094A9DED0A5A0B9902460C9899
S3150801CBC001EE102AF8EE412AF0EE450AB0EE451AB2
S3150801CBD0F0EE451AB0EE453AF0EE453AB0EE454A62
S3150801CBE006F0DAFD0D980E990F9B9DED100A1A466F
S3150801CBF004F03AFB12B080BDD2537B416F12833ADF
S3150801CC00000000000080BB440000104200401C46A2
S3150801CC100000A0420000FA4480B596B01590159818
S3150801CC201390BC3003F08CFF139800F2844181ED18
S3150801CC30000A90F88C0401461491042800F26682D1
S3150801CC401499DFE811F005004F006F000001D100CB
S3150801CC501398BC300E900021129103F0C5FF13986A
S3150801CC6000F5F6700F9002210D9104F031FA0D9935
S3150801CC70139800F54A70109004F02AFA139812993D
S3150801CC80FFF792FE0E989FEDE40A8DED110A06F064
S3150801CC90EBFB9DED110A139800F58E7006F0E4FB87
S3150801CCA09DED110A139800F5F87006F0DDFB9DED70
S3150801CCB0110A139800F54B7006F0D6FB0E989DEDF8
S3150801CCC0110A03F061FF0F989DED110A04F0D0F9DE
S3150801CCD010989DED110A04F0CBF913991298C1F831
S3150801CCE0780413E213980121FFF75EFE1398BC300E
S3150801CCF003F066FF032801D1FFE70EE01398BC3065
S3150801CD0003F05EFF022807D1FFE71398BC309FEDB9
S3150801CD10C20A03F05DFFFFE7FFE713990020C1F898
S3150801CD207804F3E11398BC30032103F05DFF1398EF
S3150801CD3000F5F67002210C9104F0CAF90C991398C2
S3150801CD4000F54A7004F0C4F91398D0F8B40001F05C
S3150801CD50B3FB012827D1FFE71398D0F8B40001F0F7
S3150801CD60F7FC014613980B91D0F8B40001F09CFC2E
S3150801CD7001460B98401A1D2806DCFFE71399D1F8DE
S3150801CD808404C1F898040DE0139800F2844191EDEA
S3150801CD90000A9FEDA21A30EE010A00F5936080EDB4
S3150801CDA0000AFFE70DE0139800F2844191ED000AAD
S3150801CDB09FED9A1A30EE010A00F5936080ED000A9C
S3150801CDC0FFE7139901F1BC0001F5936191ED000AA2
S3150801CDD003F0CEFE139801210A91FFF7E5FD139999
S3150801CDE00A9881F88C0491E11398BC3008900321C4
S3150801CDF003F0FAFE139800F5F6700221079104F084
S3150801CE0067F90799139800F54A7004F061F90898CB
S3150801CE10139901F2844292ED000A9FEDD81A30EE79
S3150801CE20010A01F5936181ED000A91ED000A03F00B
S3150801CE309FFE139801210991FFF7B6FD13990998E9
S3150801CE4081F88C0462E11398BC30069002210591A1
S3150801CE5003F0CAFE0599139800F5F67004F038F93F
S3150801CE600599139800F54A7004F032F90698139B50
S3150801CE7003F5916140F69222C4F20602C3F88824AA
S3150801CE8091ED000A03F0A4FE139800F58F6090ED6A
S3150801CE90000AB5EE400AF1EE10FA40F08180FFE78C
S3150801CEA01399B1F86404B1F87424801AB1F86624A8
S3150801CEB000EB420000EB8000400000EE100AB8EEDD
S3150801CEC0C00A01F27C4080ED000AB1F86404B1F8A9
S3150801CED07414401A632831DCFFE71398B0F8641418
S3150801CEE0B0F87424891A01EB8102B0F86614C1EB13
S3150801CEF0420200EE102AB8EEC00A00F58D6292EDE4
S3150801CF00002AB8EE081AA2EE010A00F27C4292ED56
S3150801CF10001A9FED973A81EE031A22EE011A80EE66
S3150801CF20010A01EE101AB8EEC11A81EE021A30EEA4
S3150801CF30010A00F5906080ED000A30E01398B0F818
S3150801CF406414B0F87424891A01EB8102B0F86614E6
S3150801CF50C1EB420200EE102AB8EEC00A00F58D6256
S3150801CF6092ED002AB9EE041AA2EE010A00F27C42F9
S3150801CF7092ED001A9FED7E3A81EE031A22EE011A0E
S3150801CF8080EE010A01EE101AB8EEC11A81EE021AF4
S3150801CF9030EE010A00F5906080ED000AFFE770E0C7
S3150801CFA0139800F58F6090ED000AB5EE400AF1EE90
S3150801CFB010FA35DDFFE7139800F58F6191ED000A48
S3150801CFC000F27C4090ED001AB4EE410AF1EE10FA37
S3150801CFD026DAFFE7139800F5906191ED000A30EE25
S3150801CFE0000A9FED611A20EE010AB2EE021A80EEDE
S3150801CFF0010A00F29440049080ED000A9FED5B0A55
S3150801D000F3EE020AFAF760F813980499BC3091ED29
S3150801D010000A03F0DDFD33E000000000C3B8323F2B
S3150801D0201398B0F8661400EE101AB8EEC00A00F5A7
S3150801D0308D6191ED001A80EE010A00F5906181ED8E
S3150801D040000A91ED000A30EE000A9FED471A20EE1C
S3150801D050010AB2EE021A80EE010A00F29440039028
S3150801D06080ED000A9FED410AF3EE020AFAF72CF861
S3150801D07013980399BC3091ED000A03F0A9FDFFE767
S3150801D080FFE7139800F58F6191ED000A00F27C40E5
S3150801D09090ED001AB4EE410AF1EE10FA0CDAFFE748
S3150801D0A0139800F58F6090ED000AB0EE001A30EE85
S3150801D0B0010A80ED000AFFE71398B0F8741400EE30
S3150801D0C0101AB8EEC00AB0F8640401EE100AB8EEF8
S3150801D0D0C11A9FED282A21EE021AB4EE410AF1EE91
S3150801D0E010FA0EDDFFE7139901F1BC0001F5916114
S3150801D0F091ED000A9FED201A20EE010A03F068FD62
S3150801D100FFE713980121FFF74FFCFFE7139890F803
S3150801D1108D04A8B1FFE7139901F5F67001F592613F
S3150801D120029191ED000A03F0C7FF1398029900F5E1
S3150801D1304A7091ED000AB1EE400A03F0BDFF10E016
S3150801D140139800F5F6709FED090A8DED010A03F0B3
S3150801D150B3FF13989DED010A00F54A7003F0ACFF81
S3150801D160FFE716B080BD00BFDB0F49400000000095
S3150801D1700000C8423333733FCDCCCC3EF4665F40E2
S3150801D18080B582B001900198009004F055FA009894
S3150801D1905C3004F0B5F90098BC3003F051FE0098F4
S3150801D1A000F5F67004F0D0F8009800F54A7004F01E
S3150801D1B0CBF800984FF48271A0F864141E21A0F8E8
S3150801D1C066140021C4F22011C0F868144FF47A617C
S3150801D1D0A0F86C144FF4FA61A0F86E140021C4F299
S3150801D1E01641C0F870140021C0F87814C0F87C14F0
S3150801D1F0C0F88014C0F8841440F6DB72CCF2C90278
S3150801D200C0F88824012280F88C2480F88D14002225
S3150801D210C4F23442C0F8902440F6DB72CCF24912CB
S3150801D220C0F89424C0F8981402B080BD000000002C
S3150801D23080B58AB009900998049000F5C850FDF7A1
S3150801D2405BFAFBF7D9FE049842F63871084490ED6B
S3150801D250001AB4EE410AF1EE10FA08DDFFE7049868
S3150801D26000F5C850FDF748FA8DED030A04E09FED75
S3150801D270600A8DED030AFFE704989DED030A8DED1B
S3150801D280060A00F5C850FDF73FFAFBF7B5FE049804
S3150801D29042F63871084490ED001AB4EE410AF1EEEF
S3150801D2A010FA08DDFFE7049800F5C850FDF72CFAD7
S3150801D2B08DED020A04E09FED4E0A8DED020AFFE7A5
S3150801D2C004989DED020A8DED050A41F648210844A8
S3150801D2D0FDF7EEFD04988DED080A42F2286108442F
S3150801D2E004F00EFB04988DED070A9DED061A42F629
S3150801D2F03C71014491ED002A9DED080AA1EE420A0E
S3150801D3008DED080A9DED051A00F53D5090ED002AB0
S3150801D3109DED070AA1EE420A8DED070A9DED070A62
S3150801D320B3EE061AB4EE410AF1EE10FA05DDFFE78F
S3150801D3300020C4F2B0100790FFE79DED070ABBEE87
S3150801D340091AB4EE410AF1EE10FA05DAFFE70020F0
S3150801D350CCF2C8100790FFE79DED080A9FED251A44
S3150801D360B4EE410AF1EE10FA09DDFFE79DED080A70
S3150801D3709FED231A30EE010A8DED080A13E09DEDA3
S3150801D380080A9FED1D1AB4EE410AF1EE10FA09DA00
S3150801D390FFE79DED080A9FED191A30EE010A8DED9A
S3150801D3A0080AFFE7FFE7049800F5C850FDF7B4F946
S3150801D3B0062808D1FFE7049841F6482108440221C6
S3150801D3C0FDF76AFD12E0049841F6482108440190E8
S3150801D3D00121FDF761FD01989DED080AFDF774FD30
S3150801D3E001989DED070AFDF743FDFFE70AB080BDE9
S3150801D3F00000000000003443000034C30000B443B9
S3150801D4000000B4C30000000080B58CB00B900B98E7
S3150801D410089000F5C850FDF77FF90A900A98062882
S3150801D42040F09680FFE7089800F5C850FDF784F9A3
S3150801D4300146079140B1FFE7079803284DD0FFE75A
S3150801D440079806280ED082E0089842F6501108443B
S3150801D450059000210691FFF79BFA05980699FFF7B3
S3150801D460A3FA74E0089841F658110844FEF7E8FC57
S3150801D47070B9FFE7089842F6501108440390002155
S3150801D4800491FFF785FA03980499FFF78DFA5EE090
S3150801D490089841F658110844FFF736F9022813D1BE
S3150801D4A0FFE7089841F66811405C01280CD1FFE7AF
S3150801D4B0089841F668120021815442F65011084431
S3150801D4C00221FFF765FA07E0089842F65011084469
S3150801D4D00121FFF75DFAFFE739E0089800F5C85022
S3150801D4E0FDF732F98DF827009DF8270068B9FFE79F
S3150801D4F0089842F6501108440121FFF749FA08999C
S3150801D50042F668720020885420E09DF82700062814
S3150801D51013D1FFE7089842F66871405C68B9FFE7DE
S3150801D520089842F6501108440221FFF731FA089982
S3150801D53042F668720120885407E0089842F65011AD
S3150801D54008440121FFF724FAFFE7FFE7FFE748E070
S3150801D550089800F5C850FDF7EFF803280ED0FFE745
S3150801D560089842F650110844019000210291FFF7EC
S3150801D5700FFA01980299FFF717FA32E0089800F5B1
S3150801D580C850FDF7E1F88DF826009DF8260068B920
S3150801D590FFE7089842F6501108440121FFF7F8F908
S3150801D5A0089942F668720020885418E09DF826000A
S3150801D5B0062813D1FFE7089842F66871405C68B9F6
S3150801D5C0FFE7089842F6501108440221FFF7E0F9EF
S3150801D5D0089942F6687201208854FFE7FFE7FFE7DA
S3150801D5E0FFE70CB080BD000080B59EB01D901D9868
S3150801D5F01190002110911A9119911891179116916C
S3150801D60015911491139100F5C850FDF765F8FBF7CC
S3150801D610F3FC119842F63871084490ED001AB4EEFD
S3150801D620410AF1EE10FA08DDFFE7119800F5C85036
S3150801D630FDF752F88DED0F0A04E09FEDC60A8DED50
S3150801D6400F0AFFE711989DED0F0A8DED1C0A00F5EB
S3150801D650C850FDF749F8FBF7CFFC119842F6387127
S3150801D660084490ED001AB4EE410AF1EE10FA08DD0D
S3150801D670FFE7119800F5C850FDF736F88DED0E0A4B
S3150801D68004E09FEDB40A8DED0E0AFFE79DED0E0A43
S3150801D6908DED1B0A9DED1C0A06F03EFFB7EE001A3A
S3150801D6A0B4EE410AF1EE10FA04DDFFE74FF07E50C1
S3150801D6B01C90FFE79DED1B0A06F02EFFB7EE001A38
S3150801D6C0B4EE410AF1EE10FA04DDFFE74FF07E50A1
S3150801D6D01B90FFE79DED1C0A8DED060A9DED1B0AC1
S3150801D6E020EE000AB0EE001A8DED081A80EE011A36
S3150801D6F0B7EE000A8DED090A30EE410A06F050FF31
S3150801D7001198B0EE401A9DED060A20EE010A8DED3C
S3150801D710070A00F524700A9004F0D2FB9DED071A5A
S3150801D7209DED082AB0EE403A9DED090A21EE031A4D
S3150801D7308DED181A9DED1B1A8DED0B1A9DED1C1A10
S3150801D74021EE011A81EE021A30EE410A06F028FF8F
S3150801D7500A98B0EE401A9DED0B0A20EE010A8DEDEE
S3150801D7600C0A04F0B9FB1198B0EE401A9DED0C0AAB
S3150801D77020EE010A8DED170A9DED170AB1EE400A52
S3150801D7808DED190A18991A9100F5C850FCF7C4FFCE
S3150801D790129012980D9020B1FFE70D9806281BD01C
S3150801D7A094E0119800F5C850FCF7BEFF06280BD186
S3150801D7B0FFE7119800F52470022104F0E9FB002027
S3150801D7C0C4F2E000169006E0119800F524700121D4
S3150801D7D004F0DEFBFFE779E0119841F65811084499
S3150801D7E0FEF72EFB58B9FFE7119800F524700221C0
S3150801D7F004F0CEFB00201A901990169066E0119855
S3150801D80041F658110844FEF72FFC06F085FE9FEDF8
S3150801D810521AB4EE410AF1EE10FA14DAFFE711983A
S3150801D82041F658110844FEF727FC06F075FE9FEDF0
S3150801D8304A1AB4EE410AF1EE10FA04DAFFE70020BB
S3150801D8401A9019900EE0119841F65811084405905E
S3150801D850FEF70AFC05988DED1A0AFEF70DFC8DED0B
S3150801D860190AFFE7119841F658110844FEF7C8FB53
S3150801D8700146049140B1FFE7049801280DD0FFE75E
S3150801D8800498022810D020E011980021169100F57D
S3150801D8902470022104F07CFB17E0119800F524702E
S3150801D8A0012104F075FB10E0119841F6581108445E
S3150801D8B0FEF70AFC1198B1EE400A8DED160A00F53D
S3150801D8C02470022104F064FBFFE7FFE79DED160AC9
S3150801D8D0B1EE001AB4EE410AF1EE10FA04DDFFE7E3
S3150801D8E04FF081401690FFE79DED160AB9EE001A32
S3150801D8F0B4EE410AF1EE10FA05DAFFE70020CCF2A0
S3150801D90080001690FFE71AA8B9EE000A8DED010A04
S3150801D910F1EE000ACDED020AF9F7D6FB9DED010AF3
S3150801D920DDED020A19A8F9F7CFFB119800F5247065
S3150801D93003909DED160A04F0B7FA03989DED1A0AAD
S3150801D94004F006FB03989DED190A04F00DFB1EB0C1
S3150801D95080BD00BF000000000AD7233C000000007C
S3150801D96080B586B005900598029041F65811014494
S3150801D970049141F648210844039005F061F902989B
S3150801D9808DED000A42F21041084404F06DF804983E
S3150801D990B0EE401A9DED000A30EE010AFEF738FB9B
S3150801D9A0029841F648610844019005F051F9049836
S3150801D9B0FEF73AFB019805F063F90498FEF740FB78
S3150801D9C0029842F25421084401F00EF9029904988A
S3150801D9D042F60872114491ED001A9FED072AA1EE4D
S3150801D9E0020AFEF75DFB039805F02AF90498FEF78B
S3150801D9F04BFB06B080BD00BF333365C20000000093
S3150801DA0080B582B0019001980090FFF7EDFD00986E
S3150801DA10FFF70EFC0098FFF7F7FC02B080BD000087
S3150801DA2081B00090009842F66671405C01B070477B
S3150801DA3082B001908DF8031001999DF8030042F612
S3150801DA406672885402B0704781B00090009842F619
S3150801DA506571405C01B0704782B001908DF8031082
S3150801DA6001999DF8030042F66572885402B0704721
S3150801DA7081B00090009942F65C728858013088504E
S3150801DA8042F60470085890F82C0081F8440301B056
S3150801DA90704700000000000080B58EB00D900D980B
S3150801DAA0029000210C910B910A91ADF82610ADF860
S3150801DAB02410ADF8221000F52470019004F030FA14
S3150801DAC001988DED0C0A04F037FA01988DED0B0AD1
S3150801DAD004F0DEF901988DED0A0A04F051FA0146BF
S3150801DAE002988DF8211041F658110844FEF7B0F94D
S3150801DAF08DF820009DED0C0AF9EE000ACDED050A18
S3150801DB00B1EE001A8DED061A4FF63E60CFF6FF709C
S3150801DB1004904FF4E1710391F9F7F6FC0399DDEDF1
S3150801DB20050A9DED061A02460498ADF8262040F22C
S3150801DB309033C2F200430793BDF826201A809DED63
S3150801DB400B0AF9F7E1FCDDED050A9DED061A0799C1
S3150801DB50ADF82400BDF8240048809DED0A0A6FF04F
S3150801DB60C700C821F9F7D0FC07994042ADF8220051
S3150801DB70BDF8220088809DF8200088719DF8212033
S3150801DB8045F60820C2F2004002700078C8710EB04E
S3150801DB9080BD00000000000080B582B001900198A8
S3150801DBA0009041F648210844FDF79AF9009842F693
S3150801DBB050110844FEF704FF0098FFF7D1FE0098BC
S3150801DBC041F658110844FEF777FA0098FFF764FF03
S3150801DBD002B080BD0000000080B584B003900398B0
S3150801DBE0029042F67120C2F20040017801310170BB
S3150801DBF00078322868D1FFE7029842F67022C2F20D
S3150801DC000042019211780131117000F5C850FDF7F3
S3150801DC102BF8019800784AF6AA22C2F6AA224AF6F1
S3150801DC20AB21CAF6AA2100FB0120B0F1553F19D252
S3150801DC30FFE7029800F0BCF8029841F648610844EB
S3150801DC4002F0E6FD029841F658110844FEF744FA37
S3150801DC50029800F0C5FD42F67021C2F2004100208B
S3150801DC600870FFE7029841F648210144009142F203
S3150801DC702861084404F00CF8029842F2104108445D
S3150801DC8004F006F8009805F01FFA029842F25421AA
S3150801DC90084401F025F8029842F60C21084403F0DD
S3150801DCA02FF8029842F63C31084403F0B1FA02987B
S3150801DCB042F67841084403F0ABFA42F67121C2F202
S3150801DCC0004100200870FFE704B080BD0000000095
S3150801DCD080B58CB00B908DED0A0A0B98089046F624
S3150801DCE06C21C2F20041A52200F092FD089800F5C8
S3150801DCF024700390B1EE000A8DED040A04F0F8F8D9
S3150801DD0003989DED040A04F0FFF8089800F5C85039
S3150801DD1046F60031C2F20041FCF7C2FF089942F605
S3150801DD209C60084441650521002204F0FDFE08981F
S3150801DD3041F6482108440790FDF76AF9079A0898B9
S3150801DD4041F65811069101440991C2F8081842F69C
S3150801DD50501108440590FEF777FE059A0899099827
S3150801DD60C2F8B800C2F8B4106A46012151605A21B6
S3150801DD70116040F2A841C2F2004141F21C12C2F2FE
S3150801DD80004240F29833C2F20043FEF7BDF9069B02
S3150801DD90079A08980999C25002F580624A60886014
S3150801DDA000F53A70C8600CB080BD000000000000A4
S3150801DDB082B001900199009142F65C70085842F6CA
S3150801DDC060728958884206D1FFE7009942F6647263
S3150801DDD00020885405E0009942F6647201208854AF
S3150801DDE0FFE7009942F65C70085842F6607288505F
S3150801DDF002B070470000000080B582B0019001981A
S3150801DE00009000F099FD009800F5247004F0CCF814
S3150801DE10009841F2E4710844FBF7CEFF009800F53B
S3150801DE20C450FCF745F8009800F5C850FCF7A4FF64
S3150801DE30009841F658110844FEF76EFC009841F621
S3150801DE4048210844FDF7B0FE009842F650110844EF
S3150801DE50FFF796F9009842F6EC51084404F07CF96C
S3150801DE60009842F64461084404F076FA009842F6AE
S3150801DE709C61084404F060FC009842F6F4620021B3
S3150801DE80815442F6F562815442F6F662815442F6AD
S3150801DE90F762815442F6F862815442F6F962815476
S3150801DEA042F6FC6281504FF43C52815440F22032D2
S3150801DEB0C2F2004242F60473C25042F6087346F6AD
S3150801DEC02E42CCF20B02C25042F610734FF080423A
S3150801DED0C25042F614734FF4C872C25242F618730E
S3150801DEE041F26F22C3F68322C25042F61C734DF2E9
S3150801DEF00A72C3F62342C25042F620734EF25532D5
S3150801DF00C3F6A562C25042F6247345F2EE12C3F671
S3150801DF103872C25042F6287346F66322C3F61A428D
S3150801DF20C25042F62C73C25042F6307343F2333272
S3150801DF30C4F26732C25042F6347343F23332C4F242
S3150801DF406722C25042F63872815042F63C7343F654
S3150801DF507152C3F60A72C2504FF43D534CF29022E5
S3150801DF60C4F21502C25042F6447349F6A632C3F604
S3150801DF704432C25042F64873C25042F64C7281523C
S3150801DF8042F64E72815242F65C72815042F66072D6
S3150801DF90815042F66472815442F66572815442F6A2
S3150801DFA066730122C25442F66773C25442F6687216
S3150801DFB0815442F66972815442F66A720221815489
S3150801DFC002B080BD0000000080B582B001900198C2
S3150801DFD0009000F5247004F0B3F8009802B080BDF3
S3150801DFE080B586B00590ADF812100598019000200D
S3150801DFF00290FFE70298BDF81210884280F2BD81AF
S3150801E000FFE701994868029A1044843003900398FF
S3150801E0100078097A884204D0FFE702980130029015
S3150801E020E8E701980399042200F0AAF90399097906
S3150801E030884204D0FFE7029801300290DAE7019896
S3150801E0400399B1F80120073200F0CEF90399B1F826
S3150801E05001201144B1F80710884208D0FFE7039858
S3150801E060B0F801000299084409300290C2E7029803
S3150801E0700399B1F8011008440930BDF81210884215
S3150801E08001DDFFE779E10398B0F805000146009143
S3150801E090012866D0FFE7009802287ED0FFE700989E
S3150801E0A0032800F08480FFE7009840F201118842B6
S3150801E0B000F08580FFE70098B0F5817F00F0898040
S3150801E0C0FFE70098B0F5827F00F08D80FFE70098A2
S3150801E0D040F20121884200F09080FFE7009840F263
S3150801E0E00221884200F0A780FFE7009840F2032149
S3150801E0F0884200F0C080FFE70098B0F5017F00F084
S3150801E100CD80FFE7009840F20621884200F0D580CD
S3150801E110FFE7009840F20721884200F0D880FFE720
S3150801E1200098B0F5027F00F0E080FFE7009840F222
S3150801E1300921884200F0E880FFE7009840F20A21A9
S3150801E140884200F0EC80FFE70098B0F5047F00F004
S3150801E1500381FFE7009840F20331884200F0EA8024
S3150801E16003E10199039BD87C81F82400D3F80700C1
S3150801E170D3F80B20D3F80F300B62CA61886146F6D3
S3150801E1805C50C2F200400430E3F756FC40F2F4302A
S3150801E190C2F2004080ED010AE7E001990398427A4C
S3150801E1A081F82720B0F80700A1F82500DDE00198DD
S3150801E1B02830039907311222E2F707FAD5E00199C7
S3150801E1C00398B0F80B20CA87D0F80700C1F83A00BF
S3150801E1D0CBE001990398B0F80B20A1F84420D0F8B8
S3150801E1E007000864C1E001990398C27A81F84A20B8
S3150801E1F0D0F80700C1F84600B7E00199DDF80CC070
S3150801E200DCF80700DCF80B20DCF80F30DCF812C06C
S3150801E210C1F85BC08B654A65086546F65C50C2F273
S3150801E22000400830E3F708FC40F2F430C2F200403F
S3150801E23080ED020A99E00199DDF80CC0DCF80700C7
S3150801E240DCF80B20DCF80F30DCF813C0C1F86BC022
S3150801E250C1F86730C1F86320C1F85F0046F65C5023
S3150801E260C2F20040E3F7E8FB40F2F430C2F20040A4
S3150801E27080ED000A79E00199039BB3F81300A1F830
S3150801E2807B00D3F80700D3F80B20D3F80F30C1F879
S3150801E2907730C1F87320C1F86F0066E00199039AD7
S3150801E2A0B2F80F00A1F88500D2F80700D2F80B20C2
S3150801E2B0C1F88120C1F87D0057E001990398427A97
S3150801E2C081F88D20B0F80700A1F88B004DE001997F
S3150801E2D0039AD07B81F89600D2F80700D2F80B2072
S3150801E2E0C1F89220C1F88E003FE00199039AB2F86D
S3150801E2F00F00A1F89F00D2F80700D2F80B20C1F849
S3150801E3009B20C1F8970030E00199039AD2F80700DB
S3150801E310D2F80A20C1F8A420C1F8A10025E0019984
S3150801E320039AD2F80700D2F80B20C1F8AC20C1F83D
S3150801E330A8001AE00199039BD87C81F8BC00D3F8A0
S3150801E3400700D3F80B20D3F80F30C1F8B830C1F85D
S3150801E350B420C1F8B00008E0019800F25B200399E7
S3150801E36007312022E2F731F9FFE70398B0F80100F7
S3150801E37002990844093002903CE606B080BD0000C7
S3150801E38085B0039002910192FF208DF80200029850
S3150801E39028B9FFE79DF802008DF813001EE0FFE794
S3150801E3A00198411E0191A0B1FFE7029800788DF806
S3150801E3B003000298013002909DF802009DF80310AF
S3150801E3C0414047F21000C0F60200405C8DF8020099
S3150801E3D0E6E79DF802008DF81300FFE79DF81300A4
S3150801E3E005B070470000000085B0039002910192C4
S3150801E3F04FF6FF70ADF80000029828B9FFE7BDF89F
S3150801E4000000ADF8120022E0FFE70198411E0191D4
S3150801E410C0B1FFE7029800788DF803000298013031
S3150801E4200290BDF800109DF803004840C2B246F6B6
S3150801E4308030C0F6020030F8120080EA1120ADF8EB
S3150801E4400000E2E7BDF80000ADF81200FFE7BDF8ED
S3150801E450120005B07047000081B000900098007E58
S3150801E460000901B07047000082B00190009101993E
S3150801E4700098C1F8810202B0704700000000000050
S3150801E48081B000900098D0F8910000EE100A01B012
S3150801E490704700000000000081B000900098C08E0F
S3150801E4A001B070470000000081B000900098B0F8F4
S3150801E4B0970001B07047000081B00090009800787D
S3150801E4C001B070470000000081B000900098B0F8D4
S3150801E4D0190001B07047000081B000900098B0F8AB
S3150801E4E0610201B07047000081B000900098B0F851
S3150801E4F0630201B07047000081B000900098808ED9
S3150801E50001B070470000000080B584B00390029105
S3150801E510ADF806200398016901310161BDF80610BD
S3150801E520FFF75EFD04B080BD81B000900098B0F899
S3150801E530750201B07047000081B000900098B0F8EC
S3150801E540770201B07047000080B586B00590049146
S3150801E5500598019040F20131ADF80A100A21ADF88B
S3150801E5600C10817AC37A027B1944BDF80C30194420
S3150801E5701144ADF80E1040680430BDF80E10E2F7EC
S3150801E580BDF80199087A4A6810714A68BDF80C0005
S3150801E590A2F80500487A4A68D07148680430897A31
S3150801E5A0F9F7C6FC019948688A7A10440430CA7A90
S3150801E5B00DF10A01E2F709F801984168827AC37AEE
S3150801E5C01A440A44049B1989918119685B68936006
S3150801E5D0516040680430BDF80E10F9F7B9FD01998C
S3150801E5E0BDF80E004A68A2F80A01487A0130487255
S3150801E5F006B080BD0000000080B586B00590049184
S3150801E6000598019040F20131ADF80A100A21ADF8DA
S3150801E6100C10817AC37A027B1944BDF80C3019446F
S3150801E6201144ADF80E1040680430BDF80E10E2F73B
S3150801E63065F80199087A4A6810714A68BDF80C00AC
S3150801E640A2F80500487A4A68D07148680430897A80
S3150801E650F9F76EFC019948688A7A10440430CA7A37
S3150801E6600DF10A01E1F7B1FF01984168827AC37A8F
S3150801E6701A440A44049B1989918119685B68936055
S3150801E680516040680430BDF80E10F9F761FD019933
S3150801E690BDF80E004A68A2F80A01487A01304872A4
S3150801E6A006B080BD0000000081B000900098B0F867
S3150801E6B0690001B07047000081B00090009890F899
S3150801E6C04C00800901B0704780B582B0019001986D
S3150801E6D0009000F029F90246009800F27B2180F8A3
S3150801E6E07D22FFF731FF009842681068111DB2F8C4
S3150801E6F00A21F0F761F902B080BD000000000000B0
S3150801E70081B000900098B0F8690201B07047000026
S3150801E71081B000900098B0F86B0201B07047000014
S3150801E72081B000900098B0F86D0201B07047000002
S3150801E73081B000900098B0F86F0201B070470000F0
S3150801E74081B000900098B0F8560001B070470000FB
S3150801E75081B000900098B0F8580001B070470000E9
S3150801E76081B00090009890ED2C0A01B07047000026
S3150801E77081B00090009890ED2D0A01B07047000015
S3150801E78080B582B001900198009000F0CDF801465D
S3150801E790009880F8871200F0C7F8072805D1FFE727
S3150801E7A00099092081F889020BE0009800F0BCF86D
S3150801E7B06B2805D1FFE700996D2081F88902FFE7EB
S3150801E7C0FFE7009800F28521FFF716FF00984268D7
S3150801E7D01068111DB2F80A21F0F7EEF802B080BDF3
S3150801E7E082B001900199009108694969884204D16A
S3150801E7F0FFE700990020087003E0009901200870DE
S3150801E800FFE700990869486102B0704700000000F7
S3150801E81084B0039002918DF807200398009002981E
S3150801E820006841F20001C4F20101884207D1FFE7FD
S3150801E830009940F6AC10C2F20040486065E00298C3
S3150801E840006844F20041C4F20001884207D1FFE79B
S3150801E850009940F6BC20C2F20040486054E0029894
S3150801E860006844F60001C4F20001884207D1FFE7B7
S3150801E870009940F6CC30C2F20040486043E0029865
S3150801E880006844F60041C4F20001884207D1FFE757
S3150801E890009940F6DC40C2F20040486032E0029836
S3150801E8A0006845F20001C4F20001884207D1FFE77A
S3150801E8B0009940F6EC50C2F20040486021E0029807
S3150801E8C0006841F20041C4F20101884207D1FFE71D
S3150801E8D0009940F6FC60C2F20040486010E00298D8
S3150801E8E0006841F60041C4F20101884207D1FFE7F9
S3150801E8F0009940F69C00C2F200404860FFE7FFE736
S3150801E900FFE7FFE7FFE7FFE7FFE700999DF8070045
S3150801E910087204B07047000081B000900098B0F802
S3150801E920520001B07047000081B00090009890F83D
S3150801E930500001B07047000080B582B0019001987F
S3150801E9400090002101704172052282720222C27270
S3150801E95002730161416100F2351003F0D5FF009899
S3150801E96000F23D1003F0B0FF009800F5A97003F01E
S3150801E970B3FF009800F5BB7003F0B6FF009800F2EC
S3150801E980C71003F0B9FF009800F2272003F0C4FF6F
S3150801E990009800F27B2001F0F3FF009800F2852031
S3150801E9A003F0FAFB009802B080BD000000000000E9
S3150801E9B084B0039003980090D0F820112C3101916E
S3150801E9C0D0F8200190F82C00A12804D1FFE701997D
S3150801E9D0A1200870FFE70098D0F8200190F82C00D4
S3150801E9E0A62804D1FFE70199A6200870FFE7009839
S3150801E9F0D0F8202192F8321092F8332041EA022108
S3150801EA0046F68652C2F200421180D0F8203193F8B8
S3150801EA10301093F8313041EA032146F68853C2F2A1
S3150801EA2000431980D0F8203193F82E1093F82F302F
S3150801EA3041EA032146F68453C2F20043198011883C
S3150801EA40D0F82C311944118090F8600158BBFFE7C2
S3150801EA50009946F68650C2F200400088B1F88C212A
S3150801EA60801A02900298D1F844210021A1EB5201A3
S3150801EA70884207D2FFE70099D1F894010130C1F81D
S3150801EA8094010FE000990298D1F84411B0EB510FA7
S3150801EA9007D9FFE70099D1F894010138C1F8940123
S3150801EAA0FFE7FFE7FFE70098D0F84431D0F8942153
S3150801EAB046F68651C2F20041B1F800C002FB03C214
S3150801EAC0C0F89021019A127880F87021098800EE21
S3150801EAD0101AB8EE400A90ED511AB8EE411A80EEB6
S3150801EAE0010A9FED3B1A20EE010A80ED5D0A90EDC1
S3150801EAF05D0A9FED381AB4EE410AF1EE10FA0ADD05
S3150801EB00FFE7009890ED5D0A9FED341A30EE010A91
S3150801EB1080ED5D0A15E0009890ED5D0A9FED2E1ACD
S3150801EB20B4EE410AF1EE10FA0ADAFFE7009890ED21
S3150801EB305D0A9FED271A30EE010A80ED5D0AFFE7AF
S3150801EB40FFE7009890ED5D0A9FED251A20EE010A70
S3150801EB5080ED5E0A46F68851C2F20041B1F90020FD
S3150801EB6000EE102AB8EEC00A80ED5F0AB1F900106E
S3150801EB7000EE101AB8EEC00A20EE010A80ED600A0E
S3150801EB8046F68451C2F20041B1F9001000EE101A9E
S3150801EB90B8EEC00A80ED610AD0F8201191F82D105F
S3150801EBA000EE101AB8EE400A80ED620A46F6865162
S3150801EBB0C2F200410988A0F88C1190F8600128B9C1
S3150801EBC0FFE70099012081F86001FFE704B070476B
S3150801EBD00000B44300003443000034C30000B4C34A
S3150801EBE035FA8E3C0000000081B00090009890ED47
S3150801EBF05D0A01B07047000081B000900098B0F935
S3150801EC00380100EE100AB8EEC00A01B070470000DC
S3150801EC1082B001908DED000A01990098C1F8A8010A
S3150801EC2002B070470000000082B001908DED000A25
S3150801EC3001990098C1F8B80102B0704700000000B8
S3150801EC4080B584B0039002910398019002984078A8
S3150801EC5008B9FFE708E00198D0F864110131C0F856
S3150801EC606411FFF7A5FEFFE704B080BD00000000B0
S3150801EC7081B00090009890ED530A01B070470000EA
S3150801EC8082B001908DED000A01990098C1F84C01F6
S3150801EC9002B070470000000082B001908DED000AB5
S3150801ECA001990098C1F8500102B0704700000000B0
S3150801ECB082B001908DED000A01990098C1F8B00162
S3150801ECC002B070470000000082B001908DF8031071
S3150801ECD001999DF8030081F89A0102B07047000076
S3150801ECE082B0019001990091D1F86401D1F86811B7
S3150801ECF0884205D1FFE70099002081F86C0104E0FC
S3150801ED000099012081F86C01FFE70099D1F86401A7
S3150801ED10C1F8680102B0704780B586B005900598BC
S3150801ED20039090F89A010146049102283CD0FFE726
S3150801ED30049803281CD0FFE7049804285ED1FFE74E
S3150801ED40039901F1C000029091ED6E0A04F080FB6F
S3150801ED500298039991ED610A04F062FD029804F0A4
S3150801ED608FFB029804F054FD039880ED4F0A4AE0A0
S3150801ED70039901F16000019091ED6C0A04F068FBBA
S3150801ED800198039991ED540A04F04AFD019804F09B
S3150801ED9077FB019804F03CFD039981ED6D0AD1F8E2
S3150801EDA0B401C1F83C012EE0039890ED6A0A04F01B
S3150801EDB04FFB039890ED530A04F032FD039804F0D3
S3150801EDC05FFB039804F024FD039981ED6C0A01F1B8
S3150801EDD06000009091ED6C0A04F03AFB00980399E3
S3150801EDE091ED540A04F01CFD009804F049FB0098C3
S3150801EDF004F00EFD039880ED4F0A04E00399002004
S3150801EE00C1F83C01FFE7039800F06EF806B080BD33
S3150801EE1010B58AB00DF1100CCDF804C08C460199D5
S3150801EE2086460C98CDF824E0CDF820C08DF81F2031
S3150801EE3081ED020A0593C1ED000A8DF80F000998C4
S3150801EE400290089800684AF20001C4F2000188425B
S3150801EE5008D1FFE7029940F29020C2F20040C1F8BA
S3150801EE60200123E0089800684AF20041C4F2000133
S3150801EE70884208D1FFE7029940F22030C2F20040E9
S3150801EE80C1F8200111E0089800684DF20041C4F26A
S3150801EE900001884208D1FFE7029940F29830C2F290
S3150801EEA00040C1F82001FFE7FFE7FFE702999DF857
S3150801EEB01F0081F824019DF80F0081F89A01059831
S3150801EEC0C1F82C010698C1F830010498C1F834013B
S3150801EED008989DF81F10F8F71FF90299C1F828013B
S3150801EEE00AB010BD0000000083B00290029800909D
S3150801EEF090F89801803801460191262800F26C8025
S3150801EF000199DFE801F039336969696969692D6928
S3150801EF106969696969696969696969696969696952
S3150801EF206969696969696914696969693F00009963
S3150801EF30D1F82821A120107091ED4F0ABDEEC00A23
S3150801EF4010EE100AD1F82821107191ED4F0ABDEE85
S3150801EF50C00A10EE100A000AD1F8281148713CE0DF
S3150801EF600098D0F828118820087036E00098D0F863
S3150801EF7028118120087030E00098D0F828118020E7
S3150801EF8008702AE00099D1F82821A620107091F876
S3150801EF905801D1F82821507091F85A01D1F8282141
S3150801EFA0907091F85B01D1F82821D070D1F8282109
S3150801EFB0D1F85C011071D1F82821D1F85C01000A59
S3150801EFC05071B1F85E01D1F82821907191F85F016D
S3150801EFD0D1F82811C871FFE7FFE703B070470000B1
S3150801EFE080B584B003900398019004F025FC01983C
S3150801EFF0603004F021FC0198C03004F01DFC019832
S3150801F0004FF40061A0F8381100210291C0F83C11B3
S3150801F01049F69A12C3F69962C0F840214FF6FF7273
S3150801F020C0F84421C0F84811C0F84C11C0F8501175
S3150801F030C0F854112D22A0F85A2180F86011C0F8A1
S3150801F0406411C0F8681180F86C1100F5B87003F006
S3150801F0508FF801980299A12280F8982180F89911D0
S3150801F060022280F89A21C0F89C11C0F8A011C0F8B4
S3150801F070A411C0F8A811C0F8AC11C0F8B011C0F8B5
S3150801F080B411C0F8B81104B080BD0000000000003A
S3150801F09080B582B0019001980090183001F060FCAB
S3150801F0A0009844F20001C4F29C61416400210165A3
S3150801F0B0416580F8651080F86610816702B080BDE9
S3150801F0C081B00090009940F2C000C2F20040026887
S3150801F0D04DF68363C4F21B33A2FB0332920C8A609A
S3150801F0E0006844F6D352C1F26202A0FB02208009ED
S3150801F0F0C86001B07047000080B584B003900291E2
S3150801F1000398019000F09CFE30B1FFE70199087958
S3150801F11040F08000087108E0019800F019FA019999
S3150801F1200246087910430871FFE7019800F0E4FDEB
S3150801F13030B1FFE70199087940F04000087108E00D
S3150801F140019800F06DF90199024608791043087192
S3150801F150FFE70198407928B1FFE70198029900F085
S3150801F1608FFA26E002994BF21F30C3F67B004862FC
S3150801F17002994DF2C970C3F66B308862029944F65A
S3150801F1802F70CBF6E220C86202994CF65830C4F2C9
S3150801F1901B100863029890ED0C1A9FED080A80EE81
S3150801F1A0010A80ED080A02990020C4F2202088612C
S3150801F1B0FFE70198007904B080BD00BFC3F51C4183
S3150801F1C080B586B0059004910598029042F674229E
S3150801F1D0C2F2004203921221062300F0E1FF0298CF
S3150801F1E0039A1178537841EA032142F67223C2F24F
S3150801F1F000431980B3F9001000EE101AB8EEC00AE0
S3150801F20040F20001C2F2004191ED001A20EE010A16
S3150801F210DDF810C08CED000A92F802C092F803E0FE
S3150801F2204CEA0E2CA3F800C0B3F900C000EE10CAD0
S3150801F230B8EEC00A91ED001A20EE010ADDF810C0F9
S3150801F2408CED010A92F804C092F805E04CEA0E2CFE
S3150801F250A3F800C0B3F9003000EE103AB8EEC00AC0
S3150801F26091ED001A20EE010A049981ED020A0021A6
S3150801F270082300F05DFF039800780F2840F0958079
S3150801F280FFE70298407900284AD0FFE742F674233F
S3150801F290C2F200439878D97840EA012042F67221F1
S3150801F2A0C2F200410880B1F9000000EE100AB8EE7A
S3150801F2B0C01A40F20400C2F2004090ED002A049AF6
S3150801F2C092ED090A91EE020A82ED030A1A7993F878
S3150801F2D005C042EA0C220A80B1F9002000EE102A84
S3150801F2E0B8EEC01A90ED002A049A92ED0A0A91EE38
S3150801F2F0020A82ED040A9A79DB7942EA03220A8034
S3150801F300B1F9001000EE101AB8EEC01A90ED002AF5
S3150801F310049890ED0B0A91EE020A80ED050A43E086
S3150801F32042F67423C2F200439878D97840EA01205C
S3150801F33042F67221C2F200410880B1F9000000EEDE
S3150801F340100AB8EEC00A40F20400C2F2004090ED7D
S3150801F350001A20EE010A049A82ED030A1A7993F833
S3150801F36005C042EA0C220A80B1F9002000EE102AF3
S3150801F370B8EEC00A90ED001A20EE010A049A82ED51
S3150801F380040A9A79DB7942EA03220A80B1F9001064
S3150801F39000EE101AB8EEC00A90ED001A20EE010A26
S3150801F3A0049880ED050AFFE7FFE7029842F6742202
S3150801F3B0C2F2004201922221022300F0F1FE0199D4
S3150801F3C008784978C00040EA511142F67220C2F223
S3150801F3D000400180B0F90000B0F5806F09DBFFE756
S3150801F3E042F67221C2F200410888A0F50060088041
S3150801F3F0FFE742F67220C2F20040B0F9000000EEC3
S3150801F400100AB8EEC01AB4EE002AB3EE070AA1EE46
S3150801F410020A049880ED070A06B080BD00000000C4
S3150801F42080B58AB0089008980590002103918DF857
S3150801F4301F108DF81E100DF11E02049200F0ECFE4D
S3150801F44005989621069101F027F80399049A0598DB
S3150801F45000F0E2FE0598069901F01EF805981421B8
S3150801F460B62200F02DFF0598502100F0C9FF039937
S3150801F470049A059800F0D0FE0598069901F00CF853
S3150801F4800399049A059800F0C7FE0598069901F0B4
S3150801F49003F89DF81E000F2804D0FFE7FF208DF81A
S3150801F4A027004FE000208DF81F00FFE79DF81F0099
S3150801F4B0052843DCFFE705989DF81F1001EB41037A
S3150801F4C040F29611C2F200410291CA18C95C5278FB
S3150801F4D000F0F6FE05989621019100F0DDFF0598EA
S3150801F4E002999DF81F2002EB4202895C0DF11E026A
S3150801F4F000F092FE0598019900F0CEFF02999DF859
S3150801F5001E009DF81F2002EB4202114449788842E9
S3150801F5100DD0FFE79DF81F0000EB400140F2961061
S3150801F520C2F20040084480788DF827000AE0FFE718
S3150801F5309DF81F0001308DF81F00B7E700208DF8F0
S3150801F5402700FFE79DF827000AB080BD00000000EC
S3150801F55080B58AB0089008980590002103918DF826
S3150801F5601F108DF81E100DF11F02049200F07CFE8B
S3150801F57005989621069100F08FFF0399049A05983C
S3150801F58000F072FE0598069900F086FF05987E211F
S3150801F590B62200F0B9FE0598502100F031FF039913
S3150801F5A0049A059800F060FE0598069900F074FF24
S3150801F5B00399049A059800F057FE0598069900F0F4
S3150801F5C06BFF9DF81F001E2804D0FFE7FF208DF86A
S3150801F5D027004FE000208DF81E00FFE79DF81E006A
S3150801F5E0052843DCFFE705989DF81E1001EB41034A
S3150801F5F040F2A811C2F200410291CA18C95C5278B8
S3150801F60000F082FE05989621019100F045FF0598C4
S3150801F61002999DF81E2002EB4202895C0DF11F0238
S3150801F62000F022FE0598019900F036FF02999DF82F
S3150801F6301F009DF81E2002EB4202114449788842B8
S3150801F6400DD0FFE79DF81E0000EB400140F2A8101F
S3150801F650C2F20040084480788DF827000AE0FFE7E7
S3150801F6609DF81E0001308DF81E00B7E700208DF8C1
S3150801F6702700FFE79DF827000AB080BD00000000BB
S3150801F68080B594B006AA029213901291139803902A
S3150801F690002011901090E2F7F7F942F67C20C2F2A9
S3150801F6A0004080ED000AFFE7E2F7EEF942F67C201A
S3150801F6B0C2F2004090ED001A30EE410AB2EE041A89
S3150801F6C0B4EE410AF1EE10FA1EDDFFE712994BF28C
S3150801F6D01F30C3F67B00486212994DF2C970C3F612
S3150801F6E06B308862129944F62F70CBF6E220C86215
S3150801F6F012994CF65830C4F21B100863129900206F
S3150801F700C4F220208861E1E29FEDE40AE2F768F994
S3150801F710129900200863129948621299886212990F
S3150801F720C862ADF81600FFE7BDF8160040F2BA1137
S3150801F730C2F200410988884280F2DA81FFE703981C
S3150801F740122110AA0192062300F02AFD9DF8400015
S3150801F7509DF8411040EA0120ADF83E00BDF93E0092
S3150801F76000EE100AB8EEC00A40F20000C2F20040EC
S3150801F77090ED001A20EE010A129981ED000A9DF812
S3150801F78042109DF8432041EA0221ADF83E10BDF929
S3150801F7903E1000EE101AB8EEC00A90ED001A20EEDF
S3150801F7A0010A129981ED010A9DF844109DF8452038
S3150801F7B041EA0221ADF83E10BDF93E1000EE101ADD
S3150801F7C0B8EEC00A90ED001A20EE010A129880EDF3
S3150801F7D0020A129890ED002A90ED010A90ED021A9C
S3150801F7E020EE000AA2EE020AA1EE010A06F03AFD8F
S3150801F7F002990398019A81ED020A91ED021A12996A
S3150801F80091ED0C0A30EE010A81ED0C0A002108235C
S3150801F81000F08EFC9DF840000F285FD1FFE79DF8A8
S3150801F82042009DF8431040EA0120ADF83E00BDF9BB
S3150801F8303E0000EE100AB8EEC00A40F20400C2F219
S3150801F840004090ED001A20EE010A129981ED030A93
S3150801F850129991ED031A91ED090A30EE010A81ED2B
S3150801F860090A9DF844109DF8452041EA0221ADF8A0
S3150801F8703E10BDF93E1000EE101AB8EEC00A90ED22
S3150801F880001A20EE010A129981ED040A129991EDE6
S3150801F890041A91ED0A0A30EE010A81ED0A0A9DF869
S3150801F8A046109DF8472041EA0221ADF83E10BDF900
S3150801F8B03E1000EE101AB8EEC00A90ED001A20EEBE
S3150801F8C0010A129880ED050A129890ED051A90ED35
S3150801F8D00B0A30EE010A80ED0B0AFFE7BDF81600A8
S3150801F8E038BBFFE7089807900898069000208DF81E
S3150801F8F01500FFE79DF81500022819DCFFE71298A5
S3150801F9009DF8152000EB8200C0680CA941F8220079
S3150801F91012989DF8152000EB8200C06809A941F8E4
S3150801F9202200FFE79DF8150001308DF81500E1E783
S3150801F93064E0029890ED020A90ED011AB4EE410ACC
S3150801F940F1EE10FA03DDFFE708980790FFE7029842
S3150801F95090ED020A90ED001AB4EE410AF1EE10FAA2
S3150801F96003DAFFE708980690FFE700208DF81400F0
S3150801F970FFE79DF8140002283FDCFFE712989DF87F
S3150801F980141000EB810090ED030A0CA800EB81002E
S3150801F99090ED001AB4EE410AF1EE10FA0ADDFFE71E
S3150801F9A012989DF8142000EB8200C0680CA941F852
S3150801F9B02200FFE712989DF8141000EB810090EDE4
S3150801F9C0030A09A800EB810090ED001AB4EE410A7A
S3150801F9D0F1EE10FA0ADAFFE712989DF8142000EB07
S3150801F9E08200C06809A941F82200FFE7FFE79DF8F0
S3150801F9F0140001308DF81400BBE7FFE7029890ED7B
S3150801FA00010A90ED001A30EE410A45F60C20C2F2C1
S3150801FA10004080ED000A00208DF81300FFE79DF8ED
S3150801FA20130002281DDCFFE79DF813100CA800EB54
S3150801FA30810090ED000A09A800EB810090ED001AFB
S3150801FA4030EE410A45F61020C2F2004000EB810073
S3150801FA5080ED000AFFE79DF8130001308DF81300C9
S3150801FA60DDE745F60C20C2F2004090ED000AB6EE3D
S3150801FA70001AB4EE410AF1EE10FA2DDCFFE745F65D
S3150801FA801020C2F2004090ED000A9FED961AB4EEDE
S3150801FA90410AF1EE10FA1FDC02E000BF0AD7A33BC8
S3150801FAA045F61020C2F2004090ED010A9FED8D1A2D
S3150801FAB0B4EE410AF1EE10FA0EDCFFE745F6102026
S3150801FAC0C2F2004090ED020A9FED861AB4EE410A91
S3150801FAD0F1EE10FA01DDFFE70AE09FED830AE1F78F
S3150801FAE07FFFFFE7BDF816000130ADF816001BE6EB
S3150801FAF040F2BA10C2F20040008800EE100AB8EED1
S3150801FB00401A129890ED0C0A80EE010A80ED0C0A53
S3150801FB1000208DF81200FFE79DF8120002281BDC71
S3150801FB20FFE740F2BA10C2F20040008800EE100A60
S3150801FB30B8EE401A12989DF8121000EB810090ED6C
S3150801FB40090A80EE010A80ED090AFFE79DF812000D
S3150801FB5001308DF81200DFE70398222110AA02234B
S3150801FB6000F01EFB9DF840009DF84110C00040EAD8
S3150801FB705110ADF83E00BDF93E00B0F5806F07DBC8
S3150801FB80FFE7BDF83E00A0F50060ADF83E00FFE7CF
S3150801FB90BDF93E0000EE100AB8EEC01AB4EE002A0E
S3150801FBA0B3EE070AA1EE020A129880ED060A42F69A
S3150801FBB08821C2F20041088801300880FFE745F62E
S3150801FBC00C20C2F2004090ED000A0120B6EE001AA0
S3150801FBD0B4EE410AF1EE10FA009071DCFFE71298D3
S3150801FBE090ED0C0A9FED411A30EE010AB0EEC00AFB
S3150801FBF00120B6EE001AB4EE410AF1EE10FA0090B1
S3150801FC005EDCFFE745F61020C2F2004090ED000ADF
S3150801FC1001209FED341AB4EE410AF1EE10FA009074
S3150801FC204EDCFFE745F61020C2F2004090ED010ACE
S3150801FC3001209FED2C1AB4EE410AF1EE10FA00905C
S3150801FC403EDCFFE745F61020C2F2004090ED020ABD
S3150801FC5001209FED241AB4EE410AF1EE10FA009044
S3150801FC602EDCFFE7129890ED090AB0EEC00A0120D2
S3150801FC709FED1F1AB4EE410AF1EE10FA00901FDC4F
S3150801FC80FFE7129890ED0A0AB0EEC00A01209FED2F
S3150801FC90181AB4EE410AF1EE10FA009010DCFFE7EB
S3150801FCA0129890ED0B0AB0EEC00A9FED111A0020CA
S3150801FCB0B4EE410AF1EE10FAC8BF01200090FFE741
S3150801FCC00098C00700287FF4EFACFFE7129890ED83
S3150801FCD00C1A9FED080A80EE010A80ED080A14B095
S3150801FCE080BD00BF9A99193E6F12033ACDCC1CC14B
S3150801FCF00AD7233CC3F51C4180B58AB008900898F9
S3150801FD000590002102918DF81F108DF81E100DF136
S3150801FD101F02039200F080FA05989621049100F0DB
S3150801FD20BBFB0299039A059800F076FA049905989F
S3150801FD3000F0B2FB05981421B62200F0C1FA059825
S3150801FD405021069100F05CFB0299039A059800F090
S3150801FD5063FA0499059800F09FFB0299039A05989E
S3150801FD6000F05AFA0499059800F096FB05983C218B
S3150801FD70012200F0A5FA0598069900F041FBFFE774
S3150801FD8005983C210DF11F0200F046FA05989621C7
S3150801FD9000F082FB9DF81E0001308DF81E00FFE77A
S3150801FDA09DF81F10002089070029019008D4FFE754
S3150801FDB09DF81E1000200A29B8BF01200190FFE70F
S3150801FDC00198C0070028DBD1FFE79DF81E000A2825
S3150801FDD004D1FFE740208DF827000DE09DF81F00AC
S3150801FDE04007002804D5FFE740208DF8270003E0E7
S3150801FDF000208DF82700FFE79DF827000AB080BD8F
S3150801FE0080B584B003908DF80B10039801909DF886
S3150801FE100B100268917200680068694601230B603D
S3150801FE2040F60001C5F602010822F0F7F5F8019837
S3150801FE30006890F88A0004B080BD00000000000048
S3150801FE4080B596B0149014980C9000210A91ADF8DB
S3150801FE5040100F918DF83B108DF83A100DF13B02C9
S3150801FE600B9200F001FA0C9896210D9100F014FB03
S3150801FE700A990B9A0C9800F0F7F90C980D9900F06D
S3150801FE800BFB0C987E21B62200F03EFA0C98502105
S3150801FE9000F0B6FA0A990B9A0C9800F0E5F90C9855
S3150801FEA00D9900F0F9FA0A990B9A0C9800F0DCF909
S3150801FEB00C980D9900F0F0FA9DF83B001E2804D025
S3150801FEC0FFE7FF208DF857002EE100208DF83A0054
S3150801FED0FFE79DF83A00032847DCFFE70C989DF8F1
S3150801FEE03A1001EB410347F2A821C0F60201099134
S3150801FEF0CA18C95C527800F007FA0C98962108913D
S3150801FF0000F0CAFA0C9809999DF83A2002EB4202C8
S3150801FF10895C0DF13B0200F0A7F90C98089900F0ED
S3150801FF20BBFA09999DF83B009DF83A2002EB42027B
S3150801FF301144497888420DD0FFE79DF83A0000EB55
S3150801FF40400147F2A820C0F60200084480788DF8DF
S3150801FF505700E9E00C98502100F052FAFFE79DF8A6
S3150801FF603A0001308DF83A00B3E700208DF83A00DF
S3150801FF70FFE79DF83A00012875DCFFE70C989DF824
S3150801FF803A1001EB410147F2A822C0F60202079294
S3150801FF900A44117B527B00F0B7F90C989621069119
S3150801FFA000F07AFA0C98079A9DF83A1001EB41018C
S3150801FFB01144097B0DF13B0200F056F90C9806999C
S3150801FFC000F06AFA079A9DF83B009DF83A1001EB92
S3150801FFD041011144497B88420DD0FFE79DF83A005B
S3150801FFE000EB400047F2A821C0F602010844807BD5
S3150801FFF08DF8570098E00C98502100F001FA0C98FA
S3150802000012210FAA062300F0CBF89DF83C009DF8B2
S315080200103D1040EA01209DF83A1001EB410211A970
S3150802002021F812009DF83E009DF83F2040EA022082
S315080200309DF83A2002EB420201EB420250809DF8FB
S3150802004040009DF8412040EA02209DF83A2002EB42
S31508020050420201EB42018880FFE79DF83A0001302F
S315080200608DF83A0085E70C986D210491002200F07C
S315080200704BF90C989621059100F00EFA04990C9802
S315080200800DF13B0200F0F0F80C98059900F004FA1D
S315080200909DF83B0020B1FFE704208DF8570043E0A6
S315080200A00C987E21B62200F02FF90C98502100F008
S315080200B0A7F9BDF94400BDF94A10401A40F2555154
S315080200C0884213DBFFE7BDF94600BDF94C10401A1A
S315080200D040F25551884209DBFFE7BDF94800BDF9F0
S315080200E04E10401AB0F52A7F04DAFFE780208DF811
S315080200F0570019E00C98002103910DF13B02019279
S3150802010000F0B2F80C989621029100F0C5F9019A0E
S315080201100C98039900F0A8F80C98029900F0BCF91B
S3150802012003988DF85700FFE79DF8570016B080BD73
S3150802013080B586B005908DF8131003928DF80B30B2
S315080201400598019040F60000C5F602000821E6F778
S31508020150DBFD01989DF8131041F08001FFF750FE70
S31508020160FFE79DF80B0078B1FFE701985521FFF7E5
S3150802017047FE039908700398013003909DF80B0017
S3150802018001388DF80B00ECE740F60000C5F60200D0
S315080201900821E6F7B9FD06B080BD000000000000A0
S315080201A080B586B005908DF8131003928DF80B3042
S315080201B00598019040F60000C5F602000121E6F70F
S315080201C0A3FD01989DF8131041F08001FFF718FE70
S315080201D001989DF8131041F08001FFF711FEFFE721
S315080201E09DF80B0078B1FFE701985521FFF708FE45
S315080201F0039908700398013003909DF80B000138A3
S315080202008DF80B00ECE740F60000C5F60200012166
S31508020210E6F77AFD06B080BD80B586B005908DF802
S31508020220131003920598009040F60000C5F60200E6
S31508020230029008210191E6F767FD00989DF81310D0
S3150802024041F08001FFF7DCFD00985521FFF7D8FD44
S31508020250019902460298039B1A70E6F755FD06B005
S3150802026080BD00000000000080B588B007908DF8B8
S315080202701B1005920798029040F60000C5F6020088
S31508020280049001210391E6F73FFD02989DF81B10A1
S3150802029041F08001FFF7B4FD029855210191FFF75D
S315080202A0AFFD01990298FFF7ABFD03990246049840
S315080202B0059B1A70E6F728FD08B080BD000000000D
S315080202C080B586B005908DF813108DF81220059822
S315080202D0019040F60000C5F602000390082102913B
S315080202E0E6F712FD01989DF81310FFF789FD0198AC
S315080202F09DF81210FFF784FD02990398E6F704FDAC
S3150802030006B080BD0000000080B586B005908DF865
S3150802031013108DF812200598019040F60000C5F6D4
S315080203200200039001210291E6F7EEFC01989DF87E
S315080203301310FFF765FD01989DF81210FFF760FD8F
S3150802034002990398E6F7E0FC06B080BD00000000BB
S3150802035080B586B00490039102920498019003989E
S3150802036020B9FFE700208DF8170045E003980068DA
S3150802037043F20001C4F20101884207D1FFE701995D
S3150802038040F21050C2F20040086025E00398006867
S3150802039043F60001C4F20001884207D1FFE701993A
S315080203A040F22460C2F20040086014E00398006834
S315080203B043F60041C4F20001884207D1FFE70199DA
S315080203C040F23870C2F20040086003E000208DF85F
S315080203D0170011E0FFE7FFE7FFE70198FEF770FE57
S315080203E0FFE701980299FEF787FE08B1FFE7F8E7EB
S315080203F001208DF81700FFE79DF8170006B080BDAB
S3150802040087B00690ADF8161006990020049003905E
S315080204100290019000904EF21400CEF2000000689D
S315080204200090BDF81600C968484304904EF21800B9
S31508020430CEF2000000680390FFE74EF21800CEF2F3
S315080204400000006802900298039988421ED0FFE7CE
S3150802045002980399884207D2FFE703980299411A3C
S3150802046001980844019008E000980299401A0399F5
S315080204700144019808440190FFE702980390019805
S315080204800499884201D3FFE701E0FFE7D5E707B001
S31508020490704700000000000087B00690ADF81610FD
S315080204A006990020049003900290019000904EF263
S315080204B01400CEF2000000680090BDF816008968A4
S315080204C0484304904EF21800CEF2000000680390EA
S315080204D0FFE74EF21800CEF200000068029002987A
S315080204E0039988421ED0FFE702980399884207D2E9
S315080204F0FFE703980299411A01980844019008E017
S3150802050000980299401A03990144019808440190F7
S31508020510FFE70298039001980499884201D3FFE7FE
S3150802052001E0FFE7D5E707B07047000000000000CA
S3150802053081B0009000980021017141718160C1600B
S3150802054001B070470000000082B001900091009946
S315080205504FF07E5008600099002048600099886034
S315080205600099C86002B0704781B0009000984FF0B9
S315080205707E510160002141600022C4F27A42826003
S31508020580C1600161416101B07047000000000000CE
S3150802059080B584B00390029103980190029800787E
S315080205A0A5286FD1FFE70298407BB5286AD1FFE7F5
S315080205B00199D1F800040130C1F8000446F65050FA
S315080205C0C2F20040E1F738FA019840F21441C2F249
S315080205D0004181ED000A029A51789278090209B21D
S315080205E0114400EE101AB8EEC00A9FED271A80EEE3
S315080205F0010A80EDC00A029AD1781279090209B273
S31508020600114400EE101AB8EEC00A80EE010A80ED17
S31508020610C10A029A51799279090209B2114400EE85
S31508020620101AB8EEC00A80EE010A80EDC20A029AD2
S31508020630D179127A090209B2114400EE101AB8EEFB
S31508020640C00A80EE010A80EDC30A029A517A927AAA
S31508020650090209B2114400EE101AB8EEC00A80EE79
S31508020660010A80EDC40A029AD17A127B090209B2FA
S31508020670114400EE101AB8EEC00A80EE010A80EDA7
S31508020680C50AFFE704B080BD0000C84200000000AA
S3150802069080B584B003900398009042F68022C2F295
S315080206A0004211780131117000F57D70E1F7C4F945
S315080206B0009880EDFB0A90EDFB1A90EDFC0A30EEED
S315080206C0010A80EDFC0AD0F80013C0F8B810D0F879
S315080206D00413C0F8BC10D0F80813C0F8C010D0F83C
S315080206E00C13C0F8AC10D0F81013C0F8B010D0F83C
S315080206F01413C0F8B41090ED2B0AD0ED2C0A90ED25
S315080207002D1AD0ED2E1A90ED2F2AD0ED302A90ED23
S31508020710FB3A00F59070F7F75FFF0098D0F8701271
S31508020720D0F87422D0F87832D0F87CC2C0F8A8C0C3
S31508020730C0F8A430C0F8A020034643F89C1F0193D2
S3150802074000F55A7100F1E00202F0A2FA0098019B44
S3150802075000F55D7100F1EC0202F09AFA0098019B2D
S3150802076000F5607100F1F80202F092FA0098019B16
S3150802077000F5777142F2A472C2F2004202F00CFB53
S3150802078000208DF80B00FFE79DF80B0002282CDCF1
S31508020790FFE700999DF80B3001EB830042F2A47241
S315080207A0C2F2004202EB830292ED002A90ED2E0A73
S315080207B090ED311A30EE420A91ED373A91EDFB2A65
S315080207C020EE020A33EE022A80EE020A21EE031A0C
S315080207D081EE021A30EE010A80ED310AFFE79DF832
S315080207E00B0001308DF80B00CEE7009800F19C0350
S315080207F000F1C40100F1D00202F04AFA009802F0B0
S315080208003BFD0099012081F8FC0304B080BD00007D
S3150802081082B0019001990091D1F80004D1F804142C
S31508020820884205D1FFE70099002081F8980004E084
S315080208300099012081F89800FFE70099D1F8000491
S31508020840C1F8040402B0704780B582B001908DEDFC
S31508020850000A0198DDED002A00F59070B2EE040A4E
S31508020860DFED050A9FED051AF7EE001A9FED042A39
S31508020870F7F79AFC02B080BD6F12833A8096184B3E
S31508020880000000000000000080B582B001900198C7
S31508020890009002F089FD009802B080BD00000000B9
S315080208A081B000900099486A086291ED000A91EDBC
S315080208B0051A30EE010A81ED010A91ED010A91ED60
S315080208C0041A30EE011A80EE010A81ED060A91ED4C
S315080208D0061A91ED090A91ED0A2A32EE402AA1EE8C
S315080208E0020A81ED090A91ED011A91ED062AB7EE7F
S315080208F0000A30EE420A20EE010A81ED000A486A31
S31508020900C86101B07047000085B004908DED030AF6
S31508020910CDED020A8DED011ACDED001A0499039860
S31508020920086102984861019848620098086005B013
S31508020930704700000000000081B00090009890ED1A
S31508020940070A01B07047000082B001908DED000AD7
S3150802095001990098886202B0704700000000000002
S3150802096081B0009000984FF07E518160C1600161AC
S31508020970416100218161C161816201B07047000055
S3150802098081B0009000984FF49071018048F280017E
S31508020990818001B07047000080B586B00590059841
S315080209A00090D0F8C0002C300190019804A9F7F7FE
S315080209B0E7FC019802300DF10E01F7F7E1FC019808
S315080209C0043003A9F7F7DCFC019806300DF10A0199
S315080209D0F7F7D6FC009890F8D40001282CD1FFE747
S315080209E00099BDF81000D1F80021801AADF812005E
S315080209F0BDF91200B1F8D6104A42C1EBD271B0EB7A
S31508020A00610F07DAFFE70099D1F808010130C1F84A
S31508020A10080110E00099BDF91200B1F8D610B0EB42
S31508020A20510F07DDFFE70099D1F808010138C1F82F
S31508020A300801FFE7FFE7FFE70098D0F80811B0F8CA
S31508020A40D620BDF8103001FB0231C0F8041190ED32
S31508020A50331A90ED410AB8EEC00AB0F8D61002EE83
S31508020A60101AB8EE422A80EE020A9FED312A20EECB
S31508020A70020A80EE010A80ED3A0A90ED331A90EDE9
S31508020A80410AB8EEC00AB0F8D61002EE101AB8EE4D
S31508020A90422A80EE020A30EE000A9FED262A20EE4E
S31508020AA0020A80EE010A80ED3B0ABDF90E1000EE3D
S31508020AB0101AB8EEC00A9FED201A20EE010A90ED30
S31508020AC0331A80EE010A80ED3C0ABDF90E1000EEDB
S31508020AD0101AB8EEC00AB1EE081A20EE010A90ED15
S31508020AE0331A80EE010A80ED3D0ABDF90C1000EEBC
S31508020AF0101AB8EEC00A80ED3E0ABDF90A1000EED9
S31508020B00101AB8EEC00A9FED0D1A30EE010A80EDF2
S31508020B103F0ABDF81010C0F8001190F8D40028B9A1
S31508020B20FFE70099012081F8D400FFE706B080BDEF
S31508020B300000B443DB0F49405077D63D33938843D0
S31508020B4081B00090009890ED3B0A01B07047000012
S31508020B5081B00090009890ED3E0A01B070470000FF
S31508020B6081B000900098B0F8D80001B07047000034
S31508020B7082B001908DED000A01990098C1F8200112
S31508020B8002B070470000000082B001908DED000AA5
S31508020B9001990098C1F8280102B0704700000000C8
S31508020BA080B582B0019000910198D0F8DC1001312D
S31508020BB0C0F8DC10FFF7F0FE02B080BD00000000AE
S31508020BC081B00090009890F8140101B070470000B7
S31508020BD082B001908DED000A01990098C1F82401AE
S31508020BE002B070470000000082B001908DF8031031
S31508020BF001999DF8030081F8140102B070470000BC
S31508020C0080B586B005900598039090F814010146C0
S31508020C10049103286AD80499DFE801F00214263EF3
S31508020C20039890ED341A90ED4A0A80EE010AB0F85C
S31508020C30D81001EE101AB8EEC11A20EE010A80ED9C
S31508020C404B0A58E0039890ED341A90ED4A0A80EE62
S31508020C50010AB0F8D81001EE101AB8EEC11A20EE41
S31508020C60010A80ED4B0A46E0039901F16000029001
S31508020C7091ED490A02F0ECFB0298039991ED3C0AC0
S31508020C8002F0CEFD029802F0FBFB029802F0C0FDCC
S31508020C90039880ED4B0A2EE0039890ED480A02F07D
S31508020CA0D7FB039890ED3B0A02F0BAFD039802F0CF
S31508020CB0E7FB039802F0ACFD039981ED490A01F1BD
S31508020CC06000019091ED490A02F0C2FB019803996E
S31508020CD091ED3C0A02F0A4FD019802F0D1FB0198BD
S31508020CE002F096FD039880ED4B0A04E00399002072
S31508020CF0C1F82C01FFE7039800F08AF806B080BD18
S31508020D0080B584B0039003990291D1F8DC00D1F83A
S31508020D10E010884211D1FFE70298002180F8E4101A
S31508020D209FED0C0A8DED010A02F09EFB02989DEDDD
S31508020D30010A603002F098FB04E00299012081F86A
S31508020D40E400FFE70299D1F8DC00C1F8E00004B03C
S31508020D5080BD00BF0000000080B586B005900491F2
S31508020D608DF80F208DF80E308DED020ACDED010AB1
S31508020D7005980090049800684AF20001C4F200013E
S31508020D80884208D1FFE7009940F29020C2F200405B
S31508020D90C1F8C00023E0049800684AF20041C4F290
S31508020DA00001884208D1FFE7009940F22030C2F2DA
S31508020DB00040C1F8C00011E0049800684DF20041F5
S31508020DC0C4F20001884208D1FFE7009940F2983040
S31508020DD0C2F20040C1F8C000FFE7FFE7FFE700994B
S31508020DE09DF80F0081F8C4009DF80E0081F81401E1
S31508020DF00298C1F8CC000198C1F8D00004989DF871
S31508020E000F10F6F74DFA0099C1F8C80006B080BD72
S31508020E1081B00090009991ED4B0ABDEEC00A10EE22
S31508020E20100A000AD1F8C820107091ED4B0ABDEEDF
S31508020E30C00A10EE100AD1F8C810487001B07047FF
S31508020E4080B582B001900198009002F0F5FC0098F6
S31508020E50603002F0F1FC00980021C4F21021C0F8BB
S31508020E60CC10002180F8D4104FF40052A0F8D620F6
S31508020E7042F21072A0F8D820C0F8DC10C0F8E010D0
S31508020E8080F8E410032280F81421C0F81811C0F87B
S31508020E901C11C0F82011C0F82411C0F82811C0F896
S31508020EA02C1102B080BD000080B586B00590059869
S31508020EB00090D0F8D0002C300190019804A9F7F7D9
S31508020EC05FFA019802300DF10E01F7F759FA019807
S31508020ED0043003A9F7F754FA019806300DF10A010E
S31508020EE0F7F74EFA009890F8E00001282CD1FFE7B0
S31508020EF00099BDF81000D1F80C21801AADF812003D
S31508020F00BDF91200B1F8E2104A42C1EBD271B0EB58
S31508020F10610F07DAFFE70099D1F814010130C1F829
S31508020F20140110E00099BDF91200B1F8E210B0EB15
S31508020F30510F07DDFFE70099D1F814010138C1F80E
S31508020F401401FFE7FFE7FFE70098D0F81411B0F89D
S31508020F50E220BDF8103001FB0231C0F8101190ED05
S31508020F60361A90ED440AB8EEC00AB0F8E21002EE5C
S31508020F70101AB8EE422A80EE020A30EE000A9FEDF7
S31508020F80302A20EE020A80EE010A80ED3E0A90ED32
S31508020F90361A90ED440AB8EEC00AB0F8E21002EE2C
S31508020FA0101AB8EE422A80EE020A9FED262A20EE91
S31508020FB0020A80EE010A80ED3D0ABDF90E1000EE26
S31508020FC0101AB8EEC00A9FED201A20EE010A90ED1B
S31508020FD0361A80EE010A80ED3F0ABDF90E1000EEC0
S31508020FE0101AB8EEC00AB1EE081A20EE010A90ED00
S31508020FF0361A80EE010A80ED400ABDF90C1000EEA1
S31508021000101AB8EEC00A80ED410ABDF90A1000EEC0
S31508021010101AB8EEC00A9FED0D1A30EE010A80EDDD
S31508021020420ABDF81010C0F80C1190F8E00028B971
S31508021030FFE70099012081F8E000FFE706B080BDCE
S31508021040DB0F49400000B4435077D63D33938843BB
S3150802105081B00090009890ED410A01B070470000F7
S3150802106081B000900098B0F8E40001B07047000023
S3150802107082B001908DED000A01990098C1F83401F9
S3150802108002B070470000000080B582B0019000915E
S315080210900198D0F8E8100131C0F8E810FFF704FF0C
S315080210A002B080BD0000000081B00090009890ED6B
S315080210B03F0A01B07047000082B001908DED000A28
S315080210C001990098C1F8300102B07047000000008B
S315080210D082B001908DF8031001999DF8030081F8FA
S315080210E0200102B07047000080B586B005900598C9
S315080210F0039090F8200101460491032874D80499B4
S31508021100DFE801F002072D4503990020C1F83801EE
S315080211106FE0039991ED361A91ED4D0AB1F8E400A4
S3150802112002EE100AB8EEC22A20EE020A9FED332A10
S3150802113021EE021AB3EE042A21EE021A9FED302A94
S3150802114081EE021A80EE010A01F59C7081ED4E0AC3
S315080211509FED2C0ADFED2C0AF5F7B6FF49E0039955
S3150802116001F16400029091ED4C0A02F071F90298BD
S31508021170039991ED3F0A02F053FB029802F080F9B7
S31508021180029802F045FB039880ED4E0A31E0039976
S31508021190081D009091ED4B0A02F05AF9009803993E
S315080211A091ED3E0A02F03CFB009802F069F90098BC
S315080211B002F02EFB039981ED4C0A01F164000190BD
S315080211C091ED4C0A02F044F90198039991ED3F0A10
S315080211D002F026FB019802F053F9019802F018FB77
S315080211E0039880ED4E0A04E003990020C1F83801FD
S315080211F0FFE7039800F090F806B080BD9A99993EE9
S3150802120027A09941000080C6000080460000000021
S3150802121080B584B0039003990291D1F8E800D1F819
S31508021220EC10884212D1FFE70298002180F8F010EC
S3150802123004309FED0C0A8DED010A02F015F90298A9
S315080212409DED010A643002F00FF904E002990120CB
S3150802125081F8F000FFE70299D1F8E800C1F8EC003E
S3150802126004B080BD0000000080B586B005900491E8
S315080212708DF80F208DF80E308DED020A0598019033
S31508021280049800684AF20001C4F20001884208D1B3
S31508021290FFE7019940F29020C2F20040C1F8D0005F
S315080212A023E0049800684AF20041C4F20001884229
S315080212B008D1FFE7019940F22030C2F20040C1F896
S315080212C0D00011E0049800684DF20041C4F2000112
S315080212D0884208D1FFE7019940F29830C2F20040ED
S315080212E0C1F8D000FFE7FFE7FFE701999DF80F0075
S315080212F081F8D4009DF80E0081F820010298C1F801
S31508021300D80004989DF80F10F5F7CAFF0199C1F89D
S31508021310CC0006B080BD000081B00090009991ED26
S315080213204E0ABDEEC00A10EE100A000AD1F8CC2009
S31508021330107091ED4E0ABDEEC00A10EE100AD1F8F1
S31508021340CC10487001B0704780B582B00190019800
S31508021350009047F2E411C0F6020108310160043038
S3150802136002F06AFA0098643002F066FA00980021E0
S31508021370C0F8C81080F8E0104FF40052A0F8E22036
S315080213804FF48042A0F8E420C0F8E810C0F8EC1048
S3150802139080F8F010032280F82021C0F82411C0F842
S315080213A02811C0F82C11C0F83011C0F83411C0F851
S315080213B0381102B080BD000080B584B0039003984E
S315080213C0019090F8511000EBC10251680131516049
S315080213D090F8510001460291032800F28A80029988
S315080213E0DFE801F002214F770198406DFBF714FC04
S315080213F00198406DBC30FFF7ABFBF7F7F1FD01989A
S31508021400406DB0F86C0401EE100AB8EEC11AB4EEDB
S31508021410410AF1EE10FA05DBFFE70198012101F016
S3150802142067FBFFE765E00198406DFBF7F5FB01985E
S3150802143090F8511000EBC1004068642805D3FFE715
S315080214400198022101F054FB1AE00198406DBC3064
S31508021450FFF77EFBF7F7C4FD0198406DB0F86C0400
S3150802146001EE100AB8EEC11AB4EE410AF1EE10FA0C
S3150802147005DAFFE70198002101F03AFBFFE7FFE7EB
S3150802148037E00198426D0021C2F87814406DBC30ED
S3150802149003210091FFF7A8FB0198406DBC30FFF7C6
S315080214A04FFB01989FED141A30EE010A416D01F5C2
S315080214B0936181ED000A416D01F1BC0001F593616A
S315080214C091ED000AFFF754FB0198009901F010FB11
S315080214D00FE0019890F8511000EBC1004068B0F592
S315080214E0967F05D3FFE70198002101F001FBFFE78C
S315080214F0FFE704B080BD00BFAE4B6EBE0000000021
S3150802150080B582B001900198009001F03DFB0098E9
S3150802151002B080BD0000000080B584B00390039835
S31508021520019090F8511000EBC102516801315160E7
S3150802153090F8510001460291032862D80299DFE821
S3150802154001F0022A39460198406D00F54A70FFF704
S315080215507FFDF7F745FD0198406DB0F86E0401EE80
S31508021560100AB8EEC11AB4EE410AF1EE10FA05DB1A
S31508021570FFE70198012101F0BBFA0BE00198406DE3
S3150802158090F88C0428B9FFE70198032101F0B0FA14
S31508021590FFE7FFE735E0019890F8511000EBC1002C
S315080215A040680F2805D3FFE70198022101F0A0FA47
S315080215B0FFE726E0019890ED160AB2EE041A30EE1D
S315080215C0010A80ED160A002101F092FA19E0019843
S315080215D0406D00F54A70FFF767FDF7F701FD0198C0
S315080215E0406D00F58E6090ED001AB4EE410AF1EEF8
S315080215F010FA05DBFFE70198002101F079FAFFE707
S31508021600FFE7019890ED160AB5EE400AF1EE10FAD8
S315080216100ADDFFE7019890ED160A9FED061A30EEED
S31508021620010A80ED160A03E0019900208865FFE7A2
S3150802163004B080BD8FC2F5BC80B582B00190019816
S31508021640009001F0A1FA009802B080BD00000000E7
S3150802165080B582B0019001980090002101704DF288
S315080216600A71C3F6A341C16048F20001C4F20441FB
S31508021670016146F26661C3F66671416118309FEDF3
S31508021680040ADFED040A01F0B7F8009802B080BD3B
S31508021690ACC5273772F97F3F80B582B001900198B1
S315080216A00090183001F0F8F8009802B080BD0000EA
S315080216B081B000900098A521017001B07047000022
S315080216C081B0009000985A21017001B0704700005D
S315080216D080B586B0059005980090D0F874012C3034
S315080216E00190019804A9F6F74BFE019802300DF114
S315080216F00E01F6F745FE0198043003A9F6F740FEF7
S31508021700019806300DF10A01F6F73AFE0098D0F86C
S315080217108021BDF810101144ADF8101090F894010C
S3150802172001282CD1FFE70099BDF81000D1F8E8216D
S31508021730801AADF81200BDF91200B1F896114A42A4
S31508021740C1EBD271B0EB610F07DAFFE70099D1F866
S31508021750F0010130C1F8F00110E00099BDF912005C
S31508021760B1F89611B0EB510F07DDFFE70099D1F8F2
S31508021770F0010138C1F8F001FFE7FFE7FFE700983B
S31508021780D0F8F011B0F89621BDF8103001FB0231FD
S31508021790C0F8EC11BDF8101000EE101AB8EE400AA7
S315080217A0B0F8961101EE101AB8EE411A80EE010A47
S315080217B09FED471A20EE010A80ED740A90ED740A2D
S315080217C0B4EE410AF1EE10FA0ADDFFE7009890ED51
S315080217D0740A9FED401A30EE010A80ED740A13E08E
S315080217E0009890ED740AB5EE400AF1EE10FA0ADA9C
S315080217F0FFE7009890ED740A9FED351A30EE010A5C
S3150802180080ED740AFFE7FFE7009890ED740A9FEDF2
S31508021810321A20EE010A80ED750ABDF90E1000EEA5
S31508021820101AB8EEC00A9FED2D1A20EE010A80EDB5
S31508021830760ABDF90E1000EE101AB8EEC00AB1EE1D
S31508021840081A20EE010A80ED770ABDF90C1000EE9F
S31508021850101AB8EEC00A80ED780ABDF90A1000EE31
S31508021860101AB8EEC00A9FED1E1A30EE010A80ED74
S31508021870790A90ED621A90ED750A30EE410AF7F789
S3150802188077FB009880ED630A90ED630A9FED151ABF
S3150802189020EE010A9FED141A80EE010A80ED640A11
S315080218A0BDF81010C0F8E811D0F8EC11C0F8F41120
S315080218B0D0F8D011C0F8F81190F8940128B9FFE7CA
S315080218C00099012081F89401FFE706B080BD00BFA8
S315080218D00000B4430000B4C335FA8E3C5077D63DB7
S315080218E03393884300003443D00F49400000000078
S315080218F081B000900098B0F8980101B070470000D6
S3150802190081B00090009890ED800A01B070470000FF
S3150802191082B001908DED000A01990098C1F8000283
S3150802192002B070470000000080B584B003908DEDC8
S31508021930020A039801909DED021A90ED850A30EE8F
S31508021940010A80ED850A90ED850AB0F8980101EE44
S31508021950100AB8EEC11AB4EE410AF1EE10FA0ADD1F
S31508021960FFE70198B0F8981100EE101AB8EE400A8F
S3150802197080ED850A1BE0019890ED850AB0F898017A
S31508021980404201EE100AB8EEC11AB4EE410AF1EE6F
S3150802199010FA0BDAFFE70198B0F89811494200EEFF
S315080219A0101AB8EEC00A80ED850AFFE7FFE701982C
S315080219B000F0FEF904B080BD82B001908DED000AF8
S315080219C001990098C1F8100202B0704700000000A1
S315080219D080B582B0019000910198D0F8C411013106
S315080219E0C0F8C411FFF774FE02B080BD0000000003
S315080219F081B00090009890ED670A01B07047000028
S31508021A0082B001908DED000A01990098C1F89C01F7
S31508021A1002B070470000000082B001908DED000A06
S31508021A2001990098C1F8A00102B0704700000000B1
S31508021A3085B004908DED030ACDED020A8DED011AEB
S31508021A40CDED001A04990398C1F8AC010298C1F8C1
S31508021A50B0010198C1F8B4010098C1F8B80105B0FF
S31508021A60704700000000000081B00090009890EDD9
S31508021A70640A01B07047000082B001908DED000A39
S31508021A8001990098C1F8C00102B070470000000031
S31508021A9082B001908DED000A01990098C1F8BC0147
S31508021AA002B070470000000082B001908DF8031062
S31508021AB001999DF8030081F8FC0102B07047000005
S31508021AC080B58AB009900998069090F8FC010146FB
S31508021AD00791062800F2C9800799DFE801F0041683
S31508021AE02E46C6C6C500069890ED611A90ED840A80
S31508021AF080EE010AB0F8981101EE101AB8EEC11A72
S31508021B0020EE010A80ED850AB4E0069901F1C000CB
S31508021B10059091ED840A01F09BFC0598069991EDD2
S31508021B20780A01F07DFE059801F0AAFC059801F0F5
S31508021B306FFE069880ED850A9CE0069901F1600021
S31508021B40049091ED810A01F083FC0498069991EDBF
S31508021B50680A01F065FE049801F092FC049801F007
S31508021B6057FE069880ED850A84E0069890ED800A6D
S31508021B7001F06EFC069890ED670A01F051FE069890
S31508021B8001F07EFC069801F043FE069981ED810A72
S31508021B9001F16000039091ED810A01F059FC039866
S31508021BA0069991ED680A01F03BFE039801F068FC7C
S31508021BB0069890ED670AB5EE400AF1EE10FA0ADACF
S31508021BC0FFE7069890ED670A9FED2D1A30EE010A97
S31508021BD080ED670AFFE7069890ED703A90ED6F4A36
S31508021BE090ED670A90ED6B2A90ED6C1A90ED6D5A9E
S31508021BF08DED015A21EE041AA2EE031A8DED021A90
S31508021C009FED201A80EE010A03F0B7FA9DED011A3C
S31508021C100698B0EE402A9DED020AA1EE020A90ED60
S31508021C206E1A30EE010A8DED080A603001F0F0FDF9
S31508021C3006999DED081A9FED142A21EE021A9FEDC8
S31508021C40132A81EE021A30EE010A01F5057081EDBA
S31508021C50850AB1F8981100EE101AF8EE400AB1EEAC
S31508021C60600AF5F731FA05E004E006990020C1F8A2
S31508021C701402FFE7069800F09BF80AB080BD00BF81
S31508021C800000B4433333654200008046A2450E4045
S31508021C9080B584B0039003990291D1F8C401D1F8B2
S31508021CA0C811884217D1FFE70298002180F8CC11A3
S31508021CB09FED0F0A8DED010A01F0D6FB02989DED04
S31508021CC0010A603001F0D0FB02989DED010AC0308E
S31508021CD001F0CAFB04E00299012081F8CC01FFE772
S31508021CE00299D1F8C401C1F8C80104B080BD00BF89
S31508021CF0000000000000000080B586B0DDF820C0B4
S31508021D00059004918DF80F208DF80E308DED020A9C
S31508021D1005980190049800684AF20001C4F200018D
S31508021D20884208D1FFE7019940F29020C2F20040AA
S31508021D30C1F8740123E0049800684AF20041C4F22B
S31508021D400001884208D1FFE7019940F22030C2F229
S31508021D500040C1F8740111E0049800684DF2004190
S31508021D60C4F20001884208D1FFE7019940F298308F
S31508021D70C2F20040C1F87401FFE7FFE7FFE70199E5
S31508021D809DF80F0081F878019DF80E0081F8FC0194
S31508021D900898C1F880010298C1F8840104989DF850
S31508021DA00F10F5F77DFA0199C1F87C0106B080BDDE
S31508021DB081B00090009991ED850ABDEEC00A10EE39
S31508021DC0100A000AD1F87C21107091ED850ABDEE41
S31508021DD0C00A10EE100AD1F87C11487001B070479B
S31508021DE080B582B001900198009001F025FD009817
S31508021DF0603001F021FD0098C03001F01DFD009809
S31508021E0000F5907001F054FD009842F6FD01C3F604
S31508021E10C971C0F888110021C0F88C11C0F8901158
S31508021E2080F894114FF40052A0F896214FF480429C
S31508021E30A0F89821C0F89C11C0F8A011C0F8A41106
S31508021E40C0F8A811C0F8AC11C0F8B011C0F8B411A6
S31508021E50C0F8B811C0F8BC11C0F8C011C0F8C41156
S31508021E60C0F8C81180F8CC11052280F8FC21C0F808
S31508021E700012C0F80412C0F80812C0F80C12C0F812
S31508021E801012C0F8141202B080BD00000000000053
S31508021E9081B00090009841F29821084490ED000A1A
S31508021EA001B070470000000082B001908DED000A73
S31508021EB00199009841F29822885002B070470000B2
S31508021EC081B00090009841F25421084490ED000A2E
S31508021ED001B070470000000081B00090009841F2FE
S31508021EE05821084490ED000A01B07047000000002E
S31508021EF082B001908DED000A0199009841F25422B0
S31508021F00885002B07047000082B001908DED000A39
S31508021F100199009841F25822885002B07047000091
S31508021F2081B00090009841F28821084490ED000A99
S31508021F3001B070470000000081B00090009841F29D
S31508021F408C21084490ED000A01B070470000000099
S31508021F5082B001908DED000A0199009841F288221B
S31508021F60885002B07047000082B001908DED000AD9
S31508021F700199009841F28C22885002B070470000FD
S31508021F8081B00090009841F28421405C01B070470C
S31508021F9082B001908DF8031001999DF8030041F271
S31508021FA08422885402B0704780B58AB0089008988F
S31508021FB0059009900430F8F783FB05982030F8F766
S31508021FC07FFB05983C30F8F77BFB05985830FDF700
S31508021FD05FF80598D430FFF73BFB059800F5B47017
S31508021FE000F0CEF8059901F51D7001F264710691AB
S31508021FF00790FFE707980490FFF7A6F90498069A50
S3150802200000F59E71084691420790F3D1FFE70599BC
S3150802201001F2647041F2F412114402910390FFE74F
S315080220200398019000F074F90198029A00F5297153
S31508022030084691420390F3D1FFE7059841F2F4115D
S31508022040084401F0F9FB05984FF493524FF07C517E
S31508022050815041F2642246F20001C4F2EA618150DB
S3150802206041F268224FF08D41815041F26C220021E3
S315080220700091815041F27022815041F274228150BE
S3150802208041F27822815041F27C2281504FF49452D7
S31508022090815041F28422815441F28522815441F2CF
S315080220A08622815441F28822815041F28C22815043
S315080220B041F29022815041F29422815041F29822B3
S315080220C0815041F29C21084401F0B6FB059841F281
S315080220D0FC21084401F0B0FB059841F25C31084442
S315080220E001F0AAFB0098059A41F2C831505041F214
S315080220F0CC33D118D05048608860C86041F2DC33CE
S315080221004FF07E51D1504FF49F51505041F2044343
S31508022110D11840F6DC70C3F64970D0504CF6E5305B
S31508022120C4F21600486045F2D330C4F27B008860D8
S315080221304EF6E050C4F2AF00C86009980AB080BDF6
S3150802214080B582B0019001980090D430FFF7A4FAC6
S31508022150009802B080BD000080B582B00190019857
S31508022160009000F011FD009802B080BD000000004A
S3150802217081B0009000980021416201B070470000CA
S3150802218081B0009000980021C4F2702141604FF09E
S315080221908241816001B0704781B0009000984FF487
S315080221A00071018001B0704780B588B00790079822
S315080221B0059090F8200101460691062800F29D80B6
S315080221C00699DFE801F0041628409A9A6D000598E8
S315080221D090ED371A90ED4D0A80EE010AB0F8E41038
S315080221E001EE101AB8EEC11A20EE010A80ED4E0A67
S315080221F088E0059890ED371A90ED4D0A80EE010AAF
S31508022200B0F8E41001EE101AB8EEC11A20EE010A6F
S3150802221080ED4E0A76E0059901F16400049091ED8D
S315080222204C0A01F015F90498059991ED3F0A01F057
S31508022230F7FA049801F024F9049801F0E9FA0598E6
S3150802224080ED4E0A5EE00599081D029091ED4B0A53
S3150802225001F0FEF80298059991ED3E0A01F0E0FABE
S31508022260029801F00DF9029801F0D2FA059981ED6A
S315080222704C0A01F16400039091ED4C0A01F0E8F86A
S315080222800398059991ED3F0A01F0CAFA039801F0FD
S31508022290F7F8039801F0BCFA059880ED4E0A31E08A
S315080222A00599081D009091ED4B0A01F0D1F80098A6
S315080222B0059991ED550A01F0B3FA009801F0E0F894
S315080222C0009801F0A5FA059981ED4C0A01F164001E
S315080222D0019091ED4C0A01F0BBF80198059991ED30
S315080222E03F0A01F09DFA019801F0CAF8019801F037
S315080222F08FFA059880ED4E0A04E005990020C1F888
S315080223003801FFE70598FFF707F808B080BD000017
S3150802231080B582B0019001980090FFF715F80098F1
S3150802232047F2F011C0F6020108310160002180F877
S315080223304811C0F84C11C0F85011C0F85411C0F831
S315080223405811C0F85C11C0F86011C0F8641102B0E7
S3150802235080BD00000000000080B582B0019001989F
S31508022360009000F011FC0098002180F8521002B08B
S3150802237080BD00000000000080B58CB00B900B9861
S31508022380099090F8511000EBC10251680131516071
S3150802239090F8510001460A91042800F2CA810A9966
S315080223A0DFE801F0034097ABCC0046F60030C2F2F4
S315080223B00040D0F8900058B1FFE7099890F85110FC
S315080223C000EBC10200215160042100F091FBFFE7F6
S315080223D00998406D00F5C850F8F78AFA01280BD11A
S315080223E0FFE7099890F8511000EBC10200215160ED
S315080223F0022100F07DFBFFE7099890F8511000EBE7
S31508022400C1004068B0F57A7F0BD9FFE7099890F8C2
S31508022410511000EBC10200215160012100F068FB56
S31508022420FFE786E10998406D42F6501108440021FB
S315080224300891FAF7ADFA08990998406D41F64822CB
S315080224401044F8F729FD08990998406D00F524709B
S31508022450FFF79EFD0998406D00F5C850F8F748FA4F
S31508022460012822D1FFE70998406D00F524710691EB
S31508022470FBF7EAFA01460698FFF78AFD0998406DC6
S3150802248041F6482101440791FBF7CAFA0146079823
S31508022490F8F702FD099890F8511000EBC1020021E5
S315080224A05160022100F024FBFFE746F60030C2F233
S315080224B00040D0F8900058B1FFE7099890F85110FB
S315080224C000EBC10200215160042100F011FBFFE775
S315080224D02FE10998406D00F5C850F8F709FA58B97E
S315080224E0FFE7099890F8511000EBC10200215160EC
S315080224F0032100F0FDFAFFE71BE10998406D0490FD
S3150802250000F52470FFF73CFD01460498FBF7A4FA90
S315080225100998406D059041F648210844F8F7B4FC3D
S3150802252001460598FBF784FA099890F8511000EBD2
S31508022530C1020021516000F0DBFAFAE046F60030EB
S31508022540C2F2004003900021C0F8901040F6EC5009
S31508022550C2F200400190A0F808118430029080214E
S31508022560DEF7CCF80398EBF70FF8019A029903986D
S31508022570B2F80421520092B2EAF772FC45F6E85024
S31508022580C2F2004000681021C4F20201884200F03B
S31508022590B280FFE745F6E850C2F2004000682821FB
S315080225A0C4F20201884200F0A680FFE745F6E85029
S315080225B0C2F2004000684021C4F20201884200F0DB
S315080225C09A80FFE745F6E850C2F2004000685821B3
S315080225D0C4F20201884200F08E80FFE745F6E85011
S315080225E0C2F2004000687021C4F20201884200F07B
S315080225F08280FFE745F6E850C2F20040006888216B
S31508022600C4F20201884276D0FFE745F6E850C2F2E4
S3150802261000400068A021C4F2020188426BD0FFE79D
S3150802262045F6E850C2F200400068B821C4F2020139
S31508022630884260D0FFE745F6E850C2F200400068DB
S3150802264040F21041C4F20201884254D0FFE745F62F
S31508022650E850C2F20040006840F22841C4F2020182
S31508022660884248D0FFE745F6E850C2F200400068C3
S3150802267040F24041C4F2020188423CD0FFE745F6E7
S31508022680E850C2F20040006840F25841C4F2020122
S31508022690884230D0FFE745F6E850C2F200400068AB
S315080226A040F27041C4F20201884224D0FFE745F69F
S315080226B0E850C2F20040006840F28841C4F20201C2
S315080226C0884218D0FFE745F6E850C2F20040006893
S315080226D040F2A041C4F2020188420CD0FFE745F657
S315080226E0E850C2F20040006840F2B841C4F2020162
S315080226F088420AD1FFE745F6E850C2F2004001686F
S31508022700086820F00800086009E045F6E850C2F2B9
S3150802271000400168086820F004000860FFE709988D
S3150802272090F8511000EBC1020021516000F0E0F967
S31508022730FFE70CB080BD000080B582B00190019819
S31508022740009000F021FA009802B080BD0000000057
S3150802275080B5A4B023902398039013A8049000F0A0
S3150802276037F90398049900F108021BA801F098FEAC
S31508022770FFE7039810301BA900F0A2F9FFE71BA890
S3150802278000F096F913A800F093F90BA8029000F04E
S31508022790CBF803980299303000F00EF9FFE70BA840
S315080227A000F002F905A8019000F0BEF80398019915
S315080227B0483000F001F9FFE705A800F0F5F824B063
S315080227C080BD1290119105E0129011911BA800F09C
S315080227D06FF9FFE713A800F06BF90BE0129011915D
S315080227E00BA800F0E1F805E01290119105A800F097
S315080227F0DBF8FFE702F050F980B58AB009908DED53
S31508022800080ACDED070A0998039002210160079983
S315080228104160089981600021C16010300146029129
S3150802282000F036F9039830300146049100F0ACF80E
S31508022830FFE7039848300146019100F0A5F8FFE743
S31508022840039860300146009100F06EF8FFE703989E
S31508022850FFF77EFFFFE703980AB080BD0690059151
S3150802286014E0069005910DE00690059106E00246F1
S3150802287000980692059100F097F8FFE7019800F094
S3150802288093F8FFE7049800F08FF8FFE7029800F044
S315080228900FF9FFE702F000F980B582B001900198BE
S315080228A00090603000F080F80098483000F07CF81C
S315080228B00098303000F078F80098103000F0F8F8F8
S315080228C0009802B080BD000081B00090009840F2E6
S315080228D00111018001B0704781B0009000984FF451
S315080228E08171018001B0704781B00090009840F272
S315080228F00311018001B0704781B0009000984FF42F
S315080229008271018001B0704781B0009000984FF43F
S315080229108071018001B0704781B0009000984FF431
S315080229208871018001B0704780B584B00390002198
S315080229300291019101A900F003F804B080BD0000DC
S3150802294080B586B0059004910598019000F01CF8B0
S315080229500198049A116852684261034643F8101FA7
S315080229600221012202F0B4FCFFE7019806B080BDFD
S31508022970024601980392029100F016F8FFE702F068
S315080229808BF800000000000080B582B00190019823
S315080229900090022181600122C26000F1100302F058
S315080229A097FC009802B080BD81B00090009801B0F3
S315080229B0704700000000000082B00A4601900092AB
S315080229C00198116952694261016102B070470000BB
S315080229D080B58AB003900990002008900790069067
S315080229E005900490FFE7049803F082FD41EC100B72
S315080229F08DED000B0221084601F0BAFD9DED001B84
S31508022A0051EC110B53EC102B03F06EFE68B9FFE77D
S31508022A10049800EB400205A94FF07E5041F82200C7
S31508022A20FFE7049801300490DDE7039805A900F052
S31508022A3003F80AB080BD000080B586B005900491FF
S31508022A400598019000F024F80198DDF810C0DCF82A
S31508022A500010DCF80420DCF80830DCF80CC0C0F8FA
S31508022A601CC083614261034643F8101F02221146C5
S31508022A7002F02EFCFFE7019806B080BD02460198D7
S31508022A800392029100F014F8FFE702F005F800003D
S31508022A9080B582B001900198009002228260C260DD
S31508022AA000F11003114602F013FC009802B080BD33
S31508022AB081B00090009801B0704700000000000045
S31508022AC082B08C460190CDF800C00198DCF810104F
S31508022AD0DCF81420DCF81830DCF81CC0C0F81CC07E
S31508022AE083614261016102B0704700000000000084
S31508022AF082B001908DF80310019991F851200020B7
S31508022B0001F8320091F8512001EBC20250609DF89B
S31508022B100320012001F832009DF8030081F85100D4
S31508022B2002B070470000000084B003908DF80B10C5
S31508022B308DF80A20039900919DF80B0081F8500040
S31508022B409DF80A0081F8510000200190FFE70099DC
S31508022B50019891F8501088420EDAFFE70099019A17
S31508022B60002001F83200019A01EBC2014860FFE732
S31508022B70019801300190EAE700999DF80A200120A0
S31508022B8001F8320004B0704781B000900098002125
S31508022B9080F8511001B0704784B0039002918DF805
S31508022BA00720ADF80430BDF8040002990968C96A1D
S31508022BB0884206D9FFE702980068C06AADF80400A1
S31508022BC0FFE7BDF80400B0F1FF3F04DCFFE7002091
S31508022BD0ADF80400FFE79DF80700014600910C28AE
S31508022BE021D80099DFE801F0071F1F1F0D1F1F1FBD
S31508022BF0131F1F1F1900BDF80400029909684863CC
S31508022C0011E0BDF804000299096888630BE0BDF873
S31508022C10040002990968C86305E0BDF80400029930
S31508022C2009680864FFE704B0704700000000000066
S31508022C3081B00090009890ED2D0A01B0704700000F
S31508022C4081B00090009890ED450A01B070470000E7
S31508022C5081B00090009890ED430A01B070470000D9
S31508022C6081B00090009890ED2B0A01B070470000E1
S31508022C7081B00090009890F8980001B07047000063
S31508022C8081B00090009890ED440A01B070470000A8
S31508022C9084B00390029101920093009890ED002A65
S31508022CA090ED014A90ED026A90ED035AB6EE001ACB
S31508022CB0B0EE417AA6EE467AA5EE457A029822EE5B
S31508022CC0050A94EE060AD0ED000AD0ED011A90ED37
S31508022CD0023A20EE210AA7EE200A22EE062AA4EEDE
S31508022CE0052AA2EE030A30EE000A019880ED000AD0
S31508022CF0009890ED002A90ED016A90ED024A90ED57
S31508022D00035A22EE057AA6EE047A0298B0EE410A32
S31508022D10A6EE460AA5EE450AD0ED000AD0ED011A3E
S31508022D2090ED023A20EE210AA7EE200A22EE062AA2
S31508022D3094EE052AA2EE030A30EE000A019880ED07
S31508022D40010A009890ED000A90ED014A90ED023AC8
S31508022D5090ED032A20EE035A94EE025A029820EEC8
S31508022D60040AA3EE020A90ED006A90ED017A90ED4C
S31508022D70022A20EE070AA5EE060AA4EE441AA3EED4
S31508022D80431AA1EE020A30EE000A019880ED020A01
S31508022D9004B070470000000084B0039002910192CB
S31508022DA00093009890ED002A90ED014A90ED026A90
S31508022DB090ED035AB6EE001AB0EE417AA6EE467ABE
S31508022DC0A5EE457A029822EE050AA4EE060AD0ED89
S31508022DD0000AD0ED011A90ED023A20EE210AA7EE7A
S31508022DE0200A22EE062A94EE052AA2EE030A30EEFD
S31508022DF0000A019880ED000A009890ED002A90EDED
S31508022E00016A90ED024A90ED035A22EE057A96EE91
S31508022E10047A0298B0EE410AA6EE460AA5EE450ADB
S31508022E20D0ED000AD0ED011A90ED023A20EE210A01
S31508022E30A7EE200A22EE062AA4EE052AA2EE030A25
S31508022E4030EE000A019880ED010A009890ED000A1A
S31508022E5090ED014A90ED023A90ED032A20EE035ACC
S31508022E60A4EE025A029820EE040A93EE020A90EDA4
S31508022E70006A90ED017A90ED022A20EE070AA5EE85
S31508022E80060AA4EE441AA3EE431AA1EE020A30EE8B
S31508022E90000A019880ED020A04B07047000000009B
S31508022EA080B586B005900598029042F68122C2F254
S31508022EB0004211780131117000F57D70DEF7BCFD14
S31508022EC0029981EDFB0A91EDFB1A91EDFC0A30EEAF
S31508022ED0010A81EDFC0A01F1280001F54071FCF7AF
S31508022EE06FF90298D0F80013C0F8B810D0F8041396
S31508022EF0C0F8BC10D0F80813C0F8C010D0F80C13EC
S31508022F00C0F8AC10D0F81013C0F8B010D0F81413EB
S31508022F10C0F8B41090ED2B0AD0ED2C0A90ED2D1ABC
S31508022F20D0ED2E1A90ED2F2AD0ED302A90EDFB3AED
S31508022F3000F59070F5F750FB0298D0F87012D0F8A9
S31508022F407422D0F87832D0F87CC2C0F8A8C0C0F88B
S31508022F50A430C0F8A020034643F89C1F039300F54B
S31508022F605A7100F1E002FFF793FE0298039B00F5FF
S31508022F705D7100F1EC02FFF78BFE0298039B00F5E8
S31508022F80607100F1F802FFF783FE0298039B00F5D1
S31508022F90777142F2B072C2F20042FFF7FDFE0020DC
S31508022FA08DF81300FFE79DF8130002282CDCFFE7D3
S31508022FB002999DF8133001EB830042F2B072C2F215
S31508022FC0004202EB830292ED002A90ED2E0A90ED62
S31508022FD0311A30EE420A91ED373A91EDFB2A20EE8C
S31508022FE0020A33EE022A80EE020A21EE031A81EE63
S31508022FF0021A30EE010A80ED310AFFE79DF8130046
S3150802300001308DF81300CEE7029800F19C0300F117
S31508023010C40100F1D002FFF73BFE029800F02CF93A
S3150802302042F68120C2F2004000784BF65001C0F207
S315080230301E5145F62942CCF28F2200FB02104FEAB6
S315080230407000884235D8FFE7029901F138000190ED
S3150802305091EDC70A00F0E4FB01989FED190A00F00A
S31508023060F7F9019800F00CFA019800F0D1FBB5EED9
S31508023070400AF1EE10FA0ADCFFE7029846F6F40176
S31508023080C2F200410C220023FFF786FD10E00298E7
S31508023090383000F0BDFB0298BDEEC00A10EE103AB9
S315080230A046F6F401C2F200410C22FFF775FDFFE76E
S315080230B0FFE70299012081F8FC0306B080BD00BF34
S315080230C0000020420000000010B582B0019001986D
S315080230D0009090F8FC03002861D0FFE7009890ED75
S315080230E0C01A90EDCD0AB4EE410AF1EE10FA1BD1E0
S315080230F0FFE7009890EDC11A90EDCE0AB4EE410AA8
S31508023100F1EE10FA10D1FFE7009890EDC21A90ED91
S31508023110CF0AB4EE410AF1EE10FA05D1FFE700999B
S31508023120002081F8980004E00099012081F89800AF
S31508023130FFE70099D1F80003D1F80423D1F8083340
S31508023140D1F80CC3D1F810E3D1F81443C1F84843B7
S31508023150C1F844E3C1F840C3C1F83C33C1F8382387
S31508023160C1F83403D1F81803D1F81C23D1F8203357
S31508023170D1F824C3D1F828E3D1F82C43C1F8604327
S31508023180C1F85CE3C1F858C3C1F85433C1F85023F7
S31508023190C1F84C03D1F83003C1F86403FFE702B063
S315080231A010BD00000000000080B584B003900399AA
S315080231B0019101F1280001F5407246F66C01C2F24E
S315080231C00041FDF7C5F86420E2F7A2F8019800F578
S315080231D06371FDF7B9F9019800F59070B2EE040A29
S315080231E0DFED1B0ACDED020A9FED1A1ADFED1A1A58
S315080231F09FED1A2ADFED1A2AF4F7D6FF0198DDEDBC
S31508023200024A4CF6CD41C3F64C51C0F8DC103830B0
S315080232109FED140ADFED140A9FED142ADFED142A36
S315080232209FED145A0021B0EE451AF0EE451AB0EE9B
S31508023230453AF0EE453AB0EE454A00F0ADFA46F6A2
S31508023240F400C2F200400C21E9F7EAFB04B080BDA3
S315080232506F12833A8096184BC9E57F3FCDCC4C3D19
S31508023260A69BC4BA000048430000964300007A436E
S315080232700000FA430000000080B586B00590059864
S31508023280039045F60022C2F20042136851680133E0
S3150802329041F1000113605160D0F8C812C0F8141148
S315080232A0D0F8C412C0F81011D0F8C012C0F80C1128
S315080232B0D0F8D012C0F8181190EDE32A90EDE41A6E
S315080232C090EDE50A90EDE63A21EE000AA2EE030A2F
S315080232D030EE000A21EE011AA2EE021AB0EE002A18
S315080232E08DED022AFFEE000ACDED010AE1EE020A91
S315080232F002F0F2FC039880EDE70A90EDE30A90EDFE
S31508023300E41A90EDE53A90EDE62A20EE030A91EEEC
S31508023310020AB8EE001A20EE010A02F047FCDDEDB9
S31508023320010A9DED022A039880EDE80A90EDE33A38
S3150802333090EDE44A90EDE50A90EDE61A20EE010AD0
S31508023340A3EE040A30EE000A21EE011AA3EE031ACE
S31508023350E1EE020A02F0C0FC039880EDE90A0020B9
S315080233600490FFE70498022815DCFFE703980499FE
S3150802337000EB810090EDE70A9FED081A20EE010A9C
S315080233809FED071A80EE010A80EDEA0AFFE7049824
S3150802339001300490E6E706B080BD00BF0000344362
S315080233A0DA0F49400000000080B582B0019001980A
S315080233B00090FDF7D9F800982830FDF7B9F800987B
S315080233C0383000F039FA00984FF07E52C0F8682378
S315080233D00021C0F86C13C0F87013C0F87413C0F853
S315080233E07823C0F87C13C0F88013C0F88413C0F899
S315080233F08823C0F88C13C0F89013C0F89413C0F849
S315080234009813C0F89C13C0F8A013C0F8A413C0F808
S31508023410A813C0F8AC13C0F8B013C0F8DC13C0F890
S31508023420E0134FF2C352C4F21C12C0F8E42300227E
S31508023430C4F22022C0F8E82380F8F81380F8F913BA
S3150802344080F8FA1380F8FB1380F8FC1302B080BDEB
S3150802345082B001908DED000A01990098886402B045
S31508023460704700000000000082B001908DED000A4E
S3150802347001990098486502B07047000000000000F4
S3150802348080B58AB0099009980190002108910791A0
S315080234900691059190ED120A90ED131A30EE410A43
S315080234A08DED040A9DED040AF5F7A6FD01988DED4A
S315080234B0030A9DED030A90ED011AB4EE410AF1EEF4
S315080234C010FA07DAFFE70199C86C886400200490AD
S315080234D00390FFE7019890ED090A9DED041A20EE84
S315080234E0010A8DED080A90ED0F0AB5EE400AF1EED3
S315080234F010FA0DD1FFE7019890ED100AB5EE400AD1
S31508023500F1EE10FA04D1FFE74FF07E50029044E044
S3150802351001989DED030A90ED0F1AB4EE410AF1EEF9
S3150802352010FA04DCFFE74FF07E50029026E001987D
S3150802353090ED0F0A9DED031AB4EE410AF1EE10FA68
S315080235401BDAFFE701989DED030A90ED101AB4EE17
S31508023550410AF1EE10FA10DAFFE7019890ED0F2A08
S3150802356090ED101A9DED030A31EE400A31EE421A29
S3150802357080EE010A8DED020AFFE7FFE701989DED4D
S31508023580030A90ED101AB4EE410AF1EE10FA03DBC3
S31508023590FFE700200290FFE7FFE7019890ED0D0A8A
S315080235A0B5EE400AF1EE10FA2AD0FFE7019890ED3F
S315080235B00A0AB5EE400AF1EE10FA10DBFFE70199A6
S315080235C001F1540091ED0A2A91ED0D1AB1EE410A64
S315080235D080EE020AC1EE020AF3F776FD0FE00199C0
S315080235E001F1540091ED0A2A91ED0D1A81EE020AB3
S315080235F0B1EE411AC1EE020AF3F766FDFFE7FFE7ED
S31508023600019890ED110AB5EE400AF1EE10FA18D1BA
S31508023610FFE701989DED021A90ED002A90ED150A32
S3150802362021EE021A9DED042AA1EE020A80ED150A80
S3150802363090ED0A0A90ED151A20EE010A8DED070A99
S3150802364028E001989DED030A90ED111AB4EE410A9D
S31508023650F1EE10FA18DAFFE701989DED021A90EDDD
S31508023660002A90ED150A21EE021A9DED042AA1EE12
S31508023670020A80ED150A90ED0A0A90ED151A20EE57
S31508023680010A8DED070A04E00199002048650790B2
S31508023690FFE7FFE70198007A012812D1FFE70198B0
S315080236A090ED001A90ED063A90ED082A90ED0B0A75
S315080236B032EE432A20EE020A80EE010A8DED060A50
S315080236C021E00198407A01280AD1FFE7019890ED96
S315080236D00B0A90ED171A20EE010A8DED060A11E083
S315080236E0019890ED001A90ED073A90ED0B0A9DEDC0
S315080236F0042A32EE432A20EE020A80EE010A8DEDF2
S31508023700060AFFE7FFE7019890ED030A90ED163ADD
S31508023710B7EE001A31EE401A9DED062A20EE030A8C
S31508023720A1EE020A8DED060A0699816590ED0C1A3C
S3150802373090ED140A20EE010A8DED050A9DED080AA0
S315080237409DED071A30EE010A9DED061A30EE010AC2
S315080237509DED051A30EE010A80ED080A90ED0E0A73
S31508023760B5EE400AF1EE10FA0AD0FFE7019901F127
S315080237702000D1ED0E0AB1EE600AF3F7A5FCFFE7C9
S315080237800199C86C0861886C4861086A886104985E
S31508023790C8610AB080BD00008EB002AA0092024635
S315080237A000980D9280ED0A0AC0ED090A80ED081A02
S315080237B0C0ED071A80ED062AC0ED052A80ED043A07
S315080237C0C0ED033A80ED024AC0ED014A80ED005A87
S315080237D08DF807100D990C9848620B9888620A981A
S315080237E0C862099808630898486307988863039823
S315080237F00860029848600698C863059808640498A1
S3150802380048649DF8070008720EB070470000000071
S3150802381081B00090009890ED080A01B07047000048
S3150802382082B001908DED000A01990098C86402B031
S31508023830704700000000000081B000900098002147
S315080238404172C160016141618161C1610162416286
S315080238508162C162016341638163C1630164416438
S315080238608164C164016541658165C16501B07047BE
S3150802387087B006908DED050ACDED040A8DED031A83
S31508023880CDED021A8DED012ACDED002A069905988D
S31508023890086004984860039888600298C86001988E
S315080238A008610098886407B07047000000000000AD
S315080238B081B000900098002141618161C161016275
S315080238C041628162C1620163416341F26F22C3F6BA
S315080238D083228264C1640021C4F2A001016501B099
S315080238E07047012180F84C107047B0B50C4621F09C
S315080238F00F01B1F5887F054610D0B1F5807F24D136
S3150802390095F84D00D8B995F84C10012085F84D0068
S3150802391005F1500089B1DCF7A9FF10E095F84E00D1
S3150802392030B9012085F84E0005F1D800DCF7A2FF70
S3150802393005EBC400A0F5F56005E0DCF793FF05EB9F
S31508023940C400A0F5F66003C8B0BDDCF773FFF0B596
S3150802395081B00E4621F00F011C461546B1F5887F47
S31508023960074610D0B1F5807F26D197F84D00D8B911
S3150802397097F84C10012087F84D0007F1500089B1DD
S31508023980DCF774FF10E097F84E0030B9012087F88B
S315080239904E0007F1D800DCF76DFF07EBC600A0F56D
S315080239A0F56005E0DCF75EFF07EBC600A0F5F660FA
S315080239B0C0E9005401B0F0BDDCF73CFF90F8810184
S315080239C0704710B582B004460021D0F878010191FB
S315080239D00091694601AA01F0F3FFDDE900230146D9
S315080239E02046F3F7ABF90838B0FA80F0400902B07E
S315080239F010BD21F01F00A0F58070B0FA80F04009D2
S31508023A00704780B50168CA684FF0FF3190470020B9
S31508023A1080BD084600F096B92DE9F04F81B053688B
S31508023A205FEAD30C50D0D2F800E00027634600BF05
S31508023A3007EB53050EEBC5041EF8358094F8019082
S31508023A4094F802A0E27848EA09284AEA022648EAED
S31508023A50064602F0400246EA426222446FEA5304EC
S31508023A601C448A4294BF6F1C5C08002C2346DFD193
S31508023A7057B367450EEBC70102D14FF0FF3C13E07F
S31508023A80FA000EEB02031EF802205F789E78DD78B4
S31508023A9042EA072246EA052742EA074205F04007B4
S31508023AA042EA476202EB030C11F808BD0E1D0BD061
S31508023AB03278B778F578747847EA052742EA042215
S31508023AC042EA0742012A03D1002001B0BDE8F08F7D
S31508023AD091F8018091F8029091F803E0002A1ED429
S31508023AE002F0804442EA4404A719A45D7D78BE78B0
S31508023AF0FB7844EA052446EA032344EA0345B5F17A
S31508023B00FF3F0EDD05F08043EC19FD7904EB430A0D
S31508023B1007EB850303F1080500243E4628E015460F
S31508023B2000E03E46C5F30364022C12D0012C0AD0EB
S31508023B30ACBB351D44F27B7A002A48BF0025C0F685
S31508023B40020A002414E044F2837AC0F6020A002428
S31508023B5004E044F28B7AC0F6020A0224C5F3074748
S31508023B6006EB8703B2F1FF3F03F1040500DCB7B9A0
S31508023B704BEA082349EA0E2743EA07430EF04007B1
S31508023B8043EA47631944C0E9561C44EAD271C0F8AD
S31508023B907861C0E9585AC0F86C11012095E7DCF73C
S31508023BA049FEB0B584B0044600680D46C268204690
S31508023BB04FF0FF31904730F001002DD040F200015E
S31508023BC0C0F20001A0EB050591B103A902AA284695
S31508023BD0AFF30080B0FA80F100284FEA511016D1EF
S31508023BE0DDE90221CDE90012002918BF01210EE004
S31508023BF047F63C3048F28C31C0F60200C0F60201A4
S31508023C000090081A4FF00101019018BF0120C00761
S31508023C1018BF5FEAC17004D1012084F8800104B09C
S31508023C20B0BD6A4620462946FFF7F6FE0028F3D0BD
S31508023C30F5E7B0B5054690F8800108B100240EE014
S31508023C402846FFF7BEFE0446012808D12868012146
S31508023C50426B2846904795F880010028EED1204607
S31508023C60B0BD0C2906DD0F2908D00E290AD00D2968
S31508023C7006D009E08A1C03D04A1C05D1443008E064
S31508023C803C3006E0403004E00C2904D8083000EB4A
S31508023C9081000068704780B5DCF7CCFD10B500F1ED
S31508023CA00804204600F018FA2046BDE81040DCF762
S31508023CB073BE0C2908DD0F290AD00E2904BF026437
S31508023CC070470D2906D007E08B1C03D04B1C03D185
S31508023CD042647047C26370470C299EBF083040F899
S31508023CE0212070478F2904BF8264704780B5DCF7AC
S31508023CF0A1FDB0B590F8802122B108462821DCF74B
S31508023D00FDFCB0BDD0F86C4100F5B075D0E956CED1
S31508023D102CCD4C6101F108042CC4C1E900CED0F8BF
S31508023D207021D0E95E35D0F87401C1E90835C1E9D8
S31508023D300620B0BD02310020122938BF0120704783
S31508023D4070470000811C612900F26A8047F602303A
S31508023D50C0F60200DFE811F062007D00A800AC00A0
S31508023D609800B000B8009200A4009E009600AA002F
S31508023D70A200880086006200C2007D007C007C00EA
S31508023D807C007C007C007C007C007C007C007C0043
S31508023D907C007C007C007C007C007C007C007C0033
S31508023DA07C007C007C007C007C007C007C007C0023
S31508023DB07C007C007C007C007C007C007C007C0013
S31508023DC07C007C007C007C007C007C007C007C0003
S31508023DD07C007C007C007C007C007C008400B400B3
S31508023DE0BC00C600BA008A009A00C8009C00B60049
S31508023DF0A600A000C000D200AE00D000CA00CE00C5
S31508023E00D400CC007E008000C400D8008E00940046
S31508023E10D6008200B2008C009000BE00A7A07047B0
S31508023E20A0F580701F2813D8DFE800F0108A828672
S31508023E30789298889E7C9C767A967484728E9AA4D6
S31508023E409094A2A6807EAC70A8AAA08C6DA070479A
S31508023E509CA0704777A0704775A070476EA0704700
S31508023E6088A0704788A0704788A0704780A07047CE
S31508023E7067A070476BA0704764A0704789A0704717
S31508023E8067A0704784A0704789A0704777A07047DB
S31508023E9074A0704781A070476FA070477CA07047D6
S31508023EA07FA070476DA0704783A0704779A07047BE
S31508023EB080A0704765A070477CA0704755A07047E0
S31508023EC06FA0704766A0704777A0704769A07047D1
S31508023ED06AA070474CA070475EA0704778A07047EA
S31508023EE052A0704764A070475FA0704755A07047FC
S31508023EF051A0704752A0704753A0704754A070470C
S31508023F004EA0704745A0704747A0704722A0704749
S31508023F102CA070472DA070472FA0704735A0704778
S31508023F202CA070472EA070471DA070471DA0704791
S31508023F3032A0704724A070472FA070472AA0704766
S31508023F402FA0704710A070471DA0704719A0704790
S31508023F5027A0704716A070471DA0704723A0704778
S31508023F6016A070471DA070471EA0704707A070478D
S31508023F700EA0704710A070470BA0704705A07047A7
S31508023F8003A0704705A070476433310064333000DC
S31508023F9064323900643238006432370064323600DB
S31508023FA064323500643234006432330064323200DB
S31508023FB064323100643230006431390064313800C9
S31508023FC064313700643136006431350064313400B7
S31508023FD064313300643132006431310064313000B7
S31508023FE06439000064380000643700006436000053
S31508023FF06435000064340000643300006432000053
S3150802400064310000643000007333310073333000CA
S31508024010733239007332380073323700733236001E
S31508024020733235007332340073323300733232001E
S31508024030733231007332300073313900733138000C
S3150802404073313700733136007331350073313400FA
S3150802405073313300733132007331310073313000FA
S315080240607339000073380000733700007336000096
S315080240707335000073340000733300007332000096
S315080240807331000073300000723132007231310030
S31508024090723130007239000072380000723700003F
S315080240A07236000072350000723400007233000066
S315080240B07232000072310000723000007370000024
S315080240C06C720000756E6B6E6F776E20726567692B
S315080240D0737465720000000010B5044690F8450036
S315080240E050B194F84400002804F1480002D0DCF7E5
S315080240F05FFC01E0DCF758FC94F8460028B104F1AD
S31508024100D000BDE81040DCF757BC10BD70477047B9
S315080241107047F0B581B01546DDE906720E46896824
S315080241201C467AB1814204D040684968DCF7BCFC77
S3150802413060B931462A462346069701B0BDE8F040E3
S3150802414000F088B8406849688842F2D001B0F0BDEC
S315080241502DE9F0411646069A0C468968984607469E
S315080241608AB1B94230D07D6849682846DCF79CFC9A
S3150802417050B32068B8420ED041682846DCF794FC52
S3150802418048B1BDE8F0817868496888421CD0216840
S3150802419049688842F5D12069B04220D06069B042A8
S315080241A01DD0D4E90901C4F82080013101286661CD
S315080241B0A16205D1A069022804BF012084F836004D
S315080241C00420E062BDE8F0816068B042D9D1E069B6
S315080241D001281CBFC4F81C80BDE8F081D1E7B8F1FC
S315080241E0010F18BFBDE8F08101202062BDE8F08109
S315080241F080B5D1F824E0BEF1000F10D0D1F814C072
S31508024200886B844502D1086990420FD00EF10100ED
S31508024210486202208861012081F8360080BD886BD9
S315080242208B61C1E904200120486280BD88690228A1
S3150802423004BF8B6180BDF1E780B5D1F808C0D0F81C
S3150802424004E0DCF80400864518BF80BDBDE880405E
S31508024250FFF7CEBF80B548684FF0010E984281F845
S3150802426035E000D080BD0B69DDF808C081F834E07E
S315080242702BB193420FD0486A0130486217E00120F9
S31508024280BCF1010F0A61C1F818C04862EAD1086B8D
S3150802429001280CD0E6E78A69022A04BFC1F818C0C9
S315080242A06246086B012818BF80BD012ADAD10120AF
S315080242B081F8360080BD2DE9F04190B00546406888
S315080242C04B68984233D047F210131446C0F60203DD
S315080242D047F21C12C0F602020846194600230027B6
S315080242E000F0ACFD20B3276837B30DF10408064683
S315080242F008F104003821DCF701FA4FF0FF30049088
S31508024300012031688DF83B000D900395CD69304642
S3150802431041463A4601230196A84707980138B0FA5A
S3150802432080F04FEA501704BF0598206000E0012785
S31508024330384610B0BDE8F081DCF77CFA2DE9F04387
S3150802434083B0DDE90A940E468968984615460746FB
S3150802435084B1B94204D078684968DCF7A5FB68B924
S3150802436031462A464346CDF8289003B0BDE8F043C5
S31508024370FFF770BF786849688842F1D0B8682A465C
S31508024380016843464F693146CDE90094B84703B000
S31508024390BDE8F0832DE9F04383B0DDF828900C469A
S315080243A0896898461546B9F1000F07462FD0B942D3
S315080243B03FD07E6849683046DCF776FBC8B320688A
S315080243C0B84204D041683046DCF76EFB38BB206938
S315080243D0A84237D06069A84234D0E06AC4F820807F
S315080243E0042837D00020A086B868012601682A4624
S315080243F04F6921462B46CDE90069B84794F835003E
S3150802440030B394F834000321E16280BB22E0786875
S31508024410496888420DD0216849688842D7D0B86869
S315080244202A46016843468F692146CDF80090B84767
S315080244301DE06068A8421AD1E069012818BFC4F8CD
S315080244401C8014E0B8F1010F04BF012020620EE0BF
S315080244500420E062D4E90901656101310128A162FB
S3150802446005D1A069022804BF012084F8360003B0EA
S31508024470BDE8F08380B5D1F808C0D0F804E0DCF8CE
S3150802448004C0E64507D08068D0F800C0DCF81CC036
S31508024490BDE880406047BDE88040FFF7A9BE00003E
S315080244A080B588B001900790069105920699009109
S315080244B000218DF81310FEF7EBFA00980199059A78
S315080244C092ED000A01F032F9FFE701208DF8130098
S315080244D09DF8130058B906E0024601980392029124
S315080244E0FEF7E6FA05E00198FEF7E2FAFFE708B0FA
S315080244F080BD00F0D1FA000000A070477374643AD8
S315080245003A6261645F657863657074696F6E00000C
S31508024510042100F0CAB8000081B08DED000A9DEDB5
S31508024520000AB0EEC00A01B07047000000000000A1
S3150802453080B588B08DED060B8DED041B06980390A9
S3150802454007990091049A0292059B019302F0DAF800
S315080245500099DDF804C0029A03460398002B08BFA7
S315080245606146002B08BF104641EC100B08B080BD0F
S3150802457080B584B003900291039801F0B9FF41EC2B
S31508024580100B8DED000B029801F0B2FF9DED000BAA
S3150802459041EC110BFFF7CCFF04B080BD0000000010
S315080245A080B582B08DED010A9DED010A01F05AFE31
S315080245B002B080BD7047704780B5804704A000F0FE
S315080245C0D9FD00F0FFF80CA000F0D4FD00F0E1F8E8
S315080245D07465726D696E6174655F68616E646C6537
S315080245E07220756E65787065637465646C7920727D
S315080245F0657475726E6564007465726D696E617450
S31508024600655F68616E646C657220756E6578706543
S31508024610637465646C7920746872657720616E20AC
S31508024620657863657074696F6E00000080B58047AF
S3150802463001A000F09FFD00BF756E65787065637412
S3150802464065645F68616E646C657220756E65787004
S3150802465065637465646C792072657475726E6564D7
S315080246600000000040F2BC10C2F200400068704729
S3150802467040F2C010C2F200400068704710B500F060
S315080246801CFA08B104681CB9FFF7ECFFFFF794FFA0
S3150802469004F12800F5F7ECFC0028F5D06069FFF76D
S315080246A08BFF00F076F8DBF7ECBEFFF7FCBF0000E5
S315080246B081B0ADF80200BDF9020000280ED4FFE76A
S315080246C0BDF9021001F01F02012090404A094EF27C
S315080246D00011CEF2000141F82200FFE701B070474F
S315080246E04EF60C50CEF200000068C0F30220704766
S315080246F082B0ADF806000091BDF9060000280AD47A
S31508024700FFE700980001BDF906104EF20042CEF20C
S31508024710000288540BE000980001BDF8061001F06B
S315080247200F014EF61452CEF200028854FFE702B089
S31508024730704700000000000083B00290029800F063
S31508024740070000904EF60C51CEF20001086801905F
S3150802475001984FF6FF02104001900198009A40EA2C
S3150802476002200022C0F2FA52104301900198086012
S3150802477003B0704700000000704708461146F8F774
S315080247804BB808461146F8F747B808461146F8F7EF
S3150802479043B880B500F016F8FFF770FFB0B587305A
S315080247A020F007042046F5F787FC054630B128466F
S315080247B02146DBF7A3FF05F18000B0BDFFF75EFFD8
S315080247C0FFF7E7FF70B50546F5F752FC064600F017
S315080247D06FF904462846283800BF7EB1C169002908
S315080247E048BF4942226801319042C1611CBF8261B9
S315080247F02060616801396160C06C70BD216800295A
S3150802480002BF206005F1580070BDFFF737FFFFF7BA
S31508024810C0FF10B5044600F04BF9D4E9001244F67D
S315080248204E43C0F24303090A83EA122341EA0261AC
S3150802483042F62B32C4F2437251401943A4F12801BD
S315080248400AD154F8042C1AB98368816044F8083CE2
S31508024850501C44F8040C02E0826812B981600120F7
S3150802486010BDFFF70BFFFFF794FF00002DE9F04F8D
S3150802487087B020B90020FFF7A5FFFFF7FFFE054620
S31508024880FFF7A0FF2846F5F7F3FB074640B16C6B26
S3150802489055E9060BEE6AA5F1280A4FEAE47806E01E
S315080248A0FFF7E0FE83464FF0000AFFF7E1FEFFF747
S315080248B0BDFEFFF787FF002F67D016F8011B06A873
S315080248C00696F5F7FFFD06980178FF295FD0CDE930
S315080248D0034800F1010800204FF0000918F9011BEE
S315080248E001F07F02824049EA0209002900F1070025
S315080248F0F4D4CDF8188000F0E0F806680746002ED2
S3150802490045D006F128042046F5F7B2FBB6EB0A01B4
S3150802491018BF01210840C844DDF8109001281DD1AE
S31508024920D6F808A0204603C800BF42F60132C4F2F0
S315080249302B32504044F64762C4F24C325140084387
S3150802494014BF06F1800CD6F804C0039849464246BD
S315080249505346CDE900C5F5F78DFE60B347F29420BC
S31508024960C0F6020000F10806059647F234130398CA
S3150802497005AFC0F6020349464246CDE90075F5F78A
S3150802498079FE38B105A8AFF3008000F046F858461C
S31508024990FFF712FE00F041F80420FFF7FFFE06605B
S315080249A047F2341144F2B552C0F60201C0F60202C9
S315080249B000F0DCF80EE0F06979684042F061481CC4
S315080249C0786000F02AF800F028F82046FFF7FAFE89
S315080249D000F09FF805A8AFF3008001E000E0FFE7CA
S315080249E000F01BF800F058F8FFF7D3FE10B578B1BF
S315080249F0044650F87C0C013844F87C0C08D154F86B
S31508024A00741C09B120468847A4F18000F5F744FBD7
S31508024A1010BDFFF7BEFEFFF7BCFEB0B500F04DF8BD
S31508024A2005460068D0B1014651F8282F44F64E448F
S31508024A304B68C0F24304120A84EA132442EA036268
S31508024A4042F62B33C4F243735A40224307D1C16953
S31508024A50B1F1FF3F09DD0139C1610BD0B0BD08468E
S31508024A60F2F7A7F800202860B0BD0131C161F5D37D
S31508024A708069F8E78169296090F82810012905D12B
S31508024A804168A1F18004F5F707FB20468030BDE8AE
S31508024A90B040FFF7ABBF00001EB47446F5F7AFFD92
S31508024AA0A646024CA4461EBC60470000956C010847
S31508024AB042F2D070C2F20040704742F2D070C2F29F
S31508024AC000407047F0B581B00646A0F18007002085
S31508024AD014460D4646F87C0CFFF7CAFD46F8700CDC
S31508024AE0FFF7C0FD46F86C0C44F6476042F6003103
S31508024AF04AF25F62C4F24C30C4F22B31C0F60102AC
S31508024B0046E91E5446E91610384646F8502C01B0B6
S31508024B10F0BD70B5FFF7CCFF05682DB32C4654F8E7
S31508024B20281F44F647636268C4F24C335A4042F679
S31508024B30003321F0FF01C4F22B33594051EA020631
S31508024B4006D1E96942684942E961511C416001E0BE
S31508024B50002101602046F2F761F82046FFF732FE8F
S31508024B6016B96869FFF728FDFFF788FD70B5144680
S31508024B700D460646FFF79CFF416822460131416011
S31508024B8030462946FFF79EFF04460120606004F17D
S31508024B902800F2F743F82046F5F750FC000000001B
S31508024BA080B582B042F26871C2F2004101910020DA
S31508024BB008609FED0B0ADFED0B0ACDED000A01F046
S31508024BC08BF8DDED000A019880ED010A9FED060AD1
S31508024BD001F082F8019880ED020A02B080BD00BF9A
S31508024BE0583934BE0BEFF2BD5839343E0000000086
S31508024BF080B582B042F27471C2F20041019100207E
S31508024C0008609FED0B0ADFED0B0ACDED000A01F0F5
S31508024C1063F8DDED000A019880ED010A9FED060AA8
S31508024C2001F05AF8019880ED020A02B080BD00BF71
S31508024C30583934BE0BEFF2BD5839343E0000000035
S31508024C4080B582B042F28071C2F200410191002021
S31508024C5008609FED0B0ADFED0B0ACDED000A01F0A5
S31508024C603BF8DDED000A019880ED010A9FED060A80
S31508024C7001F032F8019880ED020A02B080BD00BF49
S31508024C80583934BE0BEFF2BD5839343E00000000E5
S31508024C9080B582B042F28C71C2F2004101910020C5
S31508024CA008609FED0B0ADFED0B0ACDED000A01F055
S31508024CB013F8DDED000A019880ED010A9FED060A58
S31508024CC001F00AF8019880ED020A02B080BD00BF21
S31508024CD0583934BE0BEFF2BD5839343E0000000095
S31508024CE080B582B042F29871C2F200410191002069
S31508024CF008609FED0B0ADFED0B0ACDED000A00F006
S31508024D00EBFFDDED000A019880ED010A9FED060A28
S31508024D1000F0E2FF019880ED020A02B080BD00BFF2
S31508024D20583934BE0BEFF2BD5839343E0000000044
S31508024D3080B59FED070AFFF733FCB0EE001A80EE46
S31508024D40010A42F2BC70C2F2004080ED000A80BD40
S31508024D5015C7813E0000000080B59FED070AFFF7E0
S31508024D601FFCB0EE001A80EE010A42F2C070C2F2CF
S31508024D70004080ED000A80BD15C7813E0000000094
S31508024D8080B59FED070AFFF70BFCB0EE001A80EE1E
S31508024D90010A42F2C470C2F2004080ED000A80BDE8
S31508024DA015C7813E0000000080B59FED070AFFF790
S31508024DB0F7FBB0EE001A80EE010A42F2C870C2F2A0
S31508024DC0004080ED000A80BD15C7813E0000000044
S31508024DD080B59FED070AFFF7E3FBB0EE001A80EEF7
S31508024DE0010A42F2CC70C2F2004080ED000A80BD90
S31508024DF015C7813E000000004AF24000C4F20000D6
S31508024E00006840F20C41C2F2004108607047000097
S31508024E1080B582B042F69020C2F200400190F8F7BF
S31508024E20EBFF01994DF6C970C0F6010040F2000287
S31508024E30C0F60002DBF7C4FB02B080BD2DE9F043E1
S31508024E4085B00746884602A8394699461546F5F7B3
S31508024E50F3F8039E294630460022F4F798FF029C8F
S31508024E6058B1049E3846214642462B46CDE900698A
S31508024E70F5F778F805B0BDE8F083384621462A46A4
S31508024E803346CDF80090F5F7A3F810B105B0BDE8A2
S31508024E90F0833846214642462B46CDE90069F5F7A6
S31508024EA01BF805B0BDE8F08380B5084600F05EF948
S31508024EB00921002808BF0521013818BF084680BD08
S31508024EC02DE9F0418CB0074600294FF0030000F0A7
S31508024ED08B801546002A00F0878008460C46F5F7AF
S31508024EE0C7F827F00801022961D00646012928D009
S31508024EF0002945D138075AD402A801213246234649
S31508024F000095F5F7EFF89DF8200008284FD00628F7
S31508024F106AD100200B900BAF284600210D220023F0
S31508024F200097F1F7D3FE0B98206246B107980299CB
S31508024F3004AF04F1240C8CCF8CE88D006163062043
S31508024F4052E00020D4F8208002900DF1080C284681
S31508024F5000210D220023CDF800C0F1F7B7FE029812
S31508024F6080450FD17EB304F124078FCF079004A89A
S31508024F700EC0F817CDE9027006208DF820002DE044
S31508024F80032031E038074FF00A0102A832462346C9
S31508024F9058BF02210095F5F7A5F89DF820000828C4
S31508024FA005D0062820D12046FFF733FC16E0204616
S31508024FB02946FFF779FF0146052818BF0920002967
S31508024FC008BF082010E002A8062100222346009501
S31508024FD0F5F788F89DF82000062808D102AA204687
S31508024FE02946F5F733FA07200CB0BDE8F0812046CA
S31508024FF0FFF7E8FBFFF742FB70B505460068144663
S31508025000426928460E46904740B128683146826969
S3150802501028469047C4E90001002070BD4EF272602E
S31508025020CFF6FF7070BD10B502680C46526A9047FB
S3150802503061680020002904BF4EF26B60CFF6FF704C
S3150802504010BD70B5054600681446826828460E46A5
S31508025050904738B128683146C2682846904720608A
S31508025060002070BD4EF27260CFF6FF7070BDB0B50B
S31508025070044647F24C20C0F6020042F6E412083013
S31508025080C2F20042C4E9000204F1080000254022E7
S31508025090A4F84C5084F84E50DBF797FA04F1500006
S315080250A04FF49971A564DBF729FB20460021FEF728
S315080250B078FD0020B0BD80B50168896A88474EF23E
S315080250C07460CFF6FF7080BD0168C96B08472DE989
S315080250D0F0410546006816464269284698460F4634
S315080250E0904748B128683946C46928463246434635
S315080250F0A0470020BDE8F0814EF27260CFF6FF703D
S31508025100BDE8F08170B58AB0044600681646826822
S3150802511020460D46904718B320682946036920465B
S3150802512032469847681C19D120686946426A204661
S31508025130904720680021426B20469047049868B140
S3150802514020686FF00101C268204690472168049AD8
S315080251500B69024420466FF001019847002003E0DC
S315080251604EF27260CFF6FF700AB070BD01680A6A25
S315080251700021104780B5DBF75DFB70B54FF683114A
S31508025180C3F6226101F068FB4FF07A5101F08EFAFC
S31508025190044601F015FB054600212046002601F0CB
S315080251A0DBFA002818BF013D284601F017FB014625
S315080251B0204601F0ADFB4FF0884101F04DFB044655
S315080251C001F005FB05464FF04441204601F06EFA10
S315080251D0B6EB552F064614BF00252646284601F08B
S315080251E004FB0146304601F093FB47F2BC21C0F6A8
S315080251F0020101EB850251F82540054656684FF033
S315080252007E50294601F084FB214601F025FB04461F
S315080252102846314601F020FB0146204601F046FAAF
S3150802522070BD00002DE9F04703880F88BB424BD1B9
S3150802523047884E88B74247D11688B34244D1568822
S31508025240B74241D107FB03F8466800234D68B3EB22
S31508025250980F546827D04FEA9800C0F1000900BF9A
S315080252603068296801F022FA20607068696801F0DE
S315080252701DFA6060B068A96801F018FAA06006F124
S31508025280100AF06805F11007E96801F00FFA04F14F
S315080252901001E06019F1010956460C463D46DFD178
S315080252A03D460C46564618F003000BD0474200BF4F
S315080252B056F8040B55F8041B01F0F8F944F8040BE8
S315080252C00137F5D1002000E0FD2040B2BDE8F087A5
S315080252D001804280436070472DE9F04F93B00688FB
S315080252E0B0F802B05E4540F059810A88FD2596421B
S315080252F040F055814B889A4240F05181002E47680A
S3150802530000F032816FF00300009700EB86094C68C3
S31508025310002706964FF07E58039420460698801B6F
S3150802532009D0B9002046DBF7E9F9002001308742A7
S3150802533004F10404FAD104F1040AC4F80080751EC3
S3150802534010D0A9EB87015046DBF7D8F9012054465D
S315080253500130864204F10404FAD1002D07F101074F
S315080253602E46DBD1069E002E009F00F0FD8004200B
S31508025370CDF828B000EB8B00A6F1010A019007EBE5
S315080253808B044FEA8B08381DCBF1000100220C91E1
S31508025390CDE907B8B24280F00681099002FB0BF00C
S315080253A00497002507EB800157F820900F914F4686
S315080253B0039901EB800110920E910294CDF814A084
S315080253C005E000BFAAF1010A2768444435460021D0
S315080253D0384601F0BAF938B93846294601F0A7F92C
S315080253E000283E4607D007E087F0004628463146A1
S315080253F001F0B2F900B92E46BAF1000FE2D1002146
S31508025400304601F086F9002840F0CD8029F00040A8
S31508025410314601F07EF90028DDE90516109C06D111
S31508025420E043801903D0002001308142FCD10021DB
S31508025430484601F06EF900280A9F40F0B480ABEBAB
S31508025440040108460D9101290F994FF07E50086014
S315080254500BD00124099D00BF2868494601F08FF93F
S3150802546045F8040B0134A742F6D10C9C0E9D00BFE9
S315080254702868494601F083F945F8040B0134F7D147
S315080254800D98002401380B90DDE903A7109A00BF96
S31508025490944205D10D980AEB8B0A07EB800741E087
S315080254A0D7F800900F980168484601F0D5F90146E9
S315080254B0484601F02DFA47F8040B0B980028CDE967
S315080254C011641BD04FF001084FF0000BDDE90964A7
S315080254D056F80B10484657F80B5001F0BDF901462D
S315080254E0284601F015FA08F1010847F80B00444569
S315080254F00BF1040BECD15F44DDE907B80C9E0E9C58
S3150802550054F8041B4846DAF8005001F0A5F901469A
S31508025510284601F0FDF94AF8040B0136F0D1129C2F
S31508025520DDE9102607EB8207013E04F10104AFD13B
S315080255300A9801320138049F0A9007F10407DDF838
S3150802554014A0DDE901040999AAF1010A0144069E9B
S31508025550044408467FF41EAF00214846002501F0A0
S31508025560D8F80028009F1AD00BFB06F50024002D58
S315080255704FF000060AD000BF3868002101F0C9F8CA
S3150802558020B10136AE4207F10407F5D3AE4208BF91
S315080255906FF00404204613B0BDE8F08FFD2568B20B
S315080255A013B0BDE8F08FFB25F9E700002DE9F04FAF
S315080255B093B047880B889F4240F0B28006881388CA
S315080255C09E4240F0AD804D8853889D4240F0A880A7
S315080255D00796BE08436806FB05F0496827F0030CE0
S315080255E001EB0010039102900020A0EB97010D93A6
S315080255F007F00304099103EB8C0351680A932B46BF
S315080256004FEA8509019161420C9605970B94089118
S31508025610049500BF0690019901EB8008DDE902BAFC
S315080256200C98002811934BD0CDF838B00024CDF849
S315080256304080DDF824B0DDF83480CDF83CA000BF08
S31508025640DAF8001098E8C100D8F80C20129201F096
S3150802565003F90146204601F029F804465AF80910CA
S3150802566030460AEB090501F0F7F80146204601F033
S315080256701DF8044655F80910384605EB090601F0E7
S31508025680EBF80146204601F011F8044656F80910CF
S31508025690129806EB090501F0DFF80146204601F0EB
S315080256A005F81BF1010B08F11008044605EB090A77
S315080256B0C6D1DDF838B05D460A9EDDE90FA802E0DC
S315080256C000240D9E55460B9868B1089F56F8040BA0
S315080256D0296801F0C1F80146204600F0E7FF0137C4
S315080256E004464D44F2D148F8044B0AF1040A119BC8
S315080256F00BF1040B013B93D105980D9901EB80013F
S31508025700049B0D910799069A01391A4407910A9939
S3150802571001EB800110460A917FF47CAF002000E07D
S31508025720FD2040B213B0BDE8F08F00002DE9F0432A
S3150802573081B003881788BB423DD18946418857887C
S31508025740B94238D101FB03F8466800215568B1EB26
S31508025750980F21D04FEA9800474200BF3068494661
S3150802576001F07AF828604946706801F075F86860B1
S315080257704946B06801F070F8A8604946F06806F133
S31508025780100401F069F805F11001E86001372646B0
S315080257900D46E3D10D46264618F0030009D04742C6
S315080257A056F8040B494601F057F845F8040B013739
S315080257B0F6D1002000E0FD2040B201B0BDE8F0833A
S315080257C02DE9F04703880F88BB424BD147884E889C
S315080257D0B74247D11688B34244D15688B74241D117
S315080257E007FB03F8466800234D68B3EB980F546825
S315080257F027D04FEA9800C0F1000900BF306829682F
S3150802580001F086F820607068696801F081F86060C6
S31508025810B068A96801F07CF8A06006F1100AF06881
S3150802582005F11007E96801F073F804F11001E06068
S3150802583019F1010956460C463D46DFD13D460C464E
S31508025840564618F003000BD0474200BF56F8040B21
S3150802585055F8041B01F05CF844F8040B0137F5D13E
S31508025860002000E0FD2040B2BDE8F0872DE9F04FA8
S3150802587083B002884B889A424DD144880B889C4251
S3150802588049D10023D1F804804FEA940C416804F008
S31508025890030ECDF80080A3EB94040294140196003B
S315080258A00194CEF1000B4046BCF1000F1ED04746CC
S315080258B0029C00BF08683D4638603744486807EBD3
S315080258C00609A85101F11000D1F808A0013447F8D9
S315080258D006A009EB0607C968374449F806100146C7
S315080258E0E8D101996C18014603E000BF009800EB65
S315080258F08304BEF1000F07D05D4600BF51F8040BC2
S31508025900013520603444F9D10133013A08F104081B
S31508025910CAD1002000E0FD2040B203B0BDE8F08FF6
S3150802592070B54FF68311C3F6226100F095FF04465F
S3150802593000F046FF054600212046002600F00CFF2F
S31508025940002818BF013D284600F048FF01462046B8
S3150802595000F0DEFF4FF0884100F07EFF044600F0BB
S3150802596036FF05464FF04441204600F09FFEB6EB4F
S31508025970552F064614BF00252646284600F035FF51
S315080259800146304600F0C4FF47F2BC21C0F60201C8
S3150802599001EB850251F82540054656684FF07E50C0
S315080259A0294600F0B5FF214600F056FF0446284670
S315080259B0314600F051FF0146204600F077FE70BDE1
S315080259C00368002B08D401230B60C1790423043031
S315080259D003EB810111607047C3F3036CBCF1000F3E
S315080259E00FD0BCF1030F04D0BCF1010F1CBF00207D
S315080259F07047C3F3074C042303EB8C034FF0020CE6
S31508025A0002E04FF0010C04231360C1F800C070478E
S31508025A1080B582B000200190E1F7BAF9EAF710FCE6
S31508025A20E9F7EAF9E9F7A8F8E9F726F9E9F764F9E7
S31508025A30E9F7A2F9E9F788FAE9F7C2FAE9F708FCF9
S31508025A40E9F72AFDE9F7DCFCE9F76EFDE9F7B0FBB1
S31508025A50E9F76AFBE9F724FBE9F742FCE9F788FC70
S31508025A60EBF792FBFFE7EBF71BFCFCE741000802AA
S31508025A7018BF04200A0E18BF40F001004FF07F42FB
S31508025A8032EA010108BF40F00200012808BF0520DA
S31508025A907047000010B510EE104A4FF01A402DED6F
S31508025AA0028B00EB4400B0F1C85F4AD84FF0FC40C5
S31508025AB0B0EB440F22D2B0EEC00AF7EE000A30EE7F
S31508025AC0C00AF6EE000A20EE208A18EE100A00F046
S31508025AD0A7FC00EE100A14F0004F1DBF9FED281A0E
S31508025AE0DFED280AB1EE400A9FED271A08BFF0EE4D
S31508025AF0410AF8EE001A20EE210A05E020EE008A95
S31508025B009FED221ADFED220ADFED221A9FED222AE5
S31508025B1070EEC00A20EE080A08EE212ADFED1F1AE7
S31508025B2048EE021A9FED1E2A08EE212ADFED1D1AFB
S31508025B3048EE021ABDEC028B40EE610A30EE810A8B
S31508025B4010BD4FF0CC40B0EB440F82BF9FED160A52
S31508025B50BDEC028B10BD4FF07F40B0EB440F05D26F
S31508025B60BDEC028BBDE8104000F099BB0120DAF7C4
S31508025B705BFEBDEC028BBDE8104000F097BB00004F
S31508025B800000494022AA7D3A000000000000C93FF1
S31508025B9022AAFD3924FE1C3DC78AD83C1E67383D19
S31508025BA01B93993DAFAA2A3EDB0FC93F10B54FF0AA
S31508025BB00E402DED028BB0EE408A18EE104A00EB2D
S31508025BC04400B0F1506F4AD84FF0FC40B0EB440F96
S31508025BD022D2B0EEC80AF7EE000A30EEC00AF6EE96
S31508025BE0000A60EE208A18EE900A00F019FC01EE0F
S31508025BF0100A14F0004F1DBFDFED2D0A9FED2D0A86
S31508025C00B1EE411ADFED2C0A08BF9FED2C0AF8EE19
S31508025C10001A21EE218A05E0DFED290A68EE088AD4
S31508025C20B0EE600A9FED271ADFED271A30EE080A52
S31508025C3048EE811A9FED251A08EEA11ADFED241AFD
S31508025C4048EE811A9FED231A08EEA11A68EE281A61
S31508025C50BDEC028B01EE810A30EE200A10BD4FF030
S31508025C60E440B0EB440F0CD918EE100AFFF7FEFE1B
S31508025C70042808BF00F022FBB0EE480ABDEC028BEE
S31508025C8010BD4FF07F40B0EB440F07D2B0EE480A82
S31508025C90BDEC028BBDE8104000F001BB0120DAF72B
S31508025CA0C3FDBDEC028BBDE8104000F0FFBA000050
S31508025CB00000C9BF22AAFDB90000C93F22AAFD39C0
S31508025CC00000000024FE1C3DC78AD83C1E67383DEA
S31508025CD01B93993DAFAA2A3E70B54FF068422DED47
S31508025CE0048BF0EE408A18EE900AB0EE608A18EE3F
S31508025CF0101A02EB4003B3F1654F3CBF02EB4102B7
S31508025D00B2F1654F7DD200BFC0F3C753C1F3C75284
S31508025D109A1A1B2A09DD10F0004F14BF9FED830A59
S31508025D209FED830ABDEC048B70BD12F11A0F36DAA9
S31508025D3011F0004F09D010F0004F0CBF9FED7D0AFD
S31508025D409FED7D0ABDEC048B70BD88EE889A19EE2C
S31508025D50100AFFF78BFE042808BF00F0AFFA18EE08
S31508025D60900AFFF783FE054618EE100AFFF77EFE35
S31508025D70044619EE100AFFF779FE042D18BF052D01
S31508025D8008D1042C18BF052C04D1002804BF022010
S31508025D90DAF74AFDB0EE490ABDEC048B70BD420043
S31508025DA0B2EB410F3AD910F0004F19BFDFED630A83
S31508025DB09FED630ADFED630A9FED630AB0EE481AA8
S31508025DC00A46B1EE688A80F00041F0EE418A104632
S31508025DD00A1A5200B2F1807F34D2484010F0004FBE
S31508025DE0DFED5A1A9FED5A2A1DBFBEEE001A70EE53
S31508025DF0E10A30EE420AB6EE001A08BF70EEA10AB0
S31508025E0000E040E008BF30EE020AB0EE682A01EE72
S31508025E10482A08EE818AC2EE081A15E011F0004FE8
S31508025E2004BF9FED4C0AF0EE400AD1D010F0004FA5
S31508025E3019BFDFED490A9FED490ADFED490A9FEDD1
S31508025E40490AC5E7C8EE881A21EEA11A9FED462A25
S31508025E50DFED462A41EE022A9FED452A01EE222A65
S31508025E60DFED442A41EE022A9FED432ABDEC048B5C
S31508025E7001EE222A21EE811A01EE020A30EE210AE9
S31508025E8030EE200A70BD4FF07F42B2EB400F28BFBA
S31508025E90B2EB410F09D2F0EE480AB0EE680ABDEC41
S31508025EA0048BBDE8704000F0FDB940EA01035B00CF
S31508025EB008BF41F0FF410BD0B2EB400F08BFB2EB6F
S31508025EC0410F08D120F0804008EE900A21F0804167
S31508025ED008EE101A18E7B2EB400F12BF5FEA410349
S31508025EE040F0FF4001F000413FF40EAFB2EB410F24
S31508025EF012BF5FEA400200F0004041F0FF413FF462
S31508025F0003AF4A0092EA40033FF5FEAE002AACBF51
S31508025F109FED1A0A9FED1A0A68EE808A28EE008A11
S31508025F2018EE900A18EE101AEEE60000DB0FC9BF4B
S31508025F30DB0FC93FDB0F4940DB0F49C00000C9BF71
S31508025F4022AAFDB90000C93F22AAFD390060ED3E2A
S31508025F50C30ACE3700000000000049C022AA7DBA53
S31508025F600000494022AA7D3A2DAD65BD8FB8D53DC0
S31508025F700FB511BE61C84C3EA8AAAABE0000804F42
S31508025F800000802F10EE101A08B5444A6846B2EB94
S31508025F90410F28D94FF0E640B0EB410F94BF0020DD
S31508025FA04FF0FF3000900098002861DB60EE000A8F
S31508025FB010F0010F45D010F0020FDFED391A9FEDF0
S31508025FC0391A00EEA11ADFED381A40EE811A21EECF
S31508025FD0A01AF0EE400A40EE010A08BFF1EE600A86
S31508025FE0B0EE600A08BD314B21F0004293423CD91B
S31508025FF011F0004FDFED2E0A20EE201ADFED2D0AF2
S3150802600019BF31EE601A71EE200A31EE201A71EECE
S31508026010600ABDEEE01A11EE100A9FED271A00F08B
S31508026020030000EEC10A9FED251A009000EEC10A90
S315080260309FED231A00EEC10A9FED221A00EEC10A4D
S31508026040B1E79FED211A9FED210A10F0020F00EE2B
S31508026050810A9FED1F1A00EE801AB7EE000A00EEBB
S31508026060810A18BFB1EE400A08BD00F02FF99AE777
S3150802607010EE100A4000B0F17F4F3CBFB7EE000A9F
S3150802608008BD07D14FF00100DAF7CEFBBDE808409C
S3150802609000F00CB9BDE8084000F001B9B61F927EBF
S315080260A0336D4CB9DA82083CA0AA2ABE490E494683
S315080260B083F9223F0000004B0000C93F00A0FD39CA
S315080260C00020A2331A61342CB93AB2BACA9F2A3DC1
S315080260D0DDFFFFBE00B510EE101A2DED028B81B062
S315080260E0524A6846B2EB410F2ED94FF0E640B0EB62
S315080260F0410F94BF00204FF0FF3000900098B0EE99
S31508026100408A00286ADB10F0010F4BD068EE080AB5
S315080261109FED471A9FED470A00EE810A9FED461A40
S3150802612010F0020F00EE801AB7EE000A00EE810A9E
S3150802613002BF01B0BDEC028B00BD00BF01B0B1EEDB
S31508026140400ABDEC028B00BD3C4B21F00042934253
S3150802615041D911F0004FDFED3A0A20EE201ADFEDA1
S31508026160390A19BF31EE601A71EE200A31EE201A89
S3150802617071EE600ABDEEE01A11EE100A9FED321AB0
S3150802618000F0030000EEC10A9FED301A009000EEFF
S31508026190C10A9FED2F1A00EEC10A9FED2E1A00EED4
S315080261A0C10AABE728EE080A9FED2B1ADFED2B0A88
S315080261B010F0020F40EE010A9FED291A00EE201A8E
S315080261C061EE000AB0EE480A08EE200AB6D101B01E
S315080261D0BDEC028B00BD00F079F88FE718EE100AC5
S315080261E04000B0F17F4F0DD218EE100AFFF73EFCC1
S315080261F0042808BF00F062F8B0EE480A01B0BDEC08
S31508026200028B00BD09D10120DAF70EFB01B0BDEC05
S31508026210028B5DF804EB00F049B801B0B0EE480A0B
S31508026220BDEC028B5DF804EB00F039B8B61F927E1E
S31508026230B93AB2BACA9F2A3DDDFFFFBE490E4946A0
S3150802624083F9223F0000004B0000C93F00A0FD3938
S315080262500020A2331A61342C336D4CB9DA82083C19
S31508026260A0AA2ABE10B52DED028BB1EEC08A18EE91
S31508026270100A20F00040C0F1FF40C00F0AD010EE0D
S31508026280100A20F00040C0F1FF40C00F04BF0120F1
S31508026290DAF7CAFAB0EE480ABDEC028B10BD30EE48
S315080262A0000A704730EE200A70470000DFED020A46
S315080262B080EEA00A70470000000000009FED020A67
S315080262C020EE000A70470000000000102DE9F001D8
S315080262D04FF07F42B2EB410F9FBF4FF0FF31016093
S315080262E0BDE8F00170474FF0004242EA0123C1F3CC
S315080262F0C752783A551112F01F0C434CCCF12006BE
S315080263007C44C1F3C752A2F178024FEA621204EB47
S31508026310820254F8254008BFD2E9015612D05568C0
S3150802632004FA0CF425FA06F73C43976805FA0CF5C5
S3150802633027FA06F8D26807FA0CFCF24045EA08057D
S315080263404CEA0206A4FB034CA5FB0352A6FB036315
S315080263501D449D4234BF012600261319334416B143
S31508026360934202D903E0934201D2012200E00022BD
S31508026370624402F1200C9206DC0C42EA443200EE38
S31508026380102A5B03DFED210AF8EEC01A00EE103A76
S315080263904FEA9C1C11F0004FB8EE400AC0F800C044
S315080263A020EE201A00EE105ADFED190AB8EE400A5E
S315080263B020EE200A71EE810A70EE800A10EE902A0B
S315080263C002F500626FF30B0200EE902A70EEE11AF4
S315080263D031EEC11ADFED101A30EE411A9FED0D0AA1
S315080263E020EE800A01EE210A9FED0C1A00EE810AC0
S315080263F004BFBDE8F0017047CCF180510160BDE8E9
S31508026400F001B1EE400A7047C007000000000036EE
S315080264100000802C22AAFD29DB0FC92F0000C92FF4
S3150802642010B500EE100A2DED028BB1EEC08A18EEF9
S31508026430100A20F00040C0F1FF40C00F0AD010EE4B
S31508026440100A20F00040C0F1FF40C00F04BF01202F
S31508026450DAF7EAF918EE100ABDEC028B10BD4910FC
S3150802646058BFC1F140415B1058BFC3F140438B424C
S31508026470EFF300807047000051EA030C17D41CF5AD
S31508026480801F58BFBCF5801F00F10680994218BFCD
S31508026490704708BF9042704707D711F5801F58BF4B
S315080264A013F5801F19D499427047894270471CF523
S315080264B0801F08D5BCF5801FF7D58B4218BF7047D9
S315080264C008BF824270474FF4001C1CEB410F38BFCD
S315080264D01CEB430F01D28B42704770B500F098F857
S315080264E0922449004FF000514FF08053FFF7B7BF8F
S315080264F010F0004248BF4042B0FA80F310FA03F1A6
S315080265000AD0C3F11D0303F5806302EB03524FEA77
S31508026510415002EBD12170474FF00000704700004E
S3150802652051EA030C17D41CF5801F58BFBCF5801F0F
S3150802653000F10680994218BF704708BF904270471B
S3150802654007D711F5801F58BF13F5801F19D4994232
S315080265507047894270471CF5801F08D5BCF5801F15
S31508026560F7D58B4218BF704708BF824270474FF46F
S31508026570001C1CEB410F38BF1CEB430F01D28B42A8
S31508026580704770B500F044F8922449004FF08051E4
S315080265904FF00053FFF763BF51EA030C17D41CF5FB
S315080265A0801F58BFBCF5801F00F10680994218BFAC
S315080265B0704708BF9042704707D711F5801F58BF2A
S315080265C013F5801F19D499427047894270471CF502
S315080265D0801F08D5BCF5801FF7D58B4218BF7047B8
S315080265E008BF824270474FF4001C1CEB410F38BFAC
S315080265F01CEB430F01D28B42704770B500F008F8C6
S31508026600922449004FF000514FF08053FFF727BFFD
S315080266100EF1020E2EF0030E5EF8046B364205D416
S31508026620012A43EB030515F5001F12D8012841EB91
S31508026630010C1CF5001F0CD80ED14FEAD17C0CEBCD
S315080266404C0C0CF1020C15F5001F08BF4CEBD37C61
S3150802665004E04FF0080C01E04FEAD37C0CEB4C0542
S3150802666026FA05F606F00706B6F1040C06D20EEB74
S31508026670860CBDE870404CF0010C6047DFE80CF070
S31508026680090B02024FF00041A1F500214FF000006C
S3150802669070BD19461046012851EB010418BFD4F5FE
S315080266A0001484BF002001F0004170BD00EE100AFC
S315080266B000EE901A30EE200A10EE100A704710B556
S315080266C0FFF7DAFE0CBF0120002010BD10B5FFF758
S315080266D0D3FE14BF0120002010BD10B5FFF720FF1E
S315080266E08CBF0120002010BD10B5FFF719FF2CBF83
S315080266F00120002010BD10B5FFF74EFF94BF012000
S31508026700002010BD10B5FFF747FF34BF0120002057
S3150802671010BD10B500F03CF80CBF0120002010BDDA
S3150802672010B500F035F814BF0120002010BD10B5D1
S3150802673000F062F88CBF0120002010BD10B500F0F1
S315080267405BF82CBF0120002010BD10B500F06CF8D4
S3150802675094BF0120002010BD10B500F065F834BFC3
S315080267600120002010BD401058BFC0F1404049101A
S3150802677058BFC1F140418142EFF30080704700EEF5
S31508026780100A00EE901A80EE201A11EE100A7047CF
S3150802679000EE100A00EE901AB4EE600AF1EE10FA54
S315080267A078BF704700F000B810B500F05EF800BF79
S315080267B0922449004FF000504FF08051FFF7D3BFA3
S315080267C000EE100ABDEEC01A11EE100A704700EE6E
S315080267D0100ABCEEC01A11EE100A704700EE100A33
S315080267E0B8EEC00A10EE100A704700EE100AB8EEAC
S315080267F0400A10EE100A704700EE100A00EE901AD0
S31508026800B4EE600AF1EE10FA78BF704700F000B8ED
S3150802681010B500F02AF800BF922449004FF08050C4
S315080268204FF00051FFF79FBF00EE100A00EE901AD4
S31508026830B4EE600AF1EE10FA78BF7047AFF3008043
S3150802684010B500F012F800BF922449004FF000502C
S315080268504FF08051FFF787BF00EE100A00EE901A3C
S3150802686020EE200A10EE100A70470EF1020E2EF0E4
S31508026870030E5EF8044B244204D44FEA4102B2F1F5
S315080268807F4F11D84FEA4003B3F17F4F0CD80ED190
S315080268904FEAD07C0CEB4C0C0CF1020CB2F17F4F98
S315080268A008BF4CEBD17C04E04FF0080C01E04FEA3C
S315080268B0D17C0CEB4C0324FA03F404F00704B4F17C
S315080268C0040C06D20EEB840CBDE810404CF0010C09
S315080268D06047DFE80CF0070802024FF00040A0F517
S315080268E0800010BD0846420018BFD2F1807288BFE8
S315080268F000F0004010BDF1EE100A4FF6FF71C0F22B
S31508026900C03120EA010040F04070E1EE100A7047FB
S3150802691000EE100A00EE901A30EE600A10EE100A27
S31508026920704700009DE5FF7F08842300FFFF0122D0
S31508026930001A00001A067200260678002C1C0000AF
S3150802694048048C01004C1600006204980100664255
S31508026950000000006DE5FF7F08840900FFFF0118AB
S31508026960003400003404640042046A0050047000D3
S31508026970560676005C44000049E5FF7F0884050058
S31508026980FFFF010C0020000020083000281A000032
S3150802699031E5FF7F08840500FFFF010C0034000083
S315080269A0340844003C1A000019E5FF7F08840700F2
S315080269B0FFFF010C0024000024043800282E0000E2
S315080269C001E5FF7FB0088400FF0015010C02080AE2
S315080269D0010A0400000E061401010000000000006E
S315080269E0E1E4FF7FB0B0A800FF000D0104021A26F9
S315080269F00101000000000000C9E4FF7FB00B84001B
S31508026A00FF00110108080624010E1A000001000001
S31508026A1000000000ADE4FF7FB0B0AA00FF0011013C
S31508026A20080A044A010E40000001000000000000A6
S31508026A3091E4FF7FB0B0A800FF00110108040454D6
S31508026A4001085000000100000000000075E4FF7F05
S31508026A50B0AF0600FF00510147004200004204465B
S31508026A60018A0104F402009A0106F20200B801360C
S31508026A70F00200FE0118E802009602120000A802BF
S31508026A8004E80200AC02080000B40214E80200D6C8
S31508026A900212F00200F40204FC0201F802080000E5
S31508026AA0010000000000000019E4FF7FB0B0A80052
S31508026AB0FF00110108180426011C082A010100001A
S31508026AC000000000000000006E83F9A22915444E5A
S31508026AD0D15727FCC0DD34F5999562DB4190433CDA
S31508026AE0AB6351FE00000000000000000000000039
S31508026AF00000000000000000010000000200000083
S31508026B000300000004000000000000000500000069
S31508026B10000000000000000000000000060000005F
S31508026B20000000000000000000000000070000004E
S31508026B300000000001020304010203040607080913
S31508026B400001020304050607080C10141820304039
S31508026B5000061016000610160804020408010101B0
S31508026B6001010103070100000100020004000600FA
S31508026B7008000A000C0010002000400080000001F6
S31508026B800000891112239B322446AD573665BF741D
S31508026B90488CC19D5AAFD3BE6CCAE5DB7EE9F7F8CD
S31508026BA08110080193331A22A5562C47B7753E64FD
S31508026BB0C99C408DDBBF52AEEDDA64CBFFF976E8AD
S31508026BC002218B30100299132667AF763444BD55DD
S31508026BD04AADC3BC588ED19F6EEBE7FA7CC8F5D98D
S31508026BE083310A2091121803A7772E66B5543C45BD
S31508026BF0CBBD42ACD99E508FEFFB66EAFDD874C96D
S31508026C0004428D5316619F702004A9153227BB369C
S31508026C104CCEC5DF5EEDD7FC6888E1997AABF3BA4C
S31508026C2085520C4397711E60A1142805B3373A267C
S31508026C30CDDE44CFDFFD56ECE9986089FBBB72AA2C
S31508026C4006638F7214409D512225AB343006B9175C
S31508026C504EEFC7FE5CCCD5DD6AA9E3B8788AF19B0C
S31508026C6087730E6295501C41A3352A24B11638073C
S31508026C70CFFF46EEDDDC54CDEBB962A8F99A708BEC
S31508026C80088481951AA793B62CC2A5D33EE1B7F01C
S31508026C904008C919522BDB3A644EED5F766DFF7CCC
S31508026CA0899400859BB712A6ADD224C3BFF136E0FC
S31508026CB0C1184809D33B5A2AE55E6C4FF77D7E6CAC
S31508026CC00AA583B4188691972EE3A7F23CC0B5D1DC
S31508026CD04229CB38500AD91B666FEF7E744CFD5D8C
S31508026CE08BB502A499961087AFF326E2BDD034C1BC
S31508026CF0C3394A28D11A580BE77F6E6EF55C7C4D6C
S31508026D000CC685D71EE597F42880A1913AA3B3B29B
S31508026D10444ACD5B5669DF78600CE91D722FFB3E4B
S31508026D208DD604C79FF516E4A9902081BBB332A27B
S31508026D30C55A4C4BD7795E68E11C680DF33F7A2E2B
S31508026D400EE787F61CC495D52AA1A3B03882B1935B
S31508026D50466BCF7A5448DD59622DEB3C700EF91F0B
S31508026D608FF706E69DD414C5ABB122A0B99230833B
S31508026D70C77B4E6AD5585C49E33D6A2CF11E780FEB
S31508026D800000891112239B322446AD573665BF741B
S31508026D90488CC19D5AAFD3BE6CCAE5DB7EE9F7F8CB
S31508026DA08110080193331A22A5562C47B7753E64FB
S31508026DB0C99C408DDBBF52AEEDDA64CBFFF976E8AB
S31508026DC002218B30100299132667AF763444BD55DB
S31508026DD04AADC3BC588ED19F6EEBE7FA7CC8F5D98B
S31508026DE083310A2091121803A7772E66B5543C45BB
S31508026DF0CBBD42ACD99E508FEFFB66EAFDD874C96B
S31508026E0004428D5316619F702004A9153227BB369A
S31508026E104CCEC5DF5EEDD7FC6888E1997AABF3BA4A
S31508026E2085520C4397711E60A1142805B3373A267A
S31508026E30CDDE44CFDFFD56ECE9986089FBBB72AA2A
S31508026E4006638F7214409D512225AB343006B9175A
S31508026E504EEFC7FE5CCCD5DD6AA9E3B8788AF19B0A
S31508026E6087730E6295501C41A3352A24B11638073A
S31508026E70CFFF46EEDDDC54CDEBB962A8F99A708BEA
S31508026E80088481951AA793B62CC2A5D33EE1B7F01A
S31508026E904008C919522BDB3A644EED5F766DFF7CCA
S31508026EA0899400859BB712A6ADD224C3BFF136E0FA
S31508026EB0C1184809D33B5A2AE55E6C4FF77D7E6CAA
S31508026EC00AA583B4188691972EE3A7F23CC0B5D1DA
S31508026ED04229CB38500AD91B666FEF7E744CFD5D8A
S31508026EE08BB502A499961087AFF326E2BDD034C1BA
S31508026EF0C3394A28D11A580BE77F6E6EF55C7C4D6A
S31508026F000CC685D71EE597F42880A1913AA3B3B299
S31508026F10444ACD5B5669DF78600CE91D722FFB3E49
S31508026F208DD604C79FF516E4A9902081BBB332A279
S31508026F30C55A4C4BD7795E68E11C680DF33F7A2E29
S31508026F400EE787F61CC495D52AA1A3B03882B19359
S31508026F50466BCF7A5448DD59622DEB3C700EF91F09
S31508026F608FF706E69DD414C5ABB122A0B992308339
S31508026F70C77B4E6AD5585C49E33D6A2CF11E780FE9
S31508026F800000803F00000000000000000000000032
S31508026F900000000000000000000000000000803F22
S31508026FA000000000000000000000000000000000D1
S31508026FB000000000000000000000803F0000000002
S31508026FC000000000000000000000000000000000B1
S31508026FD0000000000000803F0000000000000000E2
S31508026FE00000000000000000000000000000000091
S31508026FF00000803F000000000000000000000000C2
S315080270000000000000000000000000000000803FB1
S31508027010005EBCE2613FDD83C29C7E20A3FD1F4168
S315080270209DC3217FFCA2401E5F01E3BD3E6082DC58
S31508027030237D9FC1421CFEA0E1BF5D0380DE3C6248
S31508027040BEE0025CDF81633D7C22C09E1D43A1FF38
S315080270504618FAA427799BC584DA3866E5BB590728
S31508027060DB856739BAE406581947A5FB7826C49A18
S31508027070653BD987045AB8E6A7F91B45C6987A2408
S31508027080F8A6441A99C7257B3A6486D85B05E7B9F8
S315080270908CD2306EEDB3510F4E10F2AC2F7193CDE8
S315080270A0114FADF3702ECC92D38D6F31B2EC0E50D8
S315080270B0AFF1134DCE90722C6D33D18F0C52B0EEC8
S315080270C0326C8ED0530DEFB1F0AE4C1291CF2D73B8
S315080270D0CA947628ABF517490856B4EA6937D58BA8
S315080270E05709EBB536688AD495CB2977F4AA481698
S315080270F0E9B7550B88D6346A2B7597C94A14F6A888
S31508027100742AC896154BA9F7B6E80A54D7896B3577
S315080271102C72020850710208487102082C72020881
S3150802712071710208107102082C7202089371020822
S315080271301C7102082C720208B87102084071020812
S3150802714004720208CA71020804720208D771020898
S315080271504E31305F5F637878616269763131365FC6
S315080271605F7368696D5F747970655F696E666F458E
S31508027170004E31305F5F6378786162697631313704
S315080271805F5F636C6173735F747970655F696E665E
S315080271906F45004E31305F5F637878616269763198
S315080271A032305F5F73695F636C6173735F747970A2
S315080271B0655F696E666F4500537431336261645F59
S315080271C0657863657074696F6E00537439657863A0
S315080271D0657074696F6E00537439747970655F6986
S315080271E06E666F000000000000000000E910020849
S315080271F00000000000000000A921020800000000AB
S315080272001C7102084DA0010851A001080F4102088D
S3150802721011410208B7420208134102085141020805
S315080272203942020800000000287102084DA0010830
S3150802723061A001080F41020811410208B74202087B
S315080272403D430208954302087544020800000000FF
S31508027250000000000D410208413D0208353D0208C2
S31508027260633C0208B33C0208F3390208EB38020809
S315080272704F390208333C0208F33C02089D3C0208D7
S31508027280BD390208033A0208A33B0208133A020868
S31508027290E33802080000000034710208B545020806
S315080272A011450208F944020840AC037D0401410372
S315080272B0057C00026D0D026D090200000000000047
S315080272C0920E493CB10AC93C2BC3163D2EFB483DDA
S315080272D0752B7B3D04A9963D80B6AF3D36BDC83DAC
S315080272E02FBCE13D73B2FA3D87CF093E8340163E75
S315080272F0B5AB223EA2102F3ECF6E3B3EC2C5473EDD
S315080273000115543E135C603E7F9A6C3ECCCF783EA4
S31508027310C07D823E938E883E229A8E3E32A0943E4D
S3150802732086A09A3EE59AA03E128FA63ED47CAC3E33
S31508027330EF63B23E2A44B83E491DBE3E15EFC33E30
S3150802734053B9C93ECA7BCF3E4136D53E80E8DA3EBE
S315080273504F92E03E7533E63EBBCBEB3EEA5AF13E30
S31508027360CBE0F63E275DFC3EE4E7003F3D9C033F4B
S31508027370824B063F9BF5083F6B9A0B3FDA390E3F65
S31508027380CDD3103F2A68133FD9F6153FC07F183F61
S31508027390C6021B3FD17F1D3FCBF61F3F9967223F8F
S315080273A025D2243F5636273F1594293F4AEB2B3FD1
S315080273B0DE3B2E3FBB85303FC9C8323FF304353F1B
S315080273C0233A373F4268393F3B8F3B3FF9AE3D3F51
S315080273D067C73F3F70D8413F01E2433F03E4453F59
S315080273E065DE473F12D1493FF8BB4B3F029F4D3FEF
S315080273F0207A4F3F3D4D513F4918533F31DB543FA9
S31508027400E595563F5348583F6AF2593F1A945B3FEF
S31508027410532D5D3F05BE5E3F2146603F97C5613FDE
S315080274205A3C633F59AA643F880F663FD86B673F49
S315080274303CBF683FA7096A3F0C4B6B3F5E836C3FB4
S3150802744093B26D3F9ED86E3F73F56F3F0809713F41
S315080274505213723F4714733FDD0B743F0BFA743FA6
S31508027460C6DE753F07BA763FC58B773FF853783F36
S315080274709812793F9DC7793F02737A3FBE147B3FC4
S31508027480CDAC7B3F283B7C3FC9BF7C3FAC3A7D3FB6
S31508027490CCAB7D3F23137E3FB0707E3F6DC47E3FEB
S315080274A0580E7F3F6D4E7F3FAB847F3F0FB17F3FC4
S315080274B097D37F3F43EC7F3F11FB7F3F0000803F1E
S315080274C011FB7F3F43EC7F3F97D37F3F0FB17F3F4F
S315080274D0AB847F3F6D4E7F3F580E7F3F6DC47E3F24
S315080274E0B0707E3F23137E3FCCAB7D3FAC3A7D3FE7
S315080274F0C9BF7C3F283B7C3FCDAC7B3FBE147B3F5C
S3150802750002737A3F9DC7793F9812793FF853783FBD
S31508027510C58B773F07BA763FC6DE753F0BFA743FCF
S31508027520DD0B743F4714733F5213723F0809713FCC
S3150802753073F56F3F9ED86E3F93B26D3F5E836C3F85
S315080275400C4B6B3FA7096A3F3CBF683FD86B673F46
S31508027550880F663F59AA643F5A3C633F97C5613F05
S315080275602146603F05BE5E3F532D5D3F1A945B3F41
S315080275706AF2593F5348583FE595563F31DB543F27
S315080275804918533F3D4D513F207A4F3F029F4D3F89
S31508027590F8BB4B3F12D1493F65DE473F03E4453FFF
S315080275A001E2433F70D8413F67C73F3FF9AE3D3FCF
S315080275B03B8F3B3F4268393F233A373FF304353F17
S315080275C0C9C8323FBB85303FDE3B2E3F4AEB2B3FD5
S315080275D01594293F5636273F25D2243F9967223FDD
S315080275E0CBF61F3FD17F1D3FC6021B3FC07F183F08
S315080275F0D9F6153F2A68133FCDD3103FDA390E3F25
S315080276006B9A0B3F9BF5083F824B063F3D9C033F17
S31508027610E4E7003F275DFC3ECBE0F63EEA5AF13E40
S31508027620BBCBEB3E7533E63E4F92E03E80E8DA3E50
S315080276304136D53ECA7BCF3E53B9C93E15EFC33E46
S31508027640491DBE3E2A44B83EEF63B23ED47CAC3EE8
S31508027650128FA63EE59AA03E86A09A3E32A0943E96
S31508027660229A8E3E938E883EC07D823ECCCF783E4D
S315080276707F9A6C3E135C603E0115543EC2C5473E76
S31508027680CF6E3B3EA2102F3EB5AB223E8340163E3E
S3150802769087CF093E73B2FA3D2FBCE13D36BDC83DE0
S315080276A080B6AF3D04A9963D752B7B3D2EFB483D22
S315080276B02BC3163DB10AC93C920E493C0000000094
S315080276C0920E49BCB10AC9BC2BC316BD2EFB48BDD6
S315080276D0752B7BBD04A996BD80B6AFBD36BDC8BDA8
S315080276E02FBCE1BD73B2FABD87CF09BE834016BE71
S315080276F0B5AB22BEA2102FBECF6E3BBEC2C547BED9
S31508027700011554BE135C60BE7F9A6CBECCCF78BEA0
S31508027710C07D82BE938E88BE229A8EBE32A094BE49
S3150802772086A09ABEE59AA0BE128FA6BED47CACBE2F
S31508027730EF63B2BE2A44B8BE491DBEBE15EFC3BE2C
S3150802774053B9C9BECA7BCFBE4136D5BE80E8DABEBA
S315080277504F92E0BE7533E6BEBBCBEBBEEA5AF1BE2C
S31508027760CBE0F6BE275DFCBEE4E700BF3D9C03BF47
S31508027770824B06BF9BF508BF6B9A0BBFDA390EBF61
S31508027780CDD310BF2A6813BFD9F615BFC07F18BF5D
S31508027790C6021BBFD17F1DBFCBF61FBF996722BF8B
S315080277A025D224BF563627BF159429BF4AEB2BBFCD
S315080277B0DE3B2EBFBB8530BFC9C832BFF30435BF17
S315080277C0233A37BF426839BF3B8F3BBFF9AE3DBF4D
S315080277D067C73FBF70D841BF01E243BF03E445BF55
S315080277E065DE47BF12D149BFF8BB4BBF029F4DBFEB
S315080277F0207A4FBF3D4D51BF491853BF31DB54BFA5
S31508027800E59556BF534858BF6AF259BF1A945BBFEB
S31508027810532D5DBF05BE5EBF214660BF97C561BFDA
S315080278205A3C63BF59AA64BF880F66BFD86B67BF45
S315080278303CBF68BFA7096ABF0C4B6BBF5E836CBFB0
S3150802784093B26DBF9ED86EBF73F56FBF080971BF3D
S31508027850521372BF471473BFDD0B74BF0BFA74BFA2
S31508027860C6DE75BF07BA76BFC58B77BFF85378BF32
S31508027870981279BF9DC779BF02737ABFBE147BBFC0
S31508027880CDAC7BBF283B7CBFC9BF7CBFAC3A7DBFB2
S31508027890CCAB7DBF23137EBFB0707EBF6DC47EBFE7
S315080278A0580E7FBF6D4E7FBFAB847FBF0FB17FBFC0
S315080278B097D37FBF43EC7FBF11FB7FBF000080BF1A
S315080278C011FB7FBF43EC7FBF97D37FBF0FB17FBF4B
S315080278D0AB847FBF6D4E7FBF580E7FBF6DC47EBF20
S315080278E0B0707EBF23137EBFCCAB7DBFAC3A7DBFE3
S315080278F0C9BF7CBF283B7CBFCDAC7BBFBE147BBF58
S3150802790002737ABF9DC779BF981279BFF85378BFB9
S31508027910C58B77BF07BA76BFC6DE75BF0BFA74BFCB
S31508027920DD0B74BF471473BF521372BF080971BFC8
S3150802793073F56FBF9ED86EBF93B26DBF5E836CBF81
S315080279400C4B6BBFA7096ABF3CBF68BFD86B67BF42
S31508027950880F66BF59AA64BF5A3C63BF97C561BF01
S31508027960214660BF05BE5EBF532D5DBF1A945BBF3D
S315080279706AF259BF534858BFE59556BF31DB54BF23
S31508027980491853BF3D4D51BF207A4FBF029F4DBF85
S31508027990F8BB4BBF12D149BF65DE47BF03E445BFFB
S315080279A001E243BF70D841BF67C73FBFF9AE3DBFCB
S315080279B03B8F3BBF426839BF233A37BFF30435BF13
S315080279C0C9C832BFBB8530BFDE3B2EBF4AEB2BBFD1
S315080279D0159429BF563627BF25D224BF996722BFD9
S315080279E0CBF61FBFD17F1DBFC6021BBFC07F18BF04
S315080279F0D9F615BF2A6813BFCDD310BFDA390EBF21
S31508027A006B9A0BBF9BF508BF824B06BF3D9C03BF13
S31508027A10E4E700BF275DFCBECBE0F6BEEA5AF1BE3C
S31508027A20BBCBEBBE7533E6BE4F92E0BE80E8DABE4C
S31508027A304136D5BECA7BCFBE53B9C9BE15EFC3BE42
S31508027A40491DBEBE2A44B8BEEF63B2BED47CACBEE4
S31508027A50128FA6BEE59AA0BE86A09ABE32A094BE92
S31508027A60229A8EBE938E88BEC07D82BECCCF78BE49
S31508027A707F9A6CBE135C60BE011554BEC2C547BE72
S31508027A80CF6E3BBEA2102FBEB5AB22BE834016BE3A
S31508027A9087CF09BE73B2FABD2FBCE1BD36BDC8BDDC
S31508027AA080B6AFBD04A996BD752B7BBD2EFB48BD1E
S31508027AB02BC316BDB10AC9BC920E49BC0000008090
S31508027AC043444320496E74657266616365004344A4
S31508027AD04320436F6E6669670053544D6963726F3C
S31508027AE0656C656374726F6E6963730053544D33C4
S31508027AF032205669727475616C20436F6D506F72CD
S31508027B0074007063000000009083020800000024DD
S31508027B10D001000030030008A0840208D001002426
S31508027B20C04B01009003000839F0FEFF55F0FEFF36
S31508027B3041F0FEFF5DF0FEFF69F0FEFF8888FD7FDB
S31508027B40010000002C90FD7F088413805491FD7F6C
S31508027B5008840D800492FD7F01000000DC9EFD7FF3
S31508027B6008840380249FFD7F088401806C9FFD7F23
S31508027B700100000004A0FD7F0B840580FCA0FD7FA8
S31508027B80010000002CEBFD7F0884078094ECFD7F42
S31508027B90010000006C42FE7F088403801C43FE7FBE
S31508027BA0010000002451FE7F088401802C52FE7FCA
S31508027BB0010000005C53FE7F088407809458FE7F0C
S31508027BC001000000E45AFE7F08840580545DFE7FAA
S31508027BD001000000EC6BFE7F08840380D46DFE7FF3
S31508027BE0010000003484FE7F088405804C85FE7FF0
S31508027BF001000000448AFE7F088401806C8BFE7FA8
S31508027C00010000006C95FE7F088401809496FE7F31
S31508027C1001000000A49FFE7F0884038064A4FE7FFF
S31508027C20010000003CEFFE7FB008848084EFFE7FEF
S31508027C30B0B0B0808AEFFE7FAB38B280B0EFFE7F7D
S31508027C4008840980D8EFFE7FAA3FB28048F0FE7FFB
S31508027C50A837B28078F0FE7FB0B0AA80E0F0FE7F47
S31508027C60B0AF0080D8F2FE7FB0AC0580E8F3FE7FA5
S31508027C70B0B0AA8054F4FE7F0100000034F9FE7FFA
S31508027C800884098024FFFE7F088401801C00FF7F88
S31508027C90010000007C00FF7F088401809400FF7FBA
S31508027CA0010000009C00FF7F08840180BC00FF7F62
S31508027CB0088403805402FF7F088401807402FF7FD0
S31508027CC001000000B402FF7F088401805C03FF7F85
S31508027CD0B00884807C04FF7F01000000CC04FF7F8B
S31508027CE0088409801C06FF7F088401809406FF7FAA
S31508027CF001000000B406FF7F08840180CC06FF7FDE
S31508027D00088407802C08FF7F01000000CC08FF7F4B
S31508027D1008840F80D40EFF7F08840180A411FF7F98
S31508027D2001000000A411FF7F088401804412FF7F2E
S31508027D3001000000FC12FF7FB0AE0B809C13FF7F90
S31508027D40010000006415FF7FB0AC0B80E415FF7FCD
S31508027D50010000009417FF7F088407806C1DFF7FCF
S31508027D6008840580D41FFF7F010000002220FF7FC0
S31508027D70B00884804420FF7F010000005C21FF7F59
S31508027D80B0AC0F80E021FF7FB0AC1180AC22FF7F40
S31508027D90B0B0B080BC22FF7FB0088480D422FF7FB7
S31508027DA0B0B0B0801423FF7FB0A801803823FF7FCC
S31508027DB0B0AF0C808826FF7FB0B0A8809026FF7FE0
S31508027DC0B0AB0280E426FF7FB00B8480F826FF7FE3
S31508027DD0B0B0AA802A28FF7FB0B0A8808228FF7F89
S31508027DE0B00884809028FF7FB0AC0180D428FF7F3A
S31508027DF001000000B42FFF7F088407807430FF7FDC
S31508027E0001000000DC30FF7F088409800432FF7F0E
S31508027E1008841580D435FF7F08842D808C3DFF7F2A
S31508027E20010000007C3EFF7F08840380643FFF7FD9
S31508027E30010000009C3FFF7F08840380F43FFF7F18
S31508027E40010000002C40FF7F088401804440FF7F28
S31508027E5001000000A440FF7F08840180BC40FF7F28
S31508027E60010000005442FF7F088401805C42FF7FC4
S31508027E7001000000DC42FF7F088421808C48FF7FD6
S31508027E80010000001449FF7FB0B0AB808C49FF7F28
S31508027E90B0AF0A80584AFF7FB0AB0080F44AFF7F32
S31508027EA0010000001C4BFF7F088401809C4BFF7F6A
S31508027EB008841180644DFF7F08841580C452FF7FB1
S31508027EC0010000006C53FF7F088409803C55FF7F40
S31508027ED008840B801457FF7F08841D80845AFF7F0D
S31508027EE0088405801C5BFF7F08840180345BFF7F62
S31508027EF001000000A45BFF7F08840D809C5CFF7F65
S31508027F0008840180D45CFF7F08840380C45DFF7FF8
S31508027F1008840B809C5EFF7F01000000DC5EFF7F09
S31508027F2008840180A460FF7F01000000B460FF7F1F
S31508027F30088405804C64FF7F01000000CC65FF7F42
S31508027F4008840380E465FF7F010000007C67FF7FE9
S31508027F5008840180AC67FF7F010000002468FF7F68
S31508027F60088401807C68FF7F01000000AC6DFF7FFA
S31508027F70088405809C6EFF7F010000007C71FF7FEC
S31508027F80088403803C72FF7F088405809474FF7F0F
S31508027F9008840980EC76FF7F088413805C7DFF7F66
S31508027FA0088409805C7EFF7F08840380947EFF7FB5
S31508027FB0088415807C81FF7F08840580AC82FF7F58
S31508027FC008840780FC82FF7F088405803484FF7F4B
S31508027FD001000000BC85FF7F088403803488FF7F88
S31508027FE0010000006488FF7F088401809C88FF7F67
S31508027FF001000000A489FF7F08840580448BFF7F67
S31508028000010000009C8BFF7F08840180B48BFF7FF0
S3150802801001000000EC8BFF7F08840580E48CFF7F5B
S3150802802008840380348DFF7F010000007C8EFF7F69
S31508028030088405801C90FF7F010000004C90FF7F9A
S31508028040088401806490FF7F010000009C90FF7FF6
S3150802805008840580BC91FF7F088403800C92FF7F09
S31508028060010000005493FF7F088403809494FF7FE5
S3150802807001000000A494FF7F08840380BC95FF7F5B
S3150802808001000000CC95FF7F088401800C96FF7FD3
S31508028090010000003C96FF7F088405805498FF7F04
S315080280A0010000002C99FF7F088401804499FF7F14
S315080280B0010000000C9AFF7F08840980D49BFF7F89
S315080280C008840380349CFF7F01000000DC9EFF7F4A
S315080280D0088409806CA0FF7F01000000CCA0FF7F06
S315080280E0088407802CA2FF7F010000008CA2FF7F74
S315080280F008840B8044A6FF7F0100000054A6FF7F78
S3150802810024E8FF7FF4A6FF7F4CE8FF7F8CA7FF7F5A
S315080281100100000014A8FF7F0884038024A8FF7FBB
S3150802812058E8FF7F64A8FF7F088401807CA8FF7F48
S31508028130010000009CA8FF7F08840980FCA8FF7F35
S3150802814050E8FF7F4CA9FF7F0884018064A9FF7F5E
S31508028150010000004CADFF7F088405806CAFFF7FED
S315080281600100000044B0FF7F088403800CB1FF7F42
S31508028170010000000CB3FF7F088409801CB6FF7F4C
S31508028180010000005EB7FF7FB0B0B0805EB7FF7F28
S31508028190B00B8480BAB7FF7FB0AB008020B8FF7FF0
S315080281A0B0B0B0801EB8FF7FB0A8018046B8FF7F86
S315080281B0B0B0B0804EB8FF7FB008848056B8FF7F53
S315080281C0B0B0B08054B8FF7FB0AF0080D6B9FF7F99
S315080281D00B8403805EBAFF7FB00B848086BAFF7F6A
S315080281E0B0088480B8BAFF7FB0B0A880C6BAFF7F4D
S315080281F0B0088480FEBAFF7FB00B848038BBFF7F4D
S31508028200B0B0B080D4BEFF7FB0B0A88000BFFF7FF9
S31508028210B0B0B080FEBEFF7FB0AB008034BFFF7F38
S31508028220B0B0AC80CCBFFF7FB00884808AC0FF7F25
S31508028230B0AC0F8008C1FF7FB0AD028038C2FF7FA5
S31508028240B00884805CC2FF7F60E7FF7FACC2FF7F15
S31508028250B0B0B080C4C2FF7F0100000058C3FF7FE0
S31508028260B0B0B08054C3FF7F58E7FF7FC0C3FF7F1B
S31508028270B0088480F0C3FF7FB0B0B08000C4FF7F2F
S3150802828060E7FF7F22C4FF7FB0B0B08024C4FF7FBF
S3150802829001000000E6C4FF7FB0B0B080F6C4FF7FDD
S315080282A0B0088480F8C4FF7F50E7FF7F18C5FF7FB8
S315080282B064E7FF7F5EC5FF7F78E7FF7FB0C5FF7F74
S315080282C08CE7FF7F28C7FF7FE0E7FF7F4EC7FF7F68
S315080282D0B00B8480DCC7FF7FB0B0B080E8C7FF7FF1
S315080282E0B0AB00802EC8FF7FB0B0AA80B4C8FF7FAB
S315080282F0088401803CCAFF7FB0088480FCCAFF7FDD
S31508028300B0B0B0800CCBFF7F0884018030CBFF7FF2
S31508028310B0AD048094CBFF7FB0088480A4CBFF7FE6
S31508028320B0AC0B80D4CCFF7FB0B0AA80FACCFF7F6A
S31508028330B0B0A8800ECDFF7FB0B0AA8032CDFF7F45
S31508028340B00B848072CDFF7FB00884807CCDFF7F1E
S31508028350B0B0B0807ACDFF7FB0B0AC80A8CDFF7F39
S31508028360B0AA098008CEFF7FB0B0B08008CEFF7FE2
S31508028370B008848006CEFF7F0100000044D6FF7F46
S31508028380B0B0B0808CD6FF7F01000000000000006C
S31508028390100CE7416B3A58A08B3A828101180AD928
S315080283A04101084942010869041A91041AE1041AAA
S315080283B089141AF9045108081250C347CDCCCC3D8A
S315080283C00409531C110B1AC8421C422A2C90D003CA
S315080283D0041F293401085931B84A37AC580B4932B7
S315080283E00108F12F0108E930BC711E49330108D989
S315080283F01C1AB9081AC1081409024313020125C036
S315080284003209041B01020B13052416100105240167
S31508028410100901042402020524061701070582032E
S3150802842008151009040133020A2E0705010240073E
S315080284302A810711130A0632023340011A1223133C
S3150802844002021E4083044057591B02031513C10D2D
S315080284501B08B9041A59041AF90413490E00081814
S3150802846008040309041A03120F16081082091116C2
S315080284700A15800B1610090C18010D7D04017C16CD
S315080284800240AB0341100C0553080658040770173F
S3150802849035082E087D460208787210000000000092
S705080002CD23
